# File generated by ImageToStl.com - Free Image and 3D model conversion tools

o obj1
v 0 0.0034 -0.01447863
v -0.00010744 0.0033983 -0.01447863
v -0.00010327 0.00326637 -0.01425
v -0.00040322 0.00337601 -0.01447863
v -0.00038756 0.00324494 -0.01425
v -0.00069592 0.00332802 -0.01447863
v -0.0006689 0.00319881 -0.01425
v -0.00098333 0.0032547 -0.01447863
v -0.00094515 0.00312834 -0.01425
v -0.00126325 0.00315661 -0.01447863
v -0.00121421 0.00303406 -0.01425
v -0.00153356 0.0030345 -0.01447863
v -0.00147402 0.00291669 -0.01425
v -0.0017922 0.00288929 -0.01447863
v -0.00172262 0.00277712 -0.01425
v -0.0020372 0.0027221 -0.01447863
v -0.00195811 0.00261642 -0.01425
v -0.00226669 0.00253419 -0.01447863
v -0.00217869 0.0024358 -0.01425
v -0.00247894 0.00232699 -0.01447863
v -0.00238269 0.00223665 -0.01425
v -0.00267231 0.00210208 -0.01447863
v -0.00256856 0.00202047 -0.01425
v -0.00284535 0.00186117 -0.01447863
v -0.00273489 0.00178892 -0.01425
v -0.00299674 0.0016061 -0.01447863
v -0.00288039 0.00154375 -0.01425
v -0.00312531 0.00133881 -0.01447863
v -0.00300398 0.00128683 -0.01425
v -0.00323011 0.00106132 -0.01447863
v -0.0031047 0.00102012 -0.01425
v -0.00331032 0.00077576 -0.01447863
v -0.0031818 0.00074565 -0.01425
v -0.00336533 0.0004843 -0.01447863
v -0.00323468 0.0004655 -0.01425
v -0.00339473 0.00018915 -0.01447863
v -0.00326294 0.0001818 -0.01425
v -0.0033983 -0.00010744 -0.01447863
v -0.00326637 -0.00010327 -0.01425
v -0.00337601 -0.00040322 -0.01447863
v -0.00324494 -0.00038756 -0.01425
v -0.00332802 -0.00069592 -0.01447863
v -0.00319881 -0.0006689 -0.01425
v -0.0032547 -0.00098333 -0.01447863
v -0.00312834 -0.00094515 -0.01425
v -0.00315661 -0.00126325 -0.01447863
v -0.00303406 -0.00121421 -0.01425
v -0.0030345 -0.00153356 -0.01447863
v -0.00291669 -0.00147402 -0.01425
v -0.00288929 -0.0017922 -0.01447863
v -0.00277712 -0.00172262 -0.01425
v -0.0027221 -0.0020372 -0.01447863
v -0.00261642 -0.00195811 -0.01425
v -0.00253419 -0.00226669 -0.01447863
v -0.0024358 -0.00217869 -0.01425
v -0.00232699 -0.00247894 -0.01447863
v -0.00223665 -0.00238269 -0.01425
v -0.00210208 -0.00267231 -0.01447863
v -0.00202047 -0.00256856 -0.01425
v -0.00186117 -0.00284535 -0.01447863
v -0.00178892 -0.00273489 -0.01425
v -0.0016061 -0.00299674 -0.01447863
v -0.00154375 -0.00288039 -0.01425
v -0.00133881 -0.00312531 -0.01447863
v -0.00128683 -0.00300398 -0.01425
v -0.00106132 -0.00323011 -0.01447863
v -0.00102012 -0.0031047 -0.01425
v -0.00077576 -0.00331032 -0.01447863
v -0.00074565 -0.0031818 -0.01425
v -0.0004843 -0.00336533 -0.01447863
v -0.0004655 -0.00323468 -0.01425
v -0.00018915 -0.00339473 -0.01447863
v -0.0001818 -0.00326294 -0.01425
v 0.00010744 -0.0033983 -0.01447863
v 0.00010327 -0.00326637 -0.01425
v 0.00040322 -0.00337601 -0.01447863
v 0.00038756 -0.00324494 -0.01425
v 0.00069592 -0.00332802 -0.01447863
v 0.0006689 -0.00319881 -0.01425
v 0.00098333 -0.0032547 -0.01447863
v 0.00094515 -0.00312834 -0.01425
v 0.00126325 -0.00315661 -0.01447863
v 0.00121421 -0.00303406 -0.01425
v 0.00153356 -0.0030345 -0.01447863
v 0.00147402 -0.00291669 -0.01425
v 0.0017922 -0.00288929 -0.01447863
v 0.00172262 -0.00277712 -0.01425
v 0.0020372 -0.0027221 -0.01447863
v 0.00195811 -0.00261642 -0.01425
v 0.00226669 -0.00253419 -0.01447863
v 0.00217869 -0.0024358 -0.01425
v 0.00247894 -0.00232699 -0.01447863
v 0.00238269 -0.00223665 -0.01425
v 0.00267231 -0.00210208 -0.01447863
v 0.00256856 -0.00202047 -0.01425
v 0.00284535 -0.00186117 -0.01447863
v 0.00273489 -0.00178892 -0.01425
v 0.00299674 -0.0016061 -0.01447863
v 0.00288039 -0.00154375 -0.01425
v 0.00312531 -0.00133881 -0.01447863
v 0.00300398 -0.00128683 -0.01425
v 0.00323011 -0.00106132 -0.01447863
v 0.0031047 -0.00102012 -0.01425
v 0.00331032 -0.00077576 -0.01447863
v 0.0031818 -0.00074565 -0.01425
v 0.00336533 -0.0004843 -0.01447863
v 0.00323468 -0.0004655 -0.01425
v 0.00339473 -0.00018915 -0.01447863
v 0.00326294 -0.0001818 -0.01425
v 0.0033983 0.00010744 -0.01447863
v 0.00326637 0.00010327 -0.01425
v 0.00337601 0.00040322 -0.01447863
v 0.00324494 0.00038756 -0.01425
v 0.00332802 0.00069592 -0.01447863
v 0.00319881 0.0006689 -0.01425
v 0.0032547 0.00098333 -0.01447863
v 0.00312834 0.00094515 -0.01425
v 0.00315661 0.00126325 -0.01447863
v 0.00303406 0.00121421 -0.01425
v 0.0030345 0.00153356 -0.01447863
v 0.00291669 0.00147402 -0.01425
v 0.00288929 0.0017922 -0.01447863
v 0.00277712 0.00172262 -0.01425
v 0.0027221 0.0020372 -0.01447863
v 0.00261642 0.00195811 -0.01425
v 0.00253419 0.00226669 -0.01447863
v 0.0024358 0.00217869 -0.01425
v 0.00232699 0.00247894 -0.01447863
v 0.00223665 0.00238269 -0.01425
v 0.00210208 0.00267231 -0.01447863
v 0.00202047 0.00256856 -0.01425
v 0.00186117 0.00284535 -0.01447863
v 0.00178892 0.00273489 -0.01425
v 0.0016061 0.00299674 -0.01447863
v 0.00154375 0.00288039 -0.01425
v 0.00133881 0.00312531 -0.01447863
v 0.00128683 0.00300398 -0.01425
v 0.00106132 0.00323011 -0.01447863
v 0.00102012 0.0031047 -0.01425
v 0.00077576 0.00331032 -0.01447863
v 0.00074565 0.0031818 -0.01425
v 0.0004843 0.00336533 -0.01447863
v 0.0004655 0.00323468 -0.01425
v 0.00018915 0.00339473 -0.01447863
v 0.0001818 0.00326294 -0.01425
v 0 0 -0.01425
v 0.00018915 0.00339473 0.01447863
v -0.00010744 0.0033983 0.01447863
v -0.00040322 0.00337601 0.01447863
v -0.00069592 0.00332802 0.01447863
v -0.00098333 0.0032547 0.01447863
v -0.00126325 0.00315661 0.01447863
v -0.00153356 0.0030345 0.01447863
v -0.0017922 0.00288929 0.01447863
v -0.0020372 0.0027221 0.01447863
v -0.00226669 0.00253419 0.01447863
v -0.00247894 0.00232699 0.01447863
v -0.00267231 0.00210208 0.01447863
v -0.00284535 0.00186117 0.01447863
v -0.00299674 0.0016061 0.01447863
v -0.00312531 0.00133881 0.01447863
v -0.00323011 0.00106132 0.01447863
v -0.00331032 0.00077576 0.01447863
v -0.00336533 0.0004843 0.01447863
v -0.00339473 0.00018915 0.01447863
v -0.0033983 -0.00010744 0.01447863
v -0.00339428 -0.00019712 0.01447863
v -0.00337601 -0.00040322 0.01447863
v -0.00332802 -0.00069592 0.01447863
v -0.0032547 -0.00098333 0.01447863
v -0.00315661 -0.00126325 0.01447863
v -0.0030345 -0.00153356 0.01447863
v -0.00288929 -0.0017922 0.01447863
v -0.0027221 -0.0020372 0.01447863
v -0.00253419 -0.00226669 0.01447863
v -0.00232699 -0.00247894 0.01447863
v -0.00210208 -0.00267231 0.01447863
v -0.00186117 -0.00284535 0.01447863
v -0.0016061 -0.00299674 0.01447863
v -0.00133881 -0.00312531 0.01447863
v -0.00106132 -0.00323011 0.01447863
v -0.00077576 -0.00331032 0.01447863
v -0.0004843 -0.00336533 0.01447863
v -0.00018915 -0.00339473 0.01447863
v -0 -0.0034 0.01447863
v 0.00010744 -0.0033983 0.01447863
v 0.00040322 -0.00337601 0.01447863
v 0.00069592 -0.00332802 0.01447863
v 0.00098333 -0.0032547 0.01447863
v 0.00126325 -0.00315661 0.01447863
v 0.00153356 -0.0030345 0.01447863
v 0.0017922 -0.00288929 0.01447863
v 0.0020372 -0.0027221 0.01447863
v 0.00226669 -0.00253419 0.01447863
v 0.00247894 -0.00232699 0.01447863
v 0.00267231 -0.00210208 0.01447863
v 0.00284535 -0.00186117 0.01447863
v 0.00299674 -0.0016061 0.01447863
v 0.00312531 -0.00133881 0.01447863
v 0.00323011 -0.00106132 0.01447863
v 0.00331032 -0.00077576 0.01447863
v 0.00336533 -0.0004843 0.01447863
v 0.00339473 -0.00018915 0.01447863
v 0.0033983 0.00010744 0.01447863
v 0.00337601 0.00040322 0.01447863
v 0.00332802 0.00069592 0.01447863
v 0.0032547 0.00098333 0.01447863
v 0.00315661 0.00126325 0.01447863
v 0.0030345 0.00153356 0.01447863
v 0.00288929 0.0017922 0.01447863
v 0.0027221 0.0020372 0.01447863
v 0.00253419 0.00226669 0.01447863
v 0.00232699 0.00247894 0.01447863
v 0.00210208 0.00267231 0.01447863
v 0.00186117 0.00284535 0.01447863
v 0.0016061 0.00299674 0.01447863
v 0.00133881 0.00312531 0.01447863
v 0.00106132 0.00323011 0.01447863
v 0.00077576 0.00331032 0.01447863
v 0.0004843 0.00336533 0.01447863
v 0.0032625 0.00018947 0.01425
v 0.00326637 0.00010327 0.01425
v 0.00326294 -0.0001818 0.01425
v 0.00323468 -0.0004655 0.01425
v 0.0031818 -0.00074565 0.01425
v 0.0031047 -0.00102012 0.01425
v 0.00300398 -0.00128683 0.01425
v 0.00288039 -0.00154375 0.01425
v 0.00273489 -0.00178892 0.01425
v 0.00256856 -0.00202047 0.01425
v 0.00238269 -0.00223665 0.01425
v 0.00217869 -0.0024358 0.01425
v 0.00195811 -0.00261642 0.01425
v 0.00172262 -0.00277712 0.01425
v 0.00147402 -0.00291669 0.01425
v 0.00121421 -0.00303406 0.01425
v 0.00094515 -0.00312834 0.01425
v 0.0006689 -0.00319881 0.01425
v 0.00038756 -0.00324494 0.01425
v 0.00010327 -0.00326637 0.01425
v -0.0001818 -0.00326294 0.01425
v 0.00324494 0.00038756 0.01425
v 0.00319881 0.0006689 0.01425
v 0.00312834 0.00094515 0.01425
v 0.00303406 0.00121421 0.01425
v 0.00291669 0.00147402 0.01425
v 0.00277712 0.00172262 0.01425
v 0.00261642 0.00195811 0.01425
v 0.0024358 0.00217869 0.01425
v 0.00223665 0.00238269 0.01425
v 0.00202047 0.00256856 0.01425
v 0.00178892 0.00273489 0.01425
v 0.00154375 0.00288039 0.01425
v 0.00128683 0.00300398 0.01425
v 0.00102012 0.0031047 0.01425
v 0.00074565 0.0031818 0.01425
v 0.0004655 0.00323468 0.01425
v 0.0001818 0.00326294 0.01425
v -0.00010327 0.00326637 0.01425
v -0.00038756 0.00324494 0.01425
v -0.0006689 0.00319881 0.01425
v -0.00094515 0.00312834 0.01425
v -0.00121421 0.00303406 0.01425
v -0.00147402 0.00291669 0.01425
v -0.00172262 0.00277712 0.01425
v -0.00195811 0.00261642 0.01425
v -0.00217869 0.0024358 0.01425
v -0.00238269 0.00223665 0.01425
v -0.00256856 0.00202047 0.01425
v -0.00273489 0.00178892 0.01425
v -0.00288039 0.00154375 0.01425
v -0.00300398 0.00128683 0.01425
v -0.0031047 0.00102012 0.01425
v -0.0031818 0.00074565 0.01425
v -0.00323468 0.0004655 0.01425
v -0.00326294 0.0001818 0.01425
v -0.00326637 -0.00010327 0.01425
v -0.0032625 -0.00018947 0.01425
v -0.00324494 -0.00038756 0.01425
v -0.00319881 -0.0006689 0.01425
v -0.00312834 -0.00094515 0.01425
v -0.00303406 -0.00121421 0.01425
v -0.00291669 -0.00147402 0.01425
v -0.00277712 -0.00172262 0.01425
v -0.00261642 -0.00195811 0.01425
v -0.0024358 -0.00217869 0.01425
v -0.00223665 -0.00238269 0.01425
v -0.00202047 -0.00256856 0.01425
v -0.00178892 -0.00273489 0.01425
v -0.00154375 -0.00288039 0.01425
v -0.00128683 -0.00300398 0.01425
v -0.00102012 -0.0031047 0.01425
v -0.00074565 -0.0031818 0.01425
v -0.0004655 -0.00323468 0.01425
v -0 -0 0.01425
v -0.00057906 0.00395786 0.02875
v -0.00023191 0.00399327 0.02875
v -0.0001896 0.005997 0.02875
v -0 0.004 0.02875
v 0.00033379 0.00599071 0.02875
v 0.00011701 0.00399829 0.02875
v 0.00085464 0.00593882 0.02875
v 0.00046504 0.00397288 0.02875
v 0.00136899 0.00584173 0.02875
v 0.00080953 0.00391723 0.02875
v 0.00187293 0.00570019 0.02875
v 0.00114786 0.00383177 0.02875
v 0.0023626 0.00551526 0.02875
v 0.00147745 0.00371714 0.02875
v 0.0028343 0.00528836 0.02875
v 0.0017958 0.00357423 0.02875
v 0.00328443 0.00502121 0.02875
v 0.00210048 0.00340411 0.02875
v 0.00370955 0.00471585 0.02875
v 0.00238917 0.00320809 0.02875
v 0.00410645 0.00437459 0.02875
v 0.00265969 0.00298765 0.02875
v 0.0044721 0.00400004 0.02875
v 0.00290996 0.00274448 0.02875
v 0.00480371 0.00359505 0.02875
v 0.00313808 0.00248041 0.02875
v 0.00509876 0.0031627 0.02875
v 0.00334232 0.00219747 0.02875
v 0.005355 0.00270628 0.02875
v 0.00352112 0.00189781 0.02875
v 0.00557049 0.00222927 0.02875
v 0.00367313 0.0015837 0.02875
v 0.00574359 0.00173528 0.02875
v 0.00379718 0.00125754 0.02875
v 0.00587297 0.00122809 0.02875
v 0.00389233 0.00092181 0.02875
v 0.00595766 0.00071156 0.02875
v 0.00395786 0.00057906 0.02875
v 0.005997 0.0001896 0.02875
v 0.00399327 0.00023191 0.02875
v 0.00599071 -0.00033379 0.02875
v 0.00399829 -0.00011701 0.02875
v 0.00593882 -0.00085464 0.02875
v 0.00397288 -0.00046504 0.02875
v 0.00584173 -0.00136899 0.02875
v 0.00391723 -0.00080953 0.02875
v 0.00570019 -0.00187293 0.02875
v 0.00383177 -0.00114786 0.02875
v 0.00551526 -0.0023626 0.02875
v 0.00371714 -0.00147745 0.02875
v 0.00528836 -0.0028343 0.02875
v 0.00357423 -0.0017958 0.02875
v 0.00502121 -0.00328443 0.02875
v 0.00340411 -0.00210048 0.02875
v 0.00471585 -0.00370955 0.02875
v 0.00320809 -0.00238917 0.02875
v 0.00437459 -0.00410645 0.02875
v 0.00298765 -0.00265969 0.02875
v 0.00400004 -0.0044721 0.02875
v 0.00274448 -0.00290996 0.02875
v 0.00359505 -0.00480371 0.02875
v 0.00248041 -0.00313808 0.02875
v 0.0031627 -0.00509876 0.02875
v 0.00219747 -0.00334232 0.02875
v 0.00270628 -0.005355 0.02875
v 0.00189781 -0.00352112 0.02875
v 0.00222927 -0.00557049 0.02875
v 0.0015837 -0.00367313 0.02875
v 0.00173528 -0.00574359 0.02875
v 0.00125754 -0.00379718 0.02875
v 0.00122809 -0.00587297 0.02875
v 0.00092181 -0.00389233 0.02875
v 0.00071156 -0.00595766 0.02875
v 0.00057906 -0.00395786 0.02875
v 0.0001896 -0.005997 0.02875
v 0.00023191 -0.00399327 0.02875
v -0.00033379 -0.00599071 0.02875
v -0.00011701 -0.00399829 0.02875
v -0.00085464 -0.00593882 0.02875
v -0.00046504 -0.00397288 0.02875
v -0.00136899 -0.00584173 0.02875
v -0.00080953 -0.00391723 0.02875
v -0.00187293 -0.00570019 0.02875
v -0.00114786 -0.00383177 0.02875
v -0.0023626 -0.00551526 0.02875
v -0.00147745 -0.00371714 0.02875
v -0.0028343 -0.00528836 0.02875
v -0.0017958 -0.00357423 0.02875
v -0.00328443 -0.00502121 0.02875
v -0.00210048 -0.00340411 0.02875
v -0.00370955 -0.00471585 0.02875
v -0.00238917 -0.00320809 0.02875
v -0.00410645 -0.00437459 0.02875
v -0.00265969 -0.00298765 0.02875
v -0.0044721 -0.00400004 0.02875
v -0.00290996 -0.00274448 0.02875
v -0.00480371 -0.00359505 0.02875
v -0.00313808 -0.00248041 0.02875
v -0.00509876 -0.0031627 0.02875
v -0.00334232 -0.00219747 0.02875
v -0.005355 -0.00270628 0.02875
v -0.00352112 -0.00189781 0.02875
v -0.00557049 -0.00222927 0.02875
v -0.00367313 -0.0015837 0.02875
v -0.00574359 -0.00173528 0.02875
v -0.00379718 -0.00125754 0.02875
v -0.00587297 -0.00122809 0.02875
v -0.00389233 -0.00092181 0.02875
v -0.00595766 -0.00071156 0.02875
v -0.00395786 -0.00057906 0.02875
v -0.005997 -0.0001896 0.02875
v -0.00399327 -0.00023191 0.02875
v -0.00599071 0.00033379 0.02875
v -0.00399829 0.00011701 0.02875
v -0.00593882 0.00085464 0.02875
v -0.00397288 0.00046504 0.02875
v -0.00584173 0.00136899 0.02875
v -0.00391723 0.00080953 0.02875
v -0.00570019 0.00187293 0.02875
v -0.00383177 0.00114786 0.02875
v -0.00551526 0.0023626 0.02875
v -0.00371714 0.00147745 0.02875
v -0.00528836 0.0028343 0.02875
v -0.00357423 0.0017958 0.02875
v -0.00502121 0.00328443 0.02875
v -0.00340411 0.00210048 0.02875
v -0.00471585 0.00370955 0.02875
v -0.00320809 0.00238917 0.02875
v -0.00437459 0.00410645 0.02875
v -0.00298765 0.00265969 0.02875
v -0.00400004 0.0044721 0.02875
v -0.00274448 0.00290996 0.02875
v -0.00359505 0.00480371 0.02875
v -0.00248041 0.00313808 0.02875
v -0.0031627 0.00509876 0.02875
v -0.00219747 0.00334232 0.02875
v -0.00270628 0.005355 0.02875
v -0.00189781 0.00352112 0.02875
v -0.00222927 0.00557049 0.02875
v -0.0015837 0.00367313 0.02875
v -0.00173528 0.00574359 0.02875
v -0.00125754 0.00379718 0.02875
v -0.00122809 0.00587297 0.02875
v -0.00092181 0.00389233 0.02875
v -0.00071156 0.00595766 0.02875
v 0.00022253 0.00399381 -0.02875
v 0 0.004 -0.02875
v -0.0001896 0.005997 -0.02875
v -0.0001264 0.003998 -0.02875
v -0.00071156 0.00595766 -0.02875
v -0.00047437 0.00397177 -0.02875
v -0.00122809 0.00587297 -0.02875
v -0.00081873 0.00391531 -0.02875
v -0.00173528 0.00574359 -0.02875
v -0.00115686 0.00382906 -0.02875
v -0.00222927 0.00557049 -0.02875
v -0.00148618 0.00371366 -0.02875
v -0.00270628 0.005355 -0.02875
v -0.00180419 0.00357 -0.02875
v -0.0031627 0.00509876 -0.02875
v -0.00210847 0.00339917 -0.02875
v -0.00359505 0.00480371 -0.02875
v -0.0023967 0.00320247 -0.02875
v -0.00400004 0.0044721 -0.02875
v -0.0026667 0.0029814 -0.02875
v -0.00437459 0.00410645 -0.02875
v -0.00291639 0.00273763 -0.02875
v -0.00471585 0.00370955 -0.02875
v -0.0031439 0.00247304 -0.02875
v -0.00502121 0.00328443 -0.02875
v -0.00334747 0.00218962 -0.02875
v -0.00528836 0.0028343 -0.02875
v -0.00352557 0.00188953 -0.02875
v -0.00551526 0.0023626 -0.02875
v -0.00367684 0.00157507 -0.02875
v -0.00570019 0.00187293 -0.02875
v -0.00380013 0.00124862 -0.02875
v -0.00584173 0.00136899 -0.02875
v -0.00389449 0.00091266 -0.02875
v -0.00593882 0.00085464 -0.02875
v -0.00395921 0.00056976 -0.02875
v -0.00599071 0.00033379 -0.02875
v -0.00399381 0.00022253 -0.02875
v -0.005997 -0.0001896 -0.02875
v -0.003998 -0.0001264 -0.02875
v -0.00595766 -0.00071156 -0.02875
v -0.00397177 -0.00047437 -0.02875
v -0.00587297 -0.00122809 -0.02875
v -0.00391531 -0.00081873 -0.02875
v -0.00574359 -0.00173528 -0.02875
v -0.00382906 -0.00115686 -0.02875
v -0.00557049 -0.00222927 -0.02875
v -0.00371366 -0.00148618 -0.02875
v -0.005355 -0.00270628 -0.02875
v -0.00357 -0.00180419 -0.02875
v -0.00509876 -0.0031627 -0.02875
v -0.00339917 -0.00210847 -0.02875
v -0.00480371 -0.00359505 -0.02875
v -0.00320247 -0.0023967 -0.02875
v -0.0044721 -0.00400004 -0.02875
v -0.0029814 -0.0026667 -0.02875
v -0.00410645 -0.00437459 -0.02875
v -0.00273763 -0.00291639 -0.02875
v -0.00370955 -0.00471585 -0.02875
v -0.00247304 -0.0031439 -0.02875
v -0.00328443 -0.00502121 -0.02875
v -0.00218962 -0.00334747 -0.02875
v -0.0028343 -0.00528836 -0.02875
v -0.00188953 -0.00352557 -0.02875
v -0.0023626 -0.00551526 -0.02875
v -0.00157507 -0.00367684 -0.02875
v -0.00187293 -0.00570019 -0.02875
v -0.00124862 -0.00380013 -0.02875
v -0.00136899 -0.00584173 -0.02875
v -0.00091266 -0.00389449 -0.02875
v -0.00085464 -0.00593882 -0.02875
v -0.00056976 -0.00395921 -0.02875
v -0.00033379 -0.00599071 -0.02875
v -0.00022253 -0.00399381 -0.02875
v 0.0001896 -0.005997 -0.02875
v 0.0001264 -0.003998 -0.02875
v 0.00071156 -0.00595766 -0.02875
v 0.00047437 -0.00397177 -0.02875
v 0.00122809 -0.00587297 -0.02875
v 0.00081873 -0.00391531 -0.02875
v 0.00173528 -0.00574359 -0.02875
v 0.00115686 -0.00382906 -0.02875
v 0.00222927 -0.00557049 -0.02875
v 0.00148618 -0.00371366 -0.02875
v 0.00270628 -0.005355 -0.02875
v 0.00180419 -0.00357 -0.02875
v 0.0031627 -0.00509876 -0.02875
v 0.00210847 -0.00339917 -0.02875
v 0.00359505 -0.00480371 -0.02875
v 0.0023967 -0.00320247 -0.02875
v 0.00400004 -0.0044721 -0.02875
v 0.0026667 -0.0029814 -0.02875
v 0.00437459 -0.00410645 -0.02875
v 0.00291639 -0.00273763 -0.02875
v 0.00471585 -0.00370955 -0.02875
v 0.0031439 -0.00247304 -0.02875
v 0.00502121 -0.00328443 -0.02875
v 0.00334747 -0.00218962 -0.02875
v 0.00528836 -0.0028343 -0.02875
v 0.00352557 -0.00188953 -0.02875
v 0.00551526 -0.0023626 -0.02875
v 0.00367684 -0.00157507 -0.02875
v 0.00570019 -0.00187293 -0.02875
v 0.00380013 -0.00124862 -0.02875
v 0.00584173 -0.00136899 -0.02875
v 0.00389449 -0.00091266 -0.02875
v 0.00593882 -0.00085464 -0.02875
v 0.00395921 -0.00056976 -0.02875
v 0.00599071 -0.00033379 -0.02875
v 0.00399381 -0.00022253 -0.02875
v 0.005997 0.0001896 -0.02875
v 0.003998 0.0001264 -0.02875
v 0.00595766 0.00071156 -0.02875
v 0.00397177 0.00047437 -0.02875
v 0.00587297 0.00122809 -0.02875
v 0.00391531 0.00081873 -0.02875
v 0.00574359 0.00173528 -0.02875
v 0.00382906 0.00115686 -0.02875
v 0.00557049 0.00222927 -0.02875
v 0.00371366 0.00148618 -0.02875
v 0.005355 0.00270628 -0.02875
v 0.00357 0.00180419 -0.02875
v 0.00509876 0.0031627 -0.02875
v 0.00339917 0.00210847 -0.02875
v 0.00480371 0.00359505 -0.02875
v 0.00320247 0.0023967 -0.02875
v 0.0044721 0.00400004 -0.02875
v 0.0029814 0.0026667 -0.02875
v 0.00410645 0.00437459 -0.02875
v 0.00273763 0.00291639 -0.02875
v 0.00370955 0.00471585 -0.02875
v 0.00247304 0.0031439 -0.02875
v 0.00328443 0.00502121 -0.02875
v 0.00218962 0.00334747 -0.02875
v 0.0028343 0.00528836 -0.02875
v 0.00188953 0.00352557 -0.02875
v 0.0023626 0.00551526 -0.02875
v 0.00157507 0.00367684 -0.02875
v 0.00187293 0.00570019 -0.02875
v 0.00124862 0.00380013 -0.02875
v 0.00136899 0.00584173 -0.02875
v 0.00091266 0.00389449 -0.02875
v 0.00085464 0.00593882 -0.02875
v 0.00056976 0.00395921 -0.02875
v 0.00033379 0.00599071 -0.02875
v -0.00477414 0.00027793 0.05141484
v -0.00421635 0.00034372 0.05103374
v -0.00480603 0.00082704 0.05148726
v -0.00425016 0.00092587 0.05111051
v -0.00483744 0.00136776 0.05160733
v -0.00428345 0.00149912 0.05123781
v -0.00486811 0.00189598 0.05177416
v -0.00431597 0.00205911 0.05141467
v -0.00489783 0.00240767 0.05198647
v -0.00434748 0.00260158 0.05163975
v -0.00492636 0.00289894 0.05224264
v -0.00437772 0.0031224 0.05191133
v -0.00495349 0.00336605 0.05254072
v -0.00440648 0.00361761 0.05222735
v -0.004979 0.00380545 0.05287845
v -0.00443353 0.00408344 0.05258539
v -0.00500272 0.00421379 0.05325326
v -0.00445868 0.00451635 0.05298275
v -0.00502445 0.00458796 0.05366229
v -0.00448171 0.00491303 0.05341638
v -0.00504403 0.00492513 0.05410242
v -0.00450247 0.00527048 0.053883
v -0.00506131 0.00522271 0.05457032
v -0.00452079 0.00558596 0.05437904
v -0.00507616 0.00547845 0.05506242
v -0.00453654 0.00585709 0.05490074
v -0.00508847 0.0056904 0.05557497
v -0.00454959 0.00608179 0.05544413
v -0.00509814 0.00585694 0.05610408
v -0.00455984 0.00625835 0.05600506
v -0.00510511 0.00597682 0.05664571
v -0.00456722 0.00638544 0.05657928
v -0.0051093 0.00604911 0.05719575
v -0.00457167 0.00646208 0.0571624
v -0.00511071 0.00607327 0.05775
v -0.00457316 0.00648769 0.05775
v -0.0051093 0.00604911 0.05830425
v -0.00457167 0.00646208 0.0583376
v -0.00510511 0.00597682 0.05885429
v -0.00456722 0.00638544 0.05892072
v -0.00509814 0.00585694 0.05939592
v -0.00455984 0.00625835 0.05949493
v -0.00508847 0.0056904 0.05992503
v -0.00454959 0.00608179 0.06005587
v -0.00507616 0.00547845 0.06043758
v -0.00453654 0.00585709 0.06059926
v -0.00506131 0.00522271 0.06092968
v -0.00452079 0.00558596 0.06112096
v -0.00504403 0.00492513 0.06139757
v -0.00450247 0.00527048 0.061617
v -0.00502445 0.00458796 0.06183771
v -0.00448171 0.00491303 0.06208362
v -0.00500272 0.00421379 0.06224674
v -0.00445868 0.00451635 0.06251726
v -0.004979 0.00380545 0.06262155
v -0.00443353 0.00408344 0.06291461
v -0.00495349 0.00336605 0.06295928
v -0.00440648 0.00361761 0.06327266
v -0.00492636 0.00289894 0.06325737
v -0.00437772 0.0031224 0.06358867
v -0.00489783 0.00240767 0.06351353
v -0.00434748 0.00260158 0.06386025
v -0.00486811 0.00189598 0.06372584
v -0.00431597 0.00205911 0.06408533
v -0.00483744 0.00136776 0.06389266
v -0.00428345 0.00149912 0.06426219
v -0.00480603 0.00082704 0.06401274
v -0.00425016 0.00092587 0.06438949
v -0.00477414 0.00027793 0.06408516
v -0.00421635 0.00034372 0.06446626
v -0.00474201 -0.00027539 0.06410936
v -0.00418228 -0.00024289 0.06449191
v -0.00470988 -0.00082871 0.06408516
v -0.00414822 -0.00082949 0.06446626
v -0.00467799 -0.00137782 0.06401274
v -0.00411441 -0.00141164 0.06438949
v -0.00464658 -0.00191854 0.06389266
v -0.00408112 -0.00198489 0.06426219
v -0.00461591 -0.00244676 0.06372584
v -0.0040486 -0.00254488 0.06408533
v -0.00458619 -0.00295845 0.06351353
v -0.00401709 -0.00308735 0.06386025
v -0.00455766 -0.00344972 0.06325737
v -0.00398685 -0.00360817 0.06358867
v -0.00453053 -0.00391683 0.06295928
v -0.00395809 -0.00410338 0.06327266
v -0.00450502 -0.00435623 0.06262155
v -0.00393103 -0.00456921 0.06291461
v -0.0044813 -0.00476457 0.06224674
v -0.00390589 -0.00500212 0.06251726
v -0.00445957 -0.00513875 0.06183771
v -0.00388286 -0.0053988 0.06208362
v -0.00443999 -0.00547591 0.06139757
v -0.0038621 -0.00575625 0.061617
v -0.00442271 -0.00577349 0.06092968
v -0.00384378 -0.00607173 0.06112096
v -0.00440786 -0.00602923 0.06043758
v -0.00382803 -0.00634286 0.06059926
v -0.00439555 -0.00624118 0.05992503
v -0.00381498 -0.00656756 0.06005587
v -0.00438588 -0.00640772 0.05939592
v -0.00380473 -0.00674412 0.05949493
v -0.00437891 -0.0065276 0.05885429
v -0.00379735 -0.00687121 0.05892072
v -0.00437472 -0.00659989 0.05830425
v -0.00379289 -0.00694785 0.0583376
v -0.00437331 -0.00662405 0.05775
v -0.00379141 -0.00697346 0.05775
v -0.00437472 -0.00659989 0.05719575
v -0.00379289 -0.00694785 0.0571624
v -0.00437891 -0.0065276 0.05664571
v -0.00379735 -0.00687121 0.05657928
v -0.00438588 -0.00640772 0.05610408
v -0.00380473 -0.00674412 0.05600506
v -0.00439555 -0.00624118 0.05557497
v -0.00381498 -0.00656756 0.05544413
v -0.00440786 -0.00602923 0.05506242
v -0.00382803 -0.00634286 0.05490074
v -0.00442271 -0.00577349 0.05457032
v -0.00384378 -0.00607173 0.05437904
v -0.00443999 -0.00547591 0.05410242
v -0.0038621 -0.00575625 0.053883
v -0.00445957 -0.00513875 0.05366229
v -0.00388286 -0.0053988 0.05341638
v -0.0044813 -0.00476457 0.05325326
v -0.00390589 -0.00500212 0.05298275
v -0.00450502 -0.00435623 0.05287845
v -0.00393103 -0.00456921 0.05258539
v -0.00453053 -0.00391683 0.05254072
v -0.00395809 -0.00410338 0.05222735
v -0.00455766 -0.00344972 0.05224264
v -0.00398685 -0.00360817 0.05191133
v -0.00458619 -0.00295845 0.05198647
v -0.00401709 -0.00308735 0.05163975
v -0.00461591 -0.00244676 0.05177416
v -0.0040486 -0.00254488 0.05141467
v -0.00464658 -0.00191854 0.05160733
v -0.00408112 -0.00198489 0.05123781
v -0.00467799 -0.00137782 0.05148726
v -0.00411441 -0.00141164 0.05111051
v -0.00470988 -0.00082871 0.05141484
v -0.00414822 -0.00082949 0.05103374
v -0.00474201 -0.00027539 0.05139064
v -0.00418228 -0.00024289 0.05100809
v -0.00362773 0.000407 0.05070175
v -0.00366321 0.00101792 0.05078231
v -0.00369814 0.00161951 0.0509159
v -0.00373227 0.00220718 0.05110151
v -0.00376533 0.00277647 0.05133772
v -0.00379707 0.00332303 0.05162272
v -0.00382726 0.00384272 0.05195436
v -0.00385565 0.00433158 0.0523301
v -0.00388203 0.00478589 0.0527471
v -0.00390621 0.00520218 0.05320216
v -0.00392799 0.00557729 0.05369185
v -0.00394722 0.00590837 0.05421241
v -0.00396374 0.0061929 0.0547599
v -0.00397744 0.0064287 0.05533015
v -0.0039882 0.006614 0.05591881
v -0.00399594 0.00674736 0.05652141
v -0.00400061 0.00682779 0.05713336
v -0.00400217 0.00685467 0.05775
v -0.00400061 0.00682779 0.05836664
v -0.00399594 0.00674736 0.05897859
v -0.0039882 0.006614 0.05958119
v -0.00397744 0.0064287 0.06016985
v -0.00396374 0.0061929 0.0607401
v -0.00394722 0.00590837 0.06128759
v -0.00392799 0.00557729 0.06180815
v -0.00390621 0.00520218 0.06229784
v -0.00388203 0.00478589 0.0627529
v -0.00385565 0.00433158 0.0631699
v -0.00382726 0.00384272 0.06354564
v -0.00379707 0.00332303 0.06387728
v -0.00376533 0.00277647 0.06416228
v -0.00373227 0.00220718 0.06439849
v -0.00369814 0.00161951 0.06458409
v -0.00366321 0.00101792 0.06471769
v -0.00362773 0.000407 0.06479825
v -0.00359198 -0.0002086 0.06482518
v -0.00355622 -0.00082421 0.06479825
v -0.00352075 -0.00143513 0.06471769
v -0.00348581 -0.00203671 0.06458409
v -0.00345168 -0.00262439 0.06439849
v -0.00341862 -0.00319367 0.06416228
v -0.00338688 -0.00374024 0.06387728
v -0.0033567 -0.00425993 0.06354564
v -0.00332831 -0.00474879 0.0631699
v -0.00330192 -0.00520309 0.0627529
v -0.00327775 -0.00561938 0.06229784
v -0.00325596 -0.0059945 0.06180815
v -0.00323673 -0.00632558 0.06128759
v -0.00322021 -0.0066101 0.0607401
v -0.00320652 -0.00684591 0.06016985
v -0.00319575 -0.0070312 0.05958119
v -0.00318801 -0.00716457 0.05897859
v -0.00318334 -0.007245 0.05836664
v -0.00318178 -0.00727188 0.05775
v -0.00318334 -0.007245 0.05713336
v -0.00318801 -0.00716457 0.05652141
v -0.00319575 -0.0070312 0.05591881
v -0.00320652 -0.00684591 0.05533015
v -0.00322021 -0.0066101 0.0547599
v -0.00323673 -0.00632558 0.05421241
v -0.00325596 -0.0059945 0.05369185
v -0.00327775 -0.00561938 0.05320216
v -0.00330192 -0.00520309 0.0527471
v -0.00332831 -0.00474879 0.0523301
v -0.0033567 -0.00425993 0.05195436
v -0.00338688 -0.00374024 0.05162272
v -0.00341862 -0.00319367 0.05133772
v -0.00345168 -0.00262439 0.05110151
v -0.00348581 -0.00203671 0.0509159
v -0.00352075 -0.00143513 0.05078231
v -0.00355622 -0.00082421 0.05070175
v -0.00359198 -0.0002086 0.05067483
v -0.00301258 0.0004673 0.05042129
v -0.00304947 0.00110253 0.05050506
v -0.00308579 0.00172806 0.05064397
v -0.00312128 0.00233911 0.05083696
v -0.00315566 0.00293105 0.05108257
v -0.00318866 0.00349937 0.05137891
v -0.00322004 0.00403974 0.05172374
v -0.00324956 0.00454805 0.05211444
v -0.003277 0.00502043 0.05254803
v -0.00330214 0.00545328 0.0530212
v -0.00332479 0.00584332 0.05353037
v -0.00334478 0.00618758 0.05407165
v -0.00336196 0.00648342 0.05464092
v -0.0033762 0.00672861 0.05523386
v -0.00338739 0.00692128 0.05584595
v -0.00339544 0.00705995 0.05647252
v -0.0034003 0.00714358 0.05710882
v -0.00340192 0.00717153 0.05775
v -0.0034003 0.00714358 0.05839118
v -0.00339544 0.00705995 0.05902748
v -0.00338739 0.00692128 0.05965405
v -0.0033762 0.00672861 0.06026614
v -0.00336196 0.00648342 0.06085908
v -0.00334478 0.00618758 0.06142835
v -0.00332479 0.00584332 0.06196963
v -0.00330214 0.00545328 0.0624788
v -0.003277 0.00502043 0.06295197
v -0.00324956 0.00454805 0.06338556
v -0.00322004 0.00403974 0.06377625
v -0.00318866 0.00349937 0.06412109
v -0.00315566 0.00293105 0.06441744
v -0.00312128 0.00233911 0.06466304
v -0.00308579 0.00172806 0.06485602
v -0.00304947 0.00110253 0.06499493
v -0.00301258 0.0004673 0.06507871
v -0.0029754 -0.0001728 0.0651067
v -0.00293823 -0.0008129 0.06507871
v -0.00290134 -0.00144812 0.06499493
v -0.00286501 -0.00207365 0.06485602
v -0.00282952 -0.0026847 0.06466304
v -0.00279515 -0.00327664 0.06441744
v -0.00276214 -0.00384496 0.06412109
v -0.00273076 -0.00438533 0.06377625
v -0.00270124 -0.00489364 0.06338556
v -0.00267381 -0.00536602 0.06295197
v -0.00264867 -0.00579888 0.0624788
v -0.00262602 -0.00618891 0.06196963
v -0.00260602 -0.00653317 0.06142835
v -0.00258884 -0.00682901 0.06085908
v -0.0025746 -0.0070742 0.06026614
v -0.00256342 -0.00726687 0.05965405
v -0.00255536 -0.00740554 0.05902748
v -0.00255051 -0.00748917 0.05839118
v -0.00254888 -0.00751712 0.05775
v -0.00255051 -0.00748917 0.05710882
v -0.00255536 -0.00740554 0.05647252
v -0.00256342 -0.00726687 0.05584595
v -0.0025746 -0.0070742 0.05523386
v -0.00258884 -0.00682901 0.05464092
v -0.00260602 -0.00653317 0.05407165
v -0.00262602 -0.00618891 0.05353037
v -0.00264867 -0.00579888 0.0530212
v -0.00267381 -0.00536602 0.05254803
v -0.00270124 -0.00489364 0.05211444
v -0.00273076 -0.00438533 0.05172374
v -0.00276214 -0.00384496 0.05137891
v -0.00279515 -0.00327664 0.05108257
v -0.00282952 -0.0026847 0.05083696
v -0.00286501 -0.00207365 0.05064397
v -0.00290134 -0.00144812 0.05050506
v -0.00293823 -0.0008129 0.05042129
v -0.0029754 -0.0001728 0.0503933
v -0.0023754 0.00052419 0.05019443
v -0.00241343 0.00117908 0.05028079
v -0.00245088 0.00182397 0.050424
v -0.00248747 0.00245394 0.05062297
v -0.00252291 0.0030642 0.05087617
v -0.00255693 0.00365011 0.05118169
v -0.00258929 0.00420721 0.0515372
v -0.00261972 0.00473125 0.05193999
v -0.002648 0.00521826 0.052387
v -0.00267392 0.00566451 0.05287482
v -0.00269727 0.00606663 0.05339975
v -0.00271788 0.00642154 0.05395779
v -0.0027356 0.00672654 0.05454468
v -0.00275028 0.00697932 0.05515597
v -0.00276181 0.00717795 0.055787
v -0.00277011 0.00732092 0.05643298
v -0.00277512 0.00740714 0.05708897
v -0.00277679 0.00743595 0.05775
v -0.00277512 0.00740714 0.05841103
v -0.00277011 0.00732092 0.05906702
v -0.00276181 0.00717795 0.05971299
v -0.00275028 0.00697932 0.06034403
v -0.0027356 0.00672654 0.06095532
v -0.00271788 0.00642154 0.06154222
v -0.00269727 0.00606663 0.06210025
v -0.00267392 0.00566451 0.06262518
v -0.002648 0.00521826 0.063113
v -0.00261972 0.00473125 0.06356001
v -0.00258929 0.00420721 0.0639628
v -0.00255693 0.00365011 0.06431831
v -0.00252291 0.0030642 0.06462383
v -0.00248747 0.00245394 0.06487703
v -0.00245088 0.00182397 0.06507599
v -0.00241343 0.00117908 0.06521921
v -0.0023754 0.00052419 0.06530557
v -0.00233707 -0.00013572 0.06533443
v -0.00229875 -0.00079564 0.06530557
v -0.00226071 -0.00145053 0.06521921
v -0.00222326 -0.00209542 0.06507599
v -0.00218668 -0.00272539 0.06487703
v -0.00215124 -0.00333565 0.06462383
v -0.00211721 -0.00392156 0.06431831
v -0.00208486 -0.00447866 0.0639628
v -0.00205442 -0.0050027 0.06356001
v -0.00202614 -0.00548971 0.063113
v -0.00200022 -0.00593596 0.06262518
v -0.00197687 -0.00633808 0.06210025
v -0.00195626 -0.00669299 0.06154222
v -0.00193855 -0.00699799 0.06095532
v -0.00192387 -0.00725077 0.06034403
v -0.00191233 -0.0074494 0.05971299
v -0.00190403 -0.00759237 0.05906702
v -0.00189902 -0.00767859 0.05841103
v -0.00189735 -0.0077074 0.05775
v -0.00189902 -0.00767859 0.05708897
v -0.00190403 -0.00759237 0.05643298
v -0.00191233 -0.0074494 0.055787
v -0.00192387 -0.00725077 0.05515597
v -0.00193855 -0.00699799 0.05454468
v -0.00195626 -0.00669299 0.05395779
v -0.00197687 -0.00633808 0.05339975
v -0.00200022 -0.00593596 0.05287482
v -0.00202614 -0.00548971 0.052387
v -0.00205442 -0.0050027 0.05193999
v -0.00208486 -0.00447866 0.0515372
v -0.00211721 -0.00392156 0.05118169
v -0.00215124 -0.00333565 0.05087617
v -0.00218668 -0.00272539 0.05062297
v -0.00222326 -0.00209542 0.050424
v -0.00226071 -0.00145053 0.05028079
v -0.00229875 -0.00079564 0.05019443
v -0.00233707 -0.00013572 0.05016557
v -0.00172085 0.00057724 0.05002281
v -0.00175974 0.00124701 0.05011114
v -0.00179805 0.00190654 0.0502576
v -0.00183546 0.00255082 0.05046108
v -0.00187171 0.00317495 0.05072004
v -0.00190651 0.00377417 0.0510325
v -0.00193959 0.00434392 0.05139608
v -0.00197072 0.00487986 0.05180802
v -0.00199965 0.00537793 0.05226518
v -0.00202615 0.00583432 0.05276409
v -0.00205003 0.00624557 0.05330094
v -0.00207111 0.00660854 0.05387165
v -0.00208923 0.00692047 0.05447188
v -0.00210424 0.00717899 0.05509705
v -0.00211604 0.00738213 0.05574242
v -0.00212453 0.00752835 0.05640306
v -0.00212965 0.00761653 0.05707396
v -0.00213136 0.00764599 0.05775
v -0.00212965 0.00761653 0.05842604
v -0.00212453 0.00752835 0.05909694
v -0.00211604 0.00738213 0.05975758
v -0.00210424 0.00717899 0.06040295
v -0.00208923 0.00692047 0.06102812
v -0.00207111 0.00660854 0.06162835
v -0.00205003 0.00624557 0.06219906
v -0.00202615 0.00583432 0.06273592
v -0.00199965 0.00537793 0.06323481
v -0.00197072 0.00487986 0.06369198
v -0.00193959 0.00434392 0.06410392
v -0.00190651 0.00377417 0.0644675
v -0.00187171 0.00317495 0.06477996
v -0.00183546 0.00255082 0.06503891
v -0.00179805 0.00190654 0.06524239
v -0.00175974 0.00124701 0.06538886
v -0.00172085 0.00057724 0.06547718
v -0.00168165 -9.766E-05 0.0655067
v -0.00164246 -0.00077257 0.06547718
v -0.00160356 -0.00144233 0.06538886
v -0.00156526 -0.00210187 0.06524239
v -0.00152784 -0.00274615 0.06503891
v -0.0014916 -0.00337027 0.06477996
v -0.0014568 -0.00396949 0.0644675
v -0.00142371 -0.00453924 0.06410392
v -0.00139258 -0.00507519 0.06369198
v -0.00136366 -0.00557325 0.06323481
v -0.00133715 -0.00602964 0.06273592
v -0.00131327 -0.00644089 0.06219906
v -0.00129219 -0.00680386 0.06162835
v -0.00127408 -0.0071158 0.06102812
v -0.00125906 -0.00737432 0.06040295
v -0.00124726 -0.00757746 0.05975758
v -0.00123877 -0.00772367 0.05909694
v -0.00123365 -0.00781185 0.05842604
v -0.00123194 -0.00784132 0.05775
v -0.00123365 -0.00781185 0.05707396
v -0.00123877 -0.00772367 0.05640306
v -0.00124726 -0.00757746 0.05574242
v -0.00125906 -0.00737432 0.05509705
v -0.00127408 -0.0071158 0.05447188
v -0.00129219 -0.00680386 0.05387165
v -0.00131327 -0.00644089 0.05330094
v -0.00133715 -0.00602964 0.05276409
v -0.00136366 -0.00557325 0.05226518
v -0.00139258 -0.00507519 0.05180802
v -0.00142371 -0.00453924 0.05139608
v -0.0014568 -0.00396949 0.0510325
v -0.0014916 -0.00337027 0.05072004
v -0.00152784 -0.00274615 0.05046108
v -0.00156526 -0.00210187 0.0502576
v -0.00160356 -0.00144233 0.05011114
v -0.00164246 -0.00077257 0.05002281
v -0.00168165 -9.766E-05 0.0499933
v -0.00105371 0.00062607 0.0499077
v -0.00109319 0.00130582 0.04999734
v -0.00113206 0.00197518 0.05014599
v -0.00117004 0.00262906 0.0503525
v -0.00120682 0.00326248 0.05061531
v -0.00124214 0.00387062 0.05093243
v -0.00127572 0.00444886 0.05130143
v -0.00130731 0.00499279 0.05171951
v -0.00133667 0.00549828 0.05218348
v -0.00136357 0.00596147 0.05268981
v -0.0013878 0.00637884 0.05323466
v -0.0014092 0.00674722 0.05381387
v -0.00142758 0.0070638 0.05442304
v -0.00144282 0.00732617 0.05505753
v -0.00145479 0.00753234 0.05571251
v -0.00146341 0.00768073 0.056383
v -0.00146861 0.00777022 0.05706389
v -0.00147035 0.00780013 0.05775
v -0.00146861 0.00777022 0.05843611
v -0.00146341 0.00768073 0.059117
v -0.00145479 0.00753234 0.05978749
v -0.00144282 0.00732617 0.06044247
v -0.00142758 0.0070638 0.06107696
v -0.0014092 0.00674722 0.06168613
v -0.0013878 0.00637884 0.06226534
v -0.00136357 0.00596147 0.06281019
v -0.00133667 0.00549828 0.06331652
v -0.00130731 0.00499279 0.06378049
v -0.00127572 0.00444886 0.06419858
v -0.00124214 0.00387062 0.06456757
v -0.00120682 0.00326248 0.06488468
v -0.00117004 0.00262906 0.0651475
v -0.00113206 0.00197518 0.06535401
v -0.00109319 0.00130582 0.06550266
v -0.00105371 0.00062607 0.0655923
v -0.00101393 -5.888E-05 0.06562226
v -0.00097416 -0.00074384 0.0655923
v -0.00093468 -0.00142359 0.06550266
v -0.00089581 -0.00209295 0.06535401
v -0.00085783 -0.00274682 0.0651475
v -0.00082105 -0.00338025 0.06488468
v -0.00078573 -0.00398839 0.06456757
v -0.00075215 -0.00456663 0.06419858
v -0.00072056 -0.00511056 0.06378049
v -0.0006912 -0.00561604 0.06331652
v -0.0006643 -0.00607924 0.06281019
v -0.00064007 -0.00649661 0.06226534
v -0.00061867 -0.00686499 0.06168613
v -0.00060029 -0.00718157 0.06107696
v -0.00058505 -0.00744394 0.06044247
v -0.00057308 -0.00765011 0.05978749
v -0.00056446 -0.0077985 0.059117
v -0.00055926 -0.00788799 0.05843611
v -0.00055752 -0.0079179 0.05775
v -0.00055926 -0.00788799 0.05706389
v -0.00056446 -0.0077985 0.056383
v -0.00057308 -0.00765011 0.05571251
v -0.00058505 -0.00744394 0.05505753
v -0.00060029 -0.00718157 0.05442304
v -0.00061867 -0.00686499 0.05381387
v -0.00064007 -0.00649661 0.05323466
v -0.0006643 -0.00607924 0.05268981
v -0.0006912 -0.00561604 0.05218348
v -0.00072056 -0.00511056 0.05171951
v -0.00075215 -0.00456663 0.05130143
v -0.00078573 -0.00398839 0.05093243
v -0.00082105 -0.00338025 0.05061531
v -0.00085783 -0.00274682 0.0503525
v -0.00089581 -0.00209295 0.05014599
v -0.00093468 -0.00142359 0.04999734
v -0.00097416 -0.00074384 0.0499077
v -0.00101393 -5.888E-05 0.04987775
v -0.00037888 0.00067033 0.04984993
v -0.00041864 0.00135508 0.04994024
v -0.0004578 0.00202937 0.05008997
v -0.00049606 0.00268806 0.05029801
v -0.00053311 0.00332615 0.05056276
v -0.00056869 0.00393878 0.05088221
v -0.00060252 0.00452127 0.05125393
v -0.00063434 0.00506921 0.05167508
v -0.00066391 0.00557842 0.05214247
v -0.00069101 0.00604502 0.05265254
v -0.00071543 0.00646547 0.0532014
v -0.00073698 0.00683656 0.05378488
v -0.0007555 0.00715547 0.05439854
v -0.00077085 0.00741978 0.0550377
v -0.00078291 0.00762746 0.0556975
v -0.00079159 0.00777695 0.05637293
v -0.00079683 0.0078671 0.05705883
v -0.00079858 0.00789723 0.05775
v -0.00079683 0.0078671 0.05844117
v -0.00079159 0.00777695 0.05912707
v -0.00078291 0.00762746 0.0598025
v -0.00077085 0.00741978 0.0604623
v -0.0007555 0.00715547 0.06110147
v -0.00073698 0.00683656 0.06171512
v -0.00071543 0.00646547 0.0622986
v -0.00069101 0.00604502 0.06284746
v -0.00066391 0.00557842 0.06335752
v -0.00063434 0.00506921 0.06382491
v -0.00060252 0.00452127 0.06424607
v -0.00056869 0.00393878 0.06461779
v -0.00053311 0.00332615 0.06493724
v -0.00049606 0.00268806 0.06520199
v -0.0004578 0.00202937 0.06541003
v -0.00041864 0.00135508 0.06555976
v -0.00037888 0.00067033 0.06565007
v -0.0003388 -1.968E-05 0.06568024
v -0.00029873 -0.00070968 0.06565007
v -0.00025897 -0.00139443 0.06555976
v -0.00021981 -0.00206872 0.06541003
v -0.00018155 -0.00272742 0.06520199
v -0.0001445 -0.0033655 0.06493724
v -0.00010892 -0.00397813 0.06461779
v -7.509E-05 -0.00456062 0.06424607
v -4.327E-05 -0.00510856 0.06382491
v -1.37E-05 -0.00561777 0.06335752
v 1.34E-05 -0.00608438 0.06284746
v 3.782E-05 -0.00650482 0.0622986
v 5.937E-05 -0.00687591 0.06171512
v 7.789E-05 -0.00719483 0.06110147
v 9.324E-05 -0.00745913 0.0604623
v 0.0001053 -0.00766682 0.0598025
v 0.00011398 -0.0078163 0.05912707
v 0.00011922 -0.00790645 0.05844117
v 0.00012097 -0.00793658 0.05775
v 0.00011922 -0.00790645 0.05705883
v 0.00011398 -0.0078163 0.05637293
v 0.0001053 -0.00766682 0.0556975
v 9.324E-05 -0.00745913 0.0550377
v 7.789E-05 -0.00719483 0.05439854
v 5.937E-05 -0.00687591 0.05378488
v 3.782E-05 -0.00650482 0.0532014
v 1.34E-05 -0.00608438 0.05265254
v -1.37E-05 -0.00561777 0.05214247
v -4.327E-05 -0.00510856 0.05167508
v -7.509E-05 -0.00456062 0.05125393
v -0.00010892 -0.00397813 0.05088221
v -0.0001445 -0.0033655 0.05056276
v -0.00018155 -0.00272742 0.05029801
v -0.00021981 -0.00206872 0.05008997
v -0.00025897 -0.00139443 0.04994024
v -0.00029873 -0.00070968 0.04984993
v -0.0003388 -1.968E-05 0.04981976
v 0.00029873 0.00070968 0.04984993
v 0.00025897 0.00139443 0.04994024
v 0.00021981 0.00206872 0.05008997
v 0.00018155 0.00272742 0.05029801
v 0.0001445 0.0033655 0.05056276
v 0.00010892 0.00397813 0.05088221
v 7.509E-05 0.00456062 0.05125393
v 4.327E-05 0.00510856 0.05167508
v 1.37E-05 0.00561777 0.05214247
v -1.34E-05 0.00608438 0.05265254
v -3.782E-05 0.00650482 0.0532014
v -5.937E-05 0.00687591 0.05378488
v -7.789E-05 0.00719483 0.05439854
v -9.324E-05 0.00745913 0.0550377
v -0.0001053 0.00766682 0.0556975
v -0.00011398 0.0078163 0.05637293
v -0.00011922 0.00790645 0.05705883
v -0.00012097 0.00793658 0.05775
v -0.00011922 0.00790645 0.05844117
v -0.00011398 0.0078163 0.05912707
v -0.0001053 0.00766682 0.0598025
v -9.324E-05 0.00745913 0.0604623
v -7.789E-05 0.00719483 0.06110147
v -5.937E-05 0.00687591 0.06171512
v -3.782E-05 0.00650482 0.0622986
v -1.34E-05 0.00608438 0.06284746
v 1.37E-05 0.00561777 0.06335752
v 4.327E-05 0.00510856 0.06382491
v 7.509E-05 0.00456062 0.06424607
v 0.00010892 0.00397813 0.06461779
v 0.0001445 0.0033655 0.06493724
v 0.00018155 0.00272742 0.06520199
v 0.00021981 0.00206872 0.06541003
v 0.00025897 0.00139443 0.06555976
v 0.00029873 0.00070968 0.06565007
v 0.0003388 1.968E-05 0.06568024
v 0.00037888 -0.00067033 0.06565007
v 0.00041864 -0.00135508 0.06555976
v 0.0004578 -0.00202937 0.06541003
v 0.00049606 -0.00268806 0.06520199
v 0.00053311 -0.00332615 0.06493724
v 0.00056869 -0.00393878 0.06461779
v 0.00060252 -0.00452127 0.06424607
v 0.00063434 -0.00506921 0.06382491
v 0.00066391 -0.00557842 0.06335752
v 0.00069101 -0.00604502 0.06284746
v 0.00071543 -0.00646547 0.0622986
v 0.00073698 -0.00683656 0.06171512
v 0.0007555 -0.00715547 0.06110147
v 0.00077085 -0.00741978 0.0604623
v 0.00078291 -0.00762746 0.0598025
v 0.00079159 -0.00777695 0.05912707
v 0.00079683 -0.0078671 0.05844117
v 0.00079858 -0.00789723 0.05775
v 0.00079683 -0.0078671 0.05705883
v 0.00079159 -0.00777695 0.05637293
v 0.00078291 -0.00762746 0.0556975
v 0.00077085 -0.00741978 0.0550377
v 0.0007555 -0.00715547 0.05439854
v 0.00073698 -0.00683656 0.05378488
v 0.00071543 -0.00646547 0.0532014
v 0.00069101 -0.00604502 0.05265254
v 0.00066391 -0.00557842 0.05214247
v 0.00063434 -0.00506921 0.05167508
v 0.00060252 -0.00452127 0.05125393
v 0.00056869 -0.00393878 0.05088221
v 0.00053311 -0.00332615 0.05056276
v 0.00049606 -0.00268806 0.05029801
v 0.0004578 -0.00202937 0.05008997
v 0.00041864 -0.00135508 0.04994024
v 0.00037888 -0.00067033 0.04984993
v 0.0003388 1.968E-05 0.04981976
v 0.00097416 0.00074384 0.0499077
v 0.00093468 0.00142359 0.04999734
v 0.00089581 0.00209295 0.05014599
v 0.00085783 0.00274682 0.0503525
v 0.00082105 0.00338025 0.05061531
v 0.00078573 0.00398839 0.05093243
v 0.00075215 0.00456663 0.05130143
v 0.00072056 0.00511056 0.05171951
v 0.0006912 0.00561604 0.05218348
v 0.0006643 0.00607924 0.05268981
v 0.00064007 0.00649661 0.05323466
v 0.00061867 0.00686499 0.05381387
v 0.00060029 0.00718157 0.05442304
v 0.00058505 0.00744394 0.05505753
v 0.00057308 0.00765011 0.05571251
v 0.00056446 0.0077985 0.056383
v 0.00055926 0.00788799 0.05706389
v 0.00055752 0.0079179 0.05775
v 0.00055926 0.00788799 0.05843611
v 0.00056446 0.0077985 0.059117
v 0.00057308 0.00765011 0.05978749
v 0.00058505 0.00744394 0.06044247
v 0.00060029 0.00718157 0.06107696
v 0.00061867 0.00686499 0.06168613
v 0.00064007 0.00649661 0.06226534
v 0.0006643 0.00607924 0.06281019
v 0.0006912 0.00561604 0.06331652
v 0.00072056 0.00511056 0.06378049
v 0.00075215 0.00456663 0.06419858
v 0.00078573 0.00398839 0.06456757
v 0.00082105 0.00338025 0.06488468
v 0.00085783 0.00274682 0.0651475
v 0.00089581 0.00209295 0.06535401
v 0.00093468 0.00142359 0.06550266
v 0.00097416 0.00074384 0.0655923
v 0.00101393 5.888E-05 0.06562226
v 0.00105371 -0.00062607 0.0655923
v 0.00109319 -0.00130582 0.06550266
v 0.00113206 -0.00197518 0.06535401
v 0.00117004 -0.00262906 0.0651475
v 0.00120682 -0.00326248 0.06488468
v 0.00124214 -0.00387062 0.06456757
v 0.00127572 -0.00444886 0.06419858
v 0.00130731 -0.00499279 0.06378049
v 0.00133667 -0.00549828 0.06331652
v 0.00136357 -0.00596147 0.06281019
v 0.0013878 -0.00637884 0.06226534
v 0.0014092 -0.00674722 0.06168613
v 0.00142758 -0.0070638 0.06107696
v 0.00144282 -0.00732617 0.06044247
v 0.00145479 -0.00753234 0.05978749
v 0.00146341 -0.00768073 0.059117
v 0.00146861 -0.00777022 0.05843611
v 0.00147035 -0.00780013 0.05775
v 0.00146861 -0.00777022 0.05706389
v 0.00146341 -0.00768073 0.056383
v 0.00145479 -0.00753234 0.05571251
v 0.00144282 -0.00732617 0.05505753
v 0.00142758 -0.0070638 0.05442304
v 0.0014092 -0.00674722 0.05381387
v 0.0013878 -0.00637884 0.05323466
v 0.00136357 -0.00596147 0.05268981
v 0.00133667 -0.00549828 0.05218348
v 0.00130731 -0.00499279 0.05171951
v 0.00127572 -0.00444886 0.05130143
v 0.00124214 -0.00387062 0.05093243
v 0.00120682 -0.00326248 0.05061531
v 0.00117004 -0.00262906 0.0503525
v 0.00113206 -0.00197518 0.05014599
v 0.00109319 -0.00130582 0.04999734
v 0.00105371 -0.00062607 0.0499077
v 0.00101393 5.888E-05 0.04987775
v 0.00164246 0.00077257 0.05002281
v 0.00160356 0.00144233 0.05011114
v 0.00156526 0.00210187 0.0502576
v 0.00152784 0.00274615 0.05046108
v 0.0014916 0.00337027 0.05072004
v 0.0014568 0.00396949 0.0510325
v 0.00142371 0.00453924 0.05139608
v 0.00139258 0.00507519 0.05180802
v 0.00136366 0.00557325 0.05226518
v 0.00133715 0.00602964 0.05276409
v 0.00131327 0.00644089 0.05330094
v 0.00129219 0.00680386 0.05387165
v 0.00127408 0.0071158 0.05447188
v 0.00125906 0.00737432 0.05509705
v 0.00124726 0.00757746 0.05574242
v 0.00123877 0.00772367 0.05640306
v 0.00123365 0.00781185 0.05707396
v 0.00123194 0.00784132 0.05775
v 0.00123365 0.00781185 0.05842604
v 0.00123877 0.00772367 0.05909694
v 0.00124726 0.00757746 0.05975758
v 0.00125906 0.00737432 0.06040295
v 0.00127408 0.0071158 0.06102812
v 0.00129219 0.00680386 0.06162835
v 0.00131327 0.00644089 0.06219906
v 0.00133715 0.00602964 0.06273592
v 0.00136366 0.00557325 0.06323481
v 0.00139258 0.00507519 0.06369198
v 0.00142371 0.00453924 0.06410392
v 0.0014568 0.00396949 0.0644675
v 0.0014916 0.00337027 0.06477996
v 0.00152784 0.00274615 0.06503891
v 0.00156526 0.00210187 0.06524239
v 0.00160356 0.00144233 0.06538886
v 0.00164246 0.00077257 0.06547718
v 0.00168165 9.766E-05 0.0655067
v 0.00172085 -0.00057724 0.06547718
v 0.00175974 -0.00124701 0.06538886
v 0.00179805 -0.00190654 0.06524239
v 0.00183546 -0.00255082 0.06503891
v 0.00187171 -0.00317495 0.06477996
v 0.00190651 -0.00377417 0.0644675
v 0.00193959 -0.00434392 0.06410392
v 0.00197072 -0.00487986 0.06369198
v 0.00199965 -0.00537793 0.06323481
v 0.00202615 -0.00583432 0.06273592
v 0.00205003 -0.00624557 0.06219906
v 0.00207111 -0.00660854 0.06162835
v 0.00208923 -0.00692047 0.06102812
v 0.00210424 -0.00717899 0.06040295
v 0.00211604 -0.00738213 0.05975758
v 0.00212453 -0.00752835 0.05909694
v 0.00212965 -0.00761653 0.05842604
v 0.00213136 -0.00764599 0.05775
v 0.00212965 -0.00761653 0.05707396
v 0.00212453 -0.00752835 0.05640306
v 0.00211604 -0.00738213 0.05574242
v 0.00210424 -0.00717899 0.05509705
v 0.00208923 -0.00692047 0.05447188
v 0.00207111 -0.00660854 0.05387165
v 0.00205003 -0.00624557 0.05330094
v 0.00202615 -0.00583432 0.05276409
v 0.00199965 -0.00537793 0.05226518
v 0.00197072 -0.00487986 0.05180802
v 0.00193959 -0.00434392 0.05139608
v 0.00190651 -0.00377417 0.0510325
v 0.00187171 -0.00317495 0.05072004
v 0.00183546 -0.00255082 0.05046108
v 0.00179805 -0.00190654 0.0502576
v 0.00175974 -0.00124701 0.05011114
v 0.00172085 -0.00057724 0.05002281
v 0.00168165 9.766E-05 0.0499933
v 0.00229875 0.00079564 0.05019443
v 0.00226071 0.00145053 0.05028079
v 0.00222326 0.00209542 0.050424
v 0.00218668 0.00272539 0.05062297
v 0.00215124 0.00333565 0.05087617
v 0.00211721 0.00392156 0.05118169
v 0.00208486 0.00447866 0.0515372
v 0.00205442 0.0050027 0.05193999
v 0.00202614 0.00548971 0.052387
v 0.00200022 0.00593596 0.05287482
v 0.00197687 0.00633808 0.05339975
v 0.00195626 0.00669299 0.05395779
v 0.00193855 0.00699799 0.05454468
v 0.00192387 0.00725077 0.05515597
v 0.00191233 0.0074494 0.055787
v 0.00190403 0.00759237 0.05643298
v 0.00189902 0.00767859 0.05708897
v 0.00189735 0.0077074 0.05775
v 0.00189902 0.00767859 0.05841103
v 0.00190403 0.00759237 0.05906702
v 0.00191233 0.0074494 0.05971299
v 0.00192387 0.00725077 0.06034403
v 0.00193855 0.00699799 0.06095532
v 0.00195626 0.00669299 0.06154222
v 0.00197687 0.00633808 0.06210025
v 0.00200022 0.00593596 0.06262518
v 0.00202614 0.00548971 0.063113
v 0.00205442 0.0050027 0.06356001
v 0.00208486 0.00447866 0.0639628
v 0.00211721 0.00392156 0.06431831
v 0.00215124 0.00333565 0.06462383
v 0.00218668 0.00272539 0.06487703
v 0.00222326 0.00209542 0.06507599
v 0.00226071 0.00145053 0.06521921
v 0.00229875 0.00079564 0.06530557
v 0.00233707 0.00013572 0.06533443
v 0.0023754 -0.00052419 0.06530557
v 0.00241343 -0.00117908 0.06521921
v 0.00245088 -0.00182397 0.06507599
v 0.00248747 -0.00245394 0.06487703
v 0.00252291 -0.0030642 0.06462383
v 0.00255693 -0.00365011 0.06431831
v 0.00258929 -0.00420721 0.0639628
v 0.00261972 -0.00473125 0.06356001
v 0.002648 -0.00521826 0.063113
v 0.00267392 -0.00566451 0.06262518
v 0.00269727 -0.00606663 0.06210025
v 0.00271788 -0.00642154 0.06154222
v 0.0027356 -0.00672654 0.06095532
v 0.00275028 -0.00697932 0.06034403
v 0.00276181 -0.00717795 0.05971299
v 0.00277011 -0.00732092 0.05906702
v 0.00277512 -0.00740714 0.05841103
v 0.00277679 -0.00743595 0.05775
v 0.00277512 -0.00740714 0.05708897
v 0.00277011 -0.00732092 0.05643298
v 0.00276181 -0.00717795 0.055787
v 0.00275028 -0.00697932 0.05515597
v 0.0027356 -0.00672654 0.05454468
v 0.00271788 -0.00642154 0.05395779
v 0.00269727 -0.00606663 0.05339975
v 0.00267392 -0.00566451 0.05287482
v 0.002648 -0.00521826 0.052387
v 0.00261972 -0.00473125 0.05193999
v 0.00258929 -0.00420721 0.0515372
v 0.00255693 -0.00365011 0.05118169
v 0.00252291 -0.0030642 0.05087617
v 0.00248747 -0.00245394 0.05062297
v 0.00245088 -0.00182397 0.050424
v 0.00241343 -0.00117908 0.05028079
v 0.0023754 -0.00052419 0.05019443
v 0.00233707 0.00013572 0.05016557
v 0.00293823 0.0008129 0.05042129
v 0.00290134 0.00144812 0.05050506
v 0.00286501 0.00207365 0.05064397
v 0.00282952 0.0026847 0.05083696
v 0.00279515 0.00327664 0.05108257
v 0.00276214 0.00384496 0.05137891
v 0.00273076 0.00438533 0.05172374
v 0.00270124 0.00489364 0.05211444
v 0.00267381 0.00536602 0.05254803
v 0.00264867 0.00579888 0.0530212
v 0.00262602 0.00618891 0.05353037
v 0.00260602 0.00653317 0.05407165
v 0.00258884 0.00682901 0.05464092
v 0.0025746 0.0070742 0.05523386
v 0.00256342 0.00726687 0.05584595
v 0.00255536 0.00740554 0.05647252
v 0.00255051 0.00748917 0.05710882
v 0.00254888 0.00751712 0.05775
v 0.00255051 0.00748917 0.05839118
v 0.00255536 0.00740554 0.05902748
v 0.00256342 0.00726687 0.05965405
v 0.0025746 0.0070742 0.06026614
v 0.00258884 0.00682901 0.06085908
v 0.00260602 0.00653317 0.06142835
v 0.00262602 0.00618891 0.06196963
v 0.00264867 0.00579888 0.0624788
v 0.00267381 0.00536602 0.06295197
v 0.00270124 0.00489364 0.06338556
v 0.00273076 0.00438533 0.06377625
v 0.00276214 0.00384496 0.06412109
v 0.00279515 0.00327664 0.06441744
v 0.00282952 0.0026847 0.06466304
v 0.00286501 0.00207365 0.06485602
v 0.00290134 0.00144812 0.06499493
v 0.00293823 0.0008129 0.06507871
v 0.0029754 0.0001728 0.0651067
v 0.00301258 -0.0004673 0.06507871
v 0.00304947 -0.00110253 0.06499493
v 0.00308579 -0.00172806 0.06485602
v 0.00312128 -0.00233911 0.06466304
v 0.00315566 -0.00293105 0.06441744
v 0.00318866 -0.00349937 0.06412109
v 0.00322004 -0.00403974 0.06377625
v 0.00324956 -0.00454805 0.06338556
v 0.003277 -0.00502043 0.06295197
v 0.00330214 -0.00545328 0.0624788
v 0.00332479 -0.00584332 0.06196963
v 0.00334478 -0.00618758 0.06142835
v 0.00336196 -0.00648342 0.06085908
v 0.0033762 -0.00672861 0.06026614
v 0.00338739 -0.00692128 0.05965405
v 0.00339544 -0.00705995 0.05902748
v 0.0034003 -0.00714358 0.05839118
v 0.00340192 -0.00717153 0.05775
v 0.0034003 -0.00714358 0.05710882
v 0.00339544 -0.00705995 0.05647252
v 0.00338739 -0.00692128 0.05584595
v 0.0033762 -0.00672861 0.05523386
v 0.00336196 -0.00648342 0.05464092
v 0.00334478 -0.00618758 0.05407165
v 0.00332479 -0.00584332 0.05353037
v 0.00330214 -0.00545328 0.0530212
v 0.003277 -0.00502043 0.05254803
v 0.00324956 -0.00454805 0.05211444
v 0.00322004 -0.00403974 0.05172374
v 0.00318866 -0.00349937 0.05137891
v 0.00315566 -0.00293105 0.05108257
v 0.00312128 -0.00233911 0.05083696
v 0.00308579 -0.00172806 0.05064397
v 0.00304947 -0.00110253 0.05050506
v 0.00301258 -0.0004673 0.05042129
v 0.0029754 0.0001728 0.0503933
v 0.00355622 0.00082421 0.05070175
v 0.00352075 0.00143513 0.05078231
v 0.00348581 0.00203671 0.0509159
v 0.00345168 0.00262439 0.05110151
v 0.00341862 0.00319367 0.05133772
v 0.00338688 0.00374024 0.05162272
v 0.0033567 0.00425993 0.05195436
v 0.00332831 0.00474879 0.0523301
v 0.00330192 0.00520309 0.0527471
v 0.00327775 0.00561938 0.05320216
v 0.00325596 0.0059945 0.05369185
v 0.00323673 0.00632558 0.05421241
v 0.00322021 0.0066101 0.0547599
v 0.00320652 0.00684591 0.05533015
v 0.00319575 0.0070312 0.05591881
v 0.00318801 0.00716457 0.05652141
v 0.00318334 0.007245 0.05713336
v 0.00318178 0.00727188 0.05775
v 0.00318334 0.007245 0.05836664
v 0.00318801 0.00716457 0.05897859
v 0.00319575 0.0070312 0.05958119
v 0.00320652 0.00684591 0.06016985
v 0.00322021 0.0066101 0.0607401
v 0.00323673 0.00632558 0.06128759
v 0.00325596 0.0059945 0.06180815
v 0.00327775 0.00561938 0.06229784
v 0.00330192 0.00520309 0.0627529
v 0.00332831 0.00474879 0.0631699
v 0.0033567 0.00425993 0.06354564
v 0.00338688 0.00374024 0.06387728
v 0.00341862 0.00319367 0.06416228
v 0.00345168 0.00262439 0.06439849
v 0.00348581 0.00203671 0.06458409
v 0.00352075 0.00143513 0.06471769
v 0.00355622 0.00082421 0.06479825
v 0.00359198 0.0002086 0.06482518
v 0.00362773 -0.000407 0.06479825
v 0.00366321 -0.00101792 0.06471769
v 0.00369814 -0.00161951 0.06458409
v 0.00373227 -0.00220718 0.06439849
v 0.00376533 -0.00277647 0.06416228
v 0.00379707 -0.00332303 0.06387728
v 0.00382726 -0.00384272 0.06354564
v 0.00385565 -0.00433158 0.0631699
v 0.00388203 -0.00478589 0.0627529
v 0.00390621 -0.00520218 0.06229784
v 0.00392799 -0.00557729 0.06180815
v 0.00394722 -0.00590837 0.06128759
v 0.00396374 -0.0061929 0.0607401
v 0.00397744 -0.0064287 0.06016985
v 0.0039882 -0.006614 0.05958119
v 0.00399594 -0.00674736 0.05897859
v 0.00400061 -0.00682779 0.05836664
v 0.00400217 -0.00685467 0.05775
v 0.00400061 -0.00682779 0.05713336
v 0.00399594 -0.00674736 0.05652141
v 0.0039882 -0.006614 0.05591881
v 0.00397744 -0.0064287 0.05533015
v 0.00396374 -0.0061929 0.0547599
v 0.00394722 -0.00590837 0.05421241
v 0.00392799 -0.00557729 0.05369185
v 0.00390621 -0.00520218 0.05320216
v 0.00388203 -0.00478589 0.0527471
v 0.00385565 -0.00433158 0.0523301
v 0.00382726 -0.00384272 0.05195436
v 0.00379707 -0.00332303 0.05162272
v 0.00376533 -0.00277647 0.05133772
v 0.00373227 -0.00220718 0.05110151
v 0.00369814 -0.00161951 0.0509159
v 0.00366321 -0.00101792 0.05078231
v 0.00362773 -0.000407 0.05070175
v 0.00359198 0.0002086 0.05067483
v 0.00414822 0.00082949 0.05103374
v 0.00411441 0.00141164 0.05111051
v 0.00408112 0.00198489 0.05123781
v 0.0040486 0.00254488 0.05141467
v 0.00401709 0.00308735 0.05163975
v 0.00398685 0.00360817 0.05191133
v 0.00395809 0.00410338 0.05222735
v 0.00393103 0.00456921 0.05258539
v 0.00390589 0.00500212 0.05298275
v 0.00388286 0.0053988 0.05341638
v 0.0038621 0.00575625 0.053883
v 0.00384378 0.00607173 0.05437904
v 0.00382803 0.00634286 0.05490074
v 0.00381498 0.00656756 0.05544413
v 0.00380473 0.00674412 0.05600506
v 0.00379735 0.00687121 0.05657928
v 0.00379289 0.00694785 0.0571624
v 0.00379141 0.00697346 0.05775
v 0.00379289 0.00694785 0.0583376
v 0.00379735 0.00687121 0.05892072
v 0.00380473 0.00674412 0.05949493
v 0.00381498 0.00656756 0.06005587
v 0.00382803 0.00634286 0.06059926
v 0.00384378 0.00607173 0.06112096
v 0.0038621 0.00575625 0.061617
v 0.00388286 0.0053988 0.06208362
v 0.00390589 0.00500212 0.06251726
v 0.00393103 0.00456921 0.06291461
v 0.00395809 0.00410338 0.06327266
v 0.00398685 0.00360817 0.06358867
v 0.00401709 0.00308735 0.06386025
v 0.0040486 0.00254488 0.06408533
v 0.00408112 0.00198489 0.06426219
v 0.00411441 0.00141164 0.06438949
v 0.00414822 0.00082949 0.06446626
v 0.00418228 0.00024289 0.06449191
v 0.00421635 -0.00034372 0.06446626
v 0.00425016 -0.00092587 0.06438949
v 0.00428345 -0.00149912 0.06426219
v 0.00431597 -0.00205911 0.06408533
v 0.00434748 -0.00260158 0.06386025
v 0.00437772 -0.0031224 0.06358867
v 0.00440648 -0.00361761 0.06327266
v 0.00443353 -0.00408344 0.06291461
v 0.00445868 -0.00451635 0.06251726
v 0.00448171 -0.00491303 0.06208362
v 0.00450247 -0.00527048 0.061617
v 0.00452079 -0.00558596 0.06112096
v 0.00453654 -0.00585709 0.06059926
v 0.00454959 -0.00608179 0.06005587
v 0.00455984 -0.00625835 0.05949493
v 0.00456722 -0.00638544 0.05892072
v 0.00457167 -0.00646208 0.0583376
v 0.00457316 -0.00648769 0.05775
v 0.00457167 -0.00646208 0.0571624
v 0.00456722 -0.00638544 0.05657928
v 0.00455984 -0.00625835 0.05600506
v 0.00454959 -0.00608179 0.05544413
v 0.00453654 -0.00585709 0.05490074
v 0.00452079 -0.00558596 0.05437904
v 0.00450247 -0.00527048 0.053883
v 0.00448171 -0.00491303 0.05341638
v 0.00445868 -0.00451635 0.05298275
v 0.00443353 -0.00408344 0.05258539
v 0.00440648 -0.00361761 0.05222735
v 0.00437772 -0.0031224 0.05191133
v 0.00434748 -0.00260158 0.05163975
v 0.00431597 -0.00205911 0.05141467
v 0.00428345 -0.00149912 0.05123781
v 0.00425016 -0.00092587 0.05111051
v 0.00421635 -0.00034372 0.05103374
v 0.00418228 0.00024289 0.05100809
v 0.00470988 0.00082871 0.05141484
v 0.00467799 0.00137782 0.05148726
v 0.00464658 0.00191854 0.05160733
v 0.00461591 0.00244676 0.05177416
v 0.00458619 0.00295845 0.05198647
v 0.00455766 0.00344972 0.05224264
v 0.00453053 0.00391683 0.05254072
v 0.00450502 0.00435623 0.05287845
v 0.0044813 0.00476457 0.05325326
v 0.00445957 0.00513875 0.05366229
v 0.00443999 0.00547591 0.05410242
v 0.00442271 0.00577349 0.05457032
v 0.00440786 0.00602923 0.05506242
v 0.00439555 0.00624118 0.05557497
v 0.00438588 0.00640772 0.05610408
v 0.00437891 0.0065276 0.05664571
v 0.00437472 0.00659989 0.05719575
v 0.00437331 0.00662405 0.05775
v 0.00437472 0.00659989 0.05830425
v 0.00437891 0.0065276 0.05885429
v 0.00438588 0.00640772 0.05939592
v 0.00439555 0.00624118 0.05992503
v 0.00440786 0.00602923 0.06043758
v 0.00442271 0.00577349 0.06092968
v 0.00443999 0.00547591 0.06139757
v 0.00445957 0.00513875 0.06183771
v 0.0044813 0.00476457 0.06224674
v 0.00450502 0.00435623 0.06262155
v 0.00453053 0.00391683 0.06295928
v 0.00455766 0.00344972 0.06325737
v 0.00458619 0.00295845 0.06351353
v 0.00461591 0.00244676 0.06372584
v 0.00464658 0.00191854 0.06389266
v 0.00467799 0.00137782 0.06401274
v 0.00470988 0.00082871 0.06408516
v 0.00474201 0.00027539 0.06410936
v 0.00477414 -0.00027793 0.06408516
v 0.00480603 -0.00082704 0.06401274
v 0.00483744 -0.00136776 0.06389266
v 0.00486811 -0.00189598 0.06372584
v 0.00489783 -0.00240767 0.06351353
v 0.00492636 -0.00289894 0.06325737
v 0.00495349 -0.00336605 0.06295928
v 0.004979 -0.00380545 0.06262155
v 0.00500272 -0.00421379 0.06224674
v 0.00502445 -0.00458796 0.06183771
v 0.00504403 -0.00492513 0.06139757
v 0.00506131 -0.00522271 0.06092968
v 0.00507616 -0.00547845 0.06043758
v 0.00508847 -0.0056904 0.05992503
v 0.00509814 -0.00585694 0.05939592
v 0.00510511 -0.00597682 0.05885429
v 0.0051093 -0.00604911 0.05830425
v 0.00511071 -0.00607327 0.05775
v 0.0051093 -0.00604911 0.05719575
v 0.00510511 -0.00597682 0.05664571
v 0.00509814 -0.00585694 0.05610408
v 0.00508847 -0.0056904 0.05557497
v 0.00507616 -0.00547845 0.05506242
v 0.00506131 -0.00522271 0.05457032
v 0.00504403 -0.00492513 0.05410242
v 0.00502445 -0.00458796 0.05366229
v 0.00500272 -0.00421379 0.05325326
v 0.004979 -0.00380545 0.05287845
v 0.00495349 -0.00336605 0.05254072
v 0.00492636 -0.00289894 0.05224264
v 0.00489783 -0.00240767 0.05198647
v 0.00486811 -0.00189598 0.05177416
v 0.00483744 -0.00136776 0.05160733
v 0.00480603 -0.00082704 0.05148726
v 0.00477414 -0.00027793 0.05141484
v 0.00474201 0.00027539 0.05139064
v 0.00497392 -0.00371788 0.03925
v 0.0045101 0.00426866 0.03925
v 0.00497392 -0.00371788 0.04025
v 0.0045101 0.00426866 0.04025
v 0.0041225 0.0109429 0.05126382
v 0.00409236 0.01146177 0.05220989
v 0.00406707 0.01189723 0.05319727
v 0.00404682 0.01224602 0.05421861
v 0.00403175 0.01250554 0.05526627
v 0.00402197 0.01267386 0.05633246
v 0.00401757 0.01274973 0.05740922
v 0.00401856 0.01273257 0.05848851
v 0.00402495 0.01262251 0.05956231
v 0.00403669 0.01242038 0.06062258
v 0.00405369 0.01212768 0.06166144
v 0.00407582 0.0117466 0.06267112
v 0.00410292 0.01127998 0.06364412
v 0.00413479 0.01073129 0.06457315
v 0.00417118 0.01010463 0.06545131
v 0.00421183 0.00940467 0.06627204
v 0.00425643 0.00863664 0.06702921
v 0.00430466 0.00780625 0.06771719
v 0.00435614 0.00691971 0.06833084
v 0.00441051 0.00598361 0.06886559
v 0.00446734 0.00500495 0.06931745
v 0.00452623 0.00399102 0.06968305
v 0.00458672 0.00294938 0.06995966
v 0.00464837 0.0018878 0.07014521
v 0.00536152 -0.01039212 0.05126382
v 0.00471072 0.0008142 0.07023834
v 0.0047733 -0.00026342 0.07023834
v 0.00483565 -0.00133702 0.07014521
v 0.0048973 -0.0023986 0.06995966
v 0.00495779 -0.00344024 0.06968305
v 0.00501668 -0.00445417 0.06931745
v 0.00507351 -0.00543283 0.06886559
v 0.00512788 -0.00636892 0.06833084
v 0.00517936 -0.00725547 0.06771719
v 0.00522759 -0.00808586 0.06702921
v 0.00527219 -0.00885389 0.06627204
v 0.00531284 -0.00955385 0.06545131
v 0.00534923 -0.01018051 0.06457315
v 0.0053811 -0.0107292 0.06364412
v 0.0054082 -0.01119582 0.06267112
v 0.00543033 -0.0115769 0.06166144
v 0.00544733 -0.0118696 0.06062258
v 0.00545907 -0.01207173 0.05956231
v 0.00546546 -0.01218178 0.05848851
v 0.00546645 -0.01219894 0.05740922
v 0.00546205 -0.01212308 0.05633246
v 0.00545227 -0.01195476 0.05526627
v 0.0054372 -0.01169524 0.05421861
v 0.00541695 -0.01134645 0.05319727
v 0.00539166 -0.01091099 0.05220989
v -0.00497392 0.00371788 0.03925
v -0.0045101 -0.00426866 0.03925
v -0.00497392 0.00371788 0.04025
v -0.0045101 -0.00426866 0.04025
v -0.0041225 -0.0109429 0.05126382
v -0.00409236 -0.01146177 0.05220989
v -0.00406707 -0.01189723 0.05319727
v -0.00404682 -0.01224602 0.05421861
v -0.00403175 -0.01250554 0.05526627
v -0.00402197 -0.01267386 0.05633246
v -0.00401757 -0.01274973 0.05740922
v -0.00401856 -0.01273257 0.05848851
v -0.00402495 -0.01262251 0.05956231
v -0.00403669 -0.01242038 0.06062258
v -0.00405369 -0.01212768 0.06166144
v -0.00407582 -0.0117466 0.06267112
v -0.00410292 -0.01127998 0.06364412
v -0.00413479 -0.01073129 0.06457315
v -0.00417118 -0.01010463 0.06545131
v -0.00421183 -0.00940467 0.06627204
v -0.00425643 -0.00863664 0.06702921
v -0.00430466 -0.00780625 0.06771719
v -0.00435614 -0.00691971 0.06833084
v -0.00441051 -0.00598361 0.06886559
v -0.00446734 -0.00500495 0.06931745
v -0.00452623 -0.00399102 0.06968305
v -0.00458672 -0.00294938 0.06995966
v -0.00464837 -0.0018878 0.07014521
v -0.00471072 -0.0008142 0.07023834
v -0.0047733 0.00026342 0.07023834
v -0.00483565 0.00133702 0.07014521
v -0.0048973 0.0023986 0.06995966
v -0.00495779 0.00344024 0.06968305
v -0.00501668 0.00445417 0.06931745
v -0.00507351 0.00543283 0.06886559
v -0.00512788 0.00636892 0.06833084
v -0.00517936 0.00725547 0.06771719
v -0.00522759 0.00808586 0.06702921
v -0.00527219 0.00885389 0.06627204
v -0.00531284 0.00955385 0.06545131
v -0.00534923 0.01018051 0.06457315
v -0.0053811 0.0107292 0.06364412
v -0.0054082 0.01119582 0.06267112
v -0.00543033 0.0115769 0.06166144
v -0.00544733 0.0118696 0.06062258
v -0.00545907 0.01207173 0.05956231
v -0.00546546 0.01218178 0.05848851
v -0.00546645 0.01219894 0.05740922
v -0.00546205 0.01212308 0.05633246
v -0.00545227 0.01195476 0.05526627
v -0.0054372 0.01169524 0.05421861
v -0.00541695 0.01134645 0.05319727
v -0.00539166 0.01091099 0.05220989
v -0.00536152 0.01039212 0.05126382
v 0.00317952 -0.01125312 -0.05126382
v -0.00622361 -0.00989993 -0.05126382
v -0.00629765 -0.01041438 -0.05220989
v 0.00310548 -0.01176757 -0.05220989
v -0.00635978 -0.01084612 -0.05319727
v 0.00304335 -0.01219931 -0.05319727
v -0.00640954 -0.01119194 -0.05421861
v 0.00299359 -0.01254513 -0.05421861
v -0.00644657 -0.01144925 -0.05526627
v 0.00295656 -0.01280244 -0.05526627
v -0.00647059 -0.01161613 -0.05633246
v 0.00293254 -0.01296932 -0.05633246
v -0.00648141 -0.01169135 -0.05740922
v 0.00292172 -0.01304454 -0.05740922
v -0.00647897 -0.01167434 -0.05848851
v 0.00292417 -0.01302752 -0.05848851
v -0.00646326 -0.01156522 -0.05956231
v 0.00293987 -0.01291841 -0.05956231
v -0.00643442 -0.01136481 -0.06062258
v 0.00296871 -0.012718 -0.06062258
v -0.00639266 -0.01107461 -0.06166144
v 0.00301047 -0.0124278 -0.06166144
v -0.00633829 -0.01069678 -0.06267112
v 0.00306484 -0.01204997 -0.06267112
v -0.00627171 -0.01023414 -0.06364412
v 0.00313142 -0.01158732 -0.06364412
v -0.00619342 -0.00969013 -0.06457315
v 0.00320971 -0.01104332 -0.06457315
v -0.00610401 -0.00906881 -0.06545131
v 0.00329912 -0.010422 -0.06545131
v -0.00600414 -0.00837483 -0.06627204
v 0.00339899 -0.00972801 -0.06627204
v -0.00589456 -0.00761334 -0.06702921
v 0.00350858 -0.00896653 -0.06702921
v -0.00577608 -0.00679004 -0.06771719
v 0.00362706 -0.00814322 -0.06771719
v -0.00564958 -0.00591105 -0.06833084
v 0.00375355 -0.00726424 -0.06833084
v -0.00551602 -0.00498294 -0.06886559
v 0.00388711 -0.00633613 -0.06886559
v -0.00537638 -0.00401263 -0.06931745
v 0.00402675 -0.00536582 -0.06931745
v -0.00523171 -0.00300735 -0.06968305
v 0.00417142 -0.00436053 -0.06968305
v -0.00508309 -0.00197459 -0.06995966
v 0.00432004 -0.00332778 -0.06995966
v -0.00493163 -0.00092207 -0.07014521
v 0.00447151 -0.00227525 -0.07014521
v -0.00477844 0.00014238 -0.07023834
v 0.00462469 -0.00121081 -0.07023834
v -0.00462469 0.00121081 -0.07023834
v 0.00477844 -0.00014238 -0.07023834
v -0.00447151 0.00227525 -0.07014521
v 0.00493163 0.00092207 -0.07014521
v -0.00432004 0.00332778 -0.06995966
v 0.00508309 0.00197459 -0.06995966
v -0.00417142 0.00436053 -0.06968305
v 0.00523171 0.00300735 -0.06968305
v -0.00402675 0.00536582 -0.06931745
v 0.00537638 0.00401263 -0.06931745
v -0.00388711 0.00633613 -0.06886559
v 0.00551602 0.00498294 -0.06886559
v -0.00375355 0.00726424 -0.06833084
v 0.00564958 0.00591105 -0.06833084
v -0.00362706 0.00814322 -0.06771719
v 0.00577608 0.00679004 -0.06771719
v -0.00350858 0.00896653 -0.06702921
v 0.00589456 0.00761334 -0.06702921
v -0.00339899 0.00972801 -0.06627204
v 0.00600414 0.00837483 -0.06627204
v -0.00329912 0.010422 -0.06545131
v 0.00610401 0.00906881 -0.06545131
v -0.00320971 0.01104332 -0.06457315
v 0.00619342 0.00969013 -0.06457315
v -0.00313142 0.01158732 -0.06364412
v 0.00627171 0.01023414 -0.06364412
v -0.00306484 0.01204997 -0.06267112
v 0.00633829 0.01069678 -0.06267112
v -0.00301047 0.0124278 -0.06166144
v 0.00639266 0.01107461 -0.06166144
v -0.00296871 0.012718 -0.06062258
v 0.00643442 0.01136481 -0.06062258
v -0.00293987 0.01291841 -0.05956231
v 0.00646326 0.01156522 -0.05956231
v -0.00292417 0.01302752 -0.05848851
v 0.00647897 0.01167434 -0.05848851
v -0.00292172 0.01304454 -0.05740922
v 0.00648141 0.01169135 -0.05740922
v -0.00293254 0.01296932 -0.05633246
v 0.00647059 0.01161613 -0.05633246
v -0.00295656 0.01280244 -0.05526627
v 0.00644657 0.01144925 -0.05526627
v -0.00299359 0.01254513 -0.05421861
v 0.00640954 0.01119194 -0.05421861
v -0.00304335 0.01219931 -0.05319727
v 0.00635978 0.01084612 -0.05319727
v -0.00310548 0.01176757 -0.05220989
v 0.00629765 0.01041438 -0.05220989
v -0.00317952 0.01125312 -0.05126382
v 0.00622361 0.00989993 -0.05126382
v -0.00023191 0.00399327 0.03925
v -0.00057906 0.00395786 0.03925
v -0.00092181 0.00389233 0.03925
v -0.00125754 0.00379718 0.03925
v -0.0015837 0.00367313 0.03925
v -0.00389233 -0.00092181 0.03925
v -0.00379718 -0.00125754 0.03925
v -0.00298765 0.00265969 0.03925
v -0.00274448 0.00290996 0.03925
v -0.00248041 0.00313808 0.03925
v -0.00357423 0.0017958 0.03925
v -0.00371714 0.00147745 0.03925
v -0.00367313 -0.0015837 0.03925
v -0.00352112 -0.00189781 0.03925
v -0.00334232 -0.00219747 0.03925
v -0.00313808 -0.00248041 0.03925
v -0.00290996 -0.00274448 0.03925
v -0.00265969 -0.00298765 0.03925
v -0.00238917 -0.00320809 0.03925
v -0.00210048 -0.00340411 0.03925
v -0.0017958 -0.00357423 0.03925
v -0.00189781 0.00352112 0.03925
v -0.00219747 0.00334232 0.03925
v -0.00320809 0.00238917 0.03925
v -0.00340411 0.00210048 0.03925
v -0.00383177 0.00114786 0.03925
v -0.00391723 0.00080953 0.03925
v -0.00397288 0.00046504 0.03925
v -0.00399829 0.00011701 0.03925
v -0.00399327 -0.00023191 0.03925
v -0.00395786 -0.00057906 0.03925
v -0.00147745 -0.00371714 0.03925
v -0.00114786 -0.00383177 0.03925
v -0.00080953 -0.00391723 0.03925
v -0.00046504 -0.00397288 0.03925
v -0.00011701 -0.00399829 0.03925
v 0.00023191 -0.00399327 0.03925
v 0.0041318 -0.00463581 -0.04025
v -0.00527133 -0.00328262 -0.04025
v -0.00527133 -0.00328262 -0.03925
v -0.00056976 -0.00395921 -0.03925
v 0.0041318 -0.00463581 -0.03925
v 0.00022253 0.00399381 -0.03925
v 0.00056976 0.00395921 -0.03925
v -0.0041318 0.00463581 -0.03925
v -0.00124862 -0.00380013 -0.03925
v -0.00091266 -0.00389449 -0.03925
v -0.0001264 0.003998 -0.03925
v -0.00157507 -0.00367684 -0.03925
v -0.00188953 -0.00352557 -0.03925
v -0.00218962 -0.00334747 -0.03925
v -0.00382906 -0.00115686 -0.03925
v -0.00391531 -0.00081873 -0.03925
v -0.00397177 -0.00047437 -0.03925
v -0.003998 -0.0001264 -0.03925
v -0.00380013 0.00124862 -0.03925
v -0.00367684 0.00157507 -0.03925
v -0.00352557 0.00188953 -0.03925
v -0.00339917 -0.00210847 -0.03925
v -0.00320247 -0.0023967 -0.03925
v -0.0029814 -0.0026667 -0.03925
v -0.00357 -0.00180419 -0.03925
v -0.00371366 -0.00148618 -0.03925
v -0.00334747 0.00218962 -0.03925
v -0.0031439 0.00247304 -0.03925
v -0.00291639 0.00273763 -0.03925
v -0.00247304 -0.0031439 -0.03925
v -0.00273763 -0.00291639 -0.03925
v -0.00399381 0.00022253 -0.03925
v -0.00395921 0.00056976 -0.03925
v -0.00389449 0.00091266 -0.03925
v -0.0026667 0.0029814 -0.03925
v -0.0023967 0.00320247 -0.03925
v -0.00210847 0.00339917 -0.03925
v -0.00180419 0.00357 -0.03925
v -0.00148618 0.00371366 -0.03925
v -0.00115686 0.00382906 -0.03925
v -0.00081873 0.00391531 -0.03925
v -0.00047437 0.00397177 -0.03925
v 0.00091266 0.00389449 -0.03925
v 0.00124862 0.00380013 -0.03925
v 0.00157507 0.00367684 -0.03925
v 0.00188953 0.00352557 -0.03925
v 0.00218962 0.00334747 -0.03925
v 0.00247304 0.0031439 -0.03925
v 0.00273763 0.00291639 -0.03925
v 0.0029814 0.0026667 -0.03925
v 0.00320247 0.0023967 -0.03925
v 0.00339917 0.00210847 -0.03925
v 0.00357 0.00180419 -0.03925
v 0.00371366 0.00148618 -0.03925
v 0.00382906 0.00115686 -0.03925
v 0.00391531 0.00081873 -0.03925
v 0.00397177 0.00047437 -0.03925
v 0.003998 0.0001264 -0.03925
v 0.00399381 -0.00022253 -0.03925
v 0.00395921 -0.00056976 -0.03925
v 0.00389449 -0.00091266 -0.03925
v 0.00380013 -0.00124862 -0.03925
v 0.00367684 -0.00157507 -0.03925
v 0.00352557 -0.00188953 -0.03925
v 0.00334747 -0.00218962 -0.03925
v 0.0031439 -0.00247304 -0.03925
v 0.00291639 -0.00273763 -0.03925
v 0.0026667 -0.0029814 -0.03925
v 0.0023967 -0.00320247 -0.03925
v 0.00210847 -0.00339917 -0.03925
v 0.00180419 -0.00357 -0.03925
v 0.00148618 -0.00371366 -0.03925
v 0.00115686 -0.00382906 -0.03925
v 0.00081873 -0.00391531 -0.03925
v 0.00047437 -0.00397177 -0.03925
v 0.0001264 -0.003998 -0.03925
v -0.00022253 -0.00399381 -0.03925
v 0.00527133 0.00328262 -0.03925
v 0.00527133 0.00328262 -0.04025
v -0.0041318 0.00463581 -0.04025
v 0.00478051 -0.00012799 -0.05141484
v 0.00485886 0.00041644 -0.05148726
v 0.00391709 -0.0061278 -0.05457032
v 0.00395955 -0.00583276 -0.05410242
v 0.00400766 -0.00549847 -0.05366229
v 0.00493601 0.00095255 -0.05160733
v 0.00501138 0.00147626 -0.05177416
v 0.00508439 0.00198358 -0.05198647
v 0.00406105 -0.00512749 -0.05325326
v 0.00411931 -0.00472263 -0.05287845
v 0.004182 -0.00428698 -0.05254072
v 0.00424865 -0.00382385 -0.05224264
v 0.00431874 -0.00333677 -0.05198647
v 0.00439175 -0.00282944 -0.05177416
v 0.00446712 -0.00230573 -0.05160733
v 0.00515448 0.00247066 -0.05224264
v 0.00522113 0.00293379 -0.05254072
v 0.00528382 0.00336944 -0.05287845
v 0.00534209 0.0037743 -0.05325326
v 0.00539547 0.00414528 -0.05366229
v 0.00454427 -0.00176962 -0.05148726
v 0.00462262 -0.0012252 -0.05141484
v 0.00470157 -0.00067659 -0.05139064
v 0.00470157 -0.00067659 -0.06410936
v 0.00478051 -0.00012799 -0.06408516
v 0.00485886 0.00041644 -0.06401274
v 0.00493601 0.00095255 -0.06389266
v 0.00501138 0.00147626 -0.06372584
v 0.00508439 0.00198358 -0.06351353
v 0.00515448 0.00247066 -0.06325737
v 0.00522113 0.00293379 -0.06295928
v 0.00528382 0.00336944 -0.06262155
v 0.00534209 0.0037743 -0.06224674
v 0.00539547 0.00414528 -0.06183771
v 0.00544358 0.00447957 -0.06139757
v 0.00548604 0.00477461 -0.06092968
v 0.00552253 0.00502817 -0.06043758
v 0.00555277 0.00523831 -0.05992503
v 0.00557653 0.00540344 -0.05939592
v 0.00559364 0.00552229 -0.05885429
v 0.00560395 0.00559397 -0.05830425
v 0.0056074 0.00561792 -0.05775
v 0.00560395 0.00559397 -0.05719575
v 0.00559364 0.00552229 -0.05664571
v 0.00557653 0.00540344 -0.05610408
v 0.00555277 0.00523831 -0.05557497
v 0.00552253 0.00502817 -0.05506242
v 0.00548604 0.00477461 -0.05457032
v 0.00544358 0.00447957 -0.05410242
v 0.0038806 -0.00638136 -0.05506242
v 0.00385036 -0.0065915 -0.05557497
v 0.0038266 -0.00675663 -0.05610408
v 0.0038095 -0.00687548 -0.05664571
v 0.00379918 -0.00694715 -0.05719575
v 0.00379573 -0.00697111 -0.05775
v 0.00379918 -0.00694715 -0.05830425
v 0.0038095 -0.00687548 -0.05885429
v 0.0038266 -0.00675663 -0.05939592
v 0.00385036 -0.0065915 -0.05992503
v 0.0038806 -0.00638136 -0.06043758
v 0.00391709 -0.0061278 -0.06092968
v 0.00395955 -0.00583276 -0.06139757
v 0.00400766 -0.00549847 -0.06183771
v 0.00406105 -0.00512749 -0.06224674
v 0.00411931 -0.00472263 -0.06262155
v 0.004182 -0.00428698 -0.06295928
v 0.00424865 -0.00382385 -0.06325737
v 0.00431874 -0.00333677 -0.06351353
v 0.00439175 -0.00282944 -0.06372584
v 0.00446712 -0.00230573 -0.06389266
v 0.00454427 -0.00176962 -0.06401274
v 0.00462262 -0.0012252 -0.06408516
v 0.00080953 0.00391723 0.03925
v 0.00046504 0.00397288 0.03925
v 0.00011701 0.00399829 0.03925
v 0.00389233 0.00092181 0.03925
v 0.00379718 0.00125754 0.03925
v 0.00367313 0.0015837 0.03925
v 0.00352112 0.00189781 0.03925
v 0.00334232 0.00219747 0.03925
v 0.00313808 0.00248041 0.03925
v 0.00290996 0.00274448 0.03925
v 0.00265969 0.00298765 0.03925
v 0.00057906 -0.00395786 0.03925
v 0.00092181 -0.00389233 0.03925
v 0.00125754 -0.00379718 0.03925
v 0.00238917 0.00320809 0.03925
v 0.00210048 0.00340411 0.03925
v 0.0017958 0.00357423 0.03925
v 0.00147745 0.00371714 0.03925
v 0.00114786 0.00383177 0.03925
v 0.0015837 -0.00367313 0.03925
v 0.00189781 -0.00352112 0.03925
v 0.00219747 -0.00334232 0.03925
v 0.00248041 -0.00313808 0.03925
v 0.00274448 -0.00290996 0.03925
v 0.00298765 -0.00265969 0.03925
v 0.00399327 0.00023191 0.03925
v 0.00395786 0.00057906 0.03925
v 0.00320809 -0.00238917 0.03925
v 0.00340411 -0.00210048 0.03925
v 0.00357423 -0.0017958 0.03925
v 0.00371714 -0.00147745 0.03925
v 0.00383177 -0.00114786 0.03925
v 0.00391723 -0.00080953 0.03925
v 0.00397288 -0.00046504 0.03925
v 0.00399829 -0.00011701 0.03925
v -0.00406105 0.00512749 -0.05325326
v -0.00411931 0.00472263 -0.05287845
v -0.004182 0.00428698 -0.05254072
v -0.00424865 0.00382385 -0.05224264
v -0.00431874 0.00333677 -0.05198647
v -0.00439175 0.00282944 -0.05177416
v -0.00446712 0.00230573 -0.05160733
v -0.00534209 -0.0037743 -0.05325326
v -0.00539547 -0.00414528 -0.05366229
v -0.00454427 0.00176962 -0.05148726
v -0.00462262 0.0012252 -0.05141484
v -0.00470157 0.00067659 -0.05139064
v -0.00478051 0.00012799 -0.05141484
v -0.00485886 -0.00041644 -0.05148726
v -0.00493601 -0.00095255 -0.05160733
v -0.00501138 -0.00147626 -0.05177416
v -0.00522113 -0.00293379 -0.05254072
v -0.00528382 -0.00336944 -0.05287845
v -0.00462262 0.0012252 -0.06408516
v -0.00470157 0.00067659 -0.06410936
v -0.00478051 0.00012799 -0.06408516
v -0.00485886 -0.00041644 -0.06401274
v -0.00493601 -0.00095255 -0.06389266
v -0.00501138 -0.00147626 -0.06372584
v -0.00508439 -0.00198358 -0.06351353
v -0.00515448 -0.00247066 -0.06325737
v -0.00522113 -0.00293379 -0.06295928
v -0.00528382 -0.00336944 -0.06262155
v -0.00534209 -0.0037743 -0.06224674
v -0.00539547 -0.00414528 -0.06183771
v -0.00544358 -0.00447957 -0.06139757
v -0.00548604 -0.00477461 -0.06092968
v -0.00552253 -0.00502817 -0.06043758
v -0.00555277 -0.00523831 -0.05992503
v -0.00557653 -0.00540344 -0.05939592
v -0.00559364 -0.00552229 -0.05885429
v -0.00560395 -0.00559397 -0.05830425
v -0.0056074 -0.00561792 -0.05775
v -0.00560395 -0.00559397 -0.05719575
v -0.00559364 -0.00552229 -0.05664571
v -0.00557653 -0.00540344 -0.05610408
v -0.00555277 -0.00523831 -0.05557497
v -0.00552253 -0.00502817 -0.05506242
v -0.00548604 -0.00477461 -0.05457032
v -0.00544358 -0.00447957 -0.05410242
v -0.00391709 0.0061278 -0.05457032
v -0.00395955 0.00583276 -0.05410242
v -0.00400766 0.00549847 -0.05366229
v -0.00508439 -0.00198358 -0.05198647
v -0.00515448 -0.00247066 -0.05224264
v -0.0038806 0.00638136 -0.05506242
v -0.00385036 0.0065915 -0.05557497
v -0.0038266 0.00675663 -0.05610408
v -0.0038095 0.00687548 -0.05664571
v -0.00379918 0.00694715 -0.05719575
v -0.00379573 0.00697111 -0.05775
v -0.00379918 0.00694715 -0.05830425
v -0.0038095 0.00687548 -0.05885429
v -0.0038266 0.00675663 -0.05939592
v -0.00385036 0.0065915 -0.05992503
v -0.0038806 0.00638136 -0.06043758
v -0.00391709 0.0061278 -0.06092968
v -0.00395955 0.00583276 -0.06139757
v -0.00400766 0.00549847 -0.06183771
v -0.00406105 0.00512749 -0.06224674
v -0.00411931 0.00472263 -0.06262155
v -0.004182 0.00428698 -0.06295928
v -0.00424865 0.00382385 -0.06325737
v -0.00431874 0.00333677 -0.06351353
v -0.00439175 0.00282944 -0.06372584
v -0.00446712 0.00230573 -0.06389266
v -0.00454427 0.00176962 -0.06401274
v 0.00423031 -1.513E-05 -0.05103374
v 0.00431337 0.00056205 -0.05111051
v 0.00439516 0.00113041 -0.05123781
v 0.00447506 0.00168563 -0.05141467
v 0.00455246 0.00222347 -0.05163975
v 0.00462678 0.00273985 -0.05191133
v 0.00469743 0.00323084 -0.05222735
v 0.0047639 0.0036927 -0.05258539
v 0.00482566 0.00412191 -0.05298275
v 0.00488226 0.00451521 -0.05341638
v 0.00493326 0.00486961 -0.053883
v 0.00497828 0.0051824 -0.05437904
v 0.00501696 0.00545121 -0.05490074
v 0.00504902 0.005674 -0.05544413
v 0.00507422 0.00584906 -0.05600506
v 0.00509235 0.00597506 -0.05657928
v 0.00510328 0.00605104 -0.0571624
v 0.00510694 0.00607644 -0.05775
v 0.00510328 0.00605104 -0.0583376
v 0.00509235 0.00597506 -0.05892072
v 0.00507422 0.00584906 -0.05949493
v 0.00504902 0.005674 -0.06005587
v 0.00501696 0.00545121 -0.06059926
v 0.00497828 0.0051824 -0.06112096
v 0.00493326 0.00486961 -0.061617
v 0.00488226 0.00451521 -0.06208362
v 0.00482566 0.00412191 -0.06251726
v 0.0047639 0.0036927 -0.06291461
v 0.00469743 0.00323084 -0.06327266
v 0.00462678 0.00273985 -0.06358867
v 0.00455246 0.00222347 -0.06386025
v 0.00447506 0.00168563 -0.06408533
v 0.00439516 0.00113041 -0.06426219
v 0.00431337 0.00056205 -0.06438949
v 0.00423031 -1.513E-05 -0.06446626
v 0.00414661 -0.00059673 -0.06449191
v 0.00406292 -0.00117834 -0.06446626
v 0.00397985 -0.00175552 -0.06438949
v 0.00389806 -0.00232387 -0.06426219
v 0.00381816 -0.00287909 -0.06408533
v 0.00374076 -0.00341693 -0.06386025
v 0.00366645 -0.00393332 -0.06358867
v 0.00359579 -0.0044243 -0.06327266
v 0.00352933 -0.00488616 -0.06291461
v 0.00346756 -0.00531538 -0.06251726
v 0.00341096 -0.00570868 -0.06208362
v 0.00335996 -0.00606307 -0.061617
v 0.00331495 -0.00637587 -0.06112096
v 0.00327626 -0.00664468 -0.06059926
v 0.0032442 -0.00686746 -0.06005587
v 0.00321901 -0.00704252 -0.05949493
v 0.00320088 -0.00716852 -0.05892072
v 0.00318994 -0.00724451 -0.0583376
v 0.00318629 -0.0072699 -0.05775
v 0.00318994 -0.00724451 -0.0571624
v 0.00320088 -0.00716852 -0.05657928
v 0.00321901 -0.00704252 -0.05600506
v 0.0032442 -0.00686746 -0.05544413
v 0.00327626 -0.00664468 -0.05490074
v 0.00331495 -0.00637587 -0.05437904
v 0.00335996 -0.00606307 -0.053883
v 0.00341096 -0.00570868 -0.05341638
v 0.00346756 -0.00531538 -0.05298275
v 0.00352933 -0.00488616 -0.05258539
v 0.00359579 -0.0044243 -0.05222735
v 0.00366645 -0.00393332 -0.05191133
v 0.00374076 -0.00341693 -0.05163975
v 0.00381816 -0.00287909 -0.05141467
v 0.00389806 -0.00232387 -0.05123781
v 0.00397985 -0.00175552 -0.05111051
v 0.00406292 -0.00117834 -0.05103374
v 0.00414661 -0.00059673 -0.05100809
v 0.00364917 9.785E-05 -0.05070175
v 0.00373634 0.00070356 -0.05078231
v 0.00382218 0.00130001 -0.0509159
v 0.00390603 0.00188267 -0.05110151
v 0.00398725 0.0024471 -0.05133772
v 0.00406524 0.00298901 -0.05162272
v 0.00413939 0.00350427 -0.05195436
v 0.00420914 0.00398896 -0.0523301
v 0.00427396 0.00443939 -0.0527471
v 0.00433335 0.00485213 -0.05320216
v 0.00438688 0.00522404 -0.05369185
v 0.00443411 0.0055523 -0.05421241
v 0.00447471 0.0058344 -0.0547599
v 0.00450836 0.00606819 -0.05533015
v 0.00453479 0.0062519 -0.05591881
v 0.00455382 0.00638413 -0.05652141
v 0.0045653 0.00646388 -0.05713336
v 0.00456913 0.00649053 -0.05775
v 0.0045653 0.00646388 -0.05836664
v 0.00455382 0.00638413 -0.05897859
v 0.00453479 0.0062519 -0.05958119
v 0.00450836 0.00606819 -0.06016985
v 0.00447471 0.0058344 -0.0607401
v 0.00443411 0.0055523 -0.06128759
v 0.00438688 0.00522404 -0.06180815
v 0.00433335 0.00485213 -0.06229784
v 0.00427396 0.00443939 -0.0627529
v 0.00420914 0.00398896 -0.0631699
v 0.00413939 0.00350427 -0.06354564
v 0.00406524 0.00298901 -0.06387728
v 0.00398725 0.0024471 -0.06416228
v 0.00390603 0.00188267 -0.06439849
v 0.00382218 0.00130001 -0.06458409
v 0.00373634 0.00070356 -0.06471769
v 0.00364917 9.785E-05 -0.06479825
v 0.00356134 -0.00051251 -0.06482518
v 0.0034735 -0.00112286 -0.06479825
v 0.00338634 -0.00172857 -0.06471769
v 0.0033005 -0.00232502 -0.06458409
v 0.00321665 -0.00290768 -0.06439849
v 0.00313543 -0.00347212 -0.06416228
v 0.00305744 -0.00401402 -0.06387728
v 0.00298329 -0.00452928 -0.06354564
v 0.00291354 -0.00501397 -0.0631699
v 0.00284872 -0.0054644 -0.0627529
v 0.00278933 -0.00587714 -0.06229784
v 0.0027358 -0.00624905 -0.06180815
v 0.00268857 -0.00657731 -0.06128759
v 0.00264797 -0.00685941 -0.0607401
v 0.00261432 -0.0070932 -0.06016985
v 0.00258789 -0.00727692 -0.05958119
v 0.00256886 -0.00740915 -0.05897859
v 0.00255738 -0.00748889 -0.05836664
v 0.00255355 -0.00751554 -0.05775
v 0.00255738 -0.00748889 -0.05713336
v 0.00256886 -0.00740915 -0.05652141
v 0.00258789 -0.00727692 -0.05591881
v 0.00261432 -0.0070932 -0.05533015
v 0.00264797 -0.00685941 -0.0547599
v 0.00268857 -0.00657731 -0.05421241
v 0.0027358 -0.00624905 -0.05369185
v 0.00278933 -0.00587714 -0.05320216
v 0.00284872 -0.0054644 -0.0527471
v 0.00291354 -0.00501397 -0.0523301
v 0.00298329 -0.00452928 -0.05195436
v 0.00305744 -0.00401402 -0.05162272
v 0.00313543 -0.00347212 -0.05133772
v 0.00321665 -0.00290768 -0.05110151
v 0.0033005 -0.00232502 -0.0509159
v 0.00338634 -0.00172857 -0.05078231
v 0.0034735 -0.00112286 -0.05070175
v 0.00356134 -0.00051251 -0.05067483
v 0.00304135 0.00021011 -0.05042129
v 0.00313199 0.00083992 -0.05050506
v 0.00322124 0.00146011 -0.05064397
v 0.00330843 0.00206595 -0.05083696
v 0.00339288 0.00265284 -0.05108257
v 0.00347397 0.00321631 -0.05137891
v 0.00355107 0.00375207 -0.05172374
v 0.0036236 0.00425604 -0.05211444
v 0.003691 0.0047244 -0.05254803
v 0.00375276 0.00515356 -0.0530212
v 0.00380841 0.00554028 -0.05353037
v 0.00385753 0.00588159 -0.05407165
v 0.00389974 0.00617492 -0.05464092
v 0.00393472 0.00641801 -0.05523386
v 0.00396221 0.00660904 -0.05584595
v 0.003982 0.00674653 -0.05647252
v 0.00399393 0.00682944 -0.05710882
v 0.00399792 0.00685715 -0.05775
v 0.00399393 0.00682944 -0.05839118
v 0.003982 0.00674653 -0.05902748
v 0.00396221 0.00660904 -0.05965405
v 0.00393472 0.00641801 -0.06026614
v 0.00389974 0.00617492 -0.06085908
v 0.00385753 0.00588159 -0.06142835
v 0.00380841 0.00554028 -0.06196963
v 0.00375276 0.00515356 -0.0624788
v 0.003691 0.0047244 -0.06295197
v 0.0036236 0.00425604 -0.06338556
v 0.00355107 0.00375207 -0.06377625
v 0.00347397 0.00321631 -0.06412109
v 0.00339288 0.00265284 -0.06441744
v 0.00330843 0.00206595 -0.06466304
v 0.00322124 0.00146011 -0.06485602
v 0.00313199 0.00083992 -0.06499493
v 0.00304135 0.00021011 -0.06507871
v 0.00295003 -0.00042453 -0.0651067
v 0.00285869 -0.00105917 -0.06507871
v 0.00276806 -0.00168898 -0.06499493
v 0.00267881 -0.00230917 -0.06485602
v 0.00259162 -0.00291502 -0.06466304
v 0.00250717 -0.00350191 -0.06441744
v 0.00242608 -0.00406538 -0.06412109
v 0.00234898 -0.00460114 -0.06377625
v 0.00227645 -0.00510511 -0.06338556
v 0.00220905 -0.00557346 -0.06295197
v 0.00214729 -0.00600263 -0.0624788
v 0.00209164 -0.00638934 -0.06196963
v 0.00204252 -0.00673066 -0.06142835
v 0.00200031 -0.00702398 -0.06085908
v 0.00196533 -0.00726708 -0.06026614
v 0.00193784 -0.0074581 -0.05965405
v 0.00191805 -0.00759559 -0.05902748
v 0.00190612 -0.00767851 -0.05839118
v 0.00190213 -0.00770622 -0.05775
v 0.00190612 -0.00767851 -0.05710882
v 0.00191805 -0.00759559 -0.05647252
v 0.00193784 -0.0074581 -0.05584595
v 0.00196533 -0.00726708 -0.05523386
v 0.00200031 -0.00702398 -0.05464092
v 0.00204252 -0.00673066 -0.05407165
v 0.00209164 -0.00638934 -0.05353037
v 0.00214729 -0.00600263 -0.0530212
v 0.00220905 -0.00557346 -0.05254803
v 0.00227645 -0.00510511 -0.05211444
v 0.00234898 -0.00460114 -0.05172374
v 0.00242608 -0.00406538 -0.05137891
v 0.00250717 -0.00350191 -0.05108257
v 0.00259162 -0.00291502 -0.05083696
v 0.00267881 -0.00230917 -0.05064397
v 0.00276806 -0.00168898 -0.05050506
v 0.00285869 -0.00105917 -0.05042129
v 0.00295003 -0.00042453 -0.0503933
v 0.0024113 0.00032083 -0.05019443
v 0.00250474 0.00097014 -0.05028079
v 0.00259675 0.00160952 -0.050424
v 0.00268663 0.00223412 -0.05062297
v 0.00277371 0.00283918 -0.05087617
v 0.0028573 0.00342009 -0.05118169
v 0.00293679 0.00397244 -0.0515372
v 0.00301156 0.00449201 -0.05193999
v 0.00308105 0.00497486 -0.052387
v 0.00314472 0.00541731 -0.05287482
v 0.0032021 0.005816 -0.05339975
v 0.00325273 0.00616788 -0.05395779
v 0.00329625 0.00647028 -0.05454468
v 0.00333232 0.00672091 -0.05515597
v 0.00336066 0.00691784 -0.055787
v 0.00338106 0.00705959 -0.05643298
v 0.00339336 0.00714507 -0.05708897
v 0.00339747 0.00717364 -0.05775
v 0.00339336 0.00714507 -0.05841103
v 0.00338106 0.00705959 -0.05906702
v 0.00336066 0.00691784 -0.05971299
v 0.00333232 0.00672091 -0.06034403
v 0.00329625 0.00647028 -0.06095532
v 0.00325273 0.00616788 -0.06154222
v 0.0032021 0.005816 -0.06210025
v 0.00314472 0.00541731 -0.06262518
v 0.00308105 0.00497486 -0.063113
v 0.00301156 0.00449201 -0.06356001
v 0.00293679 0.00397244 -0.0639628
v 0.0028573 0.00342009 -0.06431831
v 0.00277371 0.00283918 -0.06462383
v 0.00268663 0.00223412 -0.06487703
v 0.00259675 0.00160952 -0.06507599
v 0.00250474 0.00097014 -0.06521921
v 0.0024113 0.00032083 -0.06530557
v 0.00231714 -0.00033346 -0.06533443
v 0.00222298 -0.00098774 -0.06530557
v 0.00212954 -0.00163705 -0.06521921
v 0.00203753 -0.00227643 -0.06507599
v 0.00194764 -0.00290103 -0.06487703
v 0.00186057 -0.00350609 -0.06462383
v 0.00177697 -0.004087 -0.06431831
v 0.00169749 -0.00463935 -0.0639628
v 0.00162271 -0.00515892 -0.06356001
v 0.00155323 -0.00564177 -0.063113
v 0.00148956 -0.00608422 -0.06262518
v 0.00143218 -0.00648291 -0.06210025
v 0.00138154 -0.00683479 -0.06154222
v 0.00133802 -0.00713719 -0.06095532
v 0.00130196 -0.00738782 -0.06034403
v 0.00127362 -0.00758475 -0.05971299
v 0.00125322 -0.0077265 -0.05906702
v 0.00124092 -0.00781198 -0.05841103
v 0.00123681 -0.00784055 -0.05775
v 0.00124092 -0.00781198 -0.05708897
v 0.00125322 -0.0077265 -0.05643298
v 0.00127362 -0.00758475 -0.055787
v 0.00130196 -0.00738782 -0.05515597
v 0.00133802 -0.00713719 -0.05454468
v 0.00138154 -0.00683479 -0.05395779
v 0.00143218 -0.00648291 -0.05339975
v 0.00148956 -0.00608422 -0.05287482
v 0.00155323 -0.00564177 -0.052387
v 0.00162271 -0.00515892 -0.05193999
v 0.00169749 -0.00463935 -0.0515372
v 0.00177697 -0.004087 -0.05118169
v 0.00186057 -0.00350609 -0.05087617
v 0.00194764 -0.00290103 -0.05062297
v 0.00203753 -0.00227643 -0.050424
v 0.00212954 -0.00163705 -0.05028079
v 0.00222298 -0.00098774 -0.05019443
v 0.00231714 -0.00033346 -0.05016557
v 0.0017636 0.00042921 -0.05002281
v 0.00185917 0.00109326 -0.05011114
v 0.00195327 0.00174717 -0.0502576
v 0.0020452 0.00238596 -0.05046108
v 0.00213425 0.00300476 -0.05072004
v 0.00221974 0.00359887 -0.0510325
v 0.00230104 0.00416376 -0.05139608
v 0.00237751 0.00469513 -0.05180802
v 0.00244857 0.00518895 -0.05226518
v 0.00251369 0.00564145 -0.05276409
v 0.00257237 0.00604919 -0.05330094
v 0.00262416 0.00640906 -0.05387165
v 0.00266866 0.00671834 -0.05447188
v 0.00270555 0.00697465 -0.05509705
v 0.00273453 0.00717606 -0.05574242
v 0.00275539 0.00732103 -0.05640306
v 0.00276798 0.00740845 -0.05707396
v 0.00277218 0.00743767 -0.05775
v 0.00276798 0.00740845 -0.05842604
v 0.00275539 0.00732103 -0.05909694
v 0.00273453 0.00717606 -0.05975758
v 0.00270555 0.00697465 -0.06040295
v 0.00266866 0.00671834 -0.06102812
v 0.00262416 0.00640906 -0.06162835
v 0.00257237 0.00604919 -0.06219906
v 0.00251369 0.00564145 -0.06273592
v 0.00244857 0.00518895 -0.06323481
v 0.00237751 0.00469513 -0.06369198
v 0.00230104 0.00416376 -0.06410392
v 0.00221974 0.00359887 -0.0644675
v 0.00213425 0.00300476 -0.06477996
v 0.0020452 0.00238596 -0.06503891
v 0.00195327 0.00174717 -0.06524239
v 0.00185917 0.00109326 -0.06538886
v 0.0017636 0.00042921 -0.06547718
v 0.00166731 -0.00023994 -0.0655067
v 0.00157101 -0.00090909 -0.06547718
v 0.00147545 -0.00157314 -0.06538886
v 0.00138135 -0.00222705 -0.06524239
v 0.00128942 -0.00286584 -0.06503891
v 0.00120037 -0.00348464 -0.06477996
v 0.00111487 -0.00407874 -0.0644675
v 0.00103358 -0.00464363 -0.06410392
v 0.00095711 -0.00517501 -0.06369198
v 0.00088605 -0.00566883 -0.06323481
v 0.00082093 -0.00612133 -0.06273592
v 0.00076225 -0.00652907 -0.06219906
v 0.00071046 -0.00688894 -0.06162835
v 0.00066596 -0.00719822 -0.06102812
v 0.00062907 -0.00745453 -0.06040295
v 0.00060009 -0.00765594 -0.05975758
v 0.00057922 -0.00780091 -0.05909694
v 0.00056664 -0.00788833 -0.05842604
v 0.00056244 -0.00791755 -0.05775
v 0.00056664 -0.00788833 -0.05707396
v 0.00057922 -0.00780091 -0.05640306
v 0.00060009 -0.00765594 -0.05574242
v 0.00062907 -0.00745453 -0.05509705
v 0.00066596 -0.00719822 -0.05447188
v 0.00071046 -0.00688894 -0.05387165
v 0.00076225 -0.00652907 -0.05330094
v 0.00082093 -0.00612133 -0.05276409
v 0.00088605 -0.00566883 -0.05226518
v 0.00095711 -0.00517501 -0.05180802
v 0.00103358 -0.00464363 -0.05139608
v 0.00111487 -0.00407874 -0.0510325
v 0.00120037 -0.00348464 -0.05072004
v 0.00128942 -0.00286584 -0.05046108
v 0.00138135 -0.00222705 -0.0502576
v 0.00147545 -0.00157314 -0.05011114
v 0.00157101 -0.00090909 -0.05002281
v 0.00166731 -0.00023994 -0.0499933
v 0.00110302 0.00053445 -0.0499077
v 0.0012 0.00120839 -0.04999734
v 0.00129551 0.00187204 -0.05014599
v 0.0013888 0.00252035 -0.0503525
v 0.00147918 0.00314837 -0.05061531
v 0.00156595 0.00375132 -0.05093243
v 0.00164846 0.00432463 -0.05130143
v 0.00172606 0.00486392 -0.05171951
v 0.00179819 0.00536509 -0.05218348
v 0.00186428 0.00582434 -0.05268981
v 0.00192383 0.00623815 -0.05323466
v 0.00197639 0.00660339 -0.05381387
v 0.00202156 0.00691727 -0.05442304
v 0.00205899 0.0071774 -0.05505753
v 0.00208841 0.00738181 -0.05571251
v 0.00210958 0.00752894 -0.056383
v 0.00212235 0.00761766 -0.05706389
v 0.00212662 0.00764731 -0.05775
v 0.00212235 0.00761766 -0.05843611
v 0.00210958 0.00752894 -0.059117
v 0.00208841 0.00738181 -0.05978749
v 0.00205899 0.0071774 -0.06044247
v 0.00202156 0.00691727 -0.06107696
v 0.00197639 0.00660339 -0.06168613
v 0.00192383 0.00623815 -0.06226534
v 0.00186428 0.00582434 -0.06281019
v 0.00179819 0.00536509 -0.06331652
v 0.00172606 0.00486392 -0.06378049
v 0.00164846 0.00432463 -0.06419858
v 0.00156595 0.00375132 -0.06456757
v 0.00147918 0.00314837 -0.06488468
v 0.0013888 0.00252035 -0.0651475
v 0.00129551 0.00187204 -0.06535401
v 0.0012 0.00120839 -0.06550266
v 0.00110302 0.00053445 -0.0655923
v 0.00100529 -0.00014467 -0.06562226
v 0.00090756 -0.00082379 -0.0655923
v 0.00081057 -0.00149773 -0.06550266
v 0.00071507 -0.00216138 -0.06535401
v 0.00062177 -0.00280968 -0.0651475
v 0.00053139 -0.0034377 -0.06488468
v 0.00044462 -0.00404066 -0.06456757
v 0.00036212 -0.00461397 -0.06419858
v 0.00028451 -0.00515326 -0.06378049
v 0.00021239 -0.00565443 -0.06331652
v 0.0001463 -0.00611367 -0.06281019
v 8.675E-05 -0.00652749 -0.06226534
v 3.419E-05 -0.00689272 -0.06168613
v -1.098E-05 -0.0072066 -0.06107696
v -4.842E-05 -0.00746674 -0.06044247
v -7.783E-05 -0.00767115 -0.05978749
v -9.901E-05 -0.00781827 -0.059117
v -0.00011178 -0.007907 -0.05843611
v -0.00011604 -0.00793665 -0.05775
v -0.00011178 -0.007907 -0.05706389
v -9.901E-05 -0.00781827 -0.056383
v -7.783E-05 -0.00767115 -0.05571251
v -4.842E-05 -0.00746674 -0.05505753
v -1.098E-05 -0.0072066 -0.05442304
v 3.419E-05 -0.00689272 -0.05381387
v 8.675E-05 -0.00652749 -0.05323466
v 0.0001463 -0.00611367 -0.05268981
v 0.00021239 -0.00565443 -0.05218348
v 0.00028451 -0.00515326 -0.05171951
v 0.00036212 -0.00461397 -0.05130143
v 0.00044462 -0.00404066 -0.05093243
v 0.00053139 -0.0034377 -0.05061531
v 0.00062177 -0.00280968 -0.0503525
v 0.00071507 -0.00216138 -0.05014599
v 0.00081057 -0.00149773 -0.04999734
v 0.00090756 -0.00082379 -0.0499077
v 0.00100529 -0.00014467 -0.04987775
v 0.00043436 0.00063578 -0.04984993
v 0.00053207 0.00131469 -0.04994024
v 0.00062827 0.00198323 -0.05008997
v 0.00072226 0.00263631 -0.05029801
v 0.0008133 0.00326895 -0.05056276
v 0.00090071 0.00387635 -0.05088221
v 0.00098382 0.00445388 -0.05125393
v 0.001062 0.00499714 -0.05167508
v 0.00113466 0.00550201 -0.05214247
v 0.00120123 0.00596463 -0.05265254
v 0.00126122 0.00638149 -0.0532014
v 0.00131417 0.00674942 -0.05378488
v 0.00135967 0.00706561 -0.05439854
v 0.00139738 0.00732766 -0.0550377
v 0.00142701 0.00753358 -0.0556975
v 0.00144834 0.00768179 -0.05637293
v 0.00146121 0.00777117 -0.05705883
v 0.0014655 0.00780104 -0.05775
v 0.00146121 0.00777117 -0.05844117
v 0.00144834 0.00768179 -0.05912707
v 0.00142701 0.00753358 -0.0598025
v 0.00139738 0.00732766 -0.0604623
v 0.00135967 0.00706561 -0.06110147
v 0.00131417 0.00674942 -0.06171512
v 0.00126122 0.00638149 -0.0622986
v 0.00120123 0.00596463 -0.06284746
v 0.00113466 0.00550201 -0.06335752
v 0.001062 0.00499714 -0.06382491
v 0.00098382 0.00445388 -0.06424607
v 0.00090071 0.00387635 -0.06461779
v 0.0008133 0.00326895 -0.06493724
v 0.00072226 0.00263631 -0.06520199
v 0.00062827 0.00198323 -0.06541003
v 0.00053207 0.00131469 -0.06555976
v 0.00043436 0.00063578 -0.06565007
v 0.00033591 -4.834E-05 -0.06568024
v 0.00023746 -0.00073246 -0.06565007
v 0.00013976 -0.00141137 -0.06555976
v 4.356E-05 -0.00207991 -0.06541003
v -5.043E-05 -0.00273299 -0.06520199
v -0.00014147 -0.00336563 -0.06493724
v -0.00022888 -0.00397303 -0.06461779
v -0.00031199 -0.00455056 -0.06424607
v -0.00039017 -0.00509382 -0.06382491
v -0.00046283 -0.00559869 -0.06335752
v -0.0005294 -0.00606131 -0.06284746
v -0.00058939 -0.00647818 -0.0622986
v -0.00064234 -0.0068461 -0.06171512
v -0.00068784 -0.00716229 -0.06110147
v -0.00072555 -0.00742434 -0.0604623
v -0.00075519 -0.00763026 -0.0598025
v -0.00077651 -0.00777847 -0.05912707
v -0.00078938 -0.00786785 -0.05844117
v -0.00079368 -0.00789772 -0.05775
v -0.00078938 -0.00786785 -0.05705883
v -0.00077651 -0.00777847 -0.05637293
v -0.00075519 -0.00763026 -0.0556975
v -0.00072555 -0.00742434 -0.0550377
v -0.00068784 -0.00716229 -0.05439854
v -0.00064234 -0.0068461 -0.05378488
v -0.00058939 -0.00647818 -0.0532014
v -0.0005294 -0.00606131 -0.05265254
v -0.00046283 -0.00559869 -0.05214247
v -0.00039017 -0.00509382 -0.05167508
v -0.00031199 -0.00455056 -0.05125393
v -0.00022888 -0.00397303 -0.05088221
v -0.00014147 -0.00336563 -0.05056276
v -5.043E-05 -0.00273299 -0.05029801
v 4.356E-05 -0.00207991 -0.05008997
v 0.00013976 -0.00141137 -0.04994024
v 0.00023746 -0.00073246 -0.04984993
v 0.00033591 -4.834E-05 -0.04981976
v -0.00023746 0.00073246 -0.04984993
v -0.00013976 0.00141137 -0.04994024
v -4.356E-05 0.00207991 -0.05008997
v 5.043E-05 0.00273299 -0.05029801
v 0.00014147 0.00336563 -0.05056276
v 0.00022888 0.00397303 -0.05088221
v 0.00031199 0.00455056 -0.05125393
v 0.00039017 0.00509382 -0.05167508
v 0.00046283 0.00559869 -0.05214247
v 0.0005294 0.00606131 -0.05265254
v 0.00058939 0.00647818 -0.0532014
v 0.00064234 0.0068461 -0.05378488
v 0.00068784 0.00716229 -0.05439854
v 0.00072555 0.00742434 -0.0550377
v 0.00075519 0.00763026 -0.0556975
v 0.00077651 0.00777847 -0.05637293
v 0.00078938 0.00786785 -0.05705883
v 0.00079368 0.00789772 -0.05775
v 0.00078938 0.00786785 -0.05844117
v 0.00077651 0.00777847 -0.05912707
v 0.00075519 0.00763026 -0.0598025
v 0.00072555 0.00742434 -0.0604623
v 0.00068784 0.00716229 -0.06110147
v 0.00064234 0.0068461 -0.06171512
v 0.00058939 0.00647818 -0.0622986
v 0.0005294 0.00606131 -0.06284746
v 0.00046283 0.00559869 -0.06335752
v 0.00039017 0.00509382 -0.06382491
v 0.00031199 0.00455056 -0.06424607
v 0.00022888 0.00397303 -0.06461779
v 0.00014147 0.00336563 -0.06493724
v 5.043E-05 0.00273299 -0.06520199
v -4.356E-05 0.00207991 -0.06541003
v -0.00013976 0.00141137 -0.06555976
v -0.00023746 0.00073246 -0.06565007
v -0.00033591 4.834E-05 -0.06568024
v -0.00043436 -0.00063578 -0.06565007
v -0.00053207 -0.00131469 -0.06555976
v -0.00062827 -0.00198323 -0.06541003
v -0.00072226 -0.00263631 -0.06520199
v -0.0008133 -0.00326895 -0.06493724
v -0.00090071 -0.00387635 -0.06461779
v -0.00098382 -0.00445388 -0.06424607
v -0.001062 -0.00499714 -0.06382491
v -0.00113466 -0.00550201 -0.06335752
v -0.00120123 -0.00596463 -0.06284746
v -0.00126122 -0.00638149 -0.0622986
v -0.00131417 -0.00674942 -0.06171512
v -0.00135967 -0.00706561 -0.06110147
v -0.00139738 -0.00732766 -0.0604623
v -0.00142701 -0.00753358 -0.0598025
v -0.00144834 -0.00768179 -0.05912707
v -0.00146121 -0.00777117 -0.05844117
v -0.0014655 -0.00780104 -0.05775
v -0.00146121 -0.00777117 -0.05705883
v -0.00144834 -0.00768179 -0.05637293
v -0.00142701 -0.00753358 -0.0556975
v -0.00139738 -0.00732766 -0.0550377
v -0.00135967 -0.00706561 -0.05439854
v -0.00131417 -0.00674942 -0.05378488
v -0.00126122 -0.00638149 -0.0532014
v -0.00120123 -0.00596463 -0.05265254
v -0.00113466 -0.00550201 -0.05214247
v -0.001062 -0.00499714 -0.05167508
v -0.00098382 -0.00445388 -0.05125393
v -0.00090071 -0.00387635 -0.05088221
v -0.0008133 -0.00326895 -0.05056276
v -0.00072226 -0.00263631 -0.05029801
v -0.00062827 -0.00198323 -0.05008997
v -0.00053207 -0.00131469 -0.04994024
v -0.00043436 -0.00063578 -0.04984993
v -0.00033591 4.834E-05 -0.04981976
v -0.00090756 0.00082379 -0.0499077
v -0.00081057 0.00149773 -0.04999734
v -0.00071507 0.00216138 -0.05014599
v -0.00062177 0.00280968 -0.0503525
v -0.00053139 0.0034377 -0.05061531
v -0.00044462 0.00404066 -0.05093243
v -0.00036212 0.00461397 -0.05130143
v -0.00028451 0.00515326 -0.05171951
v -0.00021239 0.00565443 -0.05218348
v -0.0001463 0.00611367 -0.05268981
v -8.675E-05 0.00652749 -0.05323466
v -3.419E-05 0.00689272 -0.05381387
v 1.098E-05 0.0072066 -0.05442304
v 4.842E-05 0.00746674 -0.05505753
v 7.783E-05 0.00767115 -0.05571251
v 9.901E-05 0.00781827 -0.056383
v 0.00011178 0.007907 -0.05706389
v 0.00011604 0.00793665 -0.05775
v 0.00011178 0.007907 -0.05843611
v 9.901E-05 0.00781827 -0.059117
v 7.783E-05 0.00767115 -0.05978749
v 4.842E-05 0.00746674 -0.06044247
v 1.098E-05 0.0072066 -0.06107696
v -3.419E-05 0.00689272 -0.06168613
v -8.675E-05 0.00652749 -0.06226534
v -0.0001463 0.00611367 -0.06281019
v -0.00021239 0.00565443 -0.06331652
v -0.00028451 0.00515326 -0.06378049
v -0.00036212 0.00461397 -0.06419858
v -0.00044462 0.00404066 -0.06456757
v -0.00053139 0.0034377 -0.06488468
v -0.00062177 0.00280968 -0.0651475
v -0.00071507 0.00216138 -0.06535401
v -0.00081057 0.00149773 -0.06550266
v -0.00090756 0.00082379 -0.0655923
v -0.00100529 0.00014467 -0.06562226
v -0.00110302 -0.00053445 -0.0655923
v -0.0012 -0.00120839 -0.06550266
v -0.00129551 -0.00187204 -0.06535401
v -0.0013888 -0.00252035 -0.0651475
v -0.00147918 -0.00314837 -0.06488468
v -0.00156595 -0.00375132 -0.06456757
v -0.00164846 -0.00432463 -0.06419858
v -0.00172606 -0.00486392 -0.06378049
v -0.00179819 -0.00536509 -0.06331652
v -0.00186428 -0.00582434 -0.06281019
v -0.00192383 -0.00623815 -0.06226534
v -0.00197639 -0.00660339 -0.06168613
v -0.00202156 -0.00691727 -0.06107696
v -0.00205899 -0.0071774 -0.06044247
v -0.00208841 -0.00738181 -0.05978749
v -0.00210958 -0.00752894 -0.059117
v -0.00212235 -0.00761766 -0.05843611
v -0.00212662 -0.00764731 -0.05775
v -0.00212235 -0.00761766 -0.05706389
v -0.00210958 -0.00752894 -0.056383
v -0.00208841 -0.00738181 -0.05571251
v -0.00205899 -0.0071774 -0.05505753
v -0.00202156 -0.00691727 -0.05442304
v -0.00197639 -0.00660339 -0.05381387
v -0.00192383 -0.00623815 -0.05323466
v -0.00186428 -0.00582434 -0.05268981
v -0.00179819 -0.00536509 -0.05218348
v -0.00172606 -0.00486392 -0.05171951
v -0.00164846 -0.00432463 -0.05130143
v -0.00156595 -0.00375132 -0.05093243
v -0.00147918 -0.00314837 -0.05061531
v -0.0013888 -0.00252035 -0.0503525
v -0.00129551 -0.00187204 -0.05014599
v -0.0012 -0.00120839 -0.04999734
v -0.00110302 -0.00053445 -0.0499077
v -0.00100529 0.00014467 -0.04987775
v -0.00157101 0.00090909 -0.05002281
v -0.00147545 0.00157314 -0.05011114
v -0.00138135 0.00222705 -0.0502576
v -0.00128942 0.00286584 -0.05046108
v -0.00120037 0.00348464 -0.05072004
v -0.00111487 0.00407874 -0.0510325
v -0.00103358 0.00464363 -0.05139608
v -0.00095711 0.00517501 -0.05180802
v -0.00088605 0.00566883 -0.05226518
v -0.00082093 0.00612133 -0.05276409
v -0.00076225 0.00652907 -0.05330094
v -0.00071046 0.00688894 -0.05387165
v -0.00066596 0.00719822 -0.05447188
v -0.00062907 0.00745453 -0.05509705
v -0.00060009 0.00765594 -0.05574242
v -0.00057922 0.00780091 -0.05640306
v -0.00056664 0.00788833 -0.05707396
v -0.00056244 0.00791755 -0.05775
v -0.00056664 0.00788833 -0.05842604
v -0.00057922 0.00780091 -0.05909694
v -0.00060009 0.00765594 -0.05975758
v -0.00062907 0.00745453 -0.06040295
v -0.00066596 0.00719822 -0.06102812
v -0.00071046 0.00688894 -0.06162835
v -0.00076225 0.00652907 -0.06219906
v -0.00082093 0.00612133 -0.06273592
v -0.00088605 0.00566883 -0.06323481
v -0.00095711 0.00517501 -0.06369198
v -0.00103358 0.00464363 -0.06410392
v -0.00111487 0.00407874 -0.0644675
v -0.00120037 0.00348464 -0.06477996
v -0.00128942 0.00286584 -0.06503891
v -0.00138135 0.00222705 -0.06524239
v -0.00147545 0.00157314 -0.06538886
v -0.00157101 0.00090909 -0.06547718
v -0.00166731 0.00023994 -0.0655067
v -0.0017636 -0.00042921 -0.06547718
v -0.00185917 -0.00109326 -0.06538886
v -0.00195327 -0.00174717 -0.06524239
v -0.0020452 -0.00238596 -0.06503891
v -0.00213425 -0.00300476 -0.06477996
v -0.00221974 -0.00359887 -0.0644675
v -0.00230104 -0.00416376 -0.06410392
v -0.00237751 -0.00469513 -0.06369198
v -0.00244857 -0.00518895 -0.06323481
v -0.00251369 -0.00564145 -0.06273592
v -0.00257237 -0.00604919 -0.06219906
v -0.00262416 -0.00640906 -0.06162835
v -0.00266866 -0.00671834 -0.06102812
v -0.00270555 -0.00697465 -0.06040295
v -0.00273453 -0.00717606 -0.05975758
v -0.00275539 -0.00732103 -0.05909694
v -0.00276798 -0.00740845 -0.05842604
v -0.00277218 -0.00743767 -0.05775
v -0.00276798 -0.00740845 -0.05707396
v -0.00275539 -0.00732103 -0.05640306
v -0.00273453 -0.00717606 -0.05574242
v -0.00270555 -0.00697465 -0.05509705
v -0.00266866 -0.00671834 -0.05447188
v -0.00262416 -0.00640906 -0.05387165
v -0.00257237 -0.00604919 -0.05330094
v -0.00251369 -0.00564145 -0.05276409
v -0.00244857 -0.00518895 -0.05226518
v -0.00237751 -0.00469513 -0.05180802
v -0.00230104 -0.00416376 -0.05139608
v -0.00221974 -0.00359887 -0.0510325
v -0.00213425 -0.00300476 -0.05072004
v -0.0020452 -0.00238596 -0.05046108
v -0.00195327 -0.00174717 -0.0502576
v -0.00185917 -0.00109326 -0.05011114
v -0.0017636 -0.00042921 -0.05002281
v -0.00166731 0.00023994 -0.0499933
v -0.00222298 0.00098774 -0.05019443
v -0.00212954 0.00163705 -0.05028079
v -0.00203753 0.00227643 -0.050424
v -0.00194764 0.00290103 -0.05062297
v -0.00186057 0.00350609 -0.05087617
v -0.00177697 0.004087 -0.05118169
v -0.00169749 0.00463935 -0.0515372
v -0.00162271 0.00515892 -0.05193999
v -0.00155323 0.00564177 -0.052387
v -0.00148956 0.00608422 -0.05287482
v -0.00143218 0.00648291 -0.05339975
v -0.00138154 0.00683479 -0.05395779
v -0.00133802 0.00713719 -0.05454468
v -0.00130196 0.00738782 -0.05515597
v -0.00127362 0.00758475 -0.055787
v -0.00125322 0.0077265 -0.05643298
v -0.00124092 0.00781198 -0.05708897
v -0.00123681 0.00784055 -0.05775
v -0.00124092 0.00781198 -0.05841103
v -0.00125322 0.0077265 -0.05906702
v -0.00127362 0.00758475 -0.05971299
v -0.00130196 0.00738782 -0.06034403
v -0.00133802 0.00713719 -0.06095532
v -0.00138154 0.00683479 -0.06154222
v -0.00143218 0.00648291 -0.06210025
v -0.00148956 0.00608422 -0.06262518
v -0.00155323 0.00564177 -0.063113
v -0.00162271 0.00515892 -0.06356001
v -0.00169749 0.00463935 -0.0639628
v -0.00177697 0.004087 -0.06431831
v -0.00186057 0.00350609 -0.06462383
v -0.00194764 0.00290103 -0.06487703
v -0.00203753 0.00227643 -0.06507599
v -0.00212954 0.00163705 -0.06521921
v -0.00222298 0.00098774 -0.06530557
v -0.00231714 0.00033346 -0.06533443
v -0.0024113 -0.00032083 -0.06530557
v -0.00250474 -0.00097014 -0.06521921
v -0.00259675 -0.00160952 -0.06507599
v -0.00268663 -0.00223412 -0.06487703
v -0.00277371 -0.00283918 -0.06462383
v -0.0028573 -0.00342009 -0.06431831
v -0.00293679 -0.00397244 -0.0639628
v -0.00301156 -0.00449201 -0.06356001
v -0.00308105 -0.00497486 -0.063113
v -0.00314472 -0.00541731 -0.06262518
v -0.0032021 -0.005816 -0.06210025
v -0.00325273 -0.00616788 -0.06154222
v -0.00329625 -0.00647028 -0.06095532
v -0.00333232 -0.00672091 -0.06034403
v -0.00336066 -0.00691784 -0.05971299
v -0.00338106 -0.00705959 -0.05906702
v -0.00339336 -0.00714507 -0.05841103
v -0.00339747 -0.00717364 -0.05775
v -0.00339336 -0.00714507 -0.05708897
v -0.00338106 -0.00705959 -0.05643298
v -0.00336066 -0.00691784 -0.055787
v -0.00333232 -0.00672091 -0.05515597
v -0.00329625 -0.00647028 -0.05454468
v -0.00325273 -0.00616788 -0.05395779
v -0.0032021 -0.005816 -0.05339975
v -0.00314472 -0.00541731 -0.05287482
v -0.00308105 -0.00497486 -0.052387
v -0.00301156 -0.00449201 -0.05193999
v -0.00293679 -0.00397244 -0.0515372
v -0.0028573 -0.00342009 -0.05118169
v -0.00277371 -0.00283918 -0.05087617
v -0.00268663 -0.00223412 -0.05062297
v -0.00259675 -0.00160952 -0.050424
v -0.00250474 -0.00097014 -0.05028079
v -0.0024113 -0.00032083 -0.05019443
v -0.00231714 0.00033346 -0.05016557
v -0.00285869 0.00105917 -0.05042129
v -0.00276806 0.00168898 -0.05050506
v -0.00267881 0.00230917 -0.05064397
v -0.00259162 0.00291502 -0.05083696
v -0.00250717 0.00350191 -0.05108257
v -0.00242608 0.00406538 -0.05137891
v -0.00234898 0.00460114 -0.05172374
v -0.00227645 0.00510511 -0.05211444
v -0.00220905 0.00557346 -0.05254803
v -0.00214729 0.00600263 -0.0530212
v -0.00209164 0.00638934 -0.05353037
v -0.00204252 0.00673066 -0.05407165
v -0.00200031 0.00702398 -0.05464092
v -0.00196533 0.00726708 -0.05523386
v -0.00193784 0.0074581 -0.05584595
v -0.00191805 0.00759559 -0.05647252
v -0.00190612 0.00767851 -0.05710882
v -0.00190213 0.00770622 -0.05775
v -0.00190612 0.00767851 -0.05839118
v -0.00191805 0.00759559 -0.05902748
v -0.00193784 0.0074581 -0.05965405
v -0.00196533 0.00726708 -0.06026614
v -0.00200031 0.00702398 -0.06085908
v -0.00204252 0.00673066 -0.06142835
v -0.00209164 0.00638934 -0.06196963
v -0.00214729 0.00600263 -0.0624788
v -0.00220905 0.00557346 -0.06295197
v -0.00227645 0.00510511 -0.06338556
v -0.00234898 0.00460114 -0.06377625
v -0.00242608 0.00406538 -0.06412109
v -0.00250717 0.00350191 -0.06441744
v -0.00259162 0.00291502 -0.06466304
v -0.00267881 0.00230917 -0.06485602
v -0.00276806 0.00168898 -0.06499493
v -0.00285869 0.00105917 -0.06507871
v -0.00295003 0.00042453 -0.0651067
v -0.00304135 -0.00021011 -0.06507871
v -0.00313199 -0.00083992 -0.06499493
v -0.00322124 -0.00146011 -0.06485602
v -0.00330843 -0.00206595 -0.06466304
v -0.00339288 -0.00265284 -0.06441744
v -0.00347397 -0.00321631 -0.06412109
v -0.00355107 -0.00375207 -0.06377625
v -0.0036236 -0.00425604 -0.06338556
v -0.003691 -0.0047244 -0.06295197
v -0.00375276 -0.00515356 -0.0624788
v -0.00380841 -0.00554028 -0.06196963
v -0.00385753 -0.00588159 -0.06142835
v -0.00389974 -0.00617492 -0.06085908
v -0.00393472 -0.00641801 -0.06026614
v -0.00396221 -0.00660904 -0.05965405
v -0.003982 -0.00674653 -0.05902748
v -0.00399393 -0.00682944 -0.05839118
v -0.00399792 -0.00685715 -0.05775
v -0.00399393 -0.00682944 -0.05710882
v -0.003982 -0.00674653 -0.05647252
v -0.00396221 -0.00660904 -0.05584595
v -0.00393472 -0.00641801 -0.05523386
v -0.00389974 -0.00617492 -0.05464092
v -0.00385753 -0.00588159 -0.05407165
v -0.00380841 -0.00554028 -0.05353037
v -0.00375276 -0.00515356 -0.0530212
v -0.003691 -0.0047244 -0.05254803
v -0.0036236 -0.00425604 -0.05211444
v -0.00355107 -0.00375207 -0.05172374
v -0.00347397 -0.00321631 -0.05137891
v -0.00339288 -0.00265284 -0.05108257
v -0.00330843 -0.00206595 -0.05083696
v -0.00322124 -0.00146011 -0.05064397
v -0.00313199 -0.00083992 -0.05050506
v -0.00304135 -0.00021011 -0.05042129
v -0.00295003 0.00042453 -0.0503933
v -0.0034735 0.00112286 -0.05070175
v -0.00338634 0.00172857 -0.05078231
v -0.0033005 0.00232502 -0.0509159
v -0.00321665 0.00290768 -0.05110151
v -0.00313543 0.00347212 -0.05133772
v -0.00305744 0.00401402 -0.05162272
v -0.00298329 0.00452928 -0.05195436
v -0.00291354 0.00501397 -0.0523301
v -0.00284872 0.0054644 -0.0527471
v -0.00278933 0.00587714 -0.05320216
v -0.0027358 0.00624905 -0.05369185
v -0.00268857 0.00657731 -0.05421241
v -0.00264797 0.00685941 -0.0547599
v -0.00261432 0.0070932 -0.05533015
v -0.00258789 0.00727692 -0.05591881
v -0.00256886 0.00740915 -0.05652141
v -0.00255738 0.00748889 -0.05713336
v -0.00255355 0.00751554 -0.05775
v -0.00255738 0.00748889 -0.05836664
v -0.00256886 0.00740915 -0.05897859
v -0.00258789 0.00727692 -0.05958119
v -0.00261432 0.0070932 -0.06016985
v -0.00264797 0.00685941 -0.0607401
v -0.00268857 0.00657731 -0.06128759
v -0.0027358 0.00624905 -0.06180815
v -0.00278933 0.00587714 -0.06229784
v -0.00284872 0.0054644 -0.0627529
v -0.00291354 0.00501397 -0.0631699
v -0.00298329 0.00452928 -0.06354564
v -0.00305744 0.00401402 -0.06387728
v -0.00313543 0.00347212 -0.06416228
v -0.00321665 0.00290768 -0.06439849
v -0.0033005 0.00232502 -0.06458409
v -0.00338634 0.00172857 -0.06471769
v -0.0034735 0.00112286 -0.06479825
v -0.00356134 0.00051251 -0.06482518
v -0.00364917 -9.785E-05 -0.06479825
v -0.00373634 -0.00070356 -0.06471769
v -0.00382218 -0.00130001 -0.06458409
v -0.00390603 -0.00188267 -0.06439849
v -0.00398725 -0.0024471 -0.06416228
v -0.00406524 -0.00298901 -0.06387728
v -0.00413939 -0.00350427 -0.06354564
v -0.00420914 -0.00398896 -0.0631699
v -0.00427396 -0.00443939 -0.0627529
v -0.00433335 -0.00485213 -0.06229784
v -0.00438688 -0.00522404 -0.06180815
v -0.00443411 -0.0055523 -0.06128759
v -0.00447471 -0.0058344 -0.0607401
v -0.00450836 -0.00606819 -0.06016985
v -0.00453479 -0.0062519 -0.05958119
v -0.00455382 -0.00638413 -0.05897859
v -0.0045653 -0.00646388 -0.05836664
v -0.00456913 -0.00649053 -0.05775
v -0.0045653 -0.00646388 -0.05713336
v -0.00455382 -0.00638413 -0.05652141
v -0.00453479 -0.0062519 -0.05591881
v -0.00450836 -0.00606819 -0.05533015
v -0.00447471 -0.0058344 -0.0547599
v -0.00443411 -0.0055523 -0.05421241
v -0.00438688 -0.00522404 -0.05369185
v -0.00433335 -0.00485213 -0.05320216
v -0.00427396 -0.00443939 -0.0527471
v -0.00420914 -0.00398896 -0.0523301
v -0.00413939 -0.00350427 -0.05195436
v -0.00406524 -0.00298901 -0.05162272
v -0.00398725 -0.0024471 -0.05133772
v -0.00390603 -0.00188267 -0.05110151
v -0.00382218 -0.00130001 -0.0509159
v -0.00373634 -0.00070356 -0.05078231
v -0.00364917 -9.785E-05 -0.05070175
v -0.00356134 0.00051251 -0.05067483
v -0.00406292 0.00117834 -0.05103374
v -0.00397985 0.00175552 -0.05111051
v -0.00389806 0.00232387 -0.05123781
v -0.00381816 0.00287909 -0.05141467
v -0.00374076 0.00341693 -0.05163975
v -0.00366645 0.00393332 -0.05191133
v -0.00359579 0.0044243 -0.05222735
v -0.00352933 0.00488616 -0.05258539
v -0.00346756 0.00531538 -0.05298275
v -0.00341096 0.00570868 -0.05341638
v -0.00335996 0.00606307 -0.053883
v -0.00331495 0.00637587 -0.05437904
v -0.00327626 0.00664468 -0.05490074
v -0.0032442 0.00686746 -0.05544413
v -0.00321901 0.00704252 -0.05600506
v -0.00320088 0.00716852 -0.05657928
v -0.00318994 0.00724451 -0.0571624
v -0.00318629 0.0072699 -0.05775
v -0.00318994 0.00724451 -0.0583376
v -0.00320088 0.00716852 -0.05892072
v -0.00321901 0.00704252 -0.05949493
v -0.0032442 0.00686746 -0.06005587
v -0.00327626 0.00664468 -0.06059926
v -0.00331495 0.00637587 -0.06112096
v -0.00335996 0.00606307 -0.061617
v -0.00341096 0.00570868 -0.06208362
v -0.00346756 0.00531538 -0.06251726
v -0.00352933 0.00488616 -0.06291461
v -0.00359579 0.0044243 -0.06327266
v -0.00366645 0.00393332 -0.06358867
v -0.00374076 0.00341693 -0.06386025
v -0.00381816 0.00287909 -0.06408533
v -0.00389806 0.00232387 -0.06426219
v -0.00397985 0.00175552 -0.06438949
v -0.00406292 0.00117834 -0.06446626
v -0.00414661 0.00059673 -0.06449191
v -0.00423031 1.513E-05 -0.06446626
v -0.00431337 -0.00056205 -0.06438949
v -0.00439516 -0.00113041 -0.06426219
v -0.00447506 -0.00168563 -0.06408533
v -0.00455246 -0.00222347 -0.06386025
v -0.00462678 -0.00273985 -0.06358867
v -0.00469743 -0.00323084 -0.06327266
v -0.0047639 -0.0036927 -0.06291461
v -0.00482566 -0.00412191 -0.06251726
v -0.00488226 -0.00451521 -0.06208362
v -0.00493326 -0.00486961 -0.061617
v -0.00497828 -0.0051824 -0.06112096
v -0.00501696 -0.00545121 -0.06059926
v -0.00504902 -0.005674 -0.06005587
v -0.00507422 -0.00584906 -0.05949493
v -0.00509235 -0.00597506 -0.05892072
v -0.00510328 -0.00605104 -0.0583376
v -0.00510694 -0.00607644 -0.05775
v -0.00510328 -0.00605104 -0.0571624
v -0.00509235 -0.00597506 -0.05657928
v -0.00507422 -0.00584906 -0.05600506
v -0.00504902 -0.005674 -0.05544413
v -0.00501696 -0.00545121 -0.05490074
v -0.00497828 -0.0051824 -0.05437904
v -0.00493326 -0.00486961 -0.053883
v -0.00488226 -0.00451521 -0.05341638
v -0.00482566 -0.00412191 -0.05298275
v -0.0047639 -0.0036927 -0.05258539
v -0.00469743 -0.00323084 -0.05222735
v -0.00462678 -0.00273985 -0.05191133
v -0.00455246 -0.00222347 -0.05163975
v -0.00447506 -0.00168563 -0.05141467
v -0.00439516 -0.00113041 -0.05123781
v -0.00431337 -0.00056205 -0.05111051
v -0.00423031 1.513E-05 -0.05103374
v -0.00414661 0.00059673 -0.05100809
vn -0.01369 0.86594 0.49995
vn -0.06511 0.86378 0.49964
vn -0.06511 0.86378 0.49964
vn -0.14015 0.85482 0.49964
vn -0.21412 0.83935 0.49964
vn -0.21412 0.83935 0.49964
vn -0.28646 0.8175 0.49964
vn -0.28646 0.8175 0.49964
vn -0.35662 0.78942 0.49964
vn -0.35662 0.78942 0.49964
vn -0.42406 0.75533 0.49964
vn -0.42406 0.75533 0.49964
vn -0.48828 0.7155 0.49964
vn -0.48828 0.7155 0.49964
vn -0.54878 0.67022 0.49964
vn -0.54878 0.67022 0.49964
vn -0.60511 0.61984 0.49964
vn -0.60511 0.61984 0.49964
vn -0.65683 0.56474 0.49964
vn -0.65683 0.56474 0.49964
vn -0.70355 0.50535 0.49964
vn -0.70355 0.50535 0.49964
vn -0.74491 0.44211 0.49964
vn -0.74491 0.44211 0.49964
vn -0.78061 0.3755 0.49964
vn -0.78061 0.3755 0.49964
vn -0.81037 0.30604 0.49964
vn -0.81037 0.30604 0.49964
vn -0.83396 0.23424 0.49964
vn -0.83396 0.23424 0.49964
vn -0.8512 0.16067 0.49964
vn -0.8512 0.16067 0.49964
vn -0.86196 0.08587 0.49964
vn -0.86196 0.08587 0.49964
vn -0.86617 0.01042 0.49964
vn -0.86617 0.01042 0.49964
vn -0.86378 -0.06511 0.49964
vn -0.86378 -0.06511 0.49964
vn -0.85482 -0.14015 0.49964
vn -0.83935 -0.21412 0.49964
vn -0.83935 -0.21412 0.49964
vn -0.8175 -0.28646 0.49964
vn -0.8175 -0.28646 0.49964
vn -0.78942 -0.35662 0.49964
vn -0.78942 -0.35662 0.49964
vn -0.75533 -0.42406 0.49964
vn -0.75533 -0.42406 0.49964
vn -0.7155 -0.48828 0.49964
vn -0.7155 -0.48828 0.49964
vn -0.67022 -0.54878 0.49964
vn -0.67022 -0.54878 0.49964
vn -0.61984 -0.60511 0.49964
vn -0.61984 -0.60511 0.49964
vn -0.56474 -0.65683 0.49964
vn -0.56474 -0.65683 0.49964
vn -0.50535 -0.70355 0.49964
vn -0.50535 -0.70355 0.49964
vn -0.44211 -0.74491 0.49964
vn -0.44211 -0.74491 0.49964
vn -0.3755 -0.78061 0.49964
vn -0.3755 -0.78061 0.49964
vn -0.30604 -0.81037 0.49964
vn -0.30604 -0.81037 0.49964
vn -0.23424 -0.83396 0.49964
vn -0.23424 -0.83396 0.49964
vn -0.16067 -0.8512 0.49964
vn -0.16067 -0.8512 0.49964
vn -0.08587 -0.86196 0.49964
vn -0.08587 -0.86196 0.49964
vn -0.01042 -0.86617 0.49964
vn -0.01042 -0.86617 0.49964
vn 0.06511 -0.86378 0.49964
vn 0.06511 -0.86378 0.49964
vn 0.14015 -0.85482 0.49964
vn 0.21412 -0.83935 0.49964
vn 0.21412 -0.83935 0.49964
vn 0.28646 -0.8175 0.49964
vn 0.28646 -0.8175 0.49964
vn 0.35662 -0.78942 0.49964
vn 0.35662 -0.78942 0.49964
vn 0.42406 -0.75533 0.49964
vn 0.42406 -0.75533 0.49964
vn 0.48828 -0.7155 0.49964
vn 0.48828 -0.7155 0.49964
vn 0.54878 -0.67022 0.49964
vn 0.54878 -0.67022 0.49964
vn 0.60511 -0.61984 0.49964
vn 0.60511 -0.61984 0.49964
vn 0.65683 -0.56474 0.49964
vn 0.65683 -0.56474 0.49964
vn 0.70355 -0.50535 0.49964
vn 0.70355 -0.50535 0.49964
vn 0.74491 -0.44211 0.49964
vn 0.74491 -0.44211 0.49964
vn 0.78061 -0.3755 0.49964
vn 0.78061 -0.3755 0.49964
vn 0.81037 -0.30604 0.49964
vn 0.81037 -0.30604 0.49964
vn 0.83396 -0.23424 0.49964
vn 0.83396 -0.23424 0.49964
vn 0.8512 -0.16067 0.49964
vn 0.8512 -0.16067 0.49964
vn 0.86196 -0.08587 0.49964
vn 0.86196 -0.08587 0.49964
vn 0.86617 -0.01042 0.49964
vn 0.86617 -0.01042 0.49964
vn 0.86378 0.06511 0.49964
vn 0.86378 0.06511 0.49964
vn 0.85482 0.14015 0.49964
vn 0.83935 0.21412 0.49964
vn 0.83935 0.21412 0.49964
vn 0.8175 0.28646 0.49964
vn 0.8175 0.28646 0.49964
vn 0.78942 0.35662 0.49964
vn 0.78942 0.35662 0.49964
vn 0.75533 0.42406 0.49964
vn 0.75533 0.42406 0.49964
vn 0.7155 0.48828 0.49964
vn 0.7155 0.48828 0.49964
vn 0.67022 0.54878 0.49964
vn 0.67022 0.54878 0.49964
vn 0.61984 0.60511 0.49964
vn 0.61984 0.60511 0.49964
vn 0.56474 0.65683 0.49964
vn 0.56474 0.65683 0.49964
vn 0.50535 0.70355 0.49964
vn 0.50535 0.70355 0.49964
vn 0.44211 0.74491 0.49964
vn 0.44211 0.74491 0.49964
vn 0.3755 0.78061 0.49964
vn 0.3755 0.78061 0.49964
vn 0.30604 0.81037 0.49964
vn 0.30604 0.81037 0.49964
vn 0.23424 0.83396 0.49964
vn 0.23424 0.83396 0.49964
vn 0.16067 0.8512 0.49964
vn 0.16067 0.8512 0.49964
vn 0.08587 0.86196 0.49964
vn 0.08587 0.86196 0.49964
vn 0.0241 0.86577 0.49986
vn 0.01036 0.86125 0.50807
vn 0 0 1
vn -0.01203 -0.99993 0
vn 0.07517 -0.99717 0
vn 0.16179 -0.98682 0
vn 0.24718 -0.96897 0
vn 0.33069 -0.94374 0
vn 0.41169 -0.91133 0
vn 0.48955 -0.87198 0
vn 0.56368 -0.82599 0
vn 0.63353 -0.77372 0
vn 0.69855 -0.71556 0
vn 0.75826 -0.65195 0
vn 0.81219 -0.58339 0
vn 0.85995 -0.51038 0
vn 0.90116 -0.43349 0
vn 0.93551 -0.3533 0
vn 0.96274 -0.27042 0
vn 0.98265 -0.18548 0
vn 0.99507 -0.09913 0
vn 0.99993 -0.01203 0
vn 0.99717 0.07517 -0
vn 0.999 0.04479 0.00031
vn 0.99609 0.08833 -0
vn 0.98682 0.16179 -0
vn 0.96897 0.24718 -0
vn 0.94374 0.33069 -0
vn 0.91133 0.41169 -0
vn 0.87198 0.48955 -0
vn 0.82599 0.56368 -0
vn 0.77372 0.63353 -0
vn 0.71556 0.69855 -0
vn 0.65195 0.75826 -0
vn 0.58339 0.81219 -0
vn 0.51038 0.85995 -0
vn 0.43349 0.90116 -0
vn 0.3533 0.93551 -0
vn 0.27042 0.96274 -0
vn 0.18548 0.98265 -0
vn 0.09913 0.99507 -0
vn 0.02783 0.99961 0
vn 0.01203 0.99993 0.0001
vn -0.0158 0.99988 -0
vn -0.07517 0.99717 0
vn -0.16179 0.98682 0
vn -0.24718 0.96897 0
vn -0.33069 0.94374 0
vn -0.41169 0.91133 0
vn -0.48955 0.87198 0
vn -0.56368 0.82599 0
vn -0.63353 0.77372 0
vn -0.69855 0.71556 0
vn -0.75826 0.65195 0
vn -0.81219 0.58339 0
vn -0.85995 0.51038 0
vn -0.90116 0.43349 0
vn -0.93551 0.3533 0
vn -0.96274 0.27042 0
vn -0.98265 0.18548 0
vn -0.99507 0.09913 0
vn -0.99993 0.01203 0
vn -0.99717 -0.07517 0
vn -0.98682 -0.16179 0
vn -0.96897 -0.24718 0
vn -0.94374 -0.33069 0
vn -0.91133 -0.41169 0
vn -0.87198 -0.48955 0
vn -0.82599 -0.56368 0
vn -0.77372 -0.63353 0
vn -0.71556 -0.69855 0
vn -0.65195 -0.75826 0
vn -0.58339 -0.81219 0
vn -0.51038 -0.85995 0
vn -0.43349 -0.90116 0
vn -0.3533 -0.93551 0
vn -0.27042 -0.96274 0
vn -0.18548 -0.98265 0
vn -0.09913 -0.99507 0
vn -0.02783 -0.99961 0
vn 0.0158 -0.99988 -0.00029
vn 0.86806 0.06544 -0.49212
vn 0.86517 0.03879 -0.49997
vn 0.86617 -0.01042 -0.49964
vn 0.86617 -0.01042 -0.49964
vn 0.86196 -0.08587 -0.49964
vn 0.86196 -0.08587 -0.49964
vn 0.8512 -0.16067 -0.49964
vn 0.8512 -0.16067 -0.49964
vn 0.83396 -0.23424 -0.49964
vn 0.83396 -0.23424 -0.49964
vn 0.81037 -0.30604 -0.49964
vn 0.81037 -0.30604 -0.49964
vn 0.78061 -0.3755 -0.49964
vn 0.78061 -0.3755 -0.49964
vn 0.74491 -0.44211 -0.49964
vn 0.74491 -0.44211 -0.49964
vn 0.70355 -0.50535 -0.49964
vn 0.70355 -0.50535 -0.49964
vn 0.65683 -0.56474 -0.49964
vn 0.65683 -0.56474 -0.49964
vn 0.60511 -0.61984 -0.49964
vn 0.60511 -0.61984 -0.49964
vn 0.54878 -0.67022 -0.49964
vn 0.54878 -0.67022 -0.49964
vn 0.48828 -0.7155 -0.49964
vn 0.48828 -0.7155 -0.49964
vn 0.42406 -0.75533 -0.49964
vn 0.42406 -0.75533 -0.49964
vn 0.35662 -0.78942 -0.49964
vn 0.35662 -0.78942 -0.49964
vn 0.28646 -0.8175 -0.49964
vn 0.28646 -0.8175 -0.49964
vn 0.21412 -0.83935 -0.49964
vn 0.21412 -0.83935 -0.49964
vn 0.14015 -0.85482 -0.49964
vn 0.06511 -0.86378 -0.49964
vn 0.06511 -0.86378 -0.49964
vn 0.01369 -0.86594 -0.49995
vn -0.01036 -0.86125 -0.50807
vn 0.86274 0.0765 -0.49983
vn 0.85482 0.14015 -0.49964
vn 0.83935 0.21412 -0.49964
vn 0.83935 0.21412 -0.49964
vn 0.8175 0.28646 -0.49964
vn 0.8175 0.28646 -0.49964
vn 0.78942 0.35662 -0.49964
vn 0.78942 0.35662 -0.49964
vn 0.75533 0.42406 -0.49964
vn 0.75533 0.42406 -0.49964
vn 0.7155 0.48828 -0.49964
vn 0.7155 0.48828 -0.49964
vn 0.67022 0.54878 -0.49964
vn 0.67022 0.54878 -0.49964
vn 0.61984 0.60511 -0.49964
vn 0.61984 0.60511 -0.49964
vn 0.56474 0.65683 -0.49964
vn 0.56474 0.65683 -0.49964
vn 0.50535 0.70355 -0.49964
vn 0.50535 0.70355 -0.49964
vn 0.44211 0.74491 -0.49964
vn 0.44211 0.74491 -0.49964
vn 0.3755 0.78061 -0.49964
vn 0.3755 0.78061 -0.49964
vn 0.30604 0.81037 -0.49964
vn 0.30604 0.81037 -0.49964
vn 0.23424 0.83396 -0.49964
vn 0.23424 0.83396 -0.49964
vn 0.16067 0.8512 -0.49964
vn 0.16067 0.8512 -0.49964
vn 0.08587 0.86196 -0.49964
vn 0.08587 0.86196 -0.49964
vn 0.01042 0.86617 -0.49964
vn 0.01042 0.86617 -0.49964
vn -0.06511 0.86378 -0.49964
vn -0.06511 0.86378 -0.49964
vn -0.14015 0.85482 -0.49964
vn -0.21412 0.83935 -0.49964
vn -0.21412 0.83935 -0.49964
vn -0.28646 0.8175 -0.49964
vn -0.28646 0.8175 -0.49964
vn -0.35662 0.78942 -0.49964
vn -0.35662 0.78942 -0.49964
vn -0.42406 0.75533 -0.49964
vn -0.42406 0.75533 -0.49964
vn -0.48828 0.7155 -0.49964
vn -0.48828 0.7155 -0.49964
vn -0.54878 0.67022 -0.49964
vn -0.54878 0.67022 -0.49964
vn -0.60511 0.61984 -0.49964
vn -0.60511 0.61984 -0.49964
vn -0.65683 0.56474 -0.49964
vn -0.65683 0.56474 -0.49964
vn -0.70355 0.50535 -0.49964
vn -0.70355 0.50535 -0.49964
vn -0.74491 0.44211 -0.49964
vn -0.74491 0.44211 -0.49964
vn -0.78061 0.3755 -0.49964
vn -0.78061 0.3755 -0.49964
vn -0.81037 0.30604 -0.49964
vn -0.81037 0.30604 -0.49964
vn -0.83396 0.23424 -0.49964
vn -0.83396 0.23424 -0.49964
vn -0.8512 0.16067 -0.49964
vn -0.8512 0.16067 -0.49964
vn -0.86196 0.08587 -0.49964
vn -0.86196 0.08587 -0.49964
vn -0.86617 0.01042 -0.49964
vn -0.86617 0.01042 -0.49964
vn -0.86517 -0.03879 -0.49997
vn -0.86517 -0.03879 -0.49997
vn -0.86274 -0.0765 -0.49983
vn -0.86274 -0.0765 -0.49983
vn -0.85482 -0.14015 -0.49964
vn -0.83935 -0.21412 -0.49964
vn -0.83935 -0.21412 -0.49964
vn -0.8175 -0.28646 -0.49964
vn -0.8175 -0.28646 -0.49964
vn -0.78942 -0.35662 -0.49964
vn -0.78942 -0.35662 -0.49964
vn -0.75533 -0.42406 -0.49964
vn -0.75533 -0.42406 -0.49964
vn -0.7155 -0.48828 -0.49964
vn -0.7155 -0.48828 -0.49964
vn -0.67022 -0.54878 -0.49964
vn -0.67022 -0.54878 -0.49964
vn -0.61984 -0.60511 -0.49964
vn -0.61984 -0.60511 -0.49964
vn -0.56474 -0.65683 -0.49964
vn -0.56474 -0.65683 -0.49964
vn -0.50535 -0.70355 -0.49964
vn -0.50535 -0.70355 -0.49964
vn -0.44211 -0.74491 -0.49964
vn -0.44211 -0.74491 -0.49964
vn -0.3755 -0.78061 -0.49964
vn -0.3755 -0.78061 -0.49964
vn -0.30604 -0.81037 -0.49964
vn -0.30604 -0.81037 -0.49964
vn -0.23424 -0.83396 -0.49964
vn -0.23424 -0.83396 -0.49964
vn -0.16067 -0.8512 -0.49964
vn -0.16067 -0.8512 -0.49964
vn -0.08587 -0.86196 -0.49964
vn -0.08587 -0.86196 -0.49964
vn -0.0241 -0.86577 -0.49986
vn 0 -0 -1
vn 0.09913 0.99507 0
vn 0.01203 0.99993 -0
vn -0.07517 0.99717 -0
vn -0.16179 0.98682 -0
vn -0.24718 0.96897 -0
vn -0.33069 0.94374 -0
vn -0.41169 0.91132 -0
vn -0.48955 0.87198 -0
vn -0.56368 0.82599 -0
vn -0.63353 0.77372 -0
vn -0.69855 0.71556 -0
vn -0.75826 0.65195 -0
vn -0.85995 0.51038 -0
vn -0.93551 0.3533 -0
vn -0.96274 0.27042 -0
vn -0.98265 0.18548 -0
vn -0.99507 0.09913 -0
vn -0.99993 0.01203 -0
vn -0.99717 -0.07517 0
vn -0.98682 -0.16179 0
vn -0.96897 -0.24718 0
vn -0.94374 -0.33069 0
vn -0.91132 -0.41169 0
vn -0.87198 -0.48955 0
vn -0.82599 -0.56368 0
vn -0.77372 -0.63353 0
vn -0.71556 -0.69855 0
vn -0.65195 -0.75826 0
vn -0.51038 -0.85995 0
vn -0.3533 -0.93551 0
vn -0.27042 -0.96274 0
vn -0.18548 -0.98265 0
vn -0.09913 -0.99507 0
vn -0.01203 -0.99993 0
vn 0.07517 -0.99717 -0
vn 0.16179 -0.98682 -0
vn 0.24718 -0.96897 -0
vn 0.33069 -0.94374 -0
vn 0.41169 -0.91132 -0
vn 0.48955 -0.87198 -0
vn 0.56368 -0.82599 -0
vn 0.63353 -0.77372 -0
vn 0.69855 -0.71556 -0
vn 0.75826 -0.65195 -0
vn 0.85995 -0.51038 -0
vn 0.93551 -0.3533 -0
vn 0.96274 -0.27042 -0
vn 0.98265 -0.18548 -0
vn 0.99507 -0.09913 -0
vn 0.99993 -0.01203 -0
vn 0.99717 0.07517 -0
vn 0.98682 0.16179 -0
vn 0.96897 0.24718 -0
vn 0.94374 0.33069 -0
vn 0.91132 0.41169 -0
vn 0.87198 0.48955 -0
vn 0.82599 0.56368 -0
vn 0.77372 0.63353 -0
vn 0.71556 0.69855 -0
vn 0.65195 0.75826 -0
vn 0.51038 0.85995 -0
vn 0.3533 0.93551 -0
vn 0.27042 0.96274 -0
vn 0.18548 0.98265 -0
vn 0.56856 -0.07501 0.81921
vn 0.56856 -0.07502 0.81921
vn 0.57268 -0.14588 0.8067
vn 0.57268 -0.14588 0.8067
vn 0.57671 -0.21539 0.78804
vn 0.57671 -0.21539 0.78804
vn 0.58064 -0.28302 0.76338
vn 0.58064 -0.28302 0.76338
vn 0.58443 -0.34824 0.73292
vn 0.58443 -0.34824 0.73292
vn 0.58805 -0.41056 0.69688
vn 0.58805 -0.41056 0.69688
vn 0.59147 -0.46951 0.65553
vn 0.59147 -0.4695 0.65553
vn 0.59467 -0.52463 0.6092
vn 0.59467 -0.52464 0.6092
vn 0.59763 -0.57552 0.55823
vn 0.59763 -0.57552 0.55823
vn 0.60031 -0.62178 0.50301
vn 0.60032 -0.62177 0.50301
vn 0.60271 -0.66305 0.44396
vn 0.60271 -0.66305 0.44396
vn 0.6048 -0.69903 0.38153
vn 0.6048 -0.69903 0.38153
vn 0.60657 -0.72944 0.3162
vn 0.60657 -0.72944 0.3162
vn 0.608 -0.75406 0.24847
vn 0.608 -0.75406 0.24847
vn 0.60908 -0.77268 0.17884
vn 0.60908 -0.77268 0.17884
vn 0.6098 -0.78518 0.10785
vn 0.6098 -0.78518 0.10785
vn 0.61017 -0.79145 0.03604
vn 0.61017 -0.79145 0.03604
vn 0.61017 -0.79145 -0.03604
vn 0.61017 -0.79145 -0.03604
vn 0.6098 -0.78518 -0.10785
vn 0.60981 -0.78518 -0.10785
vn 0.60908 -0.77268 -0.17884
vn 0.60908 -0.77268 -0.17884
vn 0.608 -0.75406 -0.24847
vn 0.608 -0.75406 -0.24847
vn 0.60657 -0.72944 -0.3162
vn 0.60657 -0.72944 -0.3162
vn 0.6048 -0.69903 -0.38153
vn 0.6048 -0.69903 -0.38153
vn 0.60271 -0.66305 -0.44396
vn 0.60271 -0.66305 -0.44396
vn 0.60032 -0.62178 -0.50301
vn 0.60032 -0.62178 -0.50301
vn 0.59763 -0.57552 -0.55823
vn 0.59763 -0.57552 -0.55823
vn 0.59468 -0.52463 -0.6092
vn 0.59468 -0.52463 -0.6092
vn 0.59148 -0.4695 -0.65553
vn 0.59148 -0.4695 -0.65553
vn 0.58805 -0.41056 -0.69687
vn 0.58805 -0.41056 -0.69688
vn 0.58443 -0.34823 -0.73292
vn 0.58443 -0.34824 -0.73292
vn 0.58065 -0.28301 -0.76338
vn 0.58064 -0.28301 -0.76339
vn 0.57672 -0.21539 -0.78804
vn 0.57672 -0.21539 -0.78804
vn 0.57268 -0.14589 -0.80669
vn 0.57268 -0.14588 -0.8067
vn 0.56856 -0.07501 -0.81921
vn 0.56856 -0.07502 -0.81921
vn 0.5644 -0.00333 -0.82549
vn 0.5644 -0.00332 -0.8255
vn 0.56022 0.06864 -0.8255
vn 0.56022 0.06863 -0.82549
vn 0.55606 0.14032 -0.81921
vn 0.55606 0.14033 -0.81921
vn 0.55194 0.2112 -0.8067
vn 0.55194 0.2112 -0.80669
vn 0.54791 0.2807 -0.78804
vn 0.54791 0.28071 -0.78804
vn 0.54398 0.34833 -0.76338
vn 0.54398 0.34832 -0.76338
vn 0.54019 0.41354 -0.73292
vn 0.54019 0.41355 -0.73292
vn 0.53657 0.47588 -0.69688
vn 0.53657 0.47587 -0.69688
vn 0.53315 0.53481 -0.65553
vn 0.53315 0.53482 -0.65553
vn 0.52995 0.58994 -0.6092
vn 0.52995 0.58995 -0.6092
vn 0.52699 0.64083 -0.55823
vn 0.52699 0.64083 -0.55823
vn 0.5243 0.68709 -0.50301
vn 0.5243 0.68709 -0.50301
vn 0.52191 0.72836 -0.44396
vn 0.52191 0.72836 -0.44396
vn 0.51982 0.76434 -0.38153
vn 0.51982 0.76434 -0.38153
vn 0.51805 0.79476 -0.3162
vn 0.51805 0.79476 -0.3162
vn 0.51662 0.81937 -0.24847
vn 0.51662 0.81937 -0.24847
vn 0.51554 0.838 -0.17884
vn 0.51554 0.83799 -0.17884
vn 0.51481 0.85049 -0.10785
vn 0.51481 0.85049 -0.10785
vn 0.51445 0.85676 -0.03604
vn 0.51445 0.85676 -0.03604
vn 0.51445 0.85676 0.03604
vn 0.51445 0.85676 0.03604
vn 0.51481 0.85049 0.10785
vn 0.51481 0.85049 0.10785
vn 0.51554 0.838 0.17884
vn 0.51554 0.83799 0.17884
vn 0.51662 0.81937 0.24847
vn 0.51662 0.81937 0.24847
vn 0.51805 0.79476 0.3162
vn 0.51805 0.79476 0.3162
vn 0.51982 0.76434 0.38153
vn 0.51982 0.76434 0.38154
vn 0.52191 0.72836 0.44396
vn 0.52191 0.72836 0.44396
vn 0.5243 0.68709 0.50301
vn 0.5243 0.68709 0.50301
vn 0.52699 0.64083 0.55823
vn 0.52699 0.64083 0.55823
vn 0.52994 0.58995 0.6092
vn 0.52994 0.58995 0.6092
vn 0.53315 0.53482 0.65553
vn 0.53314 0.53482 0.65554
vn 0.53657 0.47587 0.69688
vn 0.53657 0.47587 0.69688
vn 0.54019 0.41355 0.73292
vn 0.54019 0.41355 0.73292
vn 0.54398 0.34833 0.76338
vn 0.54398 0.34833 0.76339
vn 0.5479 0.28071 0.78804
vn 0.5479 0.28071 0.78804
vn 0.55194 0.2112 0.8067
vn 0.55194 0.2112 0.8067
vn 0.55606 0.14032 0.81921
vn 0.55606 0.14033 0.81921
vn 0.56022 0.06864 0.82549
vn 0.56022 0.06863 0.8255
vn 0.5644 -0.00333 0.8255
vn 0.5644 -0.00332 0.82549
vn 0.4964 -0.0851 0.86391
vn 0.49641 -0.0851 0.86391
vn 0.50075 -0.15984 0.85071
vn 0.50075 -0.15983 0.85071
vn 0.505 -0.23314 0.83103
vn 0.505 -0.23314 0.83103
vn 0.50914 -0.30445 0.80503
vn 0.50914 -0.30445 0.80504
vn 0.51314 -0.37323 0.77291
vn 0.51314 -0.37323 0.77291
vn 0.51696 -0.43895 0.7349
vn 0.51696 -0.43895 0.7349
vn 0.52057 -0.50111 0.6913
vn 0.52056 -0.50112 0.6913
vn 0.52394 -0.55925 0.64244
vn 0.52394 -0.55925 0.64244
vn 0.52706 -0.61291 0.58868
vn 0.52706 -0.61291 0.58869
vn 0.52989 -0.66169 0.53045
vn 0.52989 -0.66169 0.53045
vn 0.53242 -0.70522 0.46818
vn 0.53242 -0.70522 0.46818
vn 0.53462 -0.74316 0.40235
vn 0.53462 -0.74316 0.40235
vn 0.53648 -0.77524 0.33346
vn 0.53648 -0.77524 0.33346
vn 0.53799 -0.80119 0.26202
vn 0.53799 -0.80119 0.26202
vn 0.53913 -0.82083 0.1886
vn 0.53913 -0.82083 0.1886
vn 0.5399 -0.83401 0.11374
vn 0.5399 -0.83401 0.11374
vn 0.54028 -0.84062 0.03801
vn 0.54028 -0.84062 0.03801
vn 0.54028 -0.84062 -0.03801
vn 0.54028 -0.84062 -0.03801
vn 0.5399 -0.83401 -0.11373
vn 0.5399 -0.83401 -0.11374
vn 0.53913 -0.82083 -0.1886
vn 0.53913 -0.82083 -0.1886
vn 0.53799 -0.80119 -0.26202
vn 0.53799 -0.80119 -0.26202
vn 0.53648 -0.77524 -0.33346
vn 0.53648 -0.77524 -0.33346
vn 0.53462 -0.74316 -0.40235
vn 0.53462 -0.74316 -0.40235
vn 0.53242 -0.70522 -0.46818
vn 0.53242 -0.70522 -0.46818
vn 0.52989 -0.66169 -0.53045
vn 0.52989 -0.66169 -0.53045
vn 0.52706 -0.61291 -0.58869
vn 0.52706 -0.61291 -0.58869
vn 0.52394 -0.55925 -0.64244
vn 0.52394 -0.55925 -0.64244
vn 0.52056 -0.50112 -0.6913
vn 0.52056 -0.50112 -0.6913
vn 0.51695 -0.43895 -0.7349
vn 0.51696 -0.43895 -0.7349
vn 0.51314 -0.37323 -0.77291
vn 0.51313 -0.37322 -0.77292
vn 0.50914 -0.30445 -0.80504
vn 0.50914 -0.30445 -0.80503
vn 0.505 -0.23314 -0.83103
vn 0.505 -0.23313 -0.83104
vn 0.50074 -0.15984 -0.85071
vn 0.50075 -0.15984 -0.85071
vn 0.49641 -0.0851 -0.86391
vn 0.4964 -0.0851 -0.86391
vn 0.49201 -0.00949 -0.87054
vn 0.49202 -0.0095 -0.87053
vn 0.48761 0.06639 -0.87053
vn 0.48761 0.06639 -0.87054
vn 0.48321 0.14199 -0.86391
vn 0.48322 0.14199 -0.86391
vn 0.47888 0.21673 -0.85071
vn 0.47887 0.21673 -0.85071
vn 0.47462 0.29003 -0.83104
vn 0.47462 0.29003 -0.83104
vn 0.47048 0.36134 -0.80504
vn 0.47047 0.36134 -0.80504
vn 0.46648 0.43012 -0.77291
vn 0.46649 0.43011 -0.77291
vn 0.46267 0.49584 -0.7349
vn 0.46267 0.49585 -0.7349
vn 0.45906 0.55801 -0.6913
vn 0.45905 0.55801 -0.6913
vn 0.45568 0.61614 -0.64244
vn 0.45568 0.61614 -0.64244
vn 0.45256 0.6698 -0.58869
vn 0.45256 0.6698 -0.58869
vn 0.44973 0.71858 -0.53045
vn 0.44973 0.71858 -0.53045
vn 0.4472 0.76211 -0.46818
vn 0.44721 0.76211 -0.46818
vn 0.445 0.80005 -0.40235
vn 0.445 0.80006 -0.40235
vn 0.44314 0.83213 -0.33346
vn 0.44314 0.83213 -0.33346
vn 0.44163 0.85808 -0.26202
vn 0.44163 0.85808 -0.26202
vn 0.44049 0.87772 -0.1886
vn 0.44049 0.87772 -0.1886
vn 0.43972 0.8909 -0.11374
vn 0.43972 0.8909 -0.11374
vn 0.43934 0.89752 -0.03801
vn 0.43934 0.89752 -0.03801
vn 0.43934 0.89752 0.03801
vn 0.43934 0.89752 0.03801
vn 0.43972 0.8909 0.11374
vn 0.43972 0.8909 0.11374
vn 0.44049 0.87772 0.1886
vn 0.44049 0.87772 0.1886
vn 0.44163 0.85808 0.26202
vn 0.44163 0.85808 0.26202
vn 0.44314 0.83213 0.33346
vn 0.44314 0.83213 0.33346
vn 0.445 0.80005 0.40235
vn 0.445 0.80005 0.40235
vn 0.4472 0.76211 0.46818
vn 0.4472 0.76211 0.46818
vn 0.44973 0.71858 0.53045
vn 0.44973 0.71858 0.53045
vn 0.45257 0.6698 0.58868
vn 0.45256 0.6698 0.58869
vn 0.45568 0.61614 0.64244
vn 0.45568 0.61614 0.64244
vn 0.45906 0.55801 0.6913
vn 0.45906 0.55801 0.6913
vn 0.46267 0.49584 0.7349
vn 0.46267 0.49584 0.7349
vn 0.46649 0.43012 0.77291
vn 0.46648 0.43012 0.77291
vn 0.47048 0.36134 0.80504
vn 0.47048 0.36134 0.80503
vn 0.47462 0.29003 0.83103
vn 0.47462 0.29003 0.83103
vn 0.47888 0.21673 0.85071
vn 0.47888 0.21673 0.85071
vn 0.48322 0.14199 0.86391
vn 0.48322 0.14199 0.86391
vn 0.48761 0.06639 0.87054
vn 0.48761 0.06639 0.87053
vn 0.49202 -0.00949 0.87053
vn 0.49201 -0.0095 0.87054
vn 0.42063 -0.09456 0.90229
vn 0.42063 -0.09456 0.90229
vn 0.42516 -0.17262 0.8885
vn 0.42516 -0.17262 0.8885
vn 0.42961 -0.24918 0.86795
vn 0.42961 -0.24917 0.86795
vn 0.43394 -0.32366 0.8408
vn 0.43811 -0.39549 0.80725
vn 0.43811 -0.39549 0.80725
vn 0.4421 -0.46413 0.76755
vn 0.44209 -0.46413 0.76755
vn 0.44586 -0.52906 0.72201
vn 0.44587 -0.52906 0.72201
vn 0.44939 -0.58978 0.67098
vn 0.44939 -0.58978 0.67098
vn 0.45265 -0.64582 0.61484
vn 0.45265 -0.64582 0.61484
vn 0.4556 -0.69677 0.55402
vn 0.45561 -0.69677 0.55402
vn 0.45825 -0.74223 0.48898
vn 0.45825 -0.74223 0.48898
vn 0.46055 -0.78186 0.42023
vn 0.46055 -0.78186 0.42023
vn 0.46249 -0.81536 0.34827
vn 0.46249 -0.81536 0.34827
vn 0.46407 -0.84247 0.27367
vn 0.46407 -0.84247 0.27367
vn 0.46526 -0.86298 0.19698
vn 0.46526 -0.86298 0.19698
vn 0.46606 -0.87674 0.11879
vn 0.46606 -0.87674 0.11879
vn 0.46646 -0.88365 0.0397
vn 0.46646 -0.88365 0.0397
vn 0.46646 -0.88365 -0.0397
vn 0.46646 -0.88365 -0.0397
vn 0.46606 -0.87674 -0.11879
vn 0.46606 -0.87674 -0.11879
vn 0.46526 -0.86298 -0.19698
vn 0.46526 -0.86298 -0.19698
vn 0.46407 -0.84247 -0.27367
vn 0.46407 -0.84247 -0.27366
vn 0.46249 -0.81536 -0.34827
vn 0.46249 -0.81536 -0.34827
vn 0.46055 -0.78186 -0.42023
vn 0.46055 -0.78186 -0.42023
vn 0.45824 -0.74223 -0.48898
vn 0.45825 -0.74223 -0.48898
vn 0.45561 -0.69677 -0.55402
vn 0.4556 -0.69677 -0.55402
vn 0.45265 -0.64582 -0.61484
vn 0.45265 -0.64582 -0.61484
vn 0.4494 -0.58977 -0.67098
vn 0.4494 -0.58977 -0.67098
vn 0.44587 -0.52906 -0.72201
vn 0.44586 -0.52906 -0.72201
vn 0.44209 -0.46414 -0.76755
vn 0.44209 -0.46414 -0.76755
vn 0.43811 -0.39549 -0.80725
vn 0.43811 -0.39549 -0.80724
vn 0.43394 -0.32366 -0.8408
vn 0.43394 -0.32365 -0.8408
vn 0.42961 -0.24917 -0.86796
vn 0.42961 -0.24917 -0.86796
vn 0.42516 -0.17262 -0.8885
vn 0.42516 -0.17262 -0.88851
vn 0.42063 -0.09456 -0.90229
vn 0.42063 -0.09457 -0.90229
vn 0.41605 -0.01561 -0.90921
vn 0.41604 -0.0156 -0.90921
vn 0.41144 0.06366 -0.90921
vn 0.41145 0.06365 -0.90921
vn 0.40686 0.14261 -0.90229
vn 0.40685 0.14262 -0.90229
vn 0.40232 0.22068 -0.8885
vn 0.40232 0.22067 -0.8885
vn 0.39788 0.29723 -0.86796
vn 0.39788 0.29723 -0.86796
vn 0.39355 0.37172 -0.8408
vn 0.39356 0.37171 -0.8408
vn 0.38939 0.44354 -0.80725
vn 0.38938 0.44355 -0.80725
vn 0.38539 0.51219 -0.76755
vn 0.38539 0.51219 -0.76755
vn 0.38162 0.57712 -0.72201
vn 0.38163 0.57711 -0.72201
vn 0.3781 0.63783 -0.67098
vn 0.3781 0.63783 -0.67098
vn 0.37485 0.69387 -0.61484
vn 0.37484 0.69388 -0.61484
vn 0.37188 0.74483 -0.55402
vn 0.37189 0.74482 -0.55402
vn 0.36925 0.79029 -0.48898
vn 0.36924 0.79029 -0.48898
vn 0.36694 0.82992 -0.42023
vn 0.36694 0.82992 -0.42023
vn 0.365 0.86341 -0.34827
vn 0.365 0.86341 -0.34827
vn 0.36342 0.89052 -0.27366
vn 0.36342 0.89052 -0.27366
vn 0.36223 0.91104 -0.19698
vn 0.36223 0.91104 -0.19698
vn 0.36143 0.9248 -0.11879
vn 0.36143 0.9248 -0.11879
vn 0.36103 0.93171 -0.0397
vn 0.36103 0.93171 -0.0397
vn 0.36103 0.93171 0.0397
vn 0.36103 0.93171 0.0397
vn 0.36143 0.9248 0.11879
vn 0.36143 0.9248 0.11879
vn 0.36223 0.91104 0.19698
vn 0.36223 0.91104 0.19698
vn 0.36342 0.89052 0.27366
vn 0.36342 0.89052 0.27367
vn 0.365 0.86341 0.34827
vn 0.365 0.86341 0.34827
vn 0.36694 0.82992 0.42023
vn 0.36694 0.82992 0.42023
vn 0.36925 0.79029 0.48898
vn 0.36925 0.79029 0.48898
vn 0.37189 0.74483 0.55402
vn 0.37188 0.74483 0.55402
vn 0.37484 0.69388 0.61484
vn 0.37484 0.69388 0.61484
vn 0.3781 0.63783 0.67098
vn 0.3781 0.63783 0.67098
vn 0.38163 0.57712 0.72201
vn 0.38162 0.57712 0.72201
vn 0.38539 0.51219 0.76755
vn 0.3854 0.51219 0.76755
vn 0.38938 0.44355 0.80725
vn 0.38938 0.44354 0.80725
vn 0.39355 0.37172 0.8408
vn 0.39355 0.37172 0.8408
vn 0.39788 0.29723 0.86795
vn 0.39788 0.29723 0.86796
vn 0.40232 0.22067 0.8885
vn 0.40232 0.22067 0.8885
vn 0.40686 0.14261 0.90229
vn 0.40686 0.14262 0.90229
vn 0.41145 0.06366 0.90921
vn 0.41144 0.06365 0.90921
vn 0.41605 -0.0156 0.90921
vn 0.41605 -0.0156 0.90921
vn 0.3418 -0.10333 0.93408
vn 0.3418 -0.10333 0.93408
vn 0.34649 -0.18414 0.9198
vn 0.34649 -0.18414 0.9198
vn 0.35109 -0.26339 0.89853
vn 0.35109 -0.26339 0.89853
vn 0.35557 -0.3405 0.87042
vn 0.35557 -0.3405 0.87042
vn 0.35989 -0.41486 0.83569
vn 0.35989 -0.41486 0.83568
vn 0.36402 -0.48592 0.79459
vn 0.36402 -0.48592 0.79459
vn 0.36792 -0.55314 0.74745
vn 0.36792 -0.55314 0.74744
vn 0.37157 -0.61599 0.69462
vn 0.37157 -0.61599 0.69462
vn 0.37494 -0.67401 0.6365
vn 0.37494 -0.67401 0.6365
vn 0.378 -0.72675 0.57354
vn 0.378 -0.72675 0.57354
vn 0.38073 -0.77382 0.50621
vn 0.38073 -0.77382 0.50621
vn 0.38312 -0.81484 0.43503
vn 0.38312 -0.81484 0.43503
vn 0.38513 -0.84952 0.36054
vn 0.38513 -0.84952 0.36054
vn 0.38676 -0.87758 0.28331
vn 0.38676 -0.87758 0.28331
vn 0.388 -0.89882 0.20392
vn 0.38799 -0.89882 0.20392
vn 0.38882 -0.91307 0.12297
vn 0.38882 -0.91307 0.12297
vn 0.38924 -0.92022 0.0411
vn 0.38924 -0.92022 0.0411
vn 0.38924 -0.92022 -0.0411
vn 0.38924 -0.92022 -0.0411
vn 0.38882 -0.91307 -0.12297
vn 0.38882 -0.91307 -0.12297
vn 0.38799 -0.89882 -0.20392
vn 0.388 -0.89882 -0.20392
vn 0.38676 -0.87758 -0.2833
vn 0.38676 -0.87758 -0.28331
vn 0.38513 -0.84952 -0.36054
vn 0.38513 -0.84952 -0.36054
vn 0.38312 -0.81484 -0.43503
vn 0.38312 -0.81484 -0.43503
vn 0.38074 -0.77382 -0.50621
vn 0.38073 -0.77382 -0.50621
vn 0.378 -0.72675 -0.57354
vn 0.378 -0.72675 -0.57354
vn 0.37494 -0.67401 -0.6365
vn 0.37494 -0.67401 -0.6365
vn 0.37157 -0.61599 -0.69462
vn 0.37157 -0.61599 -0.69462
vn 0.36792 -0.55313 -0.74745
vn 0.36792 -0.55314 -0.74744
vn 0.36402 -0.48592 -0.79459
vn 0.36401 -0.48592 -0.79459
vn 0.35989 -0.41487 -0.83569
vn 0.35988 -0.41486 -0.83569
vn 0.35556 -0.3405 -0.87042
vn 0.35557 -0.3405 -0.87042
vn 0.35109 -0.26339 -0.89853
vn 0.35109 -0.26339 -0.89853
vn 0.34649 -0.18414 -0.9198
vn 0.3465 -0.18414 -0.9198
vn 0.34181 -0.10334 -0.93407
vn 0.3418 -0.10333 -0.93408
vn 0.33705 -0.02159 -0.94124
vn 0.33706 -0.02159 -0.94124
vn 0.33229 0.06046 -0.94124
vn 0.33228 0.06047 -0.94124
vn 0.32754 0.14221 -0.93408
vn 0.32755 0.1422 -0.93407
vn 0.32285 0.22301 -0.9198
vn 0.32284 0.22302 -0.9198
vn 0.31824 0.30226 -0.89853
vn 0.31824 0.30226 -0.89853
vn 0.31376 0.37937 -0.87042
vn 0.31376 0.37937 -0.87042
vn 0.30944 0.45374 -0.83569
vn 0.30944 0.45373 -0.83569
vn 0.30531 0.5248 -0.79459
vn 0.30532 0.52479 -0.79459
vn 0.30142 0.592 -0.74745
vn 0.30141 0.59201 -0.74745
vn 0.29776 0.65486 -0.69462
vn 0.29776 0.65486 -0.69462
vn 0.2944 0.71288 -0.6365
vn 0.29439 0.71288 -0.6365
vn 0.29133 0.76563 -0.57354
vn 0.29133 0.76563 -0.57354
vn 0.2886 0.81269 -0.50621
vn 0.2886 0.81269 -0.50621
vn 0.28622 0.85371 -0.43503
vn 0.28622 0.85371 -0.43503
vn 0.2842 0.88839 -0.36054
vn 0.2842 0.88839 -0.36054
vn 0.28257 0.91646 -0.2833
vn 0.28257 0.91646 -0.28331
vn 0.28134 0.93769 -0.20392
vn 0.28134 0.93769 -0.20392
vn 0.28051 0.95194 -0.12297
vn 0.28051 0.95194 -0.12297
vn 0.2801 0.95909 -0.0411
vn 0.2801 0.95909 -0.0411
vn 0.2801 0.95909 0.0411
vn 0.2801 0.95909 0.0411
vn 0.28051 0.95194 0.12297
vn 0.28051 0.95194 0.12297
vn 0.28134 0.93769 0.20392
vn 0.28134 0.93769 0.20392
vn 0.28257 0.91646 0.28331
vn 0.28257 0.91646 0.28331
vn 0.2842 0.88839 0.36054
vn 0.2842 0.88839 0.36054
vn 0.28622 0.85371 0.43503
vn 0.28622 0.85371 0.43503
vn 0.2886 0.81269 0.50621
vn 0.2886 0.81269 0.50621
vn 0.29133 0.76563 0.57354
vn 0.29133 0.76563 0.57354
vn 0.29439 0.71288 0.6365
vn 0.2944 0.71288 0.6365
vn 0.29776 0.65486 0.69462
vn 0.29777 0.65486 0.69462
vn 0.30142 0.59201 0.74745
vn 0.30142 0.59201 0.74744
vn 0.30532 0.5248 0.79459
vn 0.30532 0.52479 0.79459
vn 0.30945 0.45373 0.83569
vn 0.30945 0.45373 0.83568
vn 0.31377 0.37937 0.87042
vn 0.31376 0.37937 0.87042
vn 0.31824 0.30226 0.89853
vn 0.31824 0.30227 0.89853
vn 0.32285 0.22301 0.9198
vn 0.32284 0.22301 0.9198
vn 0.32754 0.1422 0.93408
vn 0.32754 0.1422 0.93408
vn 0.33228 0.06046 0.94124
vn 0.33229 0.06046 0.94124
vn 0.33705 -0.02159 0.94124
vn 0.33705 -0.02159 0.94124
vn 0.26048 -0.11135 0.95904
vn 0.26047 -0.11135 0.95904
vn 0.26529 -0.19431 0.94439
vn 0.26529 -0.19431 0.94439
vn 0.27002 -0.27569 0.92254
vn 0.27002 -0.27569 0.92254
vn 0.27462 -0.35485 0.89368
vn 0.27462 -0.35485 0.89368
vn 0.27905 -0.4312 0.85802
vn 0.27905 -0.4312 0.85802
vn 0.28329 -0.50416 0.81582
vn 0.28328 -0.50416 0.81582
vn 0.28729 -0.57317 0.76742
vn 0.2873 -0.57317 0.76742
vn 0.29104 -0.63771 0.71318
vn 0.29105 -0.63771 0.71318
vn 0.2945 -0.69728 0.65351
vn 0.2945 -0.69728 0.65351
vn 0.29765 -0.75143 0.58886
vn 0.29765 -0.75143 0.58886
vn 0.30045 -0.79975 0.51974
vn 0.30045 -0.79975 0.51974
vn 0.3029 -0.84187 0.44666
vn 0.3029 -0.84187 0.44666
vn 0.30497 -0.87748 0.37017
vn 0.30497 -0.87748 0.37018
vn 0.30664 -0.90629 0.29088
vn 0.30664 -0.90629 0.29088
vn 0.30791 -0.92809 0.20937
vn 0.30791 -0.9281 0.20936
vn 0.30876 -0.94272 0.12626
vn 0.30876 -0.94272 0.12626
vn 0.30918 -0.95007 0.04219
vn 0.30918 -0.95007 0.04219
vn 0.30918 -0.95007 -0.04219
vn 0.30918 -0.95007 -0.04219
vn 0.30876 -0.94272 -0.12626
vn 0.30876 -0.94272 -0.12626
vn 0.30791 -0.92809 -0.20937
vn 0.30791 -0.92809 -0.20936
vn 0.30664 -0.90629 -0.29088
vn 0.30664 -0.90629 -0.29088
vn 0.30497 -0.87748 -0.37018
vn 0.30497 -0.87748 -0.37018
vn 0.3029 -0.84187 -0.44666
vn 0.3029 -0.84187 -0.44666
vn 0.30045 -0.79975 -0.51974
vn 0.30045 -0.79975 -0.51974
vn 0.29765 -0.75143 -0.58886
vn 0.29765 -0.75143 -0.58886
vn 0.29451 -0.69728 -0.65351
vn 0.2945 -0.69727 -0.65351
vn 0.29104 -0.63771 -0.71318
vn 0.29105 -0.63771 -0.71317
vn 0.2873 -0.57317 -0.76742
vn 0.28729 -0.57317 -0.76743
vn 0.28328 -0.50416 -0.81583
vn 0.28329 -0.50416 -0.81583
vn 0.27905 -0.4312 -0.85802
vn 0.27905 -0.43121 -0.85801
vn 0.27462 -0.35485 -0.89368
vn 0.27461 -0.35485 -0.89368
vn 0.27001 -0.27568 -0.92255
vn 0.27002 -0.27569 -0.92254
vn 0.26529 -0.19432 -0.94438
vn 0.26529 -0.19431 -0.94439
vn 0.26047 -0.11134 -0.95904
vn 0.26048 -0.11135 -0.95904
vn 0.2556 -0.02742 -0.96639
vn 0.2556 -0.02742 -0.96639
vn 0.25071 0.05683 -0.96639
vn 0.25071 0.05683 -0.96639
vn 0.24584 0.14074 -0.95904
vn 0.24583 0.14075 -0.95904
vn 0.24101 0.22372 -0.94438
vn 0.24102 0.22372 -0.94438
vn 0.23629 0.30508 -0.92255
vn 0.23629 0.30509 -0.92255
vn 0.23169 0.38426 -0.89368
vn 0.2317 0.38425 -0.89368
vn 0.22726 0.46061 -0.85802
vn 0.22726 0.46061 -0.85802
vn 0.22302 0.53356 -0.81583
vn 0.22302 0.53356 -0.81583
vn 0.21901 0.60258 -0.76742
vn 0.21902 0.60257 -0.76742
vn 0.21527 0.66711 -0.71318
vn 0.21526 0.66712 -0.71318
vn 0.2118 0.72668 -0.65351
vn 0.21181 0.72668 -0.65351
vn 0.20866 0.78083 -0.58886
vn 0.20866 0.78084 -0.58886
vn 0.20585 0.82915 -0.51974
vn 0.20585 0.82915 -0.51974
vn 0.20341 0.87128 -0.44666
vn 0.20341 0.87128 -0.44666
vn 0.20134 0.90688 -0.37018
vn 0.20134 0.90688 -0.37018
vn 0.19967 0.93569 -0.29088
vn 0.19967 0.93569 -0.29088
vn 0.1984 0.9575 -0.20937
vn 0.1984 0.9575 -0.20936
vn 0.19755 0.97213 -0.12626
vn 0.19755 0.97213 -0.12626
vn 0.19712 0.97947 -0.04219
vn 0.19712 0.97947 -0.04219
vn 0.19712 0.97947 0.04219
vn 0.19713 0.97947 0.04219
vn 0.19755 0.97213 0.12626
vn 0.19755 0.97213 0.12626
vn 0.1984 0.9575 0.20937
vn 0.1984 0.9575 0.20936
vn 0.19967 0.93569 0.29088
vn 0.19967 0.93569 0.29088
vn 0.20134 0.90688 0.37017
vn 0.20134 0.90688 0.37018
vn 0.20341 0.87128 0.44666
vn 0.20341 0.87128 0.44666
vn 0.20586 0.82915 0.51974
vn 0.20585 0.82915 0.51974
vn 0.20866 0.78083 0.58886
vn 0.20866 0.78083 0.58886
vn 0.21181 0.72668 0.65351
vn 0.21181 0.72668 0.65351
vn 0.21527 0.66711 0.71318
vn 0.21527 0.66711 0.71318
vn 0.21901 0.60258 0.76742
vn 0.21901 0.60257 0.76742
vn 0.22302 0.53357 0.81582
vn 0.22302 0.53357 0.81582
vn 0.22726 0.46061 0.85802
vn 0.22726 0.46061 0.85802
vn 0.23169 0.38425 0.89368
vn 0.23169 0.38425 0.89368
vn 0.23629 0.30509 0.92254
vn 0.23629 0.30509 0.92254
vn 0.24102 0.22371 0.94439
vn 0.24101 0.22371 0.94439
vn 0.24583 0.14075 0.95904
vn 0.24584 0.14075 0.95904
vn 0.25071 0.05682 0.96639
vn 0.25071 0.05682 0.96639
vn 0.2556 -0.02742 0.96639
vn 0.2556 -0.02742 0.96639
vn 0.17726 -0.11855 0.977
vn 0.17726 -0.11855 0.977
vn 0.18216 -0.20306 0.96207
vn 0.18216 -0.20307 0.96207
vn 0.18698 -0.28596 0.93982
vn 0.18698 -0.28597 0.93982
vn 0.19166 -0.36661 0.91042
vn 0.19166 -0.36661 0.91042
vn 0.19618 -0.44439 0.87409
vn 0.19618 -0.4444 0.87409
vn 0.20049 -0.51872 0.8311
vn 0.2005 -0.51872 0.8311
vn 0.20458 -0.58902 0.78179
vn 0.20458 -0.58902 0.78179
vn 0.2084 -0.65476 0.72654
vn 0.2084 -0.65476 0.72654
vn 0.21192 -0.71545 0.66575
vn 0.21192 -0.71545 0.66575
vn 0.21513 -0.77062 0.59989
vn 0.21513 -0.77062 0.59989
vn 0.21799 -0.81984 0.52947
vn 0.21798 -0.81985 0.52947
vn 0.22048 -0.86276 0.45502
vn 0.22048 -0.86275 0.45502
vn 0.22258 -0.89903 0.37711
vn 0.22258 -0.89903 0.37711
vn 0.22429 -0.92838 0.29632
vn 0.22429 -0.92838 0.29632
vn 0.22558 -0.95059 0.21329
vn 0.22558 -0.95059 0.21329
vn 0.22644 -0.96549 0.12862
vn 0.22644 -0.96549 0.12862
vn 0.22688 -0.97297 0.04298
vn 0.22688 -0.97297 0.04298
vn 0.22688 -0.97297 -0.04298
vn 0.22688 -0.97297 -0.04298
vn 0.22644 -0.96549 -0.12862
vn 0.22644 -0.96549 -0.12862
vn 0.22558 -0.95059 -0.21329
vn 0.22558 -0.95059 -0.21329
vn 0.22429 -0.92838 -0.29632
vn 0.22429 -0.92838 -0.29632
vn 0.22258 -0.89903 -0.37711
vn 0.22258 -0.89903 -0.37711
vn 0.22048 -0.86276 -0.45502
vn 0.22048 -0.86276 -0.45502
vn 0.21799 -0.81984 -0.52947
vn 0.21799 -0.81984 -0.52947
vn 0.21513 -0.77062 -0.59989
vn 0.21513 -0.77062 -0.59989
vn 0.21192 -0.71545 -0.66575
vn 0.21192 -0.71545 -0.66575
vn 0.2084 -0.65477 -0.72653
vn 0.20839 -0.65476 -0.72654
vn 0.20457 -0.58902 -0.7818
vn 0.20459 -0.58903 -0.78179
vn 0.2005 -0.51872 -0.8311
vn 0.2005 -0.51872 -0.8311
vn 0.19619 -0.4444 -0.87408
vn 0.19618 -0.44439 -0.87409
vn 0.19166 -0.36661 -0.91042
vn 0.19166 -0.36661 -0.91042
vn 0.18698 -0.28596 -0.93982
vn 0.18698 -0.28597 -0.93982
vn 0.18217 -0.20307 -0.96207
vn 0.18217 -0.20307 -0.96207
vn 0.17726 -0.11855 -0.977
vn 0.17725 -0.11854 -0.977
vn 0.17229 -0.03305 -0.98449
vn 0.17229 -0.03305 -0.98449
vn 0.16731 0.05278 -0.98449
vn 0.16731 0.05278 -0.98449
vn 0.16234 0.13827 -0.977
vn 0.16235 0.13827 -0.977
vn 0.15744 0.22279 -0.96207
vn 0.15744 0.22279 -0.96207
vn 0.15262 0.30569 -0.93982
vn 0.15262 0.30569 -0.93982
vn 0.14794 0.38633 -0.91042
vn 0.14794 0.38633 -0.91042
vn 0.14342 0.46412 -0.87408
vn 0.14342 0.46411 -0.87409
vn 0.13911 0.53844 -0.8311
vn 0.13911 0.53844 -0.8311
vn 0.13503 0.60874 -0.7818
vn 0.13501 0.60875 -0.78179
vn 0.1312 0.67449 -0.72653
vn 0.1312 0.67449 -0.72654
vn 0.12768 0.73517 -0.66575
vn 0.12768 0.73517 -0.66575
vn 0.12447 0.79034 -0.59989
vn 0.12448 0.79034 -0.59989
vn 0.12162 0.83957 -0.52947
vn 0.12162 0.83957 -0.52947
vn 0.11912 0.88248 -0.45502
vn 0.11912 0.88248 -0.45502
vn 0.11702 0.91875 -0.37711
vn 0.11702 0.91875 -0.37711
vn 0.11531 0.9481 -0.29632
vn 0.11531 0.9481 -0.29632
vn 0.11402 0.97031 -0.21329
vn 0.11402 0.97031 -0.21329
vn 0.11316 0.98522 -0.12862
vn 0.11316 0.98522 -0.12862
vn 0.11272 0.9927 -0.04298
vn 0.11272 0.9927 -0.04298
vn 0.11272 0.9927 0.04298
vn 0.11272 0.9927 0.04298
vn 0.11316 0.98522 0.12862
vn 0.11316 0.98522 0.12862
vn 0.11402 0.97031 0.21329
vn 0.11402 0.97031 0.21329
vn 0.11531 0.9481 0.29632
vn 0.11531 0.9481 0.29632
vn 0.11702 0.91875 0.37711
vn 0.11702 0.91875 0.37711
vn 0.11912 0.88248 0.45502
vn 0.11912 0.88248 0.45502
vn 0.12161 0.83957 0.52947
vn 0.12162 0.83957 0.52947
vn 0.12448 0.79034 0.59989
vn 0.12447 0.79034 0.59989
vn 0.12768 0.73517 0.66575
vn 0.12768 0.73517 0.66575
vn 0.1312 0.67449 0.72654
vn 0.1312 0.67449 0.72654
vn 0.13502 0.60874 0.78179
vn 0.13502 0.60874 0.78179
vn 0.1391 0.53844 0.8311
vn 0.1391 0.53844 0.8311
vn 0.14342 0.46412 0.87409
vn 0.14342 0.46412 0.87409
vn 0.14794 0.38633 0.91042
vn 0.14793 0.38633 0.91042
vn 0.15262 0.30569 0.93982
vn 0.15262 0.30569 0.93982
vn 0.15743 0.22279 0.96207
vn 0.15743 0.22279 0.96207
vn 0.16234 0.13827 0.977
vn 0.16234 0.13827 0.977
vn 0.16731 0.05277 0.98449
vn 0.16731 0.05277 0.98449
vn 0.17229 -0.03305 0.98449
vn 0.17229 -0.03305 0.98449
vn 0.09275 -0.12488 0.98783
vn 0.09275 -0.12488 0.98783
vn 0.09771 -0.21034 0.97273
vn 0.09771 -0.21034 0.97273
vn 0.10258 -0.29416 0.95024
vn 0.10258 -0.29416 0.95024
vn 0.10732 -0.37569 0.92051
vn 0.10731 -0.3757 0.92051
vn 0.11188 -0.45434 0.88377
vn 0.11188 -0.45434 0.88377
vn 0.11625 -0.52949 0.84031
vn 0.11625 -0.52949 0.84031
vn 0.12037 -0.60057 0.79046
vn 0.12038 -0.60057 0.79046
vn 0.12424 -0.66704 0.73459
vn 0.12424 -0.66704 0.73459
vn 0.1278 -0.7284 0.67312
vn 0.1278 -0.7284 0.67312
vn 0.13104 -0.78418 0.60654
vn 0.13104 -0.78418 0.60654
vn 0.13393 -0.83395 0.53534
vn 0.13393 -0.83395 0.53534
vn 0.13645 -0.87734 0.46006
vn 0.13645 -0.87734 0.46006
vn 0.13858 -0.91401 0.38129
vn 0.13858 -0.91401 0.38129
vn 0.1403 -0.94369 0.29961
vn 0.1403 -0.94369 0.29961
vn 0.14161 -0.96615 0.21565
vn 0.1416 -0.96615 0.21565
vn 0.14248 -0.98122 0.13005
vn 0.14248 -0.98122 0.13005
vn 0.14292 -0.98878 0.04346
vn 0.14292 -0.98878 0.04346
vn 0.14292 -0.98878 -0.04346
vn 0.14292 -0.98878 -0.04346
vn 0.14248 -0.98122 -0.13005
vn 0.14248 -0.98122 -0.13005
vn 0.1416 -0.96615 -0.21565
vn 0.14161 -0.96615 -0.21565
vn 0.1403 -0.94369 -0.29961
vn 0.1403 -0.94369 -0.29961
vn 0.13858 -0.91401 -0.38129
vn 0.13858 -0.91401 -0.38129
vn 0.13645 -0.87734 -0.46006
vn 0.13645 -0.87734 -0.46006
vn 0.13393 -0.83395 -0.53534
vn 0.13393 -0.83395 -0.53534
vn 0.13104 -0.78418 -0.60654
vn 0.13103 -0.78418 -0.60654
vn 0.12779 -0.7284 -0.67313
vn 0.1278 -0.7284 -0.67312
vn 0.12423 -0.66704 -0.73459
vn 0.12423 -0.66704 -0.73459
vn 0.12037 -0.60058 -0.79045
vn 0.12037 -0.60057 -0.79046
vn 0.11624 -0.52949 -0.84032
vn 0.11624 -0.52949 -0.84031
vn 0.11188 -0.45434 -0.88378
vn 0.11188 -0.45434 -0.88377
vn 0.10732 -0.37569 -0.92051
vn 0.10732 -0.3757 -0.92051
vn 0.10258 -0.29416 -0.95024
vn 0.10258 -0.29416 -0.95024
vn 0.09771 -0.21034 -0.97273
vn 0.0977 -0.21033 -0.97274
vn 0.09274 -0.12488 -0.98783
vn 0.09276 -0.12489 -0.98782
vn 0.08774 -0.03844 -0.9954
vn 0.08773 -0.03844 -0.9954
vn 0.08269 0.04834 -0.9954
vn 0.0827 0.04833 -0.9954
vn 0.07768 0.13478 -0.98783
vn 0.07766 0.13479 -0.98783
vn 0.0727 0.22024 -0.97273
vn 0.07271 0.22023 -0.97273
vn 0.06784 0.30405 -0.95024
vn 0.06784 0.30405 -0.95024
vn 0.06311 0.38559 -0.92051
vn 0.06311 0.38559 -0.92051
vn 0.05854 0.46424 -0.88377
vn 0.05853 0.46424 -0.88377
vn 0.05417 0.53939 -0.84031
vn 0.05417 0.53939 -0.84031
vn 0.05004 0.61047 -0.79045
vn 0.05004 0.61047 -0.79046
vn 0.04618 0.67694 -0.73459
vn 0.04618 0.67694 -0.73459
vn 0.04262 0.7383 -0.67313
vn 0.04261 0.7383 -0.67313
vn 0.03938 0.79408 -0.60654
vn 0.03938 0.79408 -0.60654
vn 0.03649 0.84385 -0.53534
vn 0.03649 0.84385 -0.53534
vn 0.03397 0.88724 -0.46006
vn 0.03397 0.88724 -0.46006
vn 0.03184 0.92391 -0.38129
vn 0.03184 0.92391 -0.38129
vn 0.03012 0.95359 -0.29961
vn 0.03012 0.95359 -0.29961
vn 0.02881 0.97605 -0.21565
vn 0.02881 0.97605 -0.21565
vn 0.02794 0.99111 -0.13005
vn 0.02794 0.99111 -0.13005
vn 0.0275 0.99868 -0.04346
vn 0.0275 0.99868 -0.04346
vn 0.0275 0.99868 0.04346
vn 0.0275 0.99868 0.04346
vn 0.02794 0.99111 0.13005
vn 0.02794 0.99111 0.13005
vn 0.02881 0.97605 0.21565
vn 0.02881 0.97605 0.21565
vn 0.03012 0.95359 0.29961
vn 0.03012 0.95359 0.29961
vn 0.03184 0.92391 0.38129
vn 0.03184 0.92391 0.38129
vn 0.03397 0.88724 0.46006
vn 0.03397 0.88724 0.46006
vn 0.03649 0.84385 0.53534
vn 0.03649 0.84385 0.53534
vn 0.03938 0.79408 0.60654
vn 0.03938 0.79408 0.60654
vn 0.04262 0.7383 0.67312
vn 0.04262 0.7383 0.67312
vn 0.04618 0.67694 0.73459
vn 0.04619 0.67694 0.73459
vn 0.05005 0.61047 0.79046
vn 0.05004 0.61047 0.79046
vn 0.05417 0.53939 0.84031
vn 0.05417 0.53939 0.84031
vn 0.05854 0.46424 0.88377
vn 0.05853 0.46424 0.88378
vn 0.0631 0.38559 0.92051
vn 0.06311 0.3856 0.92051
vn 0.06784 0.30405 0.95024
vn 0.06784 0.30405 0.95024
vn 0.07271 0.22023 0.97273
vn 0.07271 0.22024 0.97273
vn 0.07767 0.13478 0.98783
vn 0.07767 0.13478 0.98783
vn 0.08269 0.04833 0.9954
vn 0.08269 0.04833 0.9954
vn 0.08773 -0.03844 0.9954
vn 0.08773 -0.03844 0.9954
vn 0.00757 -0.13031 0.99144
vn 0.00757 -0.13031 0.99144
vn 0.01255 -0.21608 0.9763
vn 0.01743 -0.3002 0.95372
vn 0.01743 -0.3002 0.95372
vn 0.02219 -0.38204 0.92388
vn 0.02219 -0.38204 0.92388
vn 0.02677 -0.46097 0.88701
vn 0.02677 -0.46097 0.88701
vn 0.03115 -0.5364 0.84339
vn 0.03529 -0.60774 0.79335
vn 0.03917 -0.67445 0.73728
vn 0.04275 -0.73604 0.67559
vn 0.04275 -0.73604 0.67559
vn 0.046 -0.79202 0.60876
vn 0.046 -0.79202 0.60876
vn 0.0489 -0.84197 0.5373
vn 0.0489 -0.84197 0.5373
vn 0.05143 -0.88552 0.46175
vn 0.05143 -0.88552 0.46175
vn 0.05356 -0.92232 0.38268
vn 0.05356 -0.92232 0.38269
vn 0.05529 -0.95211 0.30071
vn 0.05529 -0.95211 0.30071
vn 0.0566 -0.97465 0.21644
vn 0.05748 -0.98978 0.13053
vn 0.05792 -0.99737 0.04362
vn 0.05792 -0.99737 0.04362
vn 0.05792 -0.99737 -0.04362
vn 0.05792 -0.99737 -0.04362
vn 0.05748 -0.98978 -0.13053
vn 0.05748 -0.98978 -0.13053
vn 0.0566 -0.97465 -0.21644
vn 0.05529 -0.95211 -0.30071
vn 0.05529 -0.95211 -0.30071
vn 0.05356 -0.92233 -0.38268
vn 0.05356 -0.92233 -0.38268
vn 0.05143 -0.88552 -0.46175
vn 0.05143 -0.88552 -0.46175
vn 0.0489 -0.84197 -0.5373
vn 0.0489 -0.84197 -0.5373
vn 0.046 -0.79202 -0.60876
vn 0.046 -0.79202 -0.60876
vn 0.04275 -0.73604 -0.67559
vn 0.04275 -0.73604 -0.67559
vn 0.03917 -0.67445 -0.73728
vn 0.03529 -0.60774 -0.79335
vn 0.03115 -0.5364 -0.84339
vn 0.03115 -0.5364 -0.84339
vn 0.02677 -0.46097 -0.88701
vn 0.02677 -0.46097 -0.88701
vn 0.02219 -0.38204 -0.92388
vn 0.02219 -0.38204 -0.92388
vn 0.01743 -0.3002 -0.95372
vn 0.01743 -0.3002 -0.95372
vn 0.01255 -0.21607 -0.9763
vn 0.00757 -0.13032 -0.99144
vn 0.00757 -0.13032 -0.99144
vn 0.00253 -0.04354 -0.99905
vn -0.00253 0.04354 -0.99905
vn -0.00757 0.13032 -0.99144
vn -0.00757 0.13032 -0.99144
vn -0.01255 0.21607 -0.9763
vn -0.01743 0.3002 -0.95372
vn -0.01743 0.3002 -0.95372
vn -0.02219 0.38204 -0.92388
vn -0.02219 0.38204 -0.92388
vn -0.02677 0.46097 -0.88701
vn -0.02677 0.46097 -0.88701
vn -0.03115 0.5364 -0.84339
vn -0.03115 0.5364 -0.84339
vn -0.03529 0.60774 -0.79335
vn -0.03917 0.67445 -0.73728
vn -0.04275 0.73604 -0.67559
vn -0.04275 0.73604 -0.67559
vn -0.046 0.79202 -0.60876
vn -0.046 0.79202 -0.60876
vn -0.0489 0.84197 -0.5373
vn -0.0489 0.84197 -0.5373
vn -0.05143 0.88552 -0.46175
vn -0.05143 0.88552 -0.46175
vn -0.05356 0.92233 -0.38268
vn -0.05356 0.92233 -0.38268
vn -0.05529 0.95211 -0.30071
vn -0.05529 0.95211 -0.30071
vn -0.0566 0.97465 -0.21644
vn -0.05748 0.98978 -0.13053
vn -0.05748 0.98978 -0.13053
vn -0.05792 0.99737 -0.04362
vn -0.05792 0.99737 -0.04362
vn -0.05792 0.99737 0.04362
vn -0.05792 0.99737 0.04362
vn -0.05748 0.98978 0.13053
vn -0.0566 0.97465 0.21644
vn -0.05529 0.95211 0.30071
vn -0.05529 0.95211 0.30071
vn -0.05356 0.92232 0.38269
vn -0.05356 0.92232 0.38268
vn -0.05143 0.88552 0.46175
vn -0.05143 0.88552 0.46175
vn -0.0489 0.84197 0.5373
vn -0.0489 0.84197 0.5373
vn -0.046 0.79202 0.60876
vn -0.046 0.79202 0.60876
vn -0.04275 0.73604 0.67559
vn -0.04275 0.73604 0.67559
vn -0.03917 0.67445 0.73728
vn -0.03529 0.60774 0.79335
vn -0.03115 0.5364 0.84339
vn -0.02677 0.46097 0.88701
vn -0.02677 0.46097 0.88701
vn -0.02219 0.38204 0.92388
vn -0.02219 0.38204 0.92388
vn -0.01743 0.3002 0.95372
vn -0.01743 0.3002 0.95372
vn -0.01255 0.21608 0.9763
vn -0.00757 0.13031 0.99144
vn -0.00757 0.13031 0.99144
vn -0.00253 0.04354 0.99905
vn 0.00253 -0.04354 0.99905
vn -0.07767 -0.13478 0.98783
vn -0.07767 -0.13478 0.98783
vn -0.07271 -0.22024 0.97273
vn -0.07271 -0.22023 0.97273
vn -0.06784 -0.30405 0.95024
vn -0.06784 -0.30405 0.95024
vn -0.06311 -0.3856 0.92051
vn -0.0631 -0.38559 0.92051
vn -0.05853 -0.46424 0.88378
vn -0.05854 -0.46424 0.88377
vn -0.05417 -0.53939 0.84031
vn -0.05417 -0.53939 0.84031
vn -0.05004 -0.61047 0.79046
vn -0.05005 -0.61047 0.79046
vn -0.04619 -0.67694 0.73459
vn -0.04618 -0.67694 0.73459
vn -0.04262 -0.7383 0.67312
vn -0.04262 -0.7383 0.67312
vn -0.03938 -0.79408 0.60654
vn -0.03938 -0.79408 0.60654
vn -0.03649 -0.84385 0.53534
vn -0.03649 -0.84385 0.53534
vn -0.03397 -0.88724 0.46006
vn -0.03397 -0.88724 0.46006
vn -0.03184 -0.92391 0.38129
vn -0.03184 -0.92391 0.38129
vn -0.03012 -0.95359 0.29961
vn -0.03012 -0.95359 0.29961
vn -0.02881 -0.97605 0.21565
vn -0.02881 -0.97605 0.21565
vn -0.02794 -0.99111 0.13005
vn -0.02794 -0.99111 0.13005
vn -0.0275 -0.99868 0.04346
vn -0.0275 -0.99868 0.04346
vn -0.0275 -0.99868 -0.04346
vn -0.0275 -0.99868 -0.04346
vn -0.02794 -0.99111 -0.13005
vn -0.02794 -0.99111 -0.13005
vn -0.02881 -0.97605 -0.21565
vn -0.02881 -0.97605 -0.21565
vn -0.03012 -0.95359 -0.29961
vn -0.03012 -0.95359 -0.29961
vn -0.03184 -0.92391 -0.38129
vn -0.03184 -0.92391 -0.38129
vn -0.03397 -0.88724 -0.46006
vn -0.03397 -0.88724 -0.46006
vn -0.03649 -0.84385 -0.53534
vn -0.03649 -0.84385 -0.53534
vn -0.03938 -0.79408 -0.60654
vn -0.03938 -0.79408 -0.60654
vn -0.04261 -0.7383 -0.67313
vn -0.04262 -0.7383 -0.67313
vn -0.04618 -0.67694 -0.73459
vn -0.04618 -0.67694 -0.73459
vn -0.05004 -0.61047 -0.79046
vn -0.05004 -0.61047 -0.79045
vn -0.05417 -0.53939 -0.84031
vn -0.05417 -0.53939 -0.84031
vn -0.05853 -0.46424 -0.88377
vn -0.05854 -0.46424 -0.88377
vn -0.06311 -0.38559 -0.92051
vn -0.06311 -0.38559 -0.92051
vn -0.06784 -0.30405 -0.95024
vn -0.06784 -0.30405 -0.95024
vn -0.07271 -0.22023 -0.97273
vn -0.0727 -0.22024 -0.97273
vn -0.07766 -0.13479 -0.98783
vn -0.07768 -0.13478 -0.98783
vn -0.0827 -0.04833 -0.9954
vn -0.08269 -0.04834 -0.9954
vn -0.08773 0.03844 -0.9954
vn -0.08774 0.03844 -0.9954
vn -0.09276 0.12489 -0.98782
vn -0.09274 0.12488 -0.98783
vn -0.0977 0.21033 -0.97274
vn -0.09771 0.21034 -0.97273
vn -0.10258 0.29416 -0.95024
vn -0.10258 0.29416 -0.95024
vn -0.10732 0.3757 -0.92051
vn -0.10732 0.37569 -0.92051
vn -0.11188 0.45434 -0.88377
vn -0.11188 0.45434 -0.88378
vn -0.11624 0.52949 -0.84031
vn -0.11624 0.52949 -0.84032
vn -0.12037 0.60057 -0.79046
vn -0.12037 0.60058 -0.79045
vn -0.12423 0.66704 -0.73459
vn -0.12423 0.66704 -0.73459
vn -0.1278 0.7284 -0.67312
vn -0.12779 0.7284 -0.67313
vn -0.13103 0.78418 -0.60654
vn -0.13104 0.78418 -0.60654
vn -0.13393 0.83395 -0.53534
vn -0.13393 0.83395 -0.53534
vn -0.13645 0.87734 -0.46006
vn -0.13645 0.87734 -0.46006
vn -0.13858 0.91401 -0.38129
vn -0.13858 0.91401 -0.38129
vn -0.1403 0.94369 -0.29961
vn -0.1403 0.94369 -0.29961
vn -0.14161 0.96615 -0.21565
vn -0.1416 0.96615 -0.21565
vn -0.14248 0.98122 -0.13005
vn -0.14248 0.98122 -0.13005
vn -0.14292 0.98878 -0.04346
vn -0.14292 0.98878 -0.04346
vn -0.14292 0.98878 0.04346
vn -0.14292 0.98878 0.04346
vn -0.14248 0.98122 0.13005
vn -0.14248 0.98122 0.13005
vn -0.1416 0.96615 0.21565
vn -0.14161 0.96615 0.21565
vn -0.1403 0.94369 0.29961
vn -0.1403 0.94369 0.29961
vn -0.13858 0.91401 0.38129
vn -0.13858 0.91401 0.38129
vn -0.13645 0.87734 0.46006
vn -0.13645 0.87734 0.46006
vn -0.13393 0.83395 0.53534
vn -0.13393 0.83395 0.53534
vn -0.13104 0.78418 0.60654
vn -0.13104 0.78418 0.60654
vn -0.1278 0.7284 0.67312
vn -0.1278 0.7284 0.67312
vn -0.12424 0.66704 0.73459
vn -0.12424 0.66704 0.73459
vn -0.12038 0.60057 0.79046
vn -0.12037 0.60057 0.79046
vn -0.11625 0.52949 0.84031
vn -0.11625 0.52949 0.84031
vn -0.11188 0.45434 0.88377
vn -0.11188 0.45434 0.88377
vn -0.10731 0.3757 0.92051
vn -0.10732 0.37569 0.92051
vn -0.10258 0.29416 0.95024
vn -0.10258 0.29416 0.95024
vn -0.09771 0.21034 0.97273
vn -0.09771 0.21034 0.97273
vn -0.09275 0.12488 0.98783
vn -0.09275 0.12488 0.98783
vn -0.08773 0.03844 0.9954
vn -0.08773 0.03844 0.9954
vn -0.08269 -0.04833 0.9954
vn -0.08269 -0.04833 0.9954
vn -0.16234 -0.13827 0.977
vn -0.16234 -0.13827 0.977
vn -0.15743 -0.22279 0.96207
vn -0.15743 -0.22279 0.96207
vn -0.15262 -0.30569 0.93982
vn -0.15262 -0.30569 0.93982
vn -0.14793 -0.38633 0.91042
vn -0.14794 -0.38633 0.91042
vn -0.14342 -0.46412 0.87409
vn -0.14342 -0.46412 0.87409
vn -0.1391 -0.53844 0.8311
vn -0.1391 -0.53844 0.8311
vn -0.13502 -0.60874 0.78179
vn -0.13502 -0.60874 0.78179
vn -0.1312 -0.67449 0.72654
vn -0.1312 -0.67449 0.72654
vn -0.12768 -0.73517 0.66575
vn -0.12768 -0.73517 0.66575
vn -0.12447 -0.79034 0.59989
vn -0.12448 -0.79034 0.59989
vn -0.12162 -0.83957 0.52947
vn -0.12161 -0.83957 0.52947
vn -0.11912 -0.88248 0.45502
vn -0.11912 -0.88248 0.45502
vn -0.11702 -0.91875 0.37711
vn -0.11702 -0.91875 0.37711
vn -0.11531 -0.9481 0.29632
vn -0.11531 -0.9481 0.29632
vn -0.11402 -0.97031 0.21329
vn -0.11402 -0.97031 0.21329
vn -0.11316 -0.98522 0.12862
vn -0.11316 -0.98522 0.12862
vn -0.11272 -0.9927 0.04298
vn -0.11272 -0.9927 0.04298
vn -0.11272 -0.9927 -0.04298
vn -0.11272 -0.9927 -0.04298
vn -0.11316 -0.98522 -0.12862
vn -0.11316 -0.98522 -0.12862
vn -0.11402 -0.97031 -0.21329
vn -0.11402 -0.97031 -0.21329
vn -0.11531 -0.9481 -0.29632
vn -0.11531 -0.9481 -0.29632
vn -0.11702 -0.91875 -0.37711
vn -0.11702 -0.91875 -0.37711
vn -0.11912 -0.88248 -0.45502
vn -0.11912 -0.88248 -0.45502
vn -0.12162 -0.83957 -0.52947
vn -0.12162 -0.83957 -0.52947
vn -0.12448 -0.79034 -0.59989
vn -0.12447 -0.79034 -0.59989
vn -0.12768 -0.73517 -0.66575
vn -0.12768 -0.73517 -0.66575
vn -0.1312 -0.67449 -0.72654
vn -0.1312 -0.67449 -0.72653
vn -0.13501 -0.60875 -0.78179
vn -0.13503 -0.60874 -0.7818
vn -0.13911 -0.53844 -0.8311
vn -0.13911 -0.53844 -0.8311
vn -0.14342 -0.46411 -0.87409
vn -0.14342 -0.46412 -0.87408
vn -0.14794 -0.38633 -0.91042
vn -0.14794 -0.38633 -0.91042
vn -0.15262 -0.30569 -0.93982
vn -0.15262 -0.30569 -0.93982
vn -0.15744 -0.22279 -0.96207
vn -0.15744 -0.22279 -0.96207
vn -0.16235 -0.13827 -0.977
vn -0.16234 -0.13827 -0.977
vn -0.16731 -0.05278 -0.98449
vn -0.16731 -0.05278 -0.98449
vn -0.17229 0.03305 -0.98449
vn -0.17229 0.03305 -0.98449
vn -0.17725 0.11854 -0.977
vn -0.17726 0.11855 -0.977
vn -0.18217 0.20307 -0.96207
vn -0.18217 0.20307 -0.96207
vn -0.18698 0.28597 -0.93982
vn -0.18698 0.28596 -0.93982
vn -0.19166 0.36661 -0.91042
vn -0.19166 0.36661 -0.91042
vn -0.19618 0.44439 -0.87409
vn -0.19619 0.4444 -0.87408
vn -0.2005 0.51872 -0.8311
vn -0.2005 0.51872 -0.8311
vn -0.20459 0.58903 -0.78179
vn -0.20457 0.58902 -0.7818
vn -0.20839 0.65476 -0.72654
vn -0.2084 0.65477 -0.72653
vn -0.21192 0.71545 -0.66575
vn -0.21192 0.71545 -0.66575
vn -0.21513 0.77062 -0.59989
vn -0.21513 0.77062 -0.59989
vn -0.21799 0.81984 -0.52947
vn -0.21799 0.81984 -0.52947
vn -0.22048 0.86276 -0.45502
vn -0.22048 0.86276 -0.45502
vn -0.22258 0.89903 -0.37711
vn -0.22258 0.89903 -0.37711
vn -0.22429 0.92838 -0.29632
vn -0.22429 0.92838 -0.29632
vn -0.22558 0.95059 -0.21329
vn -0.22558 0.95059 -0.21329
vn -0.22644 0.96549 -0.12862
vn -0.22644 0.96549 -0.12862
vn -0.22688 0.97297 -0.04298
vn -0.22688 0.97297 -0.04298
vn -0.22688 0.97297 0.04298
vn -0.22688 0.97297 0.04298
vn -0.22644 0.96549 0.12862
vn -0.22644 0.96549 0.12862
vn -0.22558 0.95059 0.21329
vn -0.22558 0.95059 0.21329
vn -0.22429 0.92838 0.29632
vn -0.22429 0.92838 0.29632
vn -0.22258 0.89903 0.37711
vn -0.22258 0.89903 0.37711
vn -0.22048 0.86275 0.45502
vn -0.22048 0.86276 0.45502
vn -0.21798 0.81985 0.52947
vn -0.21799 0.81984 0.52947
vn -0.21513 0.77062 0.59989
vn -0.21513 0.77062 0.59989
vn -0.21192 0.71545 0.66575
vn -0.21192 0.71545 0.66575
vn -0.2084 0.65476 0.72654
vn -0.2084 0.65476 0.72654
vn -0.20458 0.58902 0.78179
vn -0.20458 0.58902 0.78179
vn -0.2005 0.51872 0.8311
vn -0.20049 0.51872 0.8311
vn -0.19618 0.4444 0.87409
vn -0.19618 0.44439 0.87409
vn -0.19166 0.36661 0.91042
vn -0.19166 0.36661 0.91042
vn -0.18698 0.28597 0.93982
vn -0.18698 0.28596 0.93982
vn -0.18216 0.20307 0.96207
vn -0.18216 0.20306 0.96207
vn -0.17726 0.11855 0.977
vn -0.17726 0.11855 0.977
vn -0.17229 0.03305 0.98449
vn -0.17229 0.03305 0.98449
vn -0.16731 -0.05277 0.98449
vn -0.16731 -0.05277 0.98449
vn -0.24584 -0.14075 0.95904
vn -0.24583 -0.14075 0.95904
vn -0.24101 -0.22371 0.94439
vn -0.24102 -0.22371 0.94439
vn -0.23629 -0.30509 0.92254
vn -0.23629 -0.30509 0.92254
vn -0.23169 -0.38425 0.89368
vn -0.23169 -0.38425 0.89368
vn -0.22726 -0.46061 0.85802
vn -0.22726 -0.46061 0.85802
vn -0.22302 -0.53357 0.81582
vn -0.22302 -0.53357 0.81582
vn -0.21901 -0.60257 0.76742
vn -0.21901 -0.60258 0.76742
vn -0.21527 -0.66711 0.71318
vn -0.21527 -0.66711 0.71318
vn -0.21181 -0.72668 0.65351
vn -0.21181 -0.72668 0.65351
vn -0.20866 -0.78083 0.58886
vn -0.20866 -0.78083 0.58886
vn -0.20585 -0.82915 0.51974
vn -0.20586 -0.82915 0.51974
vn -0.20341 -0.87128 0.44666
vn -0.20341 -0.87128 0.44666
vn -0.20134 -0.90688 0.37018
vn -0.20134 -0.90688 0.37017
vn -0.19967 -0.93569 0.29088
vn -0.19967 -0.93569 0.29088
vn -0.1984 -0.9575 0.20936
vn -0.1984 -0.9575 0.20937
vn -0.19755 -0.97213 0.12626
vn -0.19755 -0.97213 0.12626
vn -0.19713 -0.97947 0.04219
vn -0.19712 -0.97947 0.04219
vn -0.19712 -0.97947 -0.04219
vn -0.19712 -0.97947 -0.04219
vn -0.19755 -0.97213 -0.12626
vn -0.19755 -0.97213 -0.12626
vn -0.1984 -0.9575 -0.20936
vn -0.1984 -0.9575 -0.20937
vn -0.19967 -0.93569 -0.29088
vn -0.19967 -0.93569 -0.29088
vn -0.20134 -0.90688 -0.37018
vn -0.20134 -0.90688 -0.37018
vn -0.20341 -0.87128 -0.44666
vn -0.20341 -0.87128 -0.44666
vn -0.20585 -0.82915 -0.51974
vn -0.20585 -0.82915 -0.51974
vn -0.20866 -0.78084 -0.58886
vn -0.20866 -0.78083 -0.58886
vn -0.21181 -0.72668 -0.65351
vn -0.2118 -0.72668 -0.65351
vn -0.21526 -0.66712 -0.71318
vn -0.21527 -0.66711 -0.71318
vn -0.21902 -0.60257 -0.76742
vn -0.21901 -0.60258 -0.76742
vn -0.22302 -0.53356 -0.81583
vn -0.22302 -0.53356 -0.81583
vn -0.22726 -0.46061 -0.85802
vn -0.22726 -0.46061 -0.85802
vn -0.2317 -0.38425 -0.89368
vn -0.23169 -0.38426 -0.89368
vn -0.23629 -0.30509 -0.92255
vn -0.23629 -0.30508 -0.92255
vn -0.24102 -0.22372 -0.94438
vn -0.24101 -0.22372 -0.94438
vn -0.24583 -0.14075 -0.95904
vn -0.24584 -0.14074 -0.95904
vn -0.25071 -0.05683 -0.96639
vn -0.25071 -0.05683 -0.96639
vn -0.2556 0.02742 -0.96639
vn -0.2556 0.02742 -0.96639
vn -0.26048 0.11135 -0.95904
vn -0.26047 0.11134 -0.95904
vn -0.26529 0.19431 -0.94439
vn -0.26529 0.19432 -0.94438
vn -0.27002 0.27569 -0.92254
vn -0.27001 0.27568 -0.92255
vn -0.27461 0.35485 -0.89368
vn -0.27462 0.35485 -0.89368
vn -0.27905 0.43121 -0.85801
vn -0.27905 0.4312 -0.85802
vn -0.28329 0.50416 -0.81583
vn -0.28328 0.50416 -0.81583
vn -0.28729 0.57317 -0.76743
vn -0.2873 0.57317 -0.76742
vn -0.29105 0.63771 -0.71317
vn -0.29104 0.63771 -0.71318
vn -0.2945 0.69727 -0.65351
vn -0.29451 0.69728 -0.65351
vn -0.29765 0.75143 -0.58886
vn -0.29765 0.75143 -0.58886
vn -0.30045 0.79975 -0.51974
vn -0.30045 0.79975 -0.51974
vn -0.3029 0.84187 -0.44666
vn -0.3029 0.84187 -0.44666
vn -0.30497 0.87748 -0.37018
vn -0.30497 0.87748 -0.37018
vn -0.30664 0.90629 -0.29088
vn -0.30664 0.90629 -0.29088
vn -0.30791 0.92809 -0.20936
vn -0.30791 0.92809 -0.20937
vn -0.30876 0.94272 -0.12626
vn -0.30876 0.94272 -0.12626
vn -0.30918 0.95007 -0.04219
vn -0.30918 0.95007 -0.04219
vn -0.30918 0.95007 0.04219
vn -0.30918 0.95007 0.04219
vn -0.30876 0.94272 0.12626
vn -0.30876 0.94272 0.12626
vn -0.30791 0.9281 0.20936
vn -0.30791 0.92809 0.20937
vn -0.30664 0.90629 0.29088
vn -0.30664 0.90629 0.29088
vn -0.30497 0.87748 0.37018
vn -0.30497 0.87748 0.37017
vn -0.3029 0.84187 0.44666
vn -0.3029 0.84187 0.44666
vn -0.30045 0.79975 0.51974
vn -0.30045 0.79975 0.51974
vn -0.29765 0.75143 0.58886
vn -0.29765 0.75143 0.58886
vn -0.2945 0.69728 0.65351
vn -0.2945 0.69728 0.65351
vn -0.29105 0.63771 0.71318
vn -0.29104 0.63771 0.71318
vn -0.2873 0.57317 0.76742
vn -0.28729 0.57317 0.76742
vn -0.28328 0.50416 0.81582
vn -0.28329 0.50416 0.81582
vn -0.27905 0.4312 0.85802
vn -0.27905 0.4312 0.85802
vn -0.27462 0.35485 0.89368
vn -0.27462 0.35485 0.89368
vn -0.27002 0.27569 0.92254
vn -0.27002 0.27569 0.92254
vn -0.26529 0.19431 0.94439
vn -0.26529 0.19431 0.94439
vn -0.26047 0.11135 0.95904
vn -0.26048 0.11135 0.95904
vn -0.2556 0.02742 0.96639
vn -0.2556 0.02742 0.96639
vn -0.25071 -0.05682 0.96639
vn -0.25071 -0.05682 0.96639
vn -0.32754 -0.1422 0.93408
vn -0.32754 -0.1422 0.93408
vn -0.32284 -0.22301 0.9198
vn -0.32285 -0.22301 0.9198
vn -0.31824 -0.30227 0.89853
vn -0.31824 -0.30226 0.89853
vn -0.31376 -0.37937 0.87042
vn -0.31377 -0.37937 0.87042
vn -0.30945 -0.45373 0.83568
vn -0.30945 -0.45373 0.83569
vn -0.30532 -0.52479 0.79459
vn -0.30532 -0.5248 0.79459
vn -0.30142 -0.59201 0.74744
vn -0.30142 -0.59201 0.74745
vn -0.29777 -0.65486 0.69462
vn -0.29776 -0.65486 0.69462
vn -0.2944 -0.71288 0.6365
vn -0.29439 -0.71288 0.6365
vn -0.29133 -0.76563 0.57354
vn -0.29133 -0.76563 0.57354
vn -0.2886 -0.81269 0.50621
vn -0.2886 -0.81269 0.50621
vn -0.28622 -0.85371 0.43503
vn -0.28622 -0.85371 0.43503
vn -0.2842 -0.88839 0.36054
vn -0.2842 -0.88839 0.36054
vn -0.28257 -0.91646 0.28331
vn -0.28257 -0.91646 0.28331
vn -0.28134 -0.93769 0.20392
vn -0.28134 -0.93769 0.20392
vn -0.28051 -0.95194 0.12297
vn -0.28051 -0.95194 0.12297
vn -0.2801 -0.95909 0.0411
vn -0.2801 -0.95909 0.0411
vn -0.2801 -0.95909 -0.0411
vn -0.2801 -0.95909 -0.0411
vn -0.28051 -0.95194 -0.12297
vn -0.28051 -0.95194 -0.12297
vn -0.28134 -0.93769 -0.20392
vn -0.28134 -0.93769 -0.20392
vn -0.28257 -0.91646 -0.28331
vn -0.28257 -0.91646 -0.2833
vn -0.2842 -0.88839 -0.36054
vn -0.2842 -0.88839 -0.36054
vn -0.28622 -0.85371 -0.43503
vn -0.28622 -0.85371 -0.43503
vn -0.2886 -0.81269 -0.50621
vn -0.2886 -0.81269 -0.50621
vn -0.29133 -0.76563 -0.57354
vn -0.29133 -0.76563 -0.57354
vn -0.29439 -0.71288 -0.6365
vn -0.2944 -0.71288 -0.6365
vn -0.29776 -0.65486 -0.69462
vn -0.29776 -0.65486 -0.69462
vn -0.30141 -0.59201 -0.74745
vn -0.30142 -0.592 -0.74745
vn -0.30532 -0.52479 -0.79459
vn -0.30531 -0.5248 -0.79459
vn -0.30944 -0.45373 -0.83569
vn -0.30944 -0.45374 -0.83569
vn -0.31376 -0.37937 -0.87042
vn -0.31376 -0.37937 -0.87042
vn -0.31824 -0.30226 -0.89853
vn -0.31824 -0.30226 -0.89853
vn -0.32284 -0.22302 -0.9198
vn -0.32285 -0.22301 -0.9198
vn -0.32755 -0.1422 -0.93407
vn -0.32754 -0.14221 -0.93408
vn -0.33228 -0.06047 -0.94124
vn -0.33229 -0.06046 -0.94124
vn -0.33706 0.02159 -0.94124
vn -0.33705 0.02159 -0.94124
vn -0.3418 0.10333 -0.93408
vn -0.34181 0.10334 -0.93407
vn -0.3465 0.18414 -0.9198
vn -0.34649 0.18414 -0.9198
vn -0.35109 0.26339 -0.89853
vn -0.35109 0.26339 -0.89853
vn -0.35557 0.3405 -0.87042
vn -0.35556 0.3405 -0.87042
vn -0.35988 0.41486 -0.83569
vn -0.35989 0.41487 -0.83569
vn -0.36401 0.48592 -0.79459
vn -0.36402 0.48592 -0.79459
vn -0.36792 0.55314 -0.74744
vn -0.36792 0.55313 -0.74745
vn -0.37157 0.61599 -0.69462
vn -0.37157 0.61599 -0.69462
vn -0.37494 0.67401 -0.6365
vn -0.37494 0.67401 -0.6365
vn -0.378 0.72675 -0.57354
vn -0.378 0.72675 -0.57354
vn -0.38073 0.77382 -0.50621
vn -0.38074 0.77382 -0.50621
vn -0.38312 0.81484 -0.43503
vn -0.38312 0.81484 -0.43503
vn -0.38513 0.84952 -0.36054
vn -0.38513 0.84952 -0.36054
vn -0.38676 0.87758 -0.28331
vn -0.38676 0.87758 -0.2833
vn -0.388 0.89882 -0.20392
vn -0.38799 0.89882 -0.20392
vn -0.38882 0.91307 -0.12297
vn -0.38882 0.91307 -0.12297
vn -0.38924 0.92022 -0.0411
vn -0.38924 0.92022 -0.0411
vn -0.38924 0.92022 0.0411
vn -0.38924 0.92022 0.0411
vn -0.38882 0.91307 0.12297
vn -0.38882 0.91307 0.12297
vn -0.38799 0.89882 0.20392
vn -0.388 0.89882 0.20392
vn -0.38676 0.87758 0.28331
vn -0.38676 0.87758 0.28331
vn -0.38513 0.84952 0.36054
vn -0.38513 0.84952 0.36054
vn -0.38312 0.81484 0.43503
vn -0.38312 0.81484 0.43503
vn -0.38073 0.77382 0.50621
vn -0.38073 0.77382 0.50621
vn -0.378 0.72675 0.57354
vn -0.378 0.72675 0.57354
vn -0.37494 0.67401 0.6365
vn -0.37494 0.67401 0.6365
vn -0.37157 0.61599 0.69462
vn -0.37157 0.61599 0.69462
vn -0.36792 0.55314 0.74744
vn -0.36792 0.55314 0.74745
vn -0.36402 0.48592 0.79459
vn -0.36402 0.48592 0.79459
vn -0.35989 0.41486 0.83568
vn -0.35989 0.41486 0.83569
vn -0.35557 0.3405 0.87042
vn -0.35557 0.3405 0.87042
vn -0.35109 0.26339 0.89853
vn -0.35109 0.26339 0.89853
vn -0.34649 0.18414 0.9198
vn -0.34649 0.18414 0.9198
vn -0.3418 0.10333 0.93408
vn -0.3418 0.10333 0.93408
vn -0.33705 0.02159 0.94124
vn -0.33705 0.02159 0.94124
vn -0.33229 -0.06046 0.94124
vn -0.33228 -0.06046 0.94124
vn -0.40686 -0.14262 0.90229
vn -0.40686 -0.14261 0.90229
vn -0.40232 -0.22067 0.8885
vn -0.40232 -0.22067 0.8885
vn -0.39788 -0.29723 0.86796
vn -0.39788 -0.29723 0.86795
vn -0.39355 -0.37172 0.8408
vn -0.39355 -0.37172 0.8408
vn -0.38938 -0.44354 0.80725
vn -0.38938 -0.44355 0.80725
vn -0.3854 -0.51219 0.76755
vn -0.38539 -0.51219 0.76755
vn -0.38162 -0.57712 0.72201
vn -0.38163 -0.57712 0.72201
vn -0.3781 -0.63783 0.67098
vn -0.3781 -0.63783 0.67098
vn -0.37484 -0.69388 0.61484
vn -0.37484 -0.69388 0.61484
vn -0.37188 -0.74483 0.55402
vn -0.37189 -0.74483 0.55402
vn -0.36925 -0.79029 0.48898
vn -0.36925 -0.79029 0.48898
vn -0.36694 -0.82992 0.42023
vn -0.36694 -0.82992 0.42023
vn -0.365 -0.86341 0.34827
vn -0.365 -0.86341 0.34827
vn -0.36342 -0.89052 0.27367
vn -0.36342 -0.89052 0.27366
vn -0.36223 -0.91104 0.19698
vn -0.36223 -0.91104 0.19698
vn -0.36143 -0.9248 0.11879
vn -0.36143 -0.9248 0.11879
vn -0.36103 -0.93171 0.0397
vn -0.36103 -0.93171 0.0397
vn -0.36103 -0.93171 -0.0397
vn -0.36103 -0.93171 -0.0397
vn -0.36143 -0.9248 -0.11879
vn -0.36143 -0.9248 -0.11879
vn -0.36223 -0.91104 -0.19698
vn -0.36223 -0.91104 -0.19698
vn -0.36342 -0.89052 -0.27366
vn -0.36342 -0.89052 -0.27366
vn -0.365 -0.86341 -0.34827
vn -0.365 -0.86341 -0.34827
vn -0.36694 -0.82992 -0.42023
vn -0.36694 -0.82992 -0.42023
vn -0.36924 -0.79029 -0.48898
vn -0.36925 -0.79029 -0.48898
vn -0.37189 -0.74482 -0.55402
vn -0.37188 -0.74483 -0.55402
vn -0.37484 -0.69388 -0.61484
vn -0.37485 -0.69387 -0.61484
vn -0.3781 -0.63783 -0.67098
vn -0.3781 -0.63783 -0.67098
vn -0.38163 -0.57711 -0.72201
vn -0.38162 -0.57712 -0.72201
vn -0.38539 -0.51219 -0.76755
vn -0.38539 -0.51219 -0.76755
vn -0.38938 -0.44355 -0.80725
vn -0.38939 -0.44354 -0.80725
vn -0.39356 -0.37171 -0.8408
vn -0.39355 -0.37172 -0.8408
vn -0.39788 -0.29723 -0.86796
vn -0.39788 -0.29723 -0.86796
vn -0.40232 -0.22067 -0.8885
vn -0.40232 -0.22068 -0.8885
vn -0.40685 -0.14262 -0.90229
vn -0.40686 -0.14261 -0.90229
vn -0.41145 -0.06365 -0.90921
vn -0.41144 -0.06366 -0.90921
vn -0.41604 0.0156 -0.90921
vn -0.41605 0.01561 -0.90921
vn -0.42063 0.09457 -0.90229
vn -0.42063 0.09456 -0.90229
vn -0.42516 0.17262 -0.88851
vn -0.42516 0.17262 -0.8885
vn -0.42961 0.24917 -0.86796
vn -0.42961 0.24917 -0.86796
vn -0.43394 0.32365 -0.8408
vn -0.43394 0.32366 -0.8408
vn -0.43811 0.39549 -0.80724
vn -0.43811 0.39549 -0.80725
vn -0.44209 0.46414 -0.76755
vn -0.44209 0.46414 -0.76755
vn -0.44586 0.52906 -0.72201
vn -0.44587 0.52906 -0.72201
vn -0.4494 0.58977 -0.67098
vn -0.4494 0.58977 -0.67098
vn -0.45265 0.64582 -0.61484
vn -0.45265 0.64582 -0.61484
vn -0.4556 0.69677 -0.55402
vn -0.45561 0.69677 -0.55402
vn -0.45825 0.74223 -0.48898
vn -0.45824 0.74223 -0.48898
vn -0.46055 0.78186 -0.42023
vn -0.46055 0.78186 -0.42023
vn -0.46249 0.81536 -0.34827
vn -0.46249 0.81536 -0.34827
vn -0.46407 0.84247 -0.27366
vn -0.46407 0.84247 -0.27367
vn -0.46526 0.86298 -0.19698
vn -0.46526 0.86298 -0.19698
vn -0.46606 0.87674 -0.11879
vn -0.46606 0.87674 -0.11879
vn -0.46646 0.88365 -0.0397
vn -0.46646 0.88365 -0.0397
vn -0.46646 0.88365 0.0397
vn -0.46646 0.88365 0.0397
vn -0.46606 0.87674 0.11879
vn -0.46606 0.87674 0.11879
vn -0.46526 0.86298 0.19698
vn -0.46526 0.86298 0.19698
vn -0.46407 0.84247 0.27367
vn -0.46407 0.84247 0.27367
vn -0.46249 0.81536 0.34827
vn -0.46249 0.81536 0.34827
vn -0.46055 0.78186 0.42023
vn -0.46055 0.78186 0.42023
vn -0.45825 0.74223 0.48898
vn -0.45825 0.74223 0.48898
vn -0.45561 0.69677 0.55402
vn -0.4556 0.69677 0.55402
vn -0.45265 0.64582 0.61484
vn -0.45265 0.64582 0.61484
vn -0.44939 0.58978 0.67098
vn -0.44939 0.58978 0.67098
vn -0.44587 0.52906 0.72201
vn -0.44586 0.52906 0.72201
vn -0.44209 0.46413 0.76755
vn -0.4421 0.46413 0.76755
vn -0.43811 0.39549 0.80725
vn -0.43811 0.39549 0.80725
vn -0.43394 0.32366 0.8408
vn -0.42961 0.24917 0.86795
vn -0.42961 0.24918 0.86795
vn -0.42516 0.17262 0.8885
vn -0.42516 0.17262 0.8885
vn -0.42063 0.09456 0.90229
vn -0.42063 0.09456 0.90229
vn -0.41605 0.0156 0.90921
vn -0.41605 0.0156 0.90921
vn -0.41144 -0.06365 0.90921
vn -0.41145 -0.06366 0.90921
vn -0.48322 -0.14199 0.86391
vn -0.48322 -0.14199 0.86391
vn -0.47888 -0.21673 0.85071
vn -0.47888 -0.21673 0.85071
vn -0.47462 -0.29003 0.83103
vn -0.47462 -0.29003 0.83103
vn -0.47048 -0.36134 0.80503
vn -0.47048 -0.36134 0.80504
vn -0.46648 -0.43012 0.77291
vn -0.46649 -0.43012 0.77291
vn -0.46267 -0.49584 0.7349
vn -0.46267 -0.49584 0.7349
vn -0.45906 -0.55801 0.6913
vn -0.45906 -0.55801 0.6913
vn -0.45568 -0.61614 0.64244
vn -0.45568 -0.61614 0.64244
vn -0.45256 -0.6698 0.58869
vn -0.45257 -0.6698 0.58868
vn -0.44973 -0.71858 0.53045
vn -0.44973 -0.71858 0.53045
vn -0.4472 -0.76211 0.46818
vn -0.4472 -0.76211 0.46818
vn -0.445 -0.80005 0.40235
vn -0.445 -0.80005 0.40235
vn -0.44314 -0.83213 0.33346
vn -0.44314 -0.83213 0.33346
vn -0.44163 -0.85808 0.26202
vn -0.44163 -0.85808 0.26202
vn -0.44049 -0.87772 0.1886
vn -0.44049 -0.87772 0.1886
vn -0.43972 -0.8909 0.11374
vn -0.43972 -0.8909 0.11374
vn -0.43934 -0.89752 0.03801
vn -0.43934 -0.89752 0.03801
vn -0.43934 -0.89752 -0.03801
vn -0.43934 -0.89752 -0.03801
vn -0.43972 -0.8909 -0.11374
vn -0.43972 -0.8909 -0.11374
vn -0.44049 -0.87772 -0.1886
vn -0.44049 -0.87772 -0.1886
vn -0.44163 -0.85808 -0.26202
vn -0.44163 -0.85808 -0.26202
vn -0.44314 -0.83213 -0.33346
vn -0.44314 -0.83213 -0.33346
vn -0.445 -0.80006 -0.40235
vn -0.445 -0.80005 -0.40235
vn -0.44721 -0.76211 -0.46818
vn -0.4472 -0.76211 -0.46818
vn -0.44973 -0.71858 -0.53045
vn -0.44973 -0.71858 -0.53045
vn -0.45256 -0.6698 -0.58869
vn -0.45256 -0.6698 -0.58869
vn -0.45568 -0.61614 -0.64244
vn -0.45568 -0.61614 -0.64244
vn -0.45905 -0.55801 -0.6913
vn -0.45906 -0.55801 -0.6913
vn -0.46267 -0.49585 -0.7349
vn -0.46267 -0.49584 -0.7349
vn -0.46649 -0.43011 -0.77291
vn -0.46648 -0.43012 -0.77291
vn -0.47047 -0.36134 -0.80504
vn -0.47048 -0.36134 -0.80504
vn -0.47462 -0.29003 -0.83104
vn -0.47462 -0.29003 -0.83104
vn -0.47887 -0.21673 -0.85071
vn -0.47888 -0.21673 -0.85071
vn -0.48322 -0.14199 -0.86391
vn -0.48321 -0.14199 -0.86391
vn -0.48761 -0.06639 -0.87054
vn -0.48761 -0.06639 -0.87053
vn -0.49202 0.0095 -0.87053
vn -0.49201 0.00949 -0.87054
vn -0.4964 0.0851 -0.86391
vn -0.49641 0.0851 -0.86391
vn -0.50075 0.15984 -0.85071
vn -0.50074 0.15984 -0.85071
vn -0.505 0.23313 -0.83104
vn -0.505 0.23314 -0.83103
vn -0.50914 0.30445 -0.80503
vn -0.50914 0.30445 -0.80504
vn -0.51313 0.37322 -0.77292
vn -0.51314 0.37323 -0.77291
vn -0.51696 0.43895 -0.7349
vn -0.51695 0.43895 -0.7349
vn -0.52056 0.50112 -0.6913
vn -0.52056 0.50112 -0.6913
vn -0.52394 0.55925 -0.64244
vn -0.52394 0.55925 -0.64244
vn -0.52706 0.61291 -0.58869
vn -0.52706 0.61291 -0.58869
vn -0.52989 0.66169 -0.53045
vn -0.52989 0.66169 -0.53045
vn -0.53242 0.70522 -0.46818
vn -0.53242 0.70522 -0.46818
vn -0.53462 0.74316 -0.40235
vn -0.53462 0.74316 -0.40235
vn -0.53648 0.77524 -0.33346
vn -0.53648 0.77524 -0.33346
vn -0.53799 0.80119 -0.26202
vn -0.53799 0.80119 -0.26202
vn -0.53913 0.82083 -0.1886
vn -0.53913 0.82083 -0.1886
vn -0.5399 0.83401 -0.11374
vn -0.5399 0.83401 -0.11373
vn -0.54028 0.84062 -0.03801
vn -0.54028 0.84062 -0.03801
vn -0.54028 0.84062 0.03801
vn -0.54028 0.84062 0.03801
vn -0.5399 0.83401 0.11374
vn -0.5399 0.83401 0.11374
vn -0.53913 0.82083 0.1886
vn -0.53913 0.82083 0.1886
vn -0.53799 0.80119 0.26202
vn -0.53799 0.80119 0.26202
vn -0.53648 0.77524 0.33346
vn -0.53648 0.77524 0.33346
vn -0.53462 0.74316 0.40235
vn -0.53462 0.74316 0.40235
vn -0.53242 0.70522 0.46818
vn -0.53242 0.70522 0.46818
vn -0.52989 0.66169 0.53045
vn -0.52989 0.66169 0.53045
vn -0.52706 0.61291 0.58869
vn -0.52706 0.61291 0.58868
vn -0.52394 0.55925 0.64244
vn -0.52394 0.55925 0.64244
vn -0.52056 0.50112 0.6913
vn -0.52057 0.50111 0.6913
vn -0.51696 0.43895 0.7349
vn -0.51696 0.43895 0.7349
vn -0.51314 0.37323 0.77291
vn -0.51314 0.37323 0.77291
vn -0.50914 0.30445 0.80504
vn -0.50914 0.30445 0.80503
vn -0.505 0.23314 0.83103
vn -0.505 0.23314 0.83103
vn -0.50075 0.15983 0.85071
vn -0.50075 0.15984 0.85071
vn -0.49641 0.0851 0.86391
vn -0.4964 0.0851 0.86391
vn -0.49201 0.0095 0.87054
vn -0.49202 0.00949 0.87053
vn -0.48761 -0.06639 0.87053
vn -0.48761 -0.06639 0.87054
vn -0.55606 -0.14033 0.81921
vn -0.55606 -0.14032 0.81921
vn -0.55194 -0.2112 0.8067
vn -0.55194 -0.2112 0.8067
vn -0.5479 -0.28071 0.78804
vn -0.5479 -0.28071 0.78804
vn -0.54398 -0.34833 0.76339
vn -0.54398 -0.34833 0.76338
vn -0.54019 -0.41355 0.73292
vn -0.54019 -0.41355 0.73292
vn -0.53657 -0.47587 0.69688
vn -0.53657 -0.47587 0.69688
vn -0.53314 -0.53482 0.65554
vn -0.53315 -0.53482 0.65553
vn -0.52994 -0.58995 0.6092
vn -0.52994 -0.58995 0.6092
vn -0.52699 -0.64083 0.55823
vn -0.52699 -0.64083 0.55823
vn -0.5243 -0.68709 0.50301
vn -0.5243 -0.68709 0.50301
vn -0.52191 -0.72836 0.44396
vn -0.52191 -0.72836 0.44396
vn -0.51982 -0.76434 0.38154
vn -0.51982 -0.76434 0.38153
vn -0.51805 -0.79476 0.3162
vn -0.51805 -0.79476 0.3162
vn -0.51662 -0.81937 0.24847
vn -0.51662 -0.81937 0.24847
vn -0.51554 -0.83799 0.17884
vn -0.51554 -0.838 0.17884
vn -0.51481 -0.85049 0.10785
vn -0.51481 -0.85049 0.10785
vn -0.51445 -0.85676 0.03604
vn -0.51445 -0.85676 0.03604
vn -0.51445 -0.85676 -0.03604
vn -0.51445 -0.85676 -0.03604
vn -0.51481 -0.85049 -0.10785
vn -0.51481 -0.85049 -0.10785
vn -0.51554 -0.83799 -0.17884
vn -0.51554 -0.838 -0.17884
vn -0.51662 -0.81937 -0.24847
vn -0.51662 -0.81937 -0.24847
vn -0.51805 -0.79476 -0.3162
vn -0.51805 -0.79476 -0.3162
vn -0.51982 -0.76434 -0.38153
vn -0.51982 -0.76434 -0.38153
vn -0.52191 -0.72836 -0.44396
vn -0.52191 -0.72836 -0.44396
vn -0.5243 -0.68709 -0.50301
vn -0.5243 -0.68709 -0.50301
vn -0.52699 -0.64083 -0.55823
vn -0.52699 -0.64083 -0.55823
vn -0.52995 -0.58995 -0.6092
vn -0.52995 -0.58994 -0.6092
vn -0.53315 -0.53482 -0.65553
vn -0.53315 -0.53481 -0.65553
vn -0.53657 -0.47587 -0.69688
vn -0.53657 -0.47588 -0.69688
vn -0.54019 -0.41355 -0.73292
vn -0.54019 -0.41354 -0.73292
vn -0.54398 -0.34832 -0.76338
vn -0.54398 -0.34833 -0.76338
vn -0.54791 -0.28071 -0.78804
vn -0.54791 -0.2807 -0.78804
vn -0.55194 -0.2112 -0.80669
vn -0.55194 -0.2112 -0.8067
vn -0.55606 -0.14033 -0.81921
vn -0.55606 -0.14032 -0.81921
vn -0.56022 -0.06863 -0.82549
vn -0.56022 -0.06864 -0.8255
vn -0.5644 0.00332 -0.8255
vn -0.5644 0.00333 -0.82549
vn -0.56856 0.07502 -0.81921
vn -0.56856 0.07501 -0.81921
vn -0.57268 0.14588 -0.8067
vn -0.57268 0.14589 -0.80669
vn -0.57672 0.21539 -0.78804
vn -0.57672 0.21539 -0.78804
vn -0.58064 0.28301 -0.76339
vn -0.58065 0.28301 -0.76338
vn -0.58443 0.34824 -0.73292
vn -0.58443 0.34823 -0.73292
vn -0.58805 0.41056 -0.69688
vn -0.58805 0.41056 -0.69687
vn -0.59148 0.4695 -0.65553
vn -0.59148 0.4695 -0.65553
vn -0.59468 0.52463 -0.6092
vn -0.59468 0.52463 -0.6092
vn -0.59763 0.57552 -0.55823
vn -0.59763 0.57552 -0.55823
vn -0.60032 0.62178 -0.50301
vn -0.60032 0.62178 -0.50301
vn -0.60271 0.66305 -0.44396
vn -0.60271 0.66305 -0.44396
vn -0.6048 0.69903 -0.38153
vn -0.6048 0.69903 -0.38153
vn -0.60657 0.72944 -0.3162
vn -0.60657 0.72944 -0.3162
vn -0.608 0.75406 -0.24847
vn -0.608 0.75406 -0.24847
vn -0.60908 0.77268 -0.17884
vn -0.60908 0.77268 -0.17884
vn -0.60981 0.78518 -0.10785
vn -0.6098 0.78518 -0.10785
vn -0.61017 0.79145 -0.03604
vn -0.61017 0.79145 -0.03604
vn -0.61017 0.79145 0.03604
vn -0.61017 0.79145 0.03604
vn -0.6098 0.78518 0.10785
vn -0.6098 0.78518 0.10785
vn -0.60908 0.77268 0.17884
vn -0.60908 0.77268 0.17884
vn -0.608 0.75406 0.24847
vn -0.608 0.75406 0.24847
vn -0.60657 0.72944 0.3162
vn -0.60657 0.72944 0.3162
vn -0.6048 0.69903 0.38153
vn -0.6048 0.69903 0.38153
vn -0.60271 0.66305 0.44396
vn -0.60271 0.66305 0.44396
vn -0.60032 0.62177 0.50301
vn -0.60031 0.62178 0.50301
vn -0.59763 0.57552 0.55823
vn -0.59763 0.57552 0.55823
vn -0.59467 0.52464 0.6092
vn -0.59467 0.52463 0.6092
vn -0.59147 0.4695 0.65553
vn -0.59147 0.46951 0.65553
vn -0.58805 0.41056 0.69688
vn -0.58805 0.41056 0.69688
vn -0.58443 0.34824 0.73292
vn -0.58443 0.34824 0.73292
vn -0.58064 0.28302 0.76338
vn -0.58064 0.28302 0.76338
vn -0.57671 0.21539 0.78804
vn -0.57671 0.21539 0.78804
vn -0.57268 0.14588 0.8067
vn -0.57268 0.14588 0.8067
vn -0.56856 0.07502 0.81921
vn -0.56856 0.07501 0.81921
vn -0.5644 0.00332 0.82549
vn -0.5644 0.00333 0.8255
vn -0.56022 -0.06863 0.8255
vn -0.56022 -0.06864 0.82549
vn 0.99832 0.05798 -0
vn 0.99832 0.05798 -0
vn 0.99832 0.05798 0
vn 0.99832 0.05798 0
vn 0.99832 0.05798 -0
vn 0.99832 0.05798 -0
vn 0.99832 0.05798 0
vn 0.99832 0.05798 -0
vn 0.99832 0.05798 -0
vn 0.99832 0.05798 0
vn 0.99832 0.05798 0
vn 0.99832 0.05798 0
vn 0.99832 0.05798 0
vn 0.99832 0.05798 -0
vn 0.99832 0.05798 -0
vn 0.99832 0.05798 0
vn 0.99832 0.05798 -0
vn 0.99832 0.05798 -0
vn 0.99832 0.05798 -0
vn 0.99832 0.05798 -0
vn 0.99832 0.05798 0
vn 0.99832 0.05798 -0
vn 0.99832 0.05798 0
vn 0.99832 0.05798 -0
vn 0.99832 0.05798 -0
vn 0.99832 0.05798 0
vn 0.99832 0.05798 -0
vn 0.99832 0.05798 0
vn 0.99832 0.05798 0
vn 0.99832 0.05798 -0
vn 0.99832 0.05798 0
vn 0.99832 0.05798 0
vn 0.99832 0.05798 0
vn 0.99832 0.05798 -0
vn 0.99832 0.05798 -0
vn 0.99832 0.05798 -0
vn 0.99832 0.05798 -0
vn 0.99832 0.05798 0
vn 0.99832 0.05798 0
vn 0.99832 0.05798 0
vn 0.99832 0.05798 0
vn 0.99832 0.05798 -0
vn 0.99832 0.05798 0
vn 0.99832 0.05798 -0
vn 0.99832 0.05798 0
vn 0.99832 0.05798 0
vn 0.99832 0.05798 -0
vn 0.99832 0.05798 0
vn 0.99832 0.05798 -0
vn 0.99832 0.05798 -0
vn 0.99832 0.05798 0
vn 0.99832 0.05798 0
vn 0.99832 0.05798 0
vn 0.99832 0.05798 -0
vn 0.99832 0.05798 -0
vn 0.99832 0.05798 0
vn 0.99832 0.05798 0
vn 0.99832 0.05798 -0
vn 0.99832 0.05798 0
vn 0.99832 0.05798 -0
vn 0.99832 0.05798 -0
vn 0.99832 0.05798 -0
vn 0.99832 0.05798 0
vn 0.99832 0.05798 -0
vn 0.99832 0.05798 0
vn 0.99832 0.05798 -0
vn 0.99832 0.05798 -0
vn 0.99832 0.05798 0
vn 0.99832 0.05798 0
vn 0.99832 0.05798 -0
vn 0.99832 0.05798 -0
vn 0.99832 0.05798 0
vn 0.99832 0.05798 0
vn 0.99832 0.05798 -0
vn 0.99832 0.05798 -0
vn 0.99832 0.05798 -0
vn 0.99832 0.05798 -0
vn 0.99832 0.05798 0
vn 0.99832 0.05798 -0
vn 0.99832 0.05798 -0
vn 0.99832 0.05798 -0
vn 0.99832 0.05798 0
vn 0.99832 0.05798 0
vn 0.99832 0.05798 -0
vn 0.99832 0.05798 0
vn 0.99832 0.05798 -0
vn 0.99832 0.05798 -0
vn 0.99832 0.05798 0
vn 0.99832 0.05798 -0
vn 0.99832 0.05798 -0
vn 0.99832 0.05798 0
vn 0.99832 0.05798 -0
vn 0.99832 0.05798 -0
vn 0.99832 0.05798 -0
vn 0.99832 0.05798 -0
vn 0.99832 0.05798 -0
vn 0.99832 0.05798 -0
vn 0.99832 0.05798 0
vn 0.99832 0.05798 0
vn 0.99832 0.05798 0
vn 0.99832 0.05798 0
vn 0.99832 0.05798 -0
vn 0.99832 0.05798 -0
vn 0.99832 0.05798 0
vn 0.99832 0.05798 0
vn 0.99832 0.05798 -0
vn 0.99832 0.05798 -0
vn 0.99832 0.05798 0
vn 0.99832 0.05798 0
vn 0.99832 0.05798 0
vn 0.99832 0.05798 -0
vn 0.99832 0.05798 -0
vn 0.99832 0.05798 0
vn 0.99832 0.05798 -0
vn 0.99832 0.05798 -0
vn 0.99832 0.05798 0
vn 0.99832 0.05798 0
vn 0.99832 0.05798 -0
vn 0.99832 0.05798 0
vn 0.99832 0.05798 0
vn 0.99832 0.05798 -0
vn 0.99832 0.05798 -0
vn 0.99832 0.05798 0
vn 0.99832 0.05798 -0
vn 0.99832 0.05798 0
vn -0.99832 -0.05798 0
vn -0.99832 -0.05798 -0
vn -0.99832 -0.05798 -0
vn -0.99832 -0.05798 -0
vn -0.99832 -0.05798 0
vn -0.99832 -0.05798 0
vn -0.99832 -0.05798 0
vn -0.99832 -0.05798 -0
vn -0.99832 -0.05798 -0
vn -0.99832 -0.05798 0
vn -0.99832 -0.05798 -0
vn -0.99832 -0.05798 -0
vn -0.99832 -0.05798 0
vn -0.99832 -0.05798 0
vn -0.99832 -0.05798 -0
vn -0.99832 -0.05798 -0
vn -0.99832 -0.05798 -0
vn -0.99832 -0.05798 0
vn -0.99832 -0.05798 0
vn -0.99832 -0.05798 0
vn -0.99832 -0.05798 0
vn -0.99832 -0.05798 -0
vn -0.99832 -0.05798 -0
vn -0.99832 -0.05798 0
vn -0.99832 -0.05798 -0
vn -0.99832 -0.05798 -0
vn -0.99832 -0.05798 -0
vn -0.99832 -0.05798 -0
vn -0.99832 -0.05798 0
vn -0.99832 -0.05798 -0
vn -0.99832 -0.05798 0
vn -0.99832 -0.05798 -0
vn -0.99832 -0.05798 -0
vn -0.99832 -0.05798 0
vn -0.99832 -0.05798 -0
vn -0.99832 -0.05798 0
vn -0.99832 -0.05798 0
vn -0.99832 -0.05798 -0
vn -0.99832 -0.05798 0
vn -0.99832 -0.05798 0
vn -0.99832 -0.05798 0
vn -0.99832 -0.05798 -0
vn -0.99832 -0.05798 -0
vn -0.99832 -0.05798 -0
vn -0.99832 -0.05798 -0
vn -0.99832 -0.05798 0
vn -0.99832 -0.05798 0
vn -0.99832 -0.05798 0
vn -0.99832 -0.05798 0
vn -0.99832 -0.05798 -0
vn -0.99832 -0.05798 0
vn -0.99832 -0.05798 -0
vn -0.99832 -0.05798 0
vn -0.99832 -0.05798 0
vn -0.99832 -0.05798 -0
vn -0.99832 -0.05798 0
vn -0.99832 -0.05798 -0
vn -0.99832 -0.05798 -0
vn -0.99832 -0.05798 0
vn -0.99832 -0.05798 0
vn -0.99832 -0.05798 0
vn -0.99832 -0.05798 -0
vn -0.99832 -0.05798 -0
vn -0.99832 -0.05798 0
vn -0.99832 -0.05798 0
vn -0.99832 -0.05798 -0
vn -0.99832 -0.05798 -0
vn -0.99832 -0.05798 -0
vn -0.99832 -0.05798 -0
vn -0.99832 -0.05798 -0
vn -0.99832 -0.05798 -0
vn -0.99832 -0.05798 0
vn -0.99832 -0.05798 -0
vn -0.99832 -0.05798 -0
vn -0.99832 -0.05798 -0
vn -0.99832 -0.05798 0
vn -0.99832 -0.05798 0
vn -0.99832 -0.05798 -0
vn -0.99832 -0.05798 0
vn -0.99832 -0.05798 -0
vn -0.99832 -0.05798 -0
vn -0.99832 -0.05798 0
vn -0.99832 -0.05798 -0
vn -0.99832 -0.05798 -0
vn -0.99832 -0.05798 0
vn -0.99832 -0.05798 -0
vn -0.99832 -0.05798 -0
vn -0.99832 -0.05798 -0
vn -0.99832 -0.05798 -0
vn -0.99832 -0.05798 -0
vn -0.99832 -0.05798 -0
vn -0.99832 -0.05798 0
vn -0.99832 -0.05798 0
vn -0.99832 -0.05798 0
vn -0.99832 -0.05798 0
vn -0.99832 -0.05798 -0
vn -0.99832 -0.05798 -0
vn -0.99832 -0.05798 0
vn -0.99832 -0.05798 0
vn -0.99832 -0.05798 -0
vn -0.99832 -0.05798 -0
vn -0.99832 -0.05798 0
vn -0.99832 -0.05798 0
vn -0.99832 -0.05798 0
vn -0.99832 -0.05798 -0
vn -0.99832 -0.05798 -0
vn -0.99832 -0.05798 0
vn -0.99832 -0.05798 -0
vn -0.99832 -0.05798 -0
vn -0.99832 -0.05798 0
vn -0.99832 -0.05798 0
vn -0.99832 -0.05798 -0
vn -0.99832 -0.05798 0
vn -0.99832 -0.05798 0
vn -0.99832 -0.05798 -0
vn -0.99832 -0.05798 -0
vn -0.99832 -0.05798 0
vn -0.99832 -0.05798 0
vn -0.99832 -0.05798 -0
vn -0.99832 -0.05798 -0
vn -0.99832 -0.05798 0
vn -0.99832 -0.05798 0
vn -0.99832 -0.05798 0
vn -0.99832 -0.05798 0
vn -0.99832 -0.05798 -0
vn -0.04956 0.8534 -0.51889
vn -0.04956 0.8534 -0.51889
vn 0.05081 -0.87497 -0.4815
vn 0.05303 -0.91318 -0.40409
vn 0.05303 -0.91318 -0.40409
vn 0.05486 -0.94458 -0.32367
vn 0.05486 -0.94458 -0.32367
vn 0.05627 -0.96893 -0.24083
vn 0.05627 -0.96893 -0.24083
vn 0.05727 -0.98606 -0.1562
vn 0.05727 -0.98606 -0.1562
vn 0.05783 -0.99584 -0.0704
vn 0.05797 -0.99819 0.01592
vn 0.05767 -0.9931 0.10213
vn 0.05767 -0.9931 0.10213
vn 0.05695 -0.9806 0.18757
vn 0.05695 -0.9806 0.18757
vn 0.0558 -0.96079 0.27161
vn 0.0558 -0.96079 0.27161
vn 0.05423 -0.93381 0.35363
vn 0.05423 -0.93381 0.35363
vn 0.05226 -0.89987 0.43301
vn 0.0499 -0.85922 0.50917
vn 0.0499 -0.85922 0.50917
vn 0.04717 -0.81216 0.58152
vn 0.04717 -0.81216 0.58152
vn 0.04408 -0.75905 0.64954
vn 0.04408 -0.75905 0.64954
vn 0.04067 -0.70027 0.71272
vn 0.04067 -0.70027 0.71272
vn 0.03695 -0.63628 0.77057
vn 0.03695 -0.63628 0.77057
vn 0.03296 -0.56754 0.82269
vn 0.02872 -0.49456 0.86867
vn 0.02872 -0.49456 0.86867
vn 0.02427 -0.4179 0.90817
vn 0.02427 -0.4179 0.90817
vn 0.01964 -0.33813 0.9409
vn 0.01964 -0.33813 0.9409
vn 0.01486 -0.25582 0.96661
vn 0.00997 -0.17161 0.98511
vn 0.00997 -0.17161 0.98511
vn 0.005 -0.08613 0.99627
vn -0.005 0.08613 0.99627
vn -0.00997 0.17161 0.98511
vn -0.00997 0.17161 0.98511
vn -0.01486 0.25582 0.96661
vn -0.01964 0.33813 0.9409
vn -0.01964 0.33813 0.9409
vn -0.02427 0.4179 0.90817
vn -0.02427 0.4179 0.90817
vn -0.02872 0.49456 0.86867
vn -0.02872 0.49456 0.86867
vn -0.03296 0.56754 0.82269
vn -0.03695 0.63628 0.77057
vn -0.03695 0.63628 0.77057
vn -0.04067 0.70027 0.71272
vn -0.04067 0.70027 0.71272
vn -0.04408 0.75905 0.64954
vn -0.04408 0.75905 0.64954
vn -0.04717 0.81216 0.58152
vn -0.04717 0.81216 0.58152
vn -0.0499 0.85922 0.50917
vn -0.0499 0.85922 0.50917
vn -0.05226 0.89987 0.43301
vn -0.05423 0.93381 0.35363
vn -0.05423 0.93381 0.35363
vn -0.0558 0.96079 0.27161
vn -0.0558 0.96079 0.27161
vn -0.05695 0.9806 0.18757
vn -0.05695 0.9806 0.18757
vn -0.05767 0.9931 0.10213
vn -0.05767 0.9931 0.10213
vn -0.05797 0.99819 0.01592
vn -0.05783 0.99584 -0.0704
vn -0.05727 0.98606 -0.1562
vn -0.05727 0.98606 -0.1562
vn -0.05627 0.96893 -0.24083
vn -0.05627 0.96893 -0.24083
vn -0.05486 0.94458 -0.32367
vn -0.05486 0.94458 -0.32367
vn -0.05303 0.91318 -0.40409
vn -0.05303 0.91318 -0.40409
vn -0.05081 0.87497 -0.4815
vn 0.04956 -0.8534 -0.51889
vn 0.04956 -0.8534 -0.51889
vn -0.12484 -0.86751 0.4815
vn -0.12484 -0.86751 0.4815
vn -0.13029 -0.90539 0.40409
vn -0.13477 -0.93652 0.32367
vn -0.13825 -0.96067 0.24083
vn -0.14069 -0.97765 0.1562
vn -0.14209 -0.98735 0.0704
vn -0.14242 -0.98968 -0.01592
vn -0.1417 -0.98463 -0.10213
vn -0.1417 -0.98463 -0.10213
vn -0.13991 -0.97224 -0.18757
vn -0.13991 -0.97224 -0.18757
vn -0.13709 -0.95259 -0.27161
vn -0.13709 -0.95259 -0.27161
vn -0.13324 -0.92585 -0.35363
vn -0.12839 -0.8922 -0.43301
vn -0.12839 -0.8922 -0.43301
vn -0.12259 -0.85189 -0.50917
vn -0.12259 -0.85189 -0.50917
vn -0.11588 -0.80524 -0.58152
vn -0.1083 -0.75258 -0.64954
vn -0.1083 -0.75257 -0.64954
vn -0.09992 -0.6943 -0.71272
vn -0.09992 -0.6943 -0.71272
vn -0.09078 -0.63085 -0.77057
vn -0.08098 -0.5627 -0.82269
vn -0.07056 -0.49035 -0.86867
vn -0.07056 -0.49035 -0.86867
vn -0.05963 -0.41434 -0.90817
vn -0.05963 -0.41433 -0.90817
vn -0.04824 -0.33524 -0.9409
vn -0.0365 -0.25364 -0.96661
vn -0.0365 -0.25364 -0.96661
vn -0.02449 -0.17015 -0.98511
vn -0.02449 -0.17015 -0.98511
vn -0.01229 -0.0854 -0.99627
vn -0.01229 -0.0854 -0.99627
vn 0.01229 0.0854 -0.99627
vn 0.01229 0.0854 -0.99627
vn 0.02449 0.17015 -0.98511
vn 0.02449 0.17015 -0.98511
vn 0.0365 0.25364 -0.96661
vn 0.0365 0.25364 -0.96661
vn 0.04824 0.33524 -0.9409
vn 0.05963 0.41433 -0.90817
vn 0.05963 0.41434 -0.90817
vn 0.07056 0.49035 -0.86867
vn 0.07056 0.49035 -0.86867
vn 0.08098 0.5627 -0.82269
vn 0.09078 0.63085 -0.77057
vn 0.09992 0.6943 -0.71272
vn 0.09992 0.6943 -0.71272
vn 0.1083 0.75257 -0.64954
vn 0.1083 0.75258 -0.64954
vn 0.11588 0.80524 -0.58152
vn 0.12259 0.85189 -0.50917
vn 0.12259 0.85189 -0.50917
vn 0.12839 0.8922 -0.43301
vn 0.12839 0.8922 -0.43301
vn 0.13324 0.92585 -0.35363
vn 0.13709 0.95259 -0.27161
vn 0.13709 0.95259 -0.27161
vn 0.13991 0.97224 -0.18757
vn 0.13991 0.97224 -0.18757
vn 0.1417 0.98463 -0.10213
vn 0.1417 0.98463 -0.10213
vn 0.14242 0.98968 -0.01592
vn 0.14209 0.98735 0.0704
vn 0.14069 0.97765 0.1562
vn 0.13825 0.96067 0.24083
vn 0.13477 0.93652 0.32367
vn 0.13029 0.90539 0.40409
vn 0.12484 0.86751 0.4815
vn 0.12484 0.86751 0.4815
vn -0.12176 -0.84612 0.51889
vn -0.12176 -0.84612 0.51889
vn -0.14244 -0.9898 -0
vn -0.14244 -0.9898 -0
vn -0.14244 -0.9898 0
vn 0.02783 0.99961 0
vn 0.27042 0.96274 0
vn 0.3533 0.93551 0
vn 0.43349 0.90116 0
vn 0.51038 0.85995 0
vn 0.58339 0.81219 0
vn 0.65195 0.75826 0
vn 0.77372 0.63353 0
vn 0.82599 0.56368 0
vn 0.87198 0.48955 0
vn 0.91133 0.41169 0
vn 0.94374 0.33069 0
vn 0.96897 0.24718 0
vn 0.98683 0.16179 0
vn 0.99717 0.07517 0
vn 0.99993 -0.01203 -0
vn 0.96274 -0.27042 -0
vn 0.93551 -0.3533 -0
vn 0.90116 -0.43349 -0
vn 0.85995 -0.51038 -0
vn 0.81219 -0.58339 -0
vn 0.75826 -0.65195 -0
vn 0.63353 -0.77372 -0
vn 0.56368 -0.82599 -0
vn 0.48955 -0.87198 -0
vn 0.41169 -0.91133 -0
vn 0.33069 -0.94374 -0
vn 0.24718 -0.96897 -0
vn 0.16179 -0.98683 -0
vn 0.07517 -0.99717 -0
vn -0.01203 -0.99993 -0
vn -0.27042 -0.96274 -0
vn -0.3533 -0.93551 -0
vn -0.43349 -0.90116 -0
vn -0.51038 -0.85995 -0
vn -0.58339 -0.81219 -0
vn -0.65195 -0.75826 -0
vn -0.77372 -0.63353 -0
vn -0.82599 -0.56368 -0
vn -0.87198 -0.48955 -0
vn -0.91133 -0.41169 -0
vn -0.94374 -0.33069 -0
vn -0.96897 -0.24718 -0
vn -0.98683 -0.16179 -0
vn -0.99717 -0.07517 -0
vn -0.99993 0.01203 -0
vn -0.96274 0.27042 -0
vn -0.93551 0.3533 -0
vn -0.90116 0.43349 -0
vn -0.85995 0.51038 -0
vn -0.81219 0.58339 -0
vn -0.75826 0.65195 -0
vn -0.63353 0.77372 -0
vn -0.56368 0.82599 -0
vn -0.48955 0.87198 -0
vn -0.41169 0.91133 -0
vn -0.33069 0.94374 -0
vn -0.24718 0.96897 -0
vn -0.16179 0.98683 -0
vn -0.07517 0.99717 -0
vn -0.0158 0.99988 -0
vn 0.01203 0.99993 -0.00034
vn 0.14244 0.9898 0
vn 0.14244 0.9898 -0
vn 0.14244 0.9898 0
vn 0.12176 0.84612 0.51889
vn 0.12176 0.84612 0.51889
vn 0.9898 -0.14244 0
vn 0.9898 -0.14244 -0
vn 0.9898 -0.14244 -0
vn 0.9898 -0.14244 0
vn 0.9898 -0.14244 0
vn 0.9898 -0.14244 -0
vn 0.9898 -0.14244 0
vn 0.9898 -0.14244 0
vn 0.9898 -0.14244 0
vn 0.9898 -0.14244 0
vn 0.9898 -0.14244 0
vn 0.9898 -0.14244 0
vn 0.9898 -0.14244 -0
vn 0.9898 -0.14244 0
vn 0.9898 -0.14244 -0
vn 0.9898 -0.14244 -0
vn 0.9898 -0.14244 -0
vn 0.9898 -0.14244 -0
vn 0.9898 -0.14244 0
vn 0.9898 -0.14244 -0
vn 0.9898 -0.14244 -0
vn 0.9898 -0.14244 0
vn 0.9898 -0.14244 0
vn 0.9898 -0.14244 0
vn 0.9898 -0.14244 0
vn 0.9898 -0.14244 -0
vn 0.9898 -0.14244 0
vn 0.9898 -0.14244 0
vn 0.9898 -0.14244 0
vn 0.9898 -0.14244 0
vn 0.9898 -0.14244 -0
vn 0.9898 -0.14244 -0
vn 0.9898 -0.14244 0
vn 0.9898 -0.14244 0
vn 0.9898 -0.14244 -0
vn 0.9898 -0.14244 0
vn 0.9898 -0.14244 0
vn 0.9898 -0.14244 -0
vn 0.9898 -0.14244 0
vn 0.9898 -0.14244 0
vn 0.9898 -0.14244 -0
vn 0.9898 -0.14244 0
vn 0.9898 -0.14244 0
vn 0.9898 -0.14244 -0
vn 0.9898 -0.14244 0
vn 0.9898 -0.14244 0
vn 0.9898 -0.14244 -0
vn 0.9898 -0.14244 0
vn 0.9898 -0.14244 -0
vn 0.9898 -0.14244 -0
vn 0.9898 -0.14244 -0
vn 0.9898 -0.14244 -0
vn 0.9898 -0.14244 0
vn 0.9898 -0.14244 0
vn 0.9898 -0.14244 0
vn 0.9898 -0.14244 -0
vn 0.9898 -0.14244 -0
vn 0.9898 -0.14244 0
vn 0.9898 -0.14244 0
vn 0.9898 -0.14244 -0
vn 0.9898 -0.14244 -0
vn 0.9898 -0.14244 -0
vn 0.9898 -0.14244 0
vn 0.9898 -0.14244 0
vn 0.9898 -0.14244 -0
vn 0.9898 -0.14244 -0
vn 0.9898 -0.14244 0
vn 0.9898 -0.14244 -0
vn 0.9898 -0.14244 -0
vn 0.9898 -0.14244 0
vn 0.9898 -0.14244 -0
vn 0.9898 -0.14244 0
vn 0.9898 -0.14244 0
vn 0.9898 -0.14244 0
vn 0.9898 -0.14244 0
vn 0.9898 -0.14244 0
vn 0.9898 -0.14244 0
vn 0.9898 -0.14244 0
vn 0.9898 -0.14244 -0
vn 0.9898 -0.14244 -0
vn 0.9898 -0.14244 0
vn 0.9898 -0.14244 -0
vn 0.9898 -0.14244 -0
vn 0.9898 -0.14244 0
vn 0.9898 -0.14244 -0
vn 0.9898 -0.14244 0
vn 0.9898 -0.14244 -0
vn 0.9898 -0.14244 -0
vn 0.9898 -0.14244 0
vn 0.9898 -0.14244 0
vn 0.9898 -0.14244 0
vn 0.9898 -0.14244 0
vn 0.9898 -0.14244 0
vn 0.9898 -0.14244 0
vn 0.9898 -0.14244 -0
vn 0.9898 -0.14244 0
vn 0.9898 -0.14244 0
vn 0.9898 -0.14244 -0
vn 0.9898 -0.14244 -0
vn 0.9898 -0.14244 0
vn 0.9898 -0.14244 0
vn 0.9898 -0.14244 0
vn 0.9898 -0.14244 -0
vn 0.9898 -0.14244 -0
vn 0.9898 -0.14244 -0
vn 0.9898 -0.14244 0
vn 0.9898 -0.14244 -0
vn 0.9898 -0.14244 -0
vn 0.9898 -0.14244 0
vn 0.9898 -0.14244 -0
vn 0.9898 -0.14244 -0
vn 0.9898 -0.14244 0
vn 0.9898 -0.14244 0
vn 0.9898 -0.14244 -0
vn 0.9898 -0.14244 -0
vn 0.9898 -0.14244 -0
vn 0.9898 -0.14244 0
vn 0.9898 -0.14244 -0
vn 0.9898 -0.14244 -0
vn 0.9898 -0.14244 0
vn 0.9898 -0.14244 -0
vn 0.9898 -0.14244 0
vn 0.9898 -0.14244 0
vn 0.9898 -0.14244 0
vn 0.9898 -0.14244 -0
vn -0.9898 0.14244 0
vn -0.9898 0.14244 0
vn -0.9898 0.14244 0
vn -0.9898 0.14244 0
vn -0.9898 0.14244 0
vn -0.9898 0.14244 -0
vn -0.9898 0.14244 0
vn -0.9898 0.14244 -0
vn -0.9898 0.14244 -0
vn -0.9898 0.14244 0
vn -0.9898 0.14244 0
vn -0.9898 0.14244 0
vn -0.9898 0.14244 0
vn -0.9898 0.14244 -0
vn -0.9898 0.14244 -0
vn -0.9898 0.14244 0
vn -0.9898 0.14244 -0
vn -0.9898 0.14244 -0
vn -0.9898 0.14244 0
vn -0.9898 0.14244 -0
vn -0.9898 0.14244 0
vn -0.9898 0.14244 -0
vn -0.9898 0.14244 0
vn -0.9898 0.14244 0
vn -0.9898 0.14244 0
vn -0.9898 0.14244 0
vn -0.9898 0.14244 -0
vn -0.9898 0.14244 -0
vn -0.9898 0.14244 0
vn -0.9898 0.14244 0
vn -0.9898 0.14244 -0
vn -0.9898 0.14244 0
vn -0.9898 0.14244 0
vn -0.9898 0.14244 -0
vn -0.9898 0.14244 0
vn -0.9898 0.14244 0
vn -0.9898 0.14244 -0
vn -0.9898 0.14244 0
vn -0.9898 0.14244 0
vn -0.9898 0.14244 -0
vn -0.9898 0.14244 0
vn -0.9898 0.14244 0
vn -0.9898 0.14244 -0
vn -0.9898 0.14244 0
vn -0.9898 0.14244 -0
vn -0.9898 0.14244 -0
vn -0.9898 0.14244 -0
vn -0.9898 0.14244 -0
vn -0.9898 0.14244 0
vn -0.9898 0.14244 0
vn -0.9898 0.14244 0
vn -0.9898 0.14244 -0
vn -0.9898 0.14244 -0
vn -0.9898 0.14244 0
vn -0.9898 0.14244 0
vn -0.9898 0.14244 -0
vn -0.9898 0.14244 -0
vn -0.9898 0.14244 -0
vn -0.9898 0.14244 0
vn -0.9898 0.14244 0
vn -0.9898 0.14244 -0
vn -0.9898 0.14244 -0
vn -0.9898 0.14244 0
vn -0.9898 0.14244 -0
vn -0.9898 0.14244 -0
vn -0.9898 0.14244 0
vn -0.9898 0.14244 -0
vn -0.9898 0.14244 0
vn -0.9898 0.14244 0
vn -0.9898 0.14244 0
vn -0.9898 0.14244 0
vn -0.9898 0.14244 0
vn -0.9898 0.14244 -0
vn -0.9898 0.14244 0
vn -0.9898 0.14244 0
vn -0.9898 0.14244 0
vn -0.9898 0.14244 -0
vn -0.9898 0.14244 -0
vn -0.9898 0.14244 0
vn -0.9898 0.14244 0
vn -0.9898 0.14244 -0
vn -0.9898 0.14244 -0
vn -0.9898 0.14244 0
vn -0.9898 0.14244 -0
vn -0.9898 0.14244 -0
vn -0.9898 0.14244 0
vn -0.9898 0.14244 -0
vn -0.9898 0.14244 0
vn -0.9898 0.14244 -0
vn -0.9898 0.14244 -0
vn -0.9898 0.14244 0
vn -0.9898 0.14244 0
vn -0.9898 0.14244 0
vn -0.9898 0.14244 0
vn -0.9898 0.14244 0
vn -0.9898 0.14244 0
vn -0.9898 0.14244 -0
vn -0.9898 0.14244 0
vn -0.9898 0.14244 0
vn -0.9898 0.14244 -0
vn -0.9898 0.14244 -0
vn -0.9898 0.14244 0
vn -0.9898 0.14244 0
vn -0.9898 0.14244 0
vn -0.9898 0.14244 -0
vn -0.9898 0.14244 -0
vn -0.9898 0.14244 -0
vn -0.9898 0.14244 0
vn -0.9898 0.14244 -0
vn -0.9898 0.14244 -0
vn -0.9898 0.14244 0
vn -0.9898 0.14244 -0
vn -0.9898 0.14244 -0
vn -0.9898 0.14244 0
vn -0.9898 0.14244 0
vn -0.9898 0.14244 -0
vn -0.9898 0.14244 -0
vn -0.9898 0.14244 -0
vn -0.9898 0.14244 0
vn -0.9898 0.14244 -0
vn -0.9898 0.14244 -0
vn -0.9898 0.14244 0
vn -0.9898 0.14244 -0
vn -0.9898 0.14244 0
vn -0.9898 0.14244 0
vn -0.05798 0.99832 0
vn -0.05798 0.99832 0
vn -0.05798 0.99832 0
vn -0.57288 -0.02652 -0.81921
vn -0.57288 -0.02652 -0.81921
vn -0.58299 -0.09679 -0.8067
vn -0.58299 -0.09679 -0.8067
vn -0.5929 -0.1657 -0.78804
vn -0.5929 -0.1657 -0.78804
vn -0.60255 -0.23275 -0.76338
vn -0.60255 -0.23275 -0.76338
vn -0.61186 -0.29741 -0.73292
vn -0.61186 -0.29741 -0.73292
vn -0.62075 -0.3592 -0.69688
vn -0.62075 -0.3592 -0.69688
vn -0.62916 -0.41765 -0.65553
vn -0.62916 -0.41765 -0.65553
vn -0.63703 -0.4723 -0.6092
vn -0.63703 -0.47231 -0.6092
vn -0.64429 -0.52276 -0.55823
vn -0.64429 -0.52276 -0.55823
vn -0.65089 -0.56862 -0.50301
vn -0.65089 -0.56862 -0.50301
vn -0.65678 -0.60954 -0.44396
vn -0.65678 -0.60954 -0.44396
vn -0.66191 -0.64522 -0.38153
vn -0.66191 -0.64522 -0.38153
vn -0.66625 -0.67537 -0.3162
vn -0.66625 -0.67537 -0.3162
vn -0.66976 -0.69977 -0.24847
vn -0.66976 -0.69977 -0.24847
vn -0.67242 -0.71824 -0.17884
vn -0.67242 -0.71824 -0.17884
vn -0.6742 -0.73063 -0.10785
vn -0.6742 -0.73063 -0.10785
vn -0.6751 -0.73685 -0.03604
vn -0.6751 -0.73685 -0.03604
vn -0.6751 -0.73685 0.03604
vn -0.6751 -0.73685 0.03604
vn -0.6742 -0.73063 0.10785
vn -0.6742 -0.73063 0.10785
vn -0.67242 -0.71824 0.17884
vn -0.67242 -0.71824 0.17884
vn -0.66976 -0.69977 0.24847
vn -0.66976 -0.69977 0.24847
vn -0.66625 -0.67537 0.3162
vn -0.66625 -0.67537 0.3162
vn -0.66191 -0.64522 0.38153
vn -0.66191 -0.64522 0.38154
vn -0.65678 -0.60954 0.44396
vn -0.65678 -0.60954 0.44396
vn -0.65089 -0.56862 0.50301
vn -0.65089 -0.56862 0.50301
vn -0.64429 -0.52276 0.55823
vn -0.64429 -0.52276 0.55823
vn -0.63703 -0.4723 0.6092
vn -0.63703 -0.4723 0.6092
vn -0.62916 -0.41764 0.65553
vn -0.62917 -0.41765 0.65553
vn -0.62076 -0.35921 0.69687
vn -0.62075 -0.3592 0.69688
vn -0.61186 -0.29741 0.73292
vn -0.61186 -0.29741 0.73292
vn -0.60256 -0.23275 0.76338
vn -0.60256 -0.23274 0.76338
vn -0.59291 -0.1657 0.78804
vn -0.59291 -0.1657 0.78804
vn -0.58299 -0.09679 0.80669
vn -0.58299 -0.09679 0.8067
vn -0.57287 -0.02652 0.81921
vn -0.57288 -0.02652 0.81921
vn -0.56265 0.04456 0.82549
vn -0.56265 0.04456 0.8255
vn -0.55238 0.11591 0.8255
vn -0.55238 0.1159 0.82549
vn -0.54215 0.18698 0.81921
vn -0.54215 0.18698 0.81921
vn -0.53204 0.25725 0.8067
vn -0.53204 0.25725 0.80669
vn -0.52212 0.32616 0.78804
vn -0.52212 0.32616 0.78804
vn -0.51248 0.39321 0.76338
vn -0.51248 0.39321 0.76338
vn -0.50317 0.45787 0.73292
vn -0.50317 0.45788 0.73292
vn -0.49427 0.51967 0.69688
vn -0.49428 0.51966 0.69688
vn -0.48587 0.57811 0.65553
vn -0.48587 0.57811 0.65553
vn -0.478 0.63277 0.6092
vn -0.478 0.63277 0.6092
vn -0.47074 0.68322 0.55823
vn -0.47074 0.68322 0.55823
vn -0.46414 0.72908 0.50301
vn -0.46414 0.72908 0.50301
vn -0.45825 0.77 0.44396
vn -0.45825 0.77 0.44396
vn -0.45311 0.80568 0.38153
vn -0.45312 0.80568 0.38153
vn -0.44878 0.83583 0.3162
vn -0.44878 0.83583 0.3162
vn -0.44526 0.86023 0.24847
vn -0.44526 0.86024 0.24847
vn -0.44261 0.8787 0.17884
vn -0.44261 0.8787 0.17884
vn -0.44082 0.89109 0.10785
vn -0.44082 0.89109 0.10785
vn -0.43993 0.89731 0.03604
vn -0.43993 0.89731 0.03604
vn -0.43993 0.89731 -0.03604
vn -0.43993 0.89731 -0.03604
vn -0.44082 0.89109 -0.10785
vn -0.44082 0.89109 -0.10785
vn -0.44261 0.8787 -0.17884
vn -0.44261 0.8787 -0.17884
vn -0.44526 0.86023 -0.24847
vn -0.44526 0.86023 -0.24847
vn -0.44878 0.83583 -0.3162
vn -0.44878 0.83583 -0.3162
vn -0.45312 0.80568 -0.38153
vn -0.45311 0.80568 -0.38154
vn -0.45825 0.77 -0.44396
vn -0.45825 0.77 -0.44396
vn -0.46414 0.72908 -0.50301
vn -0.46414 0.72908 -0.50301
vn -0.47074 0.68322 -0.55823
vn -0.47074 0.68322 -0.55823
vn -0.478 0.63277 -0.6092
vn -0.478 0.63277 -0.6092
vn -0.48586 0.57811 -0.65553
vn -0.48586 0.57811 -0.65554
vn -0.49427 0.51966 -0.69688
vn -0.49427 0.51967 -0.69688
vn -0.50317 0.45787 -0.73292
vn -0.50317 0.45788 -0.73292
vn -0.51247 0.39321 -0.76338
vn -0.51247 0.39321 -0.76339
vn -0.52212 0.32616 -0.78804
vn -0.52212 0.32616 -0.78804
vn -0.53204 0.25725 -0.8067
vn -0.53204 0.25725 -0.8067
vn -0.54215 0.18698 -0.81921
vn -0.54215 0.18698 -0.81921
vn -0.55238 0.11591 -0.82549
vn -0.55238 0.1159 -0.8255
vn -0.56265 0.04456 -0.8255
vn -0.56265 0.04456 -0.82549
vn -0.50183 -0.04269 -0.86391
vn -0.50183 -0.04269 -0.86391
vn -0.5125 -0.11679 -0.85071
vn -0.5125 -0.11679 -0.85071
vn -0.52296 -0.18947 -0.83103
vn -0.52296 -0.18947 -0.83103
vn -0.53313 -0.26017 -0.80504
vn -0.53313 -0.26017 -0.80504
vn -0.54294 -0.32836 -0.77291
vn -0.54295 -0.32836 -0.77291
vn -0.55232 -0.39352 -0.7349
vn -0.55232 -0.39352 -0.7349
vn -0.56119 -0.45516 -0.6913
vn -0.56119 -0.45516 -0.6913
vn -0.56949 -0.5128 -0.64244
vn -0.56949 -0.5128 -0.64244
vn -0.57714 -0.566 -0.58868
vn -0.57715 -0.566 -0.58869
vn -0.58411 -0.61436 -0.53045
vn -0.5841 -0.61436 -0.53045
vn -0.59031 -0.65752 -0.46818
vn -0.59031 -0.65752 -0.46818
vn -0.59573 -0.69514 -0.40235
vn -0.59573 -0.69514 -0.40235
vn -0.6003 -0.72694 -0.33346
vn -0.6003 -0.72694 -0.33346
vn -0.60401 -0.75267 -0.26202
vn -0.60401 -0.75267 -0.26202
vn -0.60681 -0.77215 -0.1886
vn -0.60681 -0.77215 -0.1886
vn -0.60869 -0.78521 -0.11374
vn -0.60869 -0.78521 -0.11374
vn -0.60963 -0.79177 -0.03801
vn -0.60963 -0.79177 -0.03801
vn -0.60963 -0.79177 0.03801
vn -0.60963 -0.79177 0.03801
vn -0.60869 -0.78521 0.11374
vn -0.60869 -0.78521 0.11374
vn -0.60681 -0.77215 0.1886
vn -0.60681 -0.77215 0.1886
vn -0.60401 -0.75267 0.26202
vn -0.60401 -0.75267 0.26202
vn -0.6003 -0.72694 0.33346
vn -0.6003 -0.72694 0.33346
vn -0.59573 -0.69514 0.40235
vn -0.59573 -0.69514 0.40235
vn -0.59031 -0.65752 0.46818
vn -0.59031 -0.65752 0.46818
vn -0.5841 -0.61437 0.53045
vn -0.5841 -0.61436 0.53045
vn -0.57714 -0.566 0.58868
vn -0.57714 -0.566 0.58869
vn -0.56948 -0.5128 0.64244
vn -0.56948 -0.5128 0.64244
vn -0.56119 -0.45516 0.6913
vn -0.56119 -0.45516 0.6913
vn -0.55232 -0.39352 0.7349
vn -0.55232 -0.39353 0.7349
vn -0.54295 -0.32836 0.77291
vn -0.54294 -0.32836 0.77292
vn -0.53313 -0.26017 0.80504
vn -0.53313 -0.26017 0.80503
vn -0.52296 -0.18947 0.83103
vn -0.52295 -0.18946 0.83104
vn -0.5125 -0.11679 0.85071
vn -0.5125 -0.11679 0.85071
vn -0.50184 -0.04269 0.86391
vn -0.50183 -0.04269 0.86391
vn -0.49105 0.03227 0.87054
vn -0.49105 0.03226 0.87053
vn -0.48022 0.1075 0.87053
vn -0.48022 0.10751 0.87054
vn -0.46943 0.18246 0.86391
vn -0.46943 0.18246 0.86391
vn -0.45877 0.25656 0.85071
vn -0.45877 0.25657 0.85071
vn -0.44831 0.32924 0.83104
vn -0.44831 0.32924 0.83104
vn -0.43814 0.39994 0.80504
vn -0.43813 0.39995 0.80504
vn -0.42832 0.46814 0.77291
vn -0.42832 0.46813 0.77291
vn -0.41895 0.5333 0.7349
vn -0.41894 0.5333 0.7349
vn -0.41007 0.59493 0.6913
vn -0.41007 0.59493 0.6913
vn -0.40178 0.65257 0.64244
vn -0.40178 0.65257 0.64244
vn -0.39412 0.70577 0.58869
vn -0.39412 0.70577 0.58869
vn -0.38716 0.75414 0.53045
vn -0.38717 0.75414 0.53045
vn -0.38096 0.79729 0.46818
vn -0.38095 0.79729 0.46818
vn -0.37554 0.83491 0.40235
vn -0.37554 0.83492 0.40235
vn -0.37096 0.86671 0.33346
vn -0.37096 0.86671 0.33346
vn -0.36726 0.89245 0.26202
vn -0.36726 0.89245 0.26202
vn -0.36446 0.91192 0.1886
vn -0.36446 0.91192 0.1886
vn -0.36258 0.92499 0.11374
vn -0.36258 0.92499 0.11374
vn -0.36163 0.93155 0.03801
vn -0.36163 0.93155 0.03801
vn -0.36163 0.93155 -0.03801
vn -0.36163 0.93155 -0.03801
vn -0.36258 0.92499 -0.11374
vn -0.36258 0.92499 -0.11374
vn -0.36446 0.91192 -0.1886
vn -0.36446 0.91192 -0.1886
vn -0.36726 0.89245 -0.26202
vn -0.36726 0.89245 -0.26202
vn -0.37096 0.86671 -0.33346
vn -0.37096 0.86671 -0.33346
vn -0.37554 0.83491 -0.40235
vn -0.37554 0.83491 -0.40235
vn -0.38095 0.79729 -0.46819
vn -0.38095 0.79729 -0.46818
vn -0.38717 0.75414 -0.53045
vn -0.38717 0.75414 -0.53045
vn -0.39413 0.70577 -0.58868
vn -0.39412 0.70577 -0.58869
vn -0.40178 0.65257 -0.64244
vn -0.40178 0.65257 -0.64244
vn -0.41007 0.59493 -0.6913
vn -0.41008 0.59493 -0.6913
vn -0.41895 0.5333 -0.7349
vn -0.41895 0.5333 -0.7349
vn -0.42832 0.46814 -0.77291
vn -0.42832 0.46813 -0.77291
vn -0.43813 0.39994 -0.80504
vn -0.43814 0.39995 -0.80503
vn -0.44831 0.32924 -0.83103
vn -0.44831 0.32924 -0.83103
vn -0.45877 0.25656 -0.85071
vn -0.45877 0.25656 -0.85071
vn -0.46943 0.18246 -0.86391
vn -0.46943 0.18246 -0.86391
vn -0.48022 0.1075 -0.87054
vn -0.48022 0.10751 -0.87053
vn -0.49105 0.03227 -0.87053
vn -0.49105 0.03227 -0.87054
vn -0.42714 -0.05854 -0.90229
vn -0.42714 -0.05854 -0.90229
vn -0.43827 -0.13593 -0.8885
vn -0.43827 -0.13593 -0.8885
vn -0.4492 -0.21184 -0.86795
vn -0.4492 -0.21184 -0.86795
vn -0.45983 -0.28569 -0.8408
vn -0.45983 -0.28569 -0.8408
vn -0.47007 -0.35691 -0.80725
vn -0.47008 -0.3569 -0.80725
vn -0.47987 -0.42496 -0.76755
vn -0.47987 -0.42497 -0.76755
vn -0.48913 -0.48934 -0.72201
vn -0.48913 -0.48934 -0.72201
vn -0.49779 -0.54954 -0.67098
vn -0.4978 -0.54953 -0.67098
vn -0.50579 -0.6051 -0.61484
vn -0.50579 -0.6051 -0.61484
vn -0.51306 -0.65562 -0.55402
vn -0.51306 -0.65562 -0.55402
vn -0.51955 -0.70069 -0.48898
vn -0.51955 -0.70069 -0.48898
vn -0.5252 -0.73998 -0.42023
vn -0.5252 -0.73998 -0.42023
vn -0.52998 -0.77319 -0.34827
vn -0.52998 -0.7732 -0.34827
vn -0.53385 -0.80007 -0.27366
vn -0.53385 -0.80007 -0.27367
vn -0.53678 -0.82041 -0.19698
vn -0.53678 -0.82041 -0.19698
vn -0.53874 -0.83406 -0.11879
vn -0.53874 -0.83406 -0.11879
vn -0.53973 -0.8409 -0.0397
vn -0.53972 -0.84091 -0.0397
vn -0.53972 -0.84091 0.0397
vn -0.53973 -0.8409 0.0397
vn -0.53874 -0.83406 0.11879
vn -0.53874 -0.83406 0.11879
vn -0.53678 -0.82041 0.19698
vn -0.53678 -0.82041 0.19698
vn -0.53385 -0.80007 0.27366
vn -0.53385 -0.80007 0.27366
vn -0.52998 -0.77319 0.34827
vn -0.52998 -0.77319 0.34827
vn -0.5252 -0.73998 0.42022
vn -0.5252 -0.73998 0.42023
vn -0.51955 -0.70069 0.48898
vn -0.51955 -0.70069 0.48898
vn -0.51306 -0.65562 0.55402
vn -0.51306 -0.65562 0.55402
vn -0.50579 -0.6051 0.61484
vn -0.50579 -0.6051 0.61484
vn -0.4978 -0.54953 0.67098
vn -0.4978 -0.54953 0.67098
vn -0.48914 -0.48934 0.72201
vn -0.48913 -0.48933 0.72201
vn -0.47987 -0.42497 0.76755
vn -0.47987 -0.42497 0.76755
vn -0.47007 -0.3569 0.80725
vn -0.47008 -0.35691 0.80724
vn -0.45983 -0.28569 0.8408
vn -0.45983 -0.28568 0.8408
vn -0.4492 -0.21184 0.86796
vn -0.4492 -0.21183 0.86796
vn -0.43827 -0.13594 0.8885
vn -0.43827 -0.13594 0.88851
vn -0.42713 -0.05854 0.90229
vn -0.42714 -0.05855 0.90229
vn -0.41587 0.01974 0.90921
vn -0.41587 0.01974 0.90921
vn -0.40456 0.09833 0.90921
vn -0.40456 0.09832 0.90921
vn -0.3933 0.17661 0.90229
vn -0.39329 0.17662 0.90229
vn -0.38215 0.25401 0.8885
vn -0.38216 0.254 0.8885
vn -0.37124 0.3299 0.86796
vn -0.37124 0.3299 0.86796
vn -0.36061 0.40376 0.8408
vn -0.36061 0.40375 0.8408
vn -0.35037 0.47497 0.80725
vn -0.35036 0.47498 0.80725
vn -0.34056 0.54303 0.76755
vn -0.34056 0.54303 0.76755
vn -0.3313 0.60741 0.72201
vn -0.33131 0.6074 0.72201
vn -0.32264 0.6676 0.67098
vn -0.32264 0.6676 0.67098
vn -0.31465 0.72317 0.61484
vn -0.31464 0.72317 0.61484
vn -0.30737 0.77368 0.55402
vn -0.30737 0.77368 0.55402
vn -0.30089 0.81876 0.48898
vn -0.30088 0.81876 0.48898
vn -0.29523 0.85805 0.42023
vn -0.29523 0.85805 0.42023
vn -0.29045 0.89126 0.34827
vn -0.28658 0.91814 0.27366
vn -0.28658 0.91814 0.27366
vn -0.28366 0.93848 0.19698
vn -0.28366 0.93848 0.19698
vn -0.28169 0.95212 0.11879
vn -0.28169 0.95212 0.11879
vn -0.28071 0.95897 0.0397
vn -0.28071 0.95897 0.0397
vn -0.28071 0.95897 -0.0397
vn -0.28071 0.95897 -0.0397
vn -0.28169 0.95212 -0.11879
vn -0.28169 0.95212 -0.11879
vn -0.28366 0.93848 -0.19698
vn -0.28366 0.93848 -0.19698
vn -0.28658 0.91814 -0.27366
vn -0.28658 0.91814 -0.27367
vn -0.29045 0.89126 -0.34827
vn -0.29045 0.89126 -0.34827
vn -0.29523 0.85805 -0.42023
vn -0.29523 0.85805 -0.42023
vn -0.30089 0.81876 -0.48898
vn -0.30089 0.81876 -0.48898
vn -0.30737 0.77368 -0.55402
vn -0.30737 0.77368 -0.55402
vn -0.31464 0.72317 -0.61484
vn -0.31464 0.72317 -0.61484
vn -0.32264 0.6676 -0.67098
vn -0.32264 0.6676 -0.67098
vn -0.3313 0.60741 -0.72201
vn -0.3313 0.6074 -0.72201
vn -0.34056 0.54303 -0.76755
vn -0.34057 0.54303 -0.76755
vn -0.35036 0.47497 -0.80725
vn -0.35036 0.47497 -0.80725
vn -0.36061 0.40376 -0.8408
vn -0.36061 0.40376 -0.8408
vn -0.37124 0.32991 -0.86795
vn -0.37123 0.32991 -0.86796
vn -0.38216 0.254 -0.8885
vn -0.38216 0.254 -0.8885
vn -0.3933 0.17661 -0.90229
vn -0.3933 0.17661 -0.90229
vn -0.40456 0.09833 -0.90921
vn -0.40456 0.09832 -0.90921
vn -0.41587 0.01974 -0.90921
vn -0.41587 0.01975 -0.90921
vn -0.34933 -0.07397 -0.93408
vn -0.34933 -0.07397 -0.93408
vn -0.36086 -0.15409 -0.9198
vn -0.36086 -0.15408 -0.9198
vn -0.37217 -0.23266 -0.89853
vn -0.37217 -0.23267 -0.89853
vn -0.38317 -0.30912 -0.87042
vn -0.38317 -0.30911 -0.87042
vn -0.39378 -0.38284 -0.83569
vn -0.39378 -0.38284 -0.83568
vn -0.40392 -0.4533 -0.79459
vn -0.40392 -0.4533 -0.79459
vn -0.41351 -0.51994 -0.74745
vn -0.41351 -0.51994 -0.74744
vn -0.42248 -0.58226 -0.69462
vn -0.42248 -0.58226 -0.69462
vn -0.43075 -0.63978 -0.6365
vn -0.43075 -0.63978 -0.6365
vn -0.43828 -0.69207 -0.57354
vn -0.43828 -0.69207 -0.57354
vn -0.44499 -0.73874 -0.50621
vn -0.44499 -0.73874 -0.50621
vn -0.45085 -0.77941 -0.43503
vn -0.45085 -0.77941 -0.43503
vn -0.4558 -0.8138 -0.36054
vn -0.4558 -0.81379 -0.36054
vn -0.4598 -0.84162 -0.28331
vn -0.4598 -0.84162 -0.28331
vn -0.46283 -0.86267 -0.20392
vn -0.46283 -0.86267 -0.20392
vn -0.46486 -0.8768 -0.12297
vn -0.46486 -0.8768 -0.12297
vn -0.46588 -0.88389 -0.0411
vn -0.46588 -0.88389 -0.0411
vn -0.46588 -0.88389 0.0411
vn -0.46588 -0.88389 0.0411
vn -0.46486 -0.8768 0.12297
vn -0.46486 -0.8768 0.12297
vn -0.46283 -0.86267 0.20392
vn -0.46283 -0.86267 0.20392
vn -0.4598 -0.84162 0.28331
vn -0.4598 -0.84162 0.28331
vn -0.4558 -0.81379 0.36054
vn -0.4558 -0.81379 0.36054
vn -0.45085 -0.77941 0.43503
vn -0.45085 -0.77941 0.43503
vn -0.445 -0.73874 0.50621
vn -0.44499 -0.73874 0.50621
vn -0.43828 -0.69207 0.57354
vn -0.43828 -0.69207 0.57354
vn -0.43075 -0.63978 0.6365
vn -0.43075 -0.63978 0.6365
vn -0.42248 -0.58226 0.69462
vn -0.42247 -0.58226 0.69462
vn -0.4135 -0.51994 0.74745
vn -0.41351 -0.51994 0.74744
vn -0.40392 -0.4533 0.79459
vn -0.40391 -0.45329 0.79459
vn -0.39378 -0.38285 0.83569
vn -0.39377 -0.38284 0.83569
vn -0.38316 -0.30911 0.87042
vn -0.38317 -0.30912 0.87042
vn -0.37216 -0.23266 0.89853
vn -0.37217 -0.23266 0.89853
vn -0.36086 -0.15409 0.9198
vn -0.36087 -0.15409 0.9198
vn -0.34934 -0.07397 0.93407
vn -0.34933 -0.07396 0.93408
vn -0.33766 0.00708 0.94124
vn -0.33767 0.00707 0.94124
vn -0.32596 0.08842 0.94124
vn -0.32596 0.08843 0.94124
vn -0.31429 0.16948 0.93408
vn -0.31431 0.16947 0.93407
vn -0.30278 0.24959 0.9198
vn -0.30277 0.2496 0.9198
vn -0.29146 0.32816 0.89853
vn -0.29146 0.32816 0.89853
vn -0.28046 0.40461 0.87042
vn -0.28045 0.40462 0.87042
vn -0.26984 0.47835 0.83569
vn -0.26984 0.47834 0.83569
vn -0.2597 0.5488 0.79459
vn -0.25971 0.54879 0.79459
vn -0.25012 0.61544 0.74745
vn -0.25011 0.61544 0.74745
vn -0.24115 0.67776 0.69462
vn -0.24115 0.67776 0.69462
vn -0.23287 0.73528 0.6365
vn -0.23287 0.73528 0.6365
vn -0.22535 0.78758 0.57354
vn -0.22535 0.78758 0.57354
vn -0.21863 0.83424 0.50621
vn -0.21863 0.83424 0.50621
vn -0.21278 0.87491 0.43503
vn -0.21278 0.87491 0.43503
vn -0.20783 0.9093 0.36054
vn -0.20783 0.9093 0.36054
vn -0.20383 0.93712 0.2833
vn -0.20383 0.93712 0.28331
vn -0.2008 0.95817 0.20392
vn -0.20079 0.95818 0.20392
vn -0.19876 0.9723 0.12297
vn -0.19876 0.9723 0.12297
vn -0.19774 0.97939 0.04109
vn -0.19774 0.97939 0.0411
vn -0.19774 0.97939 -0.04109
vn -0.19774 0.97939 -0.0411
vn -0.19876 0.9723 -0.12297
vn -0.19876 0.9723 -0.12297
vn -0.20079 0.95818 -0.20392
vn -0.2008 0.95818 -0.20392
vn -0.20383 0.93712 -0.28331
vn -0.20383 0.93712 -0.28331
vn -0.20783 0.9093 -0.36054
vn -0.20783 0.9093 -0.36054
vn -0.21278 0.87491 -0.43503
vn -0.21278 0.87491 -0.43503
vn -0.21863 0.83424 -0.50621
vn -0.21863 0.83424 -0.50621
vn -0.22535 0.78758 -0.57354
vn -0.22535 0.78758 -0.57354
vn -0.23287 0.73528 -0.6365
vn -0.23287 0.73528 -0.6365
vn -0.24115 0.67776 -0.69462
vn -0.24115 0.67776 -0.69462
vn -0.25012 0.61544 -0.74745
vn -0.25012 0.61544 -0.74744
vn -0.25971 0.5488 -0.79459
vn -0.25971 0.5488 -0.79459
vn -0.26985 0.47834 -0.83569
vn -0.26985 0.47834 -0.83568
vn -0.28046 0.40462 -0.87042
vn -0.28046 0.40461 -0.87042
vn -0.29146 0.32817 -0.89853
vn -0.29146 0.32817 -0.89853
vn -0.30277 0.24959 -0.9198
vn -0.30277 0.24959 -0.9198
vn -0.3143 0.16947 -0.93408
vn -0.3143 0.16947 -0.93408
vn -0.32596 0.08842 -0.94124
vn -0.32596 0.08843 -0.94124
vn -0.33767 0.00708 -0.94124
vn -0.33766 0.00708 -0.94124
vn -0.26898 -0.08885 -0.95904
vn -0.26898 -0.08885 -0.95904
vn -0.28082 -0.17111 -0.94439
vn -0.28082 -0.17111 -0.94439
vn -0.29243 -0.25179 -0.92254
vn -0.29243 -0.25179 -0.92254
vn -0.30372 -0.33028 -0.89368
vn -0.30372 -0.33028 -0.89368
vn -0.31462 -0.40598 -0.85802
vn -0.31462 -0.40598 -0.85802
vn -0.32503 -0.47832 -0.81582
vn -0.32502 -0.47832 -0.81582
vn -0.33487 -0.54674 -0.76742
vn -0.33487 -0.54674 -0.76742
vn -0.34408 -0.61072 -0.71318
vn -0.34408 -0.61072 -0.71318
vn -0.35258 -0.66979 -0.65351
vn -0.35258 -0.66979 -0.65351
vn -0.36031 -0.72348 -0.58886
vn -0.36031 -0.72348 -0.58886
vn -0.3672 -0.77139 -0.51974
vn -0.3672 -0.77139 -0.51974
vn -0.37321 -0.81315 -0.44666
vn -0.37321 -0.81315 -0.44666
vn -0.37829 -0.84845 -0.37017
vn -0.37829 -0.84845 -0.37018
vn -0.3824 -0.87702 -0.29088
vn -0.3824 -0.87702 -0.29088
vn -0.38551 -0.89864 -0.20937
vn -0.38551 -0.89864 -0.20936
vn -0.3876 -0.91314 -0.12626
vn -0.3876 -0.91314 -0.12626
vn -0.38865 -0.92042 -0.04219
vn -0.38865 -0.92042 -0.04219
vn -0.38865 -0.92042 0.04219
vn -0.38865 -0.92042 0.04219
vn -0.3876 -0.91314 0.12626
vn -0.3876 -0.91314 0.12626
vn -0.38551 -0.89864 0.20937
vn -0.38551 -0.89864 0.20936
vn -0.3824 -0.87702 0.29088
vn -0.3824 -0.87702 0.29088
vn -0.37829 -0.84845 0.37018
vn -0.37829 -0.84845 0.37018
vn -0.37321 -0.81315 0.44666
vn -0.37321 -0.81315 0.44666
vn -0.3672 -0.77139 0.51974
vn -0.3672 -0.77139 0.51974
vn -0.36031 -0.72348 0.58886
vn -0.36031 -0.72348 0.58886
vn -0.35258 -0.66979 0.65351
vn -0.35258 -0.66978 0.65351
vn -0.34408 -0.61072 0.71318
vn -0.34409 -0.61073 0.71317
vn -0.33488 -0.54674 0.76742
vn -0.33487 -0.54674 0.76743
vn -0.32502 -0.47832 0.81583
vn -0.32503 -0.47832 0.81583
vn -0.31462 -0.40598 0.85802
vn -0.31462 -0.40598 0.85801
vn -0.30373 -0.33028 0.89368
vn -0.30372 -0.33028 0.89368
vn -0.29242 -0.25179 0.92255
vn -0.29243 -0.25179 0.92254
vn -0.28082 -0.17112 0.94438
vn -0.28081 -0.17111 0.94439
vn -0.26897 -0.08885 0.95904
vn -0.26898 -0.08885 0.95904
vn -0.25701 -0.00565 0.96639
vn -0.25701 -0.00565 0.96639
vn -0.24499 0.07789 0.96639
vn -0.24499 0.07789 0.96639
vn -0.23301 0.16109 0.95904
vn -0.233 0.16109 0.95904
vn -0.22117 0.24336 0.94438
vn -0.22117 0.24335 0.94438
vn -0.20956 0.32403 0.92255
vn -0.20956 0.32403 0.92255
vn -0.19826 0.40252 0.89368
vn -0.19827 0.40252 0.89368
vn -0.18738 0.47822 0.85802
vn -0.18737 0.47823 0.85802
vn -0.17696 0.55055 0.81583
vn -0.17696 0.55056 0.81583
vn -0.16711 0.61898 0.76742
vn -0.16712 0.61898 0.76742
vn -0.15791 0.68296 0.71318
vn -0.1579 0.68297 0.71318
vn -0.1494 0.74203 0.65351
vn -0.14941 0.74202 0.65351
vn -0.14169 0.79572 0.58886
vn -0.14168 0.79572 0.58886
vn -0.13479 0.84363 0.51974
vn -0.13479 0.84363 0.51974
vn -0.12878 0.88539 0.44666
vn -0.12878 0.88539 0.44666
vn -0.1237 0.92069 0.37018
vn -0.1237 0.92069 0.37018
vn -0.11959 0.94926 0.29088
vn -0.11959 0.94926 0.29088
vn -0.11648 0.97088 0.20936
vn -0.11648 0.97088 0.20936
vn -0.11439 0.98538 0.12626
vn -0.11439 0.98538 0.12626
vn -0.11334 0.99266 0.04219
vn -0.11334 0.99266 0.04219
vn -0.11334 0.99266 -0.04219
vn -0.11334 0.99266 -0.04219
vn -0.11439 0.98538 -0.12626
vn -0.11439 0.98538 -0.12626
vn -0.11648 0.97088 -0.20936
vn -0.11648 0.97088 -0.20936
vn -0.11959 0.94926 -0.29088
vn -0.11959 0.94926 -0.29088
vn -0.1237 0.92069 -0.37017
vn -0.1237 0.92069 -0.37018
vn -0.12878 0.88539 -0.44666
vn -0.12878 0.88539 -0.44666
vn -0.13479 0.84363 -0.51974
vn -0.13479 0.84363 -0.51974
vn -0.14168 0.79572 -0.58886
vn -0.14168 0.79572 -0.58886
vn -0.14941 0.74203 -0.65351
vn -0.14941 0.74203 -0.65351
vn -0.15791 0.68296 -0.71318
vn -0.15791 0.68296 -0.71318
vn -0.16712 0.61898 -0.76742
vn -0.16711 0.61898 -0.76742
vn -0.17696 0.55056 -0.81582
vn -0.17696 0.55056 -0.81582
vn -0.18737 0.47822 -0.85802
vn -0.18737 0.47822 -0.85802
vn -0.19827 0.40252 -0.89368
vn -0.19827 0.40252 -0.89368
vn -0.20956 0.32403 -0.92254
vn -0.20956 0.32403 -0.92254
vn -0.22117 0.24335 -0.94439
vn -0.22117 0.24335 -0.94439
vn -0.23301 0.16109 -0.95904
vn -0.23301 0.16109 -0.95904
vn -0.24499 0.07788 -0.96639
vn -0.24499 0.07788 -0.96639
vn -0.25701 -0.00564 -0.96639
vn -0.25701 -0.00564 -0.96639
vn -0.18667 -0.10309 -0.977
vn -0.18667 -0.10309 -0.977
vn -0.19873 -0.18688 -0.96207
vn -0.19873 -0.18688 -0.96207
vn -0.21056 -0.26908 -0.93982
vn -0.21056 -0.26908 -0.93982
vn -0.22206 -0.34904 -0.91042
vn -0.22207 -0.34903 -0.91042
vn -0.23316 -0.42615 -0.87409
vn -0.23316 -0.42616 -0.87409
vn -0.24377 -0.49985 -0.8311
vn -0.24377 -0.49984 -0.8311
vn -0.2538 -0.56955 -0.78179
vn -0.2538 -0.56955 -0.78179
vn -0.26318 -0.63473 -0.72654
vn -0.26318 -0.63473 -0.72654
vn -0.27184 -0.6949 -0.66575
vn -0.27184 -0.6949 -0.66575
vn -0.27971 -0.7496 -0.59989
vn -0.27971 -0.74959 -0.59989
vn -0.28674 -0.7984 -0.52947
vn -0.28673 -0.7984 -0.52947
vn -0.29286 -0.84095 -0.45502
vn -0.29286 -0.84095 -0.45502
vn -0.29803 -0.87691 -0.37711
vn -0.29803 -0.87691 -0.37711
vn -0.30222 -0.90601 -0.29632
vn -0.30222 -0.90601 -0.29632
vn -0.30539 -0.92803 -0.21329
vn -0.30539 -0.92803 -0.21329
vn -0.30752 -0.94281 -0.12862
vn -0.30752 -0.94281 -0.12862
vn -0.30858 -0.95023 -0.04298
vn -0.30858 -0.95023 -0.04298
vn -0.30858 -0.95023 0.04298
vn -0.30858 -0.95023 0.04298
vn -0.30752 -0.94281 0.12862
vn -0.30752 -0.94281 0.12862
vn -0.30539 -0.92803 0.21329
vn -0.30539 -0.92803 0.21329
vn -0.30222 -0.90601 0.29632
vn -0.30222 -0.90601 0.29632
vn -0.29803 -0.87691 0.37711
vn -0.29803 -0.87691 0.37711
vn -0.29286 -0.84095 0.45502
vn -0.29286 -0.84095 0.45502
vn -0.28674 -0.7984 0.52947
vn -0.28674 -0.7984 0.52947
vn -0.27971 -0.7496 0.59989
vn -0.27971 -0.7496 0.59989
vn -0.27184 -0.6949 0.66575
vn -0.27184 -0.6949 0.66575
vn -0.26318 -0.63473 0.72653
vn -0.26318 -0.63473 0.72654
vn -0.25379 -0.56954 0.7818
vn -0.25381 -0.56955 0.78179
vn -0.24377 -0.49984 0.8311
vn -0.24377 -0.49984 0.8311
vn -0.23317 -0.42616 0.87408
vn -0.23316 -0.42615 0.87409
vn -0.22207 -0.34903 0.91042
vn -0.22207 -0.34903 0.91042
vn -0.21056 -0.26907 0.93982
vn -0.21056 -0.26908 0.93982
vn -0.19874 -0.18689 0.96207
vn -0.19874 -0.18689 0.96207
vn -0.18668 -0.10309 0.977
vn -0.18667 -0.10308 0.977
vn -0.17447 -0.01832 0.98449
vn -0.17447 -0.01832 0.98449
vn -0.16223 0.06678 0.98449
vn -0.16223 0.06678 0.98449
vn -0.15003 0.15154 0.977
vn -0.15004 0.15154 0.977
vn -0.13797 0.23534 0.96207
vn -0.13797 0.23534 0.96207
vn -0.12615 0.31753 0.93982
vn -0.12614 0.31753 0.93982
vn -0.11464 0.39748 0.91042
vn -0.11464 0.39749 0.91042
vn -0.10354 0.47461 0.87408
vn -0.10354 0.47461 0.87409
vn -0.09294 0.5483 0.8311
vn -0.09294 0.5483 0.8311
vn -0.08291 0.618 0.7818
vn -0.0829 0.61801 0.78179
vn -0.07352 0.68319 0.72653
vn -0.07352 0.68318 0.72654
vn -0.06487 0.74335 0.66575
vn -0.06486 0.74335 0.66575
vn -0.05699 0.79805 0.59989
vn -0.05699 0.79805 0.59989
vn -0.04997 0.84686 0.52947
vn -0.04997 0.84686 0.52947
vn -0.04385 0.8894 0.45502
vn -0.04385 0.8894 0.45502
vn -0.03867 0.92536 0.37711
vn -0.03867 0.92536 0.37711
vn -0.03448 0.95446 0.29632
vn -0.03448 0.95446 0.29632
vn -0.03131 0.97649 0.21329
vn -0.03131 0.97649 0.21329
vn -0.02919 0.99126 0.12862
vn -0.02919 0.99126 0.12862
vn -0.02812 0.99868 0.04298
vn -0.02812 0.99868 0.04298
vn -0.02812 0.99868 -0.04298
vn -0.02812 0.99868 -0.04298
vn -0.02919 0.99126 -0.12862
vn -0.02919 0.99126 -0.12862
vn -0.03131 0.97649 -0.21329
vn -0.03131 0.97649 -0.21329
vn -0.03448 0.95446 -0.29632
vn -0.03448 0.95446 -0.29632
vn -0.03867 0.92536 -0.37711
vn -0.03867 0.92536 -0.37711
vn -0.04385 0.8894 -0.45502
vn -0.04384 0.8894 -0.45502
vn -0.04997 0.84686 -0.52947
vn -0.04997 0.84686 -0.52947
vn -0.05699 0.79805 -0.59989
vn -0.05699 0.79805 -0.59989
vn -0.06486 0.74335 -0.66575
vn -0.06486 0.74335 -0.66575
vn -0.07352 0.68318 -0.72654
vn -0.07352 0.68318 -0.72654
vn -0.0829 0.618 -0.78179
vn -0.0829 0.618 -0.78179
vn -0.09293 0.5483 -0.8311
vn -0.09293 0.5483 -0.8311
vn -0.10353 0.47461 -0.87409
vn -0.10354 0.47461 -0.87409
vn -0.11463 0.39749 -0.91042
vn -0.11463 0.39749 -0.91042
vn -0.12614 0.31753 -0.93982
vn -0.12614 0.31753 -0.93982
vn -0.13797 0.23534 -0.96207
vn -0.13797 0.23534 -0.96207
vn -0.15003 0.15154 -0.977
vn -0.15003 0.15154 -0.977
vn -0.16223 0.06677 -0.98449
vn -0.16223 0.06677 -0.98449
vn -0.17447 -0.01832 -0.98449
vn -0.17447 -0.01832 -0.98449
vn -0.10301 -0.11657 -0.98783
vn -0.10301 -0.11657 -0.98783
vn -0.1152 -0.20129 -0.97273
vn -0.1152 -0.20129 -0.97273
vn -0.12716 -0.2844 -0.95024
vn -0.12716 -0.28439 -0.95024
vn -0.1388 -0.36524 -0.92051
vn -0.13879 -0.36525 -0.92051
vn -0.15001 -0.44322 -0.88377
vn -0.15002 -0.44321 -0.88377
vn -0.16074 -0.51772 -0.84031
vn -0.16074 -0.51772 -0.84031
vn -0.17088 -0.5882 -0.79046
vn -0.17088 -0.5882 -0.79046
vn -0.18037 -0.6541 -0.73459
vn -0.18036 -0.6541 -0.73459
vn -0.18912 -0.71494 -0.67312
vn -0.18912 -0.71494 -0.67312
vn -0.19708 -0.77024 -0.60654
vn -0.19708 -0.77024 -0.60654
vn -0.20418 -0.81959 -0.53534
vn -0.20418 -0.81959 -0.53534
vn -0.21037 -0.8626 -0.46006
vn -0.21037 -0.86261 -0.46006
vn -0.2156 -0.89896 -0.38129
vn -0.2156 -0.89896 -0.38129
vn -0.21984 -0.92839 -0.29961
vn -0.21984 -0.92839 -0.29961
vn -0.22304 -0.95066 -0.21565
vn -0.22304 -0.95066 -0.21565
vn -0.22519 -0.9656 -0.13005
vn -0.22519 -0.9656 -0.13005
vn -0.22627 -0.97309 -0.04346
vn -0.22627 -0.97309 -0.04346
vn -0.22627 -0.97309 0.04346
vn -0.22627 -0.97309 0.04346
vn -0.22519 -0.9656 0.13005
vn -0.22519 -0.9656 0.13005
vn -0.22304 -0.95066 0.21565
vn -0.22304 -0.95066 0.21565
vn -0.21984 -0.92839 0.29961
vn -0.21984 -0.92839 0.29961
vn -0.2156 -0.89896 0.38129
vn -0.2156 -0.89896 0.38129
vn -0.21037 -0.8626 0.46006
vn -0.21037 -0.8626 0.46006
vn -0.20418 -0.81959 0.53534
vn -0.20418 -0.81959 0.53534
vn -0.19708 -0.77024 0.60654
vn -0.19707 -0.77024 0.60654
vn -0.18911 -0.71494 0.67313
vn -0.18911 -0.71494 0.67313
vn -0.18036 -0.6541 0.73459
vn -0.18036 -0.6541 0.73459
vn -0.17088 -0.5882 0.79045
vn -0.17088 -0.5882 0.79046
vn -0.16073 -0.51772 0.84031
vn -0.16073 -0.51772 0.84031
vn -0.15001 -0.44321 0.88378
vn -0.15002 -0.44322 0.88377
vn -0.13879 -0.36524 0.92051
vn -0.1388 -0.36524 0.92051
vn -0.12716 -0.2844 0.95024
vn -0.12716 -0.28439 0.95024
vn -0.1152 -0.2013 0.97273
vn -0.11519 -0.20129 0.97274
vn -0.103 -0.11656 0.98783
vn -0.10301 -0.11658 0.98782
vn -0.09068 -0.03086 0.9954
vn -0.09067 -0.03086 0.9954
vn -0.07829 0.05518 0.9954
vn -0.0783 0.05517 0.9954
vn -0.06597 0.14088 0.98783
vn -0.06595 0.14089 0.98783
vn -0.05376 0.22561 0.97273
vn -0.05377 0.2256 0.97273
vn -0.04181 0.30871 0.95024
vn -0.04181 0.30871 0.95024
vn -0.03018 0.38955 0.92051
vn -0.03017 0.38956 0.92051
vn -0.01895 0.46753 0.88377
vn -0.01895 0.46753 0.88377
vn -0.00823 0.54204 0.84031
vn -0.00822 0.54204 0.84031
vn 0.00192 0.61252 0.79045
vn 0.00192 0.61252 0.79046
vn 0.0114 0.67842 0.73459
vn 0.0114 0.67842 0.73459
vn 0.02016 0.73925 0.67313
vn 0.02016 0.73925 0.67312
vn 0.02812 0.79456 0.60654
vn 0.02811 0.79455 0.60654
vn 0.03521 0.8439 0.53534
vn 0.03521 0.8439 0.53534
vn 0.0414 0.88692 0.46006
vn 0.0414 0.88692 0.46006
vn 0.04663 0.92328 0.38129
vn 0.04664 0.92328 0.38129
vn 0.05087 0.95271 0.29961
vn 0.05087 0.95271 0.29961
vn 0.05407 0.97497 0.21565
vn 0.05407 0.97497 0.21565
vn 0.05622 0.98991 0.13005
vn 0.05622 0.98991 0.13005
vn 0.0573 0.99741 0.04346
vn 0.0573 0.99741 0.04346
vn 0.0573 0.99741 -0.04346
vn 0.0573 0.99741 -0.04346
vn 0.05622 0.98991 -0.13005
vn 0.05622 0.98991 -0.13005
vn 0.05407 0.97497 -0.21565
vn 0.05407 0.97497 -0.21565
vn 0.05087 0.95271 -0.29961
vn 0.05087 0.95271 -0.29961
vn 0.04664 0.92328 -0.38129
vn 0.04664 0.92328 -0.38129
vn 0.0414 0.88692 -0.46006
vn 0.0414 0.88692 -0.46006
vn 0.03521 0.8439 -0.53534
vn 0.03521 0.8439 -0.53534
vn 0.02811 0.79455 -0.60654
vn 0.02811 0.79456 -0.60654
vn 0.02015 0.73925 -0.67312
vn 0.02015 0.73925 -0.67312
vn 0.0114 0.67842 -0.73459
vn 0.01139 0.67842 -0.73459
vn 0.00191 0.61251 -0.79046
vn 0.00191 0.61251 -0.79046
vn -0.00823 0.54204 -0.84031
vn -0.00823 0.54204 -0.84031
vn -0.01895 0.46753 -0.88377
vn -0.01895 0.46753 -0.88378
vn -0.03017 0.38955 -0.92051
vn -0.03017 0.38956 -0.92051
vn -0.04181 0.30871 -0.95024
vn -0.04181 0.30871 -0.95024
vn -0.05377 0.22561 -0.97273
vn -0.05377 0.22561 -0.97273
vn -0.06596 0.14088 -0.98783
vn -0.06596 0.14088 -0.98783
vn -0.07829 0.05517 -0.9954
vn -0.07829 0.05517 -0.9954
vn -0.09067 -0.03086 -0.9954
vn -0.09067 -0.03086 -0.9954
vn -0.01859 -0.12919 -0.99144
vn -0.01859 -0.1292 -0.99144
vn -0.03083 -0.21423 -0.9763
vn -0.03083 -0.21423 -0.9763
vn -0.04283 -0.29764 -0.95372
vn -0.04283 -0.29764 -0.95372
vn -0.05451 -0.37878 -0.92388
vn -0.06577 -0.45704 -0.88701
vn -0.06577 -0.45704 -0.88701
vn -0.07653 -0.53182 -0.84339
vn -0.08671 -0.60255 -0.79335
vn -0.09623 -0.6687 -0.73728
vn -0.09623 -0.6687 -0.73728
vn -0.10502 -0.72976 -0.67559
vn -0.10502 -0.72976 -0.67559
vn -0.11301 -0.78526 -0.60876
vn -0.11301 -0.78526 -0.60876
vn -0.12013 -0.83479 -0.5373
vn -0.12635 -0.87797 -0.46175
vn -0.1316 -0.91446 -0.38269
vn -0.1316 -0.91446 -0.38269
vn -0.13585 -0.94399 -0.30071
vn -0.13585 -0.94399 -0.30071
vn -0.13906 -0.96634 -0.21644
vn -0.13906 -0.96634 -0.21644
vn -0.14122 -0.98134 -0.13053
vn -0.14122 -0.98134 -0.13053
vn -0.14231 -0.98886 -0.04362
vn -0.14231 -0.98886 -0.04362
vn -0.14231 -0.98886 0.04362
vn -0.14231 -0.98886 0.04362
vn -0.14122 -0.98134 0.13053
vn -0.14122 -0.98134 0.13053
vn -0.13906 -0.96634 0.21644
vn -0.13906 -0.96634 0.21644
vn -0.13585 -0.94399 0.30071
vn -0.13585 -0.94399 0.30071
vn -0.1316 -0.91446 0.38268
vn -0.1316 -0.91446 0.38268
vn -0.12635 -0.87797 0.46175
vn -0.12013 -0.83479 0.5373
vn -0.11301 -0.78526 0.60876
vn -0.11301 -0.78526 0.60876
vn -0.10502 -0.72976 0.67559
vn -0.10502 -0.72976 0.67559
vn -0.09623 -0.6687 0.73728
vn -0.09623 -0.6687 0.73728
vn -0.08671 -0.60256 0.79335
vn -0.08671 -0.60256 0.79335
vn -0.07653 -0.53182 0.84339
vn -0.06577 -0.45704 0.88701
vn -0.06577 -0.45704 0.88701
vn -0.05451 -0.37878 0.92388
vn -0.04283 -0.29764 0.95372
vn -0.04283 -0.29764 0.95372
vn -0.03083 -0.21423 0.9763
vn -0.03083 -0.21423 0.9763
vn -0.01859 -0.12921 0.99144
vn -0.01859 -0.12921 0.99144
vn -0.00621 -0.04317 0.99905
vn -0.00621 -0.04317 0.99905
vn 0.00621 0.04317 0.99905
vn 0.00621 0.04317 0.99905
vn 0.01859 0.12921 0.99144
vn 0.01859 0.12921 0.99144
vn 0.03083 0.21423 0.9763
vn 0.03083 0.21423 0.9763
vn 0.04283 0.29764 0.95372
vn 0.04283 0.29764 0.95372
vn 0.05451 0.37878 0.92388
vn 0.06577 0.45704 0.88701
vn 0.06577 0.45704 0.88701
vn 0.07653 0.53182 0.84339
vn 0.08671 0.60256 0.79335
vn 0.08671 0.60256 0.79335
vn 0.09623 0.6687 0.73728
vn 0.09623 0.6687 0.73728
vn 0.10502 0.72976 0.67559
vn 0.10502 0.72976 0.67559
vn 0.11301 0.78526 0.60876
vn 0.11301 0.78526 0.60876
vn 0.12013 0.83479 0.5373
vn 0.12635 0.87797 0.46175
vn 0.1316 0.91446 0.38268
vn 0.1316 0.91446 0.38268
vn 0.13585 0.94399 0.30071
vn 0.13585 0.94399 0.30071
vn 0.13906 0.96634 0.21644
vn 0.13906 0.96634 0.21644
vn 0.14122 0.98134 0.13053
vn 0.14122 0.98134 0.13053
vn 0.14231 0.98886 0.04362
vn 0.14231 0.98886 0.04362
vn 0.14231 0.98886 -0.04362
vn 0.14231 0.98886 -0.04362
vn 0.14122 0.98134 -0.13053
vn 0.14122 0.98134 -0.13053
vn 0.13906 0.96634 -0.21644
vn 0.13906 0.96634 -0.21644
vn 0.13585 0.94399 -0.30071
vn 0.13585 0.94399 -0.30071
vn 0.1316 0.91446 -0.38269
vn 0.1316 0.91446 -0.38269
vn 0.12635 0.87797 -0.46175
vn 0.12013 0.83479 -0.5373
vn 0.11301 0.78526 -0.60876
vn 0.11301 0.78526 -0.60876
vn 0.10502 0.72976 -0.67559
vn 0.10502 0.72976 -0.67559
vn 0.09623 0.6687 -0.73728
vn 0.09623 0.6687 -0.73728
vn 0.08671 0.60255 -0.79335
vn 0.07653 0.53182 -0.84339
vn 0.06577 0.45704 -0.88701
vn 0.06577 0.45704 -0.88701
vn 0.05451 0.37878 -0.92388
vn 0.04283 0.29764 -0.95372
vn 0.04283 0.29764 -0.95372
vn 0.03083 0.21423 -0.9763
vn 0.03083 0.21423 -0.9763
vn 0.01859 0.1292 -0.99144
vn 0.01859 0.12919 -0.99144
vn 0.00621 0.04317 -0.99905
vn 0.00621 0.04317 -0.99905
vn -0.00621 -0.04317 -0.99905
vn -0.00621 -0.04317 -0.99905
vn 0.06596 -0.14088 -0.98783
vn 0.06596 -0.14088 -0.98783
vn 0.05377 -0.22561 -0.97273
vn 0.05377 -0.22561 -0.97273
vn 0.04181 -0.30871 -0.95024
vn 0.04181 -0.30871 -0.95024
vn 0.03017 -0.38956 -0.92051
vn 0.03017 -0.38955 -0.92051
vn 0.01895 -0.46753 -0.88378
vn 0.01895 -0.46753 -0.88377
vn 0.00823 -0.54204 -0.84031
vn 0.00823 -0.54204 -0.84031
vn -0.00191 -0.61251 -0.79046
vn -0.00191 -0.61251 -0.79046
vn -0.01139 -0.67842 -0.73459
vn -0.0114 -0.67842 -0.73459
vn -0.02015 -0.73925 -0.67312
vn -0.02015 -0.73925 -0.67312
vn -0.02811 -0.79456 -0.60654
vn -0.02811 -0.79455 -0.60654
vn -0.03521 -0.8439 -0.53534
vn -0.03521 -0.8439 -0.53534
vn -0.0414 -0.88692 -0.46006
vn -0.0414 -0.88692 -0.46006
vn -0.04664 -0.92328 -0.38129
vn -0.04664 -0.92328 -0.38129
vn -0.05087 -0.95271 -0.29961
vn -0.05087 -0.95271 -0.29961
vn -0.05407 -0.97497 -0.21565
vn -0.05407 -0.97497 -0.21565
vn -0.05622 -0.98991 -0.13005
vn -0.05622 -0.98991 -0.13005
vn -0.0573 -0.99741 -0.04346
vn -0.0573 -0.99741 -0.04346
vn -0.0573 -0.99741 0.04346
vn -0.0573 -0.99741 0.04346
vn -0.05622 -0.98991 0.13005
vn -0.05622 -0.98991 0.13005
vn -0.05407 -0.97497 0.21565
vn -0.05407 -0.97497 0.21565
vn -0.05087 -0.95271 0.29961
vn -0.05087 -0.95271 0.29961
vn -0.04664 -0.92328 0.38129
vn -0.04663 -0.92328 0.38129
vn -0.0414 -0.88692 0.46006
vn -0.0414 -0.88692 0.46006
vn -0.03521 -0.8439 0.53534
vn -0.03521 -0.8439 0.53534
vn -0.02811 -0.79455 0.60654
vn -0.02812 -0.79456 0.60654
vn -0.02016 -0.73925 0.67312
vn -0.02016 -0.73925 0.67313
vn -0.0114 -0.67842 0.73459
vn -0.0114 -0.67842 0.73459
vn -0.00192 -0.61252 0.79046
vn -0.00192 -0.61252 0.79045
vn 0.00822 -0.54204 0.84031
vn 0.00823 -0.54204 0.84031
vn 0.01895 -0.46753 0.88377
vn 0.01895 -0.46753 0.88377
vn 0.03017 -0.38956 0.92051
vn 0.03018 -0.38955 0.92051
vn 0.04181 -0.30871 0.95024
vn 0.04181 -0.30871 0.95024
vn 0.05377 -0.2256 0.97273
vn 0.05376 -0.22561 0.97273
vn 0.06595 -0.14089 0.98783
vn 0.06597 -0.14088 0.98783
vn 0.0783 -0.05517 0.9954
vn 0.07829 -0.05518 0.9954
vn 0.09067 0.03086 0.9954
vn 0.09068 0.03086 0.9954
vn 0.10301 0.11658 0.98782
vn 0.103 0.11656 0.98783
vn 0.11519 0.20129 0.97274
vn 0.1152 0.2013 0.97273
vn 0.12716 0.28439 0.95024
vn 0.12716 0.2844 0.95024
vn 0.1388 0.36524 0.92051
vn 0.13879 0.36524 0.92051
vn 0.15002 0.44322 0.88377
vn 0.15001 0.44321 0.88378
vn 0.16073 0.51772 0.84031
vn 0.16073 0.51772 0.84031
vn 0.17088 0.5882 0.79046
vn 0.17088 0.5882 0.79045
vn 0.18036 0.6541 0.73459
vn 0.18036 0.6541 0.73459
vn 0.18911 0.71494 0.67313
vn 0.18911 0.71494 0.67313
vn 0.19707 0.77024 0.60654
vn 0.19708 0.77024 0.60654
vn 0.20418 0.81959 0.53534
vn 0.20418 0.81959 0.53534
vn 0.21037 0.8626 0.46006
vn 0.21037 0.8626 0.46006
vn 0.2156 0.89896 0.38129
vn 0.2156 0.89896 0.38129
vn 0.21984 0.92839 0.29961
vn 0.21984 0.92839 0.29961
vn 0.22304 0.95066 0.21565
vn 0.22304 0.95066 0.21565
vn 0.22519 0.9656 0.13005
vn 0.22519 0.9656 0.13005
vn 0.22627 0.97309 0.04346
vn 0.22627 0.97309 0.04346
vn 0.22627 0.97309 -0.04346
vn 0.22627 0.97309 -0.04346
vn 0.22519 0.9656 -0.13005
vn 0.22519 0.9656 -0.13005
vn 0.22304 0.95066 -0.21565
vn 0.22304 0.95066 -0.21565
vn 0.21984 0.92839 -0.29961
vn 0.21984 0.92839 -0.29961
vn 0.2156 0.89896 -0.38129
vn 0.2156 0.89896 -0.38129
vn 0.21037 0.86261 -0.46006
vn 0.21037 0.8626 -0.46006
vn 0.20418 0.81959 -0.53534
vn 0.20418 0.81959 -0.53534
vn 0.19708 0.77024 -0.60654
vn 0.19708 0.77024 -0.60654
vn 0.18912 0.71494 -0.67312
vn 0.18912 0.71494 -0.67312
vn 0.18036 0.6541 -0.73459
vn 0.18037 0.6541 -0.73459
vn 0.17088 0.5882 -0.79046
vn 0.17088 0.5882 -0.79046
vn 0.16074 0.51772 -0.84031
vn 0.16074 0.51772 -0.84031
vn 0.15002 0.44321 -0.88377
vn 0.15001 0.44322 -0.88377
vn 0.13879 0.36525 -0.92051
vn 0.1388 0.36524 -0.92051
vn 0.12716 0.28439 -0.95024
vn 0.12716 0.2844 -0.95024
vn 0.1152 0.20129 -0.97273
vn 0.1152 0.20129 -0.97273
vn 0.10301 0.11657 -0.98783
vn 0.10301 0.11657 -0.98783
vn 0.09067 0.03086 -0.9954
vn 0.09067 0.03086 -0.9954
vn 0.07829 -0.05517 -0.9954
vn 0.07829 -0.05517 -0.9954
vn 0.15003 -0.15154 -0.977
vn 0.15003 -0.15154 -0.977
vn 0.13797 -0.23534 -0.96207
vn 0.13797 -0.23534 -0.96207
vn 0.12614 -0.31753 -0.93982
vn 0.12614 -0.31753 -0.93982
vn 0.11463 -0.39749 -0.91042
vn 0.11463 -0.39749 -0.91042
vn 0.10354 -0.47461 -0.87409
vn 0.10353 -0.47461 -0.87409
vn 0.09293 -0.5483 -0.8311
vn 0.09293 -0.5483 -0.8311
vn 0.0829 -0.618 -0.78179
vn 0.0829 -0.618 -0.78179
vn 0.07352 -0.68318 -0.72654
vn 0.07352 -0.68318 -0.72654
vn 0.06486 -0.74335 -0.66575
vn 0.06486 -0.74335 -0.66575
vn 0.05699 -0.79805 -0.59989
vn 0.05699 -0.79805 -0.59989
vn 0.04997 -0.84686 -0.52947
vn 0.04997 -0.84686 -0.52947
vn 0.04384 -0.8894 -0.45502
vn 0.04385 -0.8894 -0.45502
vn 0.03867 -0.92536 -0.37711
vn 0.03867 -0.92536 -0.37711
vn 0.03448 -0.95446 -0.29632
vn 0.03448 -0.95446 -0.29632
vn 0.03131 -0.97649 -0.21329
vn 0.03131 -0.97649 -0.21329
vn 0.02919 -0.99126 -0.12862
vn 0.02919 -0.99126 -0.12862
vn 0.02812 -0.99868 -0.04298
vn 0.02812 -0.99868 -0.04298
vn 0.02812 -0.99868 0.04298
vn 0.02812 -0.99868 0.04298
vn 0.02919 -0.99126 0.12862
vn 0.02919 -0.99126 0.12862
vn 0.03131 -0.97649 0.21329
vn 0.03131 -0.97649 0.21329
vn 0.03448 -0.95446 0.29632
vn 0.03448 -0.95446 0.29632
vn 0.03867 -0.92536 0.37711
vn 0.03867 -0.92536 0.37711
vn 0.04385 -0.8894 0.45502
vn 0.04385 -0.8894 0.45502
vn 0.04997 -0.84686 0.52947
vn 0.04997 -0.84686 0.52947
vn 0.05699 -0.79805 0.59989
vn 0.05699 -0.79805 0.59989
vn 0.06486 -0.74335 0.66575
vn 0.06487 -0.74335 0.66575
vn 0.07352 -0.68318 0.72654
vn 0.07352 -0.68319 0.72653
vn 0.0829 -0.61801 0.78179
vn 0.08291 -0.618 0.7818
vn 0.09294 -0.5483 0.8311
vn 0.09294 -0.5483 0.8311
vn 0.10354 -0.47461 0.87409
vn 0.10354 -0.47461 0.87408
vn 0.11464 -0.39749 0.91042
vn 0.11464 -0.39748 0.91042
vn 0.12614 -0.31753 0.93982
vn 0.12615 -0.31753 0.93982
vn 0.13797 -0.23534 0.96207
vn 0.13797 -0.23534 0.96207
vn 0.15004 -0.15154 0.977
vn 0.15003 -0.15154 0.977
vn 0.16223 -0.06678 0.98449
vn 0.16223 -0.06678 0.98449
vn 0.17447 0.01832 0.98449
vn 0.17447 0.01832 0.98449
vn 0.18667 0.10308 0.977
vn 0.18668 0.10309 0.977
vn 0.19874 0.18689 0.96207
vn 0.19874 0.18689 0.96207
vn 0.21056 0.26908 0.93982
vn 0.21056 0.26907 0.93982
vn 0.22207 0.34903 0.91042
vn 0.22207 0.34903 0.91042
vn 0.23316 0.42615 0.87409
vn 0.23317 0.42616 0.87408
vn 0.24377 0.49984 0.8311
vn 0.24377 0.49984 0.8311
vn 0.25381 0.56955 0.78179
vn 0.25379 0.56954 0.7818
vn 0.26318 0.63473 0.72654
vn 0.26318 0.63473 0.72653
vn 0.27184 0.6949 0.66575
vn 0.27184 0.6949 0.66575
vn 0.27971 0.7496 0.59989
vn 0.27971 0.7496 0.59989
vn 0.28674 0.7984 0.52947
vn 0.28674 0.7984 0.52947
vn 0.29286 0.84095 0.45502
vn 0.29286 0.84095 0.45502
vn 0.29803 0.87691 0.37711
vn 0.29803 0.87691 0.37711
vn 0.30222 0.90601 0.29632
vn 0.30222 0.90601 0.29632
vn 0.30539 0.92803 0.21329
vn 0.30539 0.92803 0.21329
vn 0.30752 0.94281 0.12862
vn 0.30752 0.94281 0.12862
vn 0.30858 0.95023 0.04298
vn 0.30858 0.95023 0.04298
vn 0.30858 0.95023 -0.04298
vn 0.30858 0.95023 -0.04298
vn 0.30752 0.94281 -0.12862
vn 0.30752 0.94281 -0.12862
vn 0.30539 0.92803 -0.21329
vn 0.30539 0.92803 -0.21329
vn 0.30222 0.90601 -0.29632
vn 0.30222 0.90601 -0.29632
vn 0.29803 0.87691 -0.37711
vn 0.29803 0.87691 -0.37711
vn 0.29286 0.84095 -0.45502
vn 0.29286 0.84095 -0.45502
vn 0.28673 0.7984 -0.52947
vn 0.28674 0.7984 -0.52947
vn 0.27971 0.74959 -0.59989
vn 0.27971 0.7496 -0.59989
vn 0.27184 0.6949 -0.66575
vn 0.27184 0.6949 -0.66575
vn 0.26318 0.63473 -0.72654
vn 0.26318 0.63473 -0.72654
vn 0.2538 0.56955 -0.78179
vn 0.2538 0.56955 -0.78179
vn 0.24377 0.49984 -0.8311
vn 0.24377 0.49985 -0.8311
vn 0.23316 0.42616 -0.87409
vn 0.23316 0.42615 -0.87409
vn 0.22207 0.34903 -0.91042
vn 0.22206 0.34904 -0.91042
vn 0.21056 0.26908 -0.93982
vn 0.21056 0.26908 -0.93982
vn 0.19873 0.18688 -0.96207
vn 0.19873 0.18688 -0.96207
vn 0.18667 0.10309 -0.977
vn 0.18667 0.10309 -0.977
vn 0.17447 0.01832 -0.98449
vn 0.17447 0.01832 -0.98449
vn 0.16223 -0.06677 -0.98449
vn 0.16223 -0.06677 -0.98449
vn 0.23301 -0.16109 -0.95904
vn 0.23301 -0.16109 -0.95904
vn 0.22117 -0.24335 -0.94439
vn 0.22117 -0.24335 -0.94439
vn 0.20956 -0.32403 -0.92254
vn 0.20956 -0.32403 -0.92254
vn 0.19827 -0.40252 -0.89368
vn 0.19827 -0.40252 -0.89368
vn 0.18737 -0.47822 -0.85802
vn 0.18737 -0.47822 -0.85802
vn 0.17696 -0.55056 -0.81582
vn 0.17696 -0.55056 -0.81582
vn 0.16711 -0.61898 -0.76742
vn 0.16712 -0.61898 -0.76742
vn 0.15791 -0.68296 -0.71318
vn 0.15791 -0.68296 -0.71318
vn 0.14941 -0.74203 -0.65351
vn 0.14941 -0.74203 -0.65351
vn 0.14168 -0.79572 -0.58886
vn 0.14168 -0.79572 -0.58886
vn 0.13479 -0.84363 -0.51974
vn 0.13479 -0.84363 -0.51974
vn 0.12878 -0.88539 -0.44666
vn 0.12878 -0.88539 -0.44666
vn 0.1237 -0.92069 -0.37018
vn 0.1237 -0.92069 -0.37017
vn 0.11959 -0.94926 -0.29088
vn 0.11959 -0.94926 -0.29088
vn 0.11648 -0.97088 -0.20936
vn 0.11648 -0.97088 -0.20936
vn 0.11439 -0.98538 -0.12626
vn 0.11439 -0.98538 -0.12626
vn 0.11334 -0.99266 -0.04219
vn 0.11334 -0.99266 -0.04219
vn 0.11334 -0.99266 0.04219
vn 0.11334 -0.99266 0.04219
vn 0.11439 -0.98538 0.12626
vn 0.11439 -0.98538 0.12626
vn 0.11648 -0.97088 0.20936
vn 0.11648 -0.97088 0.20936
vn 0.11959 -0.94926 0.29088
vn 0.11959 -0.94926 0.29088
vn 0.1237 -0.92069 0.37018
vn 0.1237 -0.92069 0.37018
vn 0.12878 -0.88539 0.44666
vn 0.12878 -0.88539 0.44666
vn 0.13479 -0.84363 0.51974
vn 0.13479 -0.84363 0.51974
vn 0.14168 -0.79572 0.58886
vn 0.14169 -0.79572 0.58886
vn 0.14941 -0.74202 0.65351
vn 0.1494 -0.74203 0.65351
vn 0.1579 -0.68297 0.71318
vn 0.15791 -0.68296 0.71318
vn 0.16712 -0.61898 0.76742
vn 0.16711 -0.61898 0.76742
vn 0.17696 -0.55056 0.81583
vn 0.17696 -0.55055 0.81583
vn 0.18737 -0.47823 0.85802
vn 0.18738 -0.47822 0.85802
vn 0.19827 -0.40252 0.89368
vn 0.19826 -0.40252 0.89368
vn 0.20956 -0.32403 0.92255
vn 0.20956 -0.32403 0.92255
vn 0.22117 -0.24335 0.94438
vn 0.22117 -0.24336 0.94438
vn 0.233 -0.16109 0.95904
vn 0.23301 -0.16109 0.95904
vn 0.24499 -0.07789 0.96639
vn 0.24499 -0.07789 0.96639
vn 0.25701 0.00565 0.96639
vn 0.25701 0.00565 0.96639
vn 0.26898 0.08885 0.95904
vn 0.26897 0.08885 0.95904
vn 0.28081 0.17111 0.94439
vn 0.28082 0.17112 0.94438
vn 0.29243 0.25179 0.92254
vn 0.29242 0.25179 0.92255
vn 0.30372 0.33028 0.89368
vn 0.30373 0.33028 0.89368
vn 0.31462 0.40598 0.85801
vn 0.31462 0.40598 0.85802
vn 0.32503 0.47832 0.81583
vn 0.32502 0.47832 0.81583
vn 0.33487 0.54674 0.76743
vn 0.33488 0.54674 0.76742
vn 0.34409 0.61073 0.71317
vn 0.34408 0.61072 0.71318
vn 0.35258 0.66978 0.65351
vn 0.35258 0.66979 0.65351
vn 0.36031 0.72348 0.58886
vn 0.36031 0.72348 0.58886
vn 0.3672 0.77139 0.51974
vn 0.3672 0.77139 0.51974
vn 0.37321 0.81315 0.44666
vn 0.37321 0.81315 0.44666
vn 0.37829 0.84845 0.37018
vn 0.37829 0.84845 0.37018
vn 0.3824 0.87702 0.29088
vn 0.3824 0.87702 0.29088
vn 0.38551 0.89864 0.20936
vn 0.38551 0.89864 0.20937
vn 0.3876 0.91314 0.12626
vn 0.3876 0.91314 0.12626
vn 0.38865 0.92042 0.04219
vn 0.38865 0.92042 0.04219
vn 0.38865 0.92042 -0.04219
vn 0.38865 0.92042 -0.04219
vn 0.3876 0.91314 -0.12626
vn 0.3876 0.91314 -0.12626
vn 0.38551 0.89864 -0.20936
vn 0.38551 0.89864 -0.20937
vn 0.3824 0.87702 -0.29088
vn 0.3824 0.87702 -0.29088
vn 0.37829 0.84845 -0.37018
vn 0.37829 0.84845 -0.37017
vn 0.37321 0.81315 -0.44666
vn 0.37321 0.81315 -0.44666
vn 0.3672 0.77139 -0.51974
vn 0.3672 0.77139 -0.51974
vn 0.36031 0.72348 -0.58886
vn 0.36031 0.72348 -0.58886
vn 0.35258 0.66979 -0.65351
vn 0.35258 0.66979 -0.65351
vn 0.34408 0.61072 -0.71318
vn 0.34408 0.61072 -0.71318
vn 0.33487 0.54674 -0.76742
vn 0.33487 0.54674 -0.76742
vn 0.32502 0.47832 -0.81582
vn 0.32503 0.47832 -0.81582
vn 0.31462 0.40598 -0.85802
vn 0.31462 0.40598 -0.85802
vn 0.30372 0.33028 -0.89368
vn 0.30372 0.33028 -0.89368
vn 0.29243 0.25179 -0.92254
vn 0.29243 0.25179 -0.92254
vn 0.28082 0.17111 -0.94439
vn 0.28082 0.17111 -0.94439
vn 0.26898 0.08885 -0.95904
vn 0.26898 0.08885 -0.95904
vn 0.25701 0.00564 -0.96639
vn 0.25701 0.00564 -0.96639
vn 0.24499 -0.07788 -0.96639
vn 0.24499 -0.07788 -0.96639
vn 0.3143 -0.16947 -0.93408
vn 0.3143 -0.16947 -0.93408
vn 0.30277 -0.24959 -0.9198
vn 0.30277 -0.24959 -0.9198
vn 0.29146 -0.32817 -0.89853
vn 0.29146 -0.32817 -0.89853
vn 0.28046 -0.40461 -0.87042
vn 0.28046 -0.40462 -0.87042
vn 0.26985 -0.47834 -0.83568
vn 0.26985 -0.47834 -0.83569
vn 0.25971 -0.5488 -0.79459
vn 0.25971 -0.5488 -0.79459
vn 0.25012 -0.61544 -0.74744
vn 0.25012 -0.61544 -0.74745
vn 0.24115 -0.67776 -0.69462
vn 0.24115 -0.67776 -0.69462
vn 0.23287 -0.73528 -0.6365
vn 0.23287 -0.73528 -0.6365
vn 0.22535 -0.78758 -0.57354
vn 0.22535 -0.78758 -0.57354
vn 0.21863 -0.83424 -0.50621
vn 0.21863 -0.83424 -0.50621
vn 0.21278 -0.87491 -0.43503
vn 0.21278 -0.87491 -0.43503
vn 0.20783 -0.9093 -0.36054
vn 0.20783 -0.9093 -0.36054
vn 0.20383 -0.93712 -0.28331
vn 0.20383 -0.93712 -0.28331
vn 0.2008 -0.95818 -0.20392
vn 0.20079 -0.95818 -0.20392
vn 0.19876 -0.9723 -0.12297
vn 0.19876 -0.9723 -0.12297
vn 0.19774 -0.97939 -0.0411
vn 0.19774 -0.97939 -0.04109
vn 0.19774 -0.97939 0.0411
vn 0.19774 -0.97939 0.04109
vn 0.19876 -0.9723 0.12297
vn 0.19876 -0.9723 0.12297
vn 0.20079 -0.95818 0.20392
vn 0.2008 -0.95817 0.20392
vn 0.20383 -0.93712 0.28331
vn 0.20383 -0.93712 0.2833
vn 0.20783 -0.9093 0.36054
vn 0.20783 -0.9093 0.36054
vn 0.21278 -0.87491 0.43503
vn 0.21278 -0.87491 0.43503
vn 0.21863 -0.83424 0.50621
vn 0.21863 -0.83424 0.50621
vn 0.22535 -0.78758 0.57354
vn 0.22535 -0.78758 0.57354
vn 0.23287 -0.73528 0.6365
vn 0.23287 -0.73528 0.6365
vn 0.24115 -0.67776 0.69462
vn 0.24115 -0.67776 0.69462
vn 0.25011 -0.61544 0.74745
vn 0.25012 -0.61544 0.74745
vn 0.25971 -0.54879 0.79459
vn 0.2597 -0.5488 0.79459
vn 0.26984 -0.47834 0.83569
vn 0.26984 -0.47835 0.83569
vn 0.28045 -0.40462 0.87042
vn 0.28046 -0.40461 0.87042
vn 0.29146 -0.32816 0.89853
vn 0.29146 -0.32816 0.89853
vn 0.30277 -0.2496 0.9198
vn 0.30278 -0.24959 0.9198
vn 0.31431 -0.16947 0.93407
vn 0.31429 -0.16948 0.93408
vn 0.32596 -0.08843 0.94124
vn 0.32596 -0.08842 0.94124
vn 0.33767 -0.00707 0.94124
vn 0.33766 -0.00708 0.94124
vn 0.34933 0.07396 0.93408
vn 0.34934 0.07397 0.93407
vn 0.36087 0.15409 0.9198
vn 0.36086 0.15409 0.9198
vn 0.37217 0.23266 0.89853
vn 0.37216 0.23266 0.89853
vn 0.38317 0.30912 0.87042
vn 0.38316 0.30911 0.87042
vn 0.39377 0.38284 0.83569
vn 0.39378 0.38285 0.83569
vn 0.40391 0.45329 0.79459
vn 0.40392 0.4533 0.79459
vn 0.41351 0.51994 0.74744
vn 0.4135 0.51994 0.74745
vn 0.42247 0.58226 0.69462
vn 0.42248 0.58226 0.69462
vn 0.43075 0.63978 0.6365
vn 0.43075 0.63978 0.6365
vn 0.43828 0.69207 0.57354
vn 0.43828 0.69207 0.57354
vn 0.44499 0.73874 0.50621
vn 0.445 0.73874 0.50621
vn 0.45085 0.77941 0.43503
vn 0.45085 0.77941 0.43503
vn 0.4558 0.81379 0.36054
vn 0.4558 0.81379 0.36054
vn 0.4598 0.84162 0.28331
vn 0.4598 0.84162 0.28331
vn 0.46283 0.86267 0.20392
vn 0.46283 0.86267 0.20392
vn 0.46486 0.8768 0.12297
vn 0.46486 0.8768 0.12297
vn 0.46588 0.88389 0.0411
vn 0.46588 0.88389 0.0411
vn 0.46588 0.88389 -0.0411
vn 0.46588 0.88389 -0.0411
vn 0.46486 0.8768 -0.12297
vn 0.46486 0.8768 -0.12297
vn 0.46283 0.86267 -0.20392
vn 0.46283 0.86267 -0.20392
vn 0.4598 0.84162 -0.28331
vn 0.4598 0.84162 -0.28331
vn 0.4558 0.81379 -0.36054
vn 0.4558 0.8138 -0.36054
vn 0.45085 0.77941 -0.43503
vn 0.45085 0.77941 -0.43503
vn 0.44499 0.73874 -0.50621
vn 0.44499 0.73874 -0.50621
vn 0.43828 0.69207 -0.57354
vn 0.43828 0.69207 -0.57354
vn 0.43075 0.63978 -0.6365
vn 0.43075 0.63978 -0.6365
vn 0.42248 0.58226 -0.69462
vn 0.42248 0.58226 -0.69462
vn 0.41351 0.51994 -0.74744
vn 0.41351 0.51994 -0.74745
vn 0.40392 0.4533 -0.79459
vn 0.40392 0.4533 -0.79459
vn 0.39378 0.38284 -0.83568
vn 0.39378 0.38284 -0.83569
vn 0.38317 0.30911 -0.87042
vn 0.38317 0.30912 -0.87042
vn 0.37217 0.23267 -0.89853
vn 0.37217 0.23266 -0.89853
vn 0.36086 0.15408 -0.9198
vn 0.36086 0.15409 -0.9198
vn 0.34933 0.07397 -0.93408
vn 0.34933 0.07397 -0.93408
vn 0.33766 -0.00708 -0.94124
vn 0.33767 -0.00708 -0.94124
vn 0.32596 -0.08843 -0.94124
vn 0.32596 -0.08842 -0.94124
vn 0.3933 -0.17661 -0.90229
vn 0.3933 -0.17661 -0.90229
vn 0.38216 -0.254 -0.8885
vn 0.38216 -0.254 -0.8885
vn 0.37123 -0.32991 -0.86796
vn 0.37124 -0.32991 -0.86795
vn 0.36061 -0.40376 -0.8408
vn 0.36061 -0.40376 -0.8408
vn 0.35036 -0.47497 -0.80725
vn 0.35036 -0.47497 -0.80725
vn 0.34057 -0.54303 -0.76755
vn 0.34056 -0.54303 -0.76755
vn 0.3313 -0.6074 -0.72201
vn 0.3313 -0.60741 -0.72201
vn 0.32264 -0.6676 -0.67098
vn 0.32264 -0.6676 -0.67098
vn 0.31464 -0.72317 -0.61484
vn 0.31464 -0.72317 -0.61484
vn 0.30737 -0.77368 -0.55402
vn 0.30737 -0.77368 -0.55402
vn 0.30089 -0.81876 -0.48898
vn 0.30089 -0.81876 -0.48898
vn 0.29523 -0.85805 -0.42023
vn 0.29523 -0.85805 -0.42023
vn 0.29045 -0.89126 -0.34827
vn 0.29045 -0.89126 -0.34827
vn 0.28658 -0.91814 -0.27367
vn 0.28658 -0.91814 -0.27366
vn 0.28366 -0.93848 -0.19698
vn 0.28366 -0.93848 -0.19698
vn 0.28169 -0.95212 -0.11879
vn 0.28169 -0.95212 -0.11879
vn 0.28071 -0.95897 -0.0397
vn 0.28071 -0.95897 -0.0397
vn 0.28071 -0.95897 0.0397
vn 0.28071 -0.95897 0.0397
vn 0.28169 -0.95212 0.11879
vn 0.28169 -0.95212 0.11879
vn 0.28366 -0.93848 0.19698
vn 0.28366 -0.93848 0.19698
vn 0.28658 -0.91814 0.27366
vn 0.28658 -0.91814 0.27366
vn 0.29045 -0.89126 0.34827
vn 0.29523 -0.85805 0.42023
vn 0.29523 -0.85805 0.42023
vn 0.30088 -0.81876 0.48898
vn 0.30089 -0.81876 0.48898
vn 0.30737 -0.77368 0.55402
vn 0.30737 -0.77368 0.55402
vn 0.31464 -0.72317 0.61484
vn 0.31465 -0.72317 0.61484
vn 0.32264 -0.6676 0.67098
vn 0.32264 -0.6676 0.67098
vn 0.33131 -0.6074 0.72201
vn 0.3313 -0.60741 0.72201
vn 0.34056 -0.54303 0.76755
vn 0.34056 -0.54303 0.76755
vn 0.35036 -0.47498 0.80725
vn 0.35037 -0.47497 0.80725
vn 0.36061 -0.40375 0.8408
vn 0.36061 -0.40376 0.8408
vn 0.37124 -0.3299 0.86796
vn 0.37124 -0.3299 0.86796
vn 0.38216 -0.254 0.8885
vn 0.38215 -0.25401 0.8885
vn 0.39329 -0.17662 0.90229
vn 0.3933 -0.17661 0.90229
vn 0.40456 -0.09832 0.90921
vn 0.40456 -0.09833 0.90921
vn 0.41587 -0.01974 0.90921
vn 0.41587 -0.01974 0.90921
vn 0.42714 0.05855 0.90229
vn 0.42713 0.05854 0.90229
vn 0.43827 0.13594 0.88851
vn 0.43827 0.13594 0.8885
vn 0.4492 0.21183 0.86796
vn 0.4492 0.21184 0.86796
vn 0.45983 0.28568 0.8408
vn 0.45983 0.28569 0.8408
vn 0.47008 0.35691 0.80724
vn 0.47007 0.3569 0.80725
vn 0.47987 0.42497 0.76755
vn 0.47987 0.42497 0.76755
vn 0.48913 0.48933 0.72201
vn 0.48914 0.48934 0.72201
vn 0.4978 0.54953 0.67098
vn 0.4978 0.54953 0.67098
vn 0.50579 0.6051 0.61484
vn 0.50579 0.6051 0.61484
vn 0.51306 0.65562 0.55402
vn 0.51306 0.65562 0.55402
vn 0.51955 0.70069 0.48898
vn 0.51955 0.70069 0.48898
vn 0.5252 0.73998 0.42023
vn 0.5252 0.73998 0.42022
vn 0.52998 0.77319 0.34827
vn 0.52998 0.77319 0.34827
vn 0.53385 0.80007 0.27366
vn 0.53385 0.80007 0.27366
vn 0.53678 0.82041 0.19698
vn 0.53678 0.82041 0.19698
vn 0.53874 0.83406 0.11879
vn 0.53874 0.83406 0.11879
vn 0.53973 0.8409 0.0397
vn 0.53972 0.84091 0.0397
vn 0.53972 0.84091 -0.0397
vn 0.53973 0.8409 -0.0397
vn 0.53874 0.83406 -0.11879
vn 0.53874 0.83406 -0.11879
vn 0.53678 0.82041 -0.19698
vn 0.53678 0.82041 -0.19698
vn 0.53385 0.80007 -0.27367
vn 0.53385 0.80007 -0.27366
vn 0.52998 0.7732 -0.34827
vn 0.52998 0.77319 -0.34827
vn 0.5252 0.73998 -0.42023
vn 0.5252 0.73998 -0.42023
vn 0.51955 0.70069 -0.48898
vn 0.51955 0.70069 -0.48898
vn 0.51306 0.65562 -0.55402
vn 0.51306 0.65562 -0.55402
vn 0.50579 0.6051 -0.61484
vn 0.50579 0.6051 -0.61484
vn 0.4978 0.54953 -0.67098
vn 0.49779 0.54954 -0.67098
vn 0.48913 0.48934 -0.72201
vn 0.48913 0.48934 -0.72201
vn 0.47987 0.42497 -0.76755
vn 0.47987 0.42496 -0.76755
vn 0.47008 0.3569 -0.80725
vn 0.47007 0.35691 -0.80725
vn 0.45983 0.28569 -0.8408
vn 0.45983 0.28569 -0.8408
vn 0.4492 0.21184 -0.86795
vn 0.4492 0.21184 -0.86795
vn 0.43827 0.13593 -0.8885
vn 0.43827 0.13593 -0.8885
vn 0.42714 0.05854 -0.90229
vn 0.42714 0.05854 -0.90229
vn 0.41587 -0.01975 -0.90921
vn 0.41587 -0.01974 -0.90921
vn 0.40456 -0.09832 -0.90921
vn 0.40456 -0.09833 -0.90921
vn 0.46943 -0.18246 -0.86391
vn 0.46943 -0.18246 -0.86391
vn 0.45877 -0.25656 -0.85071
vn 0.45877 -0.25656 -0.85071
vn 0.44831 -0.32924 -0.83103
vn 0.44831 -0.32924 -0.83103
vn 0.43814 -0.39995 -0.80503
vn 0.43813 -0.39994 -0.80504
vn 0.42832 -0.46813 -0.77291
vn 0.42832 -0.46814 -0.77291
vn 0.41895 -0.5333 -0.7349
vn 0.41895 -0.5333 -0.7349
vn 0.41008 -0.59493 -0.6913
vn 0.41007 -0.59493 -0.6913
vn 0.40178 -0.65257 -0.64244
vn 0.40178 -0.65257 -0.64244
vn 0.39412 -0.70577 -0.58869
vn 0.39413 -0.70577 -0.58868
vn 0.38717 -0.75414 -0.53045
vn 0.38717 -0.75414 -0.53045
vn 0.38095 -0.79729 -0.46818
vn 0.38095 -0.79729 -0.46819
vn 0.37554 -0.83491 -0.40235
vn 0.37554 -0.83491 -0.40235
vn 0.37096 -0.86671 -0.33346
vn 0.37096 -0.86671 -0.33346
vn 0.36726 -0.89245 -0.26202
vn 0.36726 -0.89245 -0.26202
vn 0.36446 -0.91192 -0.1886
vn 0.36446 -0.91192 -0.1886
vn 0.36258 -0.92499 -0.11374
vn 0.36258 -0.92499 -0.11374
vn 0.36163 -0.93155 -0.03801
vn 0.36163 -0.93155 -0.03801
vn 0.36163 -0.93155 0.03801
vn 0.36163 -0.93155 0.03801
vn 0.36258 -0.92499 0.11374
vn 0.36258 -0.92499 0.11374
vn 0.36446 -0.91192 0.1886
vn 0.36446 -0.91192 0.1886
vn 0.36726 -0.89245 0.26202
vn 0.36726 -0.89245 0.26202
vn 0.37096 -0.86671 0.33346
vn 0.37096 -0.86671 0.33346
vn 0.37554 -0.83492 0.40235
vn 0.37554 -0.83491 0.40235
vn 0.38095 -0.79729 0.46818
vn 0.38096 -0.79729 0.46818
vn 0.38717 -0.75414 0.53045
vn 0.38716 -0.75414 0.53045
vn 0.39412 -0.70577 0.58869
vn 0.39412 -0.70577 0.58869
vn 0.40178 -0.65257 0.64244
vn 0.40178 -0.65257 0.64244
vn 0.41007 -0.59493 0.6913
vn 0.41007 -0.59493 0.6913
vn 0.41894 -0.5333 0.7349
vn 0.41895 -0.5333 0.7349
vn 0.42832 -0.46813 0.77291
vn 0.42832 -0.46814 0.77291
vn 0.43813 -0.39995 0.80504
vn 0.43814 -0.39994 0.80504
vn 0.44831 -0.32924 0.83104
vn 0.44831 -0.32924 0.83104
vn 0.45877 -0.25657 0.85071
vn 0.45877 -0.25656 0.85071
vn 0.46943 -0.18246 0.86391
vn 0.46943 -0.18246 0.86391
vn 0.48022 -0.10751 0.87054
vn 0.48022 -0.1075 0.87053
vn 0.49105 -0.03226 0.87053
vn 0.49105 -0.03227 0.87054
vn 0.50183 0.04269 0.86391
vn 0.50184 0.04269 0.86391
vn 0.5125 0.11679 0.85071
vn 0.5125 0.11679 0.85071
vn 0.52295 0.18946 0.83104
vn 0.52296 0.18947 0.83103
vn 0.53313 0.26017 0.80503
vn 0.53313 0.26017 0.80504
vn 0.54294 0.32836 0.77292
vn 0.54295 0.32836 0.77291
vn 0.55232 0.39353 0.7349
vn 0.55232 0.39352 0.7349
vn 0.56119 0.45516 0.6913
vn 0.56119 0.45516 0.6913
vn 0.56948 0.5128 0.64244
vn 0.56948 0.5128 0.64244
vn 0.57714 0.566 0.58869
vn 0.57714 0.566 0.58868
vn 0.5841 0.61436 0.53045
vn 0.5841 0.61437 0.53045
vn 0.59031 0.65752 0.46818
vn 0.59031 0.65752 0.46818
vn 0.59573 0.69514 0.40235
vn 0.59573 0.69514 0.40235
vn 0.6003 0.72694 0.33346
vn 0.6003 0.72694 0.33346
vn 0.60401 0.75267 0.26202
vn 0.60401 0.75267 0.26202
vn 0.60681 0.77215 0.1886
vn 0.60681 0.77215 0.1886
vn 0.60869 0.78521 0.11374
vn 0.60869 0.78521 0.11374
vn 0.60963 0.79177 0.03801
vn 0.60963 0.79177 0.03801
vn 0.60963 0.79177 -0.03801
vn 0.60963 0.79177 -0.03801
vn 0.60869 0.78521 -0.11374
vn 0.60869 0.78521 -0.11374
vn 0.60681 0.77215 -0.1886
vn 0.60681 0.77215 -0.1886
vn 0.60401 0.75267 -0.26202
vn 0.60401 0.75267 -0.26202
vn 0.6003 0.72694 -0.33346
vn 0.6003 0.72694 -0.33346
vn 0.59573 0.69514 -0.40235
vn 0.59573 0.69514 -0.40235
vn 0.59031 0.65752 -0.46818
vn 0.59031 0.65752 -0.46818
vn 0.5841 0.61436 -0.53045
vn 0.58411 0.61436 -0.53045
vn 0.57715 0.566 -0.58869
vn 0.57714 0.566 -0.58868
vn 0.56949 0.5128 -0.64244
vn 0.56949 0.5128 -0.64244
vn 0.56119 0.45516 -0.6913
vn 0.56119 0.45516 -0.6913
vn 0.55232 0.39352 -0.7349
vn 0.55232 0.39352 -0.7349
vn 0.54295 0.32836 -0.77291
vn 0.54294 0.32836 -0.77291
vn 0.53313 0.26017 -0.80504
vn 0.53313 0.26017 -0.80504
vn 0.52296 0.18947 -0.83103
vn 0.52296 0.18947 -0.83103
vn 0.5125 0.11679 -0.85071
vn 0.5125 0.11679 -0.85071
vn 0.50183 0.04269 -0.86391
vn 0.50183 0.04269 -0.86391
vn 0.49105 -0.03227 -0.87054
vn 0.49105 -0.03227 -0.87053
vn 0.48022 -0.10751 -0.87053
vn 0.48022 -0.1075 -0.87054
vn 0.54215 -0.18698 -0.81921
vn 0.54215 -0.18698 -0.81921
vn 0.53204 -0.25725 -0.8067
vn 0.53204 -0.25725 -0.8067
vn 0.52212 -0.32616 -0.78804
vn 0.52212 -0.32616 -0.78804
vn 0.51247 -0.39321 -0.76339
vn 0.51247 -0.39321 -0.76338
vn 0.50317 -0.45788 -0.73292
vn 0.50317 -0.45787 -0.73292
vn 0.49427 -0.51967 -0.69688
vn 0.49427 -0.51966 -0.69688
vn 0.48586 -0.57811 -0.65554
vn 0.48586 -0.57811 -0.65553
vn 0.478 -0.63277 -0.6092
vn 0.478 -0.63277 -0.6092
vn 0.47074 -0.68322 -0.55823
vn 0.47074 -0.68322 -0.55823
vn 0.46414 -0.72908 -0.50301
vn 0.46414 -0.72908 -0.50301
vn 0.45825 -0.77 -0.44396
vn 0.45825 -0.77 -0.44396
vn 0.45311 -0.80568 -0.38154
vn 0.45312 -0.80568 -0.38153
vn 0.44878 -0.83583 -0.3162
vn 0.44878 -0.83583 -0.3162
vn 0.44526 -0.86023 -0.24847
vn 0.44526 -0.86023 -0.24847
vn 0.44261 -0.8787 -0.17884
vn 0.44261 -0.8787 -0.17884
vn 0.44082 -0.89109 -0.10785
vn 0.44082 -0.89109 -0.10785
vn 0.43993 -0.89731 -0.03604
vn 0.43993 -0.89731 -0.03604
vn 0.43993 -0.89731 0.03604
vn 0.43993 -0.89731 0.03604
vn 0.44082 -0.89109 0.10785
vn 0.44082 -0.89109 0.10785
vn 0.44261 -0.8787 0.17884
vn 0.44261 -0.8787 0.17884
vn 0.44526 -0.86024 0.24847
vn 0.44526 -0.86023 0.24847
vn 0.44878 -0.83583 0.3162
vn 0.44878 -0.83583 0.3162
vn 0.45312 -0.80568 0.38153
vn 0.45311 -0.80568 0.38153
vn 0.45825 -0.77 0.44396
vn 0.45825 -0.77 0.44396
vn 0.46414 -0.72908 0.50301
vn 0.46414 -0.72908 0.50301
vn 0.47074 -0.68322 0.55823
vn 0.47074 -0.68322 0.55823
vn 0.478 -0.63277 0.6092
vn 0.478 -0.63277 0.6092
vn 0.48587 -0.57811 0.65553
vn 0.48587 -0.57811 0.65553
vn 0.49428 -0.51966 0.69688
vn 0.49427 -0.51967 0.69688
vn 0.50317 -0.45788 0.73292
vn 0.50317 -0.45787 0.73292
vn 0.51248 -0.39321 0.76338
vn 0.51248 -0.39321 0.76338
vn 0.52212 -0.32616 0.78804
vn 0.52212 -0.32616 0.78804
vn 0.53204 -0.25725 0.80669
vn 0.53204 -0.25725 0.8067
vn 0.54215 -0.18698 0.81921
vn 0.54215 -0.18698 0.81921
vn 0.55238 -0.1159 0.82549
vn 0.55238 -0.11591 0.8255
vn 0.56265 -0.04456 0.8255
vn 0.56265 -0.04456 0.82549
vn 0.57288 0.02652 0.81921
vn 0.57287 0.02652 0.81921
vn 0.58299 0.09679 0.8067
vn 0.58299 0.09679 0.80669
vn 0.59291 0.1657 0.78804
vn 0.59291 0.1657 0.78804
vn 0.60256 0.23274 0.76338
vn 0.60256 0.23275 0.76338
vn 0.61186 0.29741 0.73292
vn 0.61186 0.29741 0.73292
vn 0.62075 0.3592 0.69688
vn 0.62076 0.35921 0.69687
vn 0.62917 0.41765 0.65553
vn 0.62916 0.41764 0.65553
vn 0.63703 0.4723 0.6092
vn 0.63703 0.4723 0.6092
vn 0.64429 0.52276 0.55823
vn 0.64429 0.52276 0.55823
vn 0.65089 0.56862 0.50301
vn 0.65089 0.56862 0.50301
vn 0.65678 0.60954 0.44396
vn 0.65678 0.60954 0.44396
vn 0.66191 0.64522 0.38154
vn 0.66191 0.64522 0.38153
vn 0.66625 0.67537 0.3162
vn 0.66625 0.67537 0.3162
vn 0.66976 0.69977 0.24847
vn 0.66976 0.69977 0.24847
vn 0.67242 0.71824 0.17884
vn 0.67242 0.71824 0.17884
vn 0.6742 0.73063 0.10785
vn 0.6742 0.73063 0.10785
vn 0.6751 0.73685 0.03604
vn 0.6751 0.73685 0.03604
vn 0.6751 0.73685 -0.03604
vn 0.6751 0.73685 -0.03604
vn 0.6742 0.73063 -0.10785
vn 0.6742 0.73063 -0.10785
vn 0.67242 0.71824 -0.17884
vn 0.67242 0.71824 -0.17884
vn 0.66976 0.69977 -0.24847
vn 0.66976 0.69977 -0.24847
vn 0.66625 0.67537 -0.3162
vn 0.66625 0.67537 -0.3162
vn 0.66191 0.64522 -0.38153
vn 0.66191 0.64522 -0.38153
vn 0.65678 0.60954 -0.44396
vn 0.65678 0.60954 -0.44396
vn 0.65089 0.56862 -0.50301
vn 0.65089 0.56862 -0.50301
vn 0.64429 0.52276 -0.55823
vn 0.64429 0.52276 -0.55823
vn 0.63703 0.47231 -0.6092
vn 0.63703 0.4723 -0.6092
vn 0.62916 0.41765 -0.65553
vn 0.62916 0.41765 -0.65553
vn 0.62075 0.3592 -0.69688
vn 0.62075 0.3592 -0.69688
vn 0.61186 0.29741 -0.73292
vn 0.61186 0.29741 -0.73292
vn 0.60255 0.23275 -0.76338
vn 0.60255 0.23275 -0.76338
vn 0.5929 0.1657 -0.78804
vn 0.5929 0.1657 -0.78804
vn 0.58299 0.09679 -0.8067
vn 0.58299 0.09679 -0.8067
vn 0.57288 0.02652 -0.81921
vn 0.57288 0.02652 -0.81921
vn 0.56265 -0.04456 -0.82549
vn 0.56265 -0.04456 -0.8255
vn 0.55238 -0.1159 -0.8255
vn 0.55238 -0.11591 -0.82549
vn -0.029 0.99958 0
vn -0.10147 0.99484 -0
vn -0.18779 0.98221 -0
vn -0.27268 0.96211 -0
vn -0.35549 0.93468 -0
vn -0.4356 0.90014 -0
vn -0.5124 0.85875 -0
vn -0.58529 0.81082 -0
vn -0.65373 0.75672 -0
vn -0.7172 0.69687 -0
vn -0.77521 0.63171 -0
vn -0.82731 0.56174 -0
vn -0.87312 0.4875 -0
vn -0.91229 0.40955 -0
vn -0.94451 0.32848 -0
vn -0.96955 0.24491 -0
vn -0.9872 0.15947 -0
vn -0.99734 0.07283 -0
vn -0.9999 -0.01438 0
vn -0.99484 -0.10147 0
vn -0.98221 -0.18779 0
vn -0.96211 -0.27268 0
vn -0.93468 -0.35549 0
vn -0.90014 -0.4356 0
vn -0.85875 -0.5124 0
vn -0.81082 -0.58529 0
vn -0.75672 -0.65373 0
vn -0.69687 -0.7172 0
vn -0.63171 -0.77521 0
vn -0.56174 -0.82731 0
vn -0.4875 -0.87312 0
vn -0.40955 -0.91229 0
vn -0.32848 -0.94451 0
vn -0.24491 -0.96955 0
vn -0.15947 -0.9872 0
vn -0.07283 -0.99734 0
vn 0.01438 -0.9999 -0
vn 0.10147 -0.99484 -0
vn 0.18779 -0.98221 -0
vn 0.27268 -0.96211 -0
vn 0.35549 -0.93468 -0
vn 0.4356 -0.90014 -0
vn 0.5124 -0.85875 -0
vn 0.58529 -0.81082 -0
vn 0.65373 -0.75672 -0
vn 0.7172 -0.69687 -0
vn 0.77521 -0.63171 -0
vn 0.82731 -0.56174 -0
vn 0.87312 -0.4875 -0
vn 0.91229 -0.40955 -0
vn 0.94451 -0.32848 -0
vn 0.96955 -0.24491 -0
vn 0.9872 -0.15947 -0
vn 0.99734 -0.07283 -0
vn 0.9999 0.01438 -0
vn 0.99484 0.10147 -0
vn 0.98221 0.18779 -0
vn 0.96211 0.27268 -0
vn 0.93468 0.35549 -0
vn 0.90014 0.4356 -0
vn 0.85875 0.5124 -0
vn 0.81082 0.58529 -0
vn 0.75672 0.65373 -0
vn 0.69687 0.7172 -0
vn 0.63171 0.77521 -0
vn 0.56174 0.82731 -0
vn 0.4875 0.87312 -0
vn 0.40955 0.91229 -0
vn 0.32848 0.94451 -0
vn 0.24491 0.96955 -0
vn 0.15947 0.9872 -0
vn 0.07283 0.99734 -0
vn 0.01463 0.99989 -0
vn -0.01438 0.9999 0.00032
vn 0.05798 -0.99832 0
vn 0.05798 -0.99832 0
vn 0.05798 -0.99832 0
f 1//1 2//1 3//1
f 2//2 4//2 3//2
f 3//3 4//3 5//3
f 4//4 6//4 5//4
f 5//4 6//4 7//4
f 6//5 8//5 7//5
f 7//6 8//6 9//6
f 8//7 10//7 9//7
f 9//8 10//8 11//8
f 10//9 12//9 11//9
f 11//10 12//10 13//10
f 12//11 14//11 13//11
f 13//12 14//12 15//12
f 14//13 16//13 15//13
f 15//14 16//14 17//14
f 16//15 18//15 17//15
f 17//16 18//16 19//16
f 18//17 20//17 19//17
f 19//18 20//18 21//18
f 20//19 22//19 21//19
f 21//20 22//20 23//20
f 22//21 24//21 23//21
f 23//22 24//22 25//22
f 24//23 26//23 25//23
f 25//24 26//24 27//24
f 26//25 28//25 27//25
f 27//26 28//26 29//26
f 28//27 30//27 29//27
f 29//28 30//28 31//28
f 30//29 32//29 31//29
f 31//30 32//30 33//30
f 32//31 34//31 33//31
f 33//32 34//32 35//32
f 34//33 36//33 35//33
f 35//34 36//34 37//34
f 36//35 38//35 37//35
f 37//36 38//36 39//36
f 38//37 40//37 39//37
f 39//38 40//38 41//38
f 40//39 42//39 41//39
f 41//39 42//39 43//39
f 42//40 44//40 43//40
f 43//41 44//41 45//41
f 44//42 46//42 45//42
f 45//43 46//43 47//43
f 46//44 48//44 47//44
f 47//45 48//45 49//45
f 48//46 50//46 49//46
f 49//47 50//47 51//47
f 50//48 52//48 51//48
f 51//49 52//49 53//49
f 52//50 54//50 53//50
f 53//51 54//51 55//51
f 54//52 56//52 55//52
f 55//53 56//53 57//53
f 56//54 58//54 57//54
f 57//55 58//55 59//55
f 58//56 60//56 59//56
f 59//57 60//57 61//57
f 60//58 62//58 61//58
f 61//59 62//59 63//59
f 62//60 64//60 63//60
f 63//61 64//61 65//61
f 64//62 66//62 65//62
f 65//63 66//63 67//63
f 66//64 68//64 67//64
f 67//65 68//65 69//65
f 68//66 70//66 69//66
f 69//67 70//67 71//67
f 70//68 72//68 71//68
f 71//69 72//69 73//69
f 72//70 74//70 73//70
f 73//71 74//71 75//71
f 74//72 76//72 75//72
f 75//73 76//73 77//73
f 76//74 78//74 77//74
f 77//74 78//74 79//74
f 78//75 80//75 79//75
f 79//76 80//76 81//76
f 80//77 82//77 81//77
f 81//78 82//78 83//78
f 82//79 84//79 83//79
f 83//80 84//80 85//80
f 84//81 86//81 85//81
f 85//82 86//82 87//82
f 86//83 88//83 87//83
f 87//84 88//84 89//84
f 88//85 90//85 89//85
f 89//86 90//86 91//86
f 90//87 92//87 91//87
f 91//88 92//88 93//88
f 92//89 94//89 93//89
f 93//90 94//90 95//90
f 94//91 96//91 95//91
f 95//92 96//92 97//92
f 96//93 98//93 97//93
f 97//94 98//94 99//94
f 98//95 100//95 99//95
f 99//96 100//96 101//96
f 100//97 102//97 101//97
f 101//98 102//98 103//98
f 102//99 104//99 103//99
f 103//100 104//100 105//100
f 104//101 106//101 105//101
f 105//102 106//102 107//102
f 106//103 108//103 107//103
f 107//104 108//104 109//104
f 108//105 110//105 109//105
f 109//106 110//106 111//106
f 110//107 112//107 111//107
f 111//108 112//108 113//108
f 112//109 114//109 113//109
f 113//109 114//109 115//109
f 114//110 116//110 115//110
f 115//111 116//111 117//111
f 116//112 118//112 117//112
f 117//113 118//113 119//113
f 118//114 120//114 119//114
f 119//115 120//115 121//115
f 120//116 122//116 121//116
f 121//117 122//117 123//117
f 122//118 124//118 123//118
f 123//119 124//119 125//119
f 124//120 126//120 125//120
f 125//121 126//121 127//121
f 126//122 128//122 127//122
f 127//123 128//123 129//123
f 128//124 130//124 129//124
f 129//125 130//125 131//125
f 130//126 132//126 131//126
f 131//127 132//127 133//127
f 132//128 134//128 133//128
f 133//129 134//129 135//129
f 134//130 136//130 135//130
f 135//131 136//131 137//131
f 136//132 138//132 137//132
f 137//133 138//133 139//133
f 138//134 140//134 139//134
f 139//135 140//135 141//135
f 140//136 142//136 141//136
f 141//137 142//137 143//137
f 142//138 144//138 143//138
f 143//139 144//139 145//139
f 144//140 1//140 145//140
f 145//141 1//141 3//141
f 31//142 33//142 146//142
f 33//142 35//142 146//142
f 146//142 35//142 37//142
f 25//142 27//142 146//142
f 27//142 29//142 146//142
f 146//142 29//142 31//142
f 19//142 21//142 146//142
f 21//142 23//142 146//142
f 146//142 23//142 25//142
f 13//142 15//142 146//142
f 15//142 17//142 146//142
f 146//142 17//142 19//142
f 7//142 9//142 146//142
f 9//142 11//142 146//142
f 146//142 11//142 13//142
f 145//142 3//142 146//142
f 3//142 5//142 146//142
f 146//142 5//142 7//142
f 139//142 141//142 146//142
f 141//142 143//142 146//142
f 146//142 143//142 145//142
f 133//142 135//142 146//142
f 135//142 137//142 146//142
f 146//142 137//142 139//142
f 127//142 129//142 146//142
f 129//142 131//142 146//142
f 146//142 131//142 133//142
f 121//142 123//142 146//142
f 123//142 125//142 146//142
f 146//142 125//142 127//142
f 115//142 117//142 146//142
f 117//142 119//142 146//142
f 146//142 119//142 121//142
f 109//142 111//142 146//142
f 111//142 113//142 146//142
f 146//142 113//142 115//142
f 103//142 105//142 146//142
f 105//142 107//142 146//142
f 146//142 107//142 109//142
f 97//142 99//142 146//142
f 99//142 101//142 146//142
f 146//142 101//142 103//142
f 91//142 93//142 146//142
f 93//142 95//142 146//142
f 146//142 95//142 97//142
f 85//142 87//142 146//142
f 87//142 89//142 146//142
f 146//142 89//142 91//142
f 79//142 81//142 146//142
f 81//142 83//142 146//142
f 146//142 83//142 85//142
f 73//142 75//142 146//142
f 75//142 77//142 146//142
f 146//142 77//142 79//142
f 67//142 69//142 146//142
f 69//142 71//142 146//142
f 146//142 71//142 73//142
f 61//142 63//142 146//142
f 63//142 65//142 146//142
f 146//142 65//142 67//142
f 55//142 57//142 146//142
f 57//142 59//142 146//142
f 146//142 59//142 61//142
f 49//142 51//142 146//142
f 51//142 53//142 146//142
f 146//142 53//142 55//142
f 43//142 45//142 146//142
f 45//142 47//142 146//142
f 146//142 47//142 49//142
f 37//142 39//142 146//142
f 39//142 41//142 146//142
f 146//142 41//142 43//142
f 147//143 148//143 2//143
f 2//144 148//144 4//144
f 148//144 149//144 4//144
f 4//145 149//145 6//145
f 149//145 150//145 6//145
f 6//146 150//146 8//146
f 150//146 151//146 8//146
f 8//147 151//147 10//147
f 151//147 152//147 10//147
f 10//148 152//148 12//148
f 152//148 153//148 12//148
f 12//149 153//149 14//149
f 153//149 154//149 14//149
f 14//150 154//150 16//150
f 154//150 155//150 16//150
f 16//151 155//151 18//151
f 155//151 156//151 18//151
f 18//152 156//152 20//152
f 156//152 157//152 20//152
f 20//153 157//153 22//153
f 157//153 158//153 22//153
f 22//154 158//154 24//154
f 158//154 159//154 24//154
f 24//155 159//155 26//155
f 159//155 160//155 26//155
f 26//156 160//156 28//156
f 160//156 161//156 28//156
f 28//157 161//157 30//157
f 161//157 162//157 30//157
f 30//158 162//158 32//158
f 162//158 163//158 32//158
f 32//159 163//159 34//159
f 163//159 164//159 34//159
f 34//160 164//160 36//160
f 164//160 165//160 36//160
f 36//161 165//161 38//161
f 165//161 166//161 38//161
f 38//162 166//162 40//162
f 166//163 167//163 40//163
f 167//164 168//164 40//164
f 40//165 168//165 42//165
f 168//165 169//165 42//165
f 42//166 169//166 44//166
f 169//166 170//166 44//166
f 44//167 170//167 46//167
f 170//167 171//167 46//167
f 46//168 171//168 48//168
f 171//168 172//168 48//168
f 48//169 172//169 50//169
f 172//169 173//169 50//169
f 50//170 173//170 52//170
f 173//170 174//170 52//170
f 52//171 174//171 54//171
f 174//171 175//171 54//171
f 54//172 175//172 56//172
f 175//172 176//172 56//172
f 56//173 176//173 58//173
f 176//173 177//173 58//173
f 58//174 177//174 60//174
f 177//174 178//174 60//174
f 60//175 178//175 62//175
f 178//175 179//175 62//175
f 62//176 179//176 64//176
f 179//176 180//176 64//176
f 64//177 180//177 66//177
f 180//177 181//177 66//177
f 66//178 181//178 68//178
f 181//178 182//178 68//178
f 68//179 182//179 70//179
f 182//179 183//179 70//179
f 70//180 183//180 72//180
f 183//180 184//180 72//180
f 184//181 185//181 72//181
f 72//182 185//182 74//182
f 185//183 186//183 74//183
f 74//184 186//184 76//184
f 186//184 187//184 76//184
f 76//185 187//185 78//185
f 187//185 188//185 78//185
f 78//186 188//186 80//186
f 188//186 189//186 80//186
f 80//187 189//187 82//187
f 189//187 190//187 82//187
f 82//188 190//188 84//188
f 190//188 191//188 84//188
f 84//189 191//189 86//189
f 191//189 192//189 86//189
f 86//190 192//190 88//190
f 192//190 193//190 88//190
f 88//191 193//191 90//191
f 193//191 194//191 90//191
f 90//192 194//192 92//192
f 194//192 195//192 92//192
f 92//193 195//193 94//193
f 195//193 196//193 94//193
f 94//194 196//194 96//194
f 196//194 197//194 96//194
f 96//195 197//195 98//195
f 197//195 198//195 98//195
f 98//196 198//196 100//196
f 198//196 199//196 100//196
f 100//197 199//197 102//197
f 199//197 200//197 102//197
f 102//198 200//198 104//198
f 200//198 201//198 104//198
f 104//199 201//199 106//199
f 201//199 202//199 106//199
f 106//200 202//200 108//200
f 202//200 203//200 108//200
f 108//201 203//201 110//201
f 203//201 204//201 110//201
f 110//202 204//202 112//202
f 204//202 205//202 112//202
f 112//203 205//203 114//203
f 205//203 206//203 114//203
f 114//204 206//204 116//204
f 206//204 207//204 116//204
f 116//205 207//205 118//205
f 207//205 208//205 118//205
f 118//206 208//206 120//206
f 208//206 209//206 120//206
f 120//207 209//207 122//207
f 209//207 210//207 122//207
f 122//208 210//208 124//208
f 210//208 211//208 124//208
f 124//209 211//209 126//209
f 211//209 212//209 126//209
f 126//210 212//210 128//210
f 212//210 213//210 128//210
f 128//211 213//211 130//211
f 213//211 214//211 130//211
f 130//212 214//212 132//212
f 214//212 215//212 132//212
f 132//213 215//213 134//213
f 215//213 216//213 134//213
f 134//214 216//214 136//214
f 216//214 217//214 136//214
f 136//215 217//215 138//215
f 217//215 218//215 138//215
f 138//216 218//216 140//216
f 218//216 219//216 140//216
f 140//217 219//217 142//217
f 219//217 220//217 142//217
f 142//218 220//218 144//218
f 220//218 147//218 144//218
f 144//219 147//219 1//219
f 147//220 2//220 1//220
f 205//221 204//221 221//221
f 221//222 204//222 222//222
f 204//223 203//223 222//223
f 222//224 203//224 223//224
f 203//225 202//225 223//225
f 223//226 202//226 224//226
f 202//227 201//227 224//227
f 224//228 201//228 225//228
f 201//229 200//229 225//229
f 225//230 200//230 226//230
f 200//231 199//231 226//231
f 226//232 199//232 227//232
f 199//233 198//233 227//233
f 227//234 198//234 228//234
f 198//235 197//235 228//235
f 228//236 197//236 229//236
f 197//237 196//237 229//237
f 229//238 196//238 230//238
f 196//239 195//239 230//239
f 230//240 195//240 231//240
f 195//241 194//241 231//241
f 231//242 194//242 232//242
f 194//243 193//243 232//243
f 232//244 193//244 233//244
f 193//245 192//245 233//245
f 233//246 192//246 234//246
f 192//247 191//247 234//247
f 234//248 191//248 235//248
f 191//249 190//249 235//249
f 235//250 190//250 236//250
f 190//251 189//251 236//251
f 236//252 189//252 237//252
f 189//253 188//253 237//253
f 237//254 188//254 238//254
f 188//255 187//255 238//255
f 238//255 187//255 239//255
f 187//256 186//256 239//256
f 239//257 186//257 240//257
f 186//258 185//258 240//258
f 240//259 185//259 241//259
f 221//260 242//260 205//260
f 242//261 243//261 205//261
f 205//261 243//261 206//261
f 243//262 244//262 206//262
f 206//263 244//263 207//263
f 244//264 245//264 207//264
f 207//265 245//265 208//265
f 245//266 246//266 208//266
f 208//267 246//267 209//267
f 246//268 247//268 209//268
f 209//269 247//269 210//269
f 247//270 248//270 210//270
f 210//271 248//271 211//271
f 248//272 249//272 211//272
f 211//273 249//273 212//273
f 249//274 250//274 212//274
f 212//275 250//275 213//275
f 250//276 251//276 213//276
f 213//277 251//277 214//277
f 251//278 252//278 214//278
f 214//279 252//279 215//279
f 252//280 253//280 215//280
f 215//281 253//281 216//281
f 253//282 254//282 216//282
f 216//283 254//283 217//283
f 254//284 255//284 217//284
f 217//285 255//285 218//285
f 255//286 256//286 218//286
f 218//287 256//287 219//287
f 256//288 257//288 219//288
f 219//289 257//289 220//289
f 257//290 258//290 220//290
f 220//291 258//291 147//291
f 258//292 259//292 147//292
f 147//293 259//293 148//293
f 259//294 260//294 148//294
f 148//295 260//295 149//295
f 260//296 261//296 149//296
f 149//296 261//296 150//296
f 261//297 262//297 150//297
f 150//298 262//298 151//298
f 262//299 263//299 151//299
f 151//300 263//300 152//300
f 263//301 264//301 152//301
f 152//302 264//302 153//302
f 264//303 265//303 153//303
f 153//304 265//304 154//304
f 265//305 266//305 154//305
f 154//306 266//306 155//306
f 266//307 267//307 155//307
f 155//308 267//308 156//308
f 267//309 268//309 156//309
f 156//310 268//310 157//310
f 268//311 269//311 157//311
f 157//312 269//312 158//312
f 269//313 270//313 158//313
f 158//314 270//314 159//314
f 270//315 271//315 159//315
f 159//316 271//316 160//316
f 271//317 272//317 160//317
f 160//318 272//318 161//318
f 272//319 273//319 161//319
f 161//320 273//320 162//320
f 273//321 274//321 162//321
f 162//322 274//322 163//322
f 274//323 275//323 163//323
f 163//324 275//324 164//324
f 275//325 276//325 164//325
f 164//326 276//326 165//326
f 276//327 277//327 165//327
f 165//328 277//328 166//328
f 277//329 278//329 166//329
f 166//330 278//330 167//330
f 278//331 279//331 167//331
f 167//332 279//332 168//332
f 279//333 280//333 168//333
f 168//333 280//333 169//333
f 280//334 281//334 169//334
f 169//335 281//335 170//335
f 281//336 282//336 170//336
f 170//337 282//337 171//337
f 282//338 283//338 171//338
f 171//339 283//339 172//339
f 283//340 284//340 172//340
f 172//341 284//341 173//341
f 284//342 285//342 173//342
f 173//343 285//343 174//343
f 285//344 286//344 174//344
f 174//345 286//345 175//345
f 286//346 287//346 175//346
f 175//347 287//347 176//347
f 287//348 288//348 176//348
f 176//349 288//349 177//349
f 288//350 289//350 177//350
f 177//351 289//351 178//351
f 289//352 290//352 178//352
f 178//353 290//353 179//353
f 290//354 291//354 179//354
f 179//355 291//355 180//355
f 291//356 292//356 180//356
f 180//357 292//357 181//357
f 292//358 293//358 181//358
f 181//359 293//359 182//359
f 293//360 294//360 182//360
f 182//361 294//361 183//361
f 294//362 241//362 183//362
f 183//363 241//363 184//363
f 241//364 185//364 184//364
f 221//365 222//365 295//365
f 221//365 295//365 242//365
f 245//365 244//365 295//365
f 244//365 243//365 295//365
f 295//365 243//365 242//365
f 248//365 247//365 295//365
f 247//365 246//365 295//365
f 295//365 246//365 245//365
f 251//365 250//365 295//365
f 250//365 249//365 295//365
f 295//365 249//365 248//365
f 254//365 253//365 295//365
f 253//365 252//365 295//365
f 295//365 252//365 251//365
f 257//365 256//365 295//365
f 256//365 255//365 295//365
f 295//365 255//365 254//365
f 260//365 259//365 295//365
f 259//365 258//365 295//365
f 295//365 258//365 257//365
f 263//365 262//365 295//365
f 262//365 261//365 295//365
f 295//365 261//365 260//365
f 266//365 265//365 295//365
f 265//365 264//365 295//365
f 295//365 264//365 263//365
f 269//365 268//365 295//365
f 268//365 267//365 295//365
f 295//365 267//365 266//365
f 272//365 271//365 295//365
f 271//365 270//365 295//365
f 295//365 270//365 269//365
f 275//365 274//365 295//365
f 274//365 273//365 295//365
f 295//365 273//365 272//365
f 278//365 277//365 295//365
f 277//365 276//365 295//365
f 295//365 276//365 275//365
f 281//365 280//365 295//365
f 280//365 279//365 295//365
f 295//365 279//365 278//365
f 284//365 283//365 295//365
f 283//365 282//365 295//365
f 295//365 282//365 281//365
f 287//365 286//365 295//365
f 286//365 285//365 295//365
f 295//365 285//365 284//365
f 290//365 289//365 295//365
f 289//365 288//365 295//365
f 295//365 288//365 287//365
f 293//365 292//365 295//365
f 292//365 291//365 295//365
f 295//365 291//365 290//365
f 240//365 241//365 295//365
f 241//365 294//365 295//365
f 295//365 294//365 293//365
f 237//365 238//365 295//365
f 238//365 239//365 295//365
f 295//365 239//365 240//365
f 234//365 235//365 295//365
f 235//365 236//365 295//365
f 295//365 236//365 237//365
f 231//365 232//365 295//365
f 232//365 233//365 295//365
f 295//365 233//365 234//365
f 228//365 229//365 295//365
f 229//365 230//365 295//365
f 295//365 230//365 231//365
f 225//365 226//365 295//365
f 226//365 227//365 295//365
f 295//365 227//365 228//365
f 222//365 223//365 295//365
f 223//365 224//365 295//365
f 295//365 224//365 225//365
f 296//142 297//142 298//142
f 297//142 299//142 298//142
f 298//142 299//142 300//142
f 299//142 301//142 300//142
f 300//142 301//142 302//142
f 301//142 303//142 302//142
f 302//142 303//142 304//142
f 303//142 305//142 304//142
f 304//142 305//142 306//142
f 305//142 307//142 306//142
f 306//142 307//142 308//142
f 307//142 309//142 308//142
f 308//142 309//142 310//142
f 309//142 311//142 310//142
f 310//142 311//142 312//142
f 311//142 313//142 312//142
f 312//142 313//142 314//142
f 313//142 315//142 314//142
f 314//142 315//142 316//142
f 315//142 317//142 316//142
f 316//142 317//142 318//142
f 317//142 319//142 318//142
f 318//142 319//142 320//142
f 319//142 321//142 320//142
f 320//142 321//142 322//142
f 321//142 323//142 322//142
f 322//142 323//142 324//142
f 323//142 325//142 324//142
f 324//142 325//142 326//142
f 325//142 327//142 326//142
f 326//142 327//142 328//142
f 327//142 329//142 328//142
f 328//142 329//142 330//142
f 329//142 331//142 330//142
f 330//142 331//142 332//142
f 331//142 333//142 332//142
f 332//142 333//142 334//142
f 333//142 335//142 334//142
f 334//142 335//142 336//142
f 335//142 337//142 336//142
f 336//142 337//142 338//142
f 337//142 339//142 338//142
f 338//142 339//142 340//142
f 339//142 341//142 340//142
f 340//142 341//142 342//142
f 341//142 343//142 342//142
f 342//142 343//142 344//142
f 343//142 345//142 344//142
f 344//142 345//142 346//142
f 345//142 347//142 346//142
f 346//142 347//142 348//142
f 347//142 349//142 348//142
f 348//142 349//142 350//142
f 349//142 351//142 350//142
f 350//142 351//142 352//142
f 351//142 353//142 352//142
f 352//142 353//142 354//142
f 353//142 355//142 354//142
f 354//142 355//142 356//142
f 355//142 357//142 356//142
f 356//142 357//142 358//142
f 357//142 359//142 358//142
f 358//142 359//142 360//142
f 359//142 361//142 360//142
f 360//142 361//142 362//142
f 361//142 363//142 362//142
f 362//142 363//142 364//142
f 363//142 365//142 364//142
f 364//142 365//142 366//142
f 365//142 367//142 366//142
f 366//142 367//142 368//142
f 367//142 369//142 368//142
f 368//142 369//142 370//142
f 369//142 371//142 370//142
f 370//142 371//142 372//142
f 371//142 373//142 372//142
f 372//142 373//142 374//142
f 373//142 375//142 374//142
f 374//142 375//142 376//142
f 375//142 377//142 376//142
f 376//142 377//142 378//142
f 377//142 379//142 378//142
f 378//142 379//142 380//142
f 379//142 381//142 380//142
f 380//142 381//142 382//142
f 381//142 383//142 382//142
f 382//142 383//142 384//142
f 383//142 385//142 384//142
f 384//142 385//142 386//142
f 385//142 387//142 386//142
f 386//142 387//142 388//142
f 387//142 389//142 388//142
f 388//142 389//142 390//142
f 389//142 391//142 390//142
f 390//142 391//142 392//142
f 391//142 393//142 392//142
f 392//142 393//142 394//142
f 393//142 395//142 394//142
f 394//142 395//142 396//142
f 395//142 397//142 396//142
f 396//142 397//142 398//142
f 397//142 399//142 398//142
f 398//142 399//142 400//142
f 399//142 401//142 400//142
f 400//142 401//142 402//142
f 401//142 403//142 402//142
f 402//142 403//142 404//142
f 403//142 405//142 404//142
f 404//142 405//142 406//142
f 405//142 407//142 406//142
f 406//142 407//142 408//142
f 407//142 409//142 408//142
f 408//142 409//142 410//142
f 409//142 411//142 410//142
f 410//142 411//142 412//142
f 411//142 413//142 412//142
f 412//142 413//142 414//142
f 413//142 415//142 414//142
f 414//142 415//142 416//142
f 415//142 417//142 416//142
f 416//142 417//142 418//142
f 417//142 419//142 418//142
f 418//142 419//142 420//142
f 419//142 421//142 420//142
f 420//142 421//142 422//142
f 421//142 423//142 422//142
f 422//142 423//142 424//142
f 423//142 425//142 424//142
f 424//142 425//142 426//142
f 425//142 427//142 426//142
f 426//142 427//142 428//142
f 427//142 429//142 428//142
f 428//142 429//142 430//142
f 429//142 431//142 430//142
f 430//142 431//142 432//142
f 431//142 433//142 432//142
f 432//142 433//142 434//142
f 433//142 435//142 434//142
f 434//142 435//142 436//142
f 435//142 437//142 436//142
f 436//142 437//142 438//142
f 437//142 439//142 438//142
f 438//142 439//142 440//142
f 439//142 296//142 440//142
f 440//142 296//142 298//142
f 441//365 442//365 443//365
f 442//365 444//365 443//365
f 443//365 444//365 445//365
f 444//365 446//365 445//365
f 445//365 446//365 447//365
f 446//365 448//365 447//365
f 447//365 448//365 449//365
f 448//365 450//365 449//365
f 449//365 450//365 451//365
f 450//365 452//365 451//365
f 451//365 452//365 453//365
f 452//365 454//365 453//365
f 453//365 454//365 455//365
f 454//365 456//365 455//365
f 455//365 456//365 457//365
f 456//365 458//365 457//365
f 457//365 458//365 459//365
f 458//365 460//365 459//365
f 459//365 460//365 461//365
f 460//365 462//365 461//365
f 461//365 462//365 463//365
f 462//365 464//365 463//365
f 463//365 464//365 465//365
f 464//365 466//365 465//365
f 465//365 466//365 467//365
f 466//365 468//365 467//365
f 467//365 468//365 469//365
f 468//365 470//365 469//365
f 469//365 470//365 471//365
f 470//365 472//365 471//365
f 471//365 472//365 473//365
f 472//365 474//365 473//365
f 473//365 474//365 475//365
f 474//365 476//365 475//365
f 475//365 476//365 477//365
f 476//365 478//365 477//365
f 477//365 478//365 479//365
f 478//365 480//365 479//365
f 479//365 480//365 481//365
f 480//365 482//365 481//365
f 481//365 482//365 483//365
f 482//365 484//365 483//365
f 483//365 484//365 485//365
f 484//365 486//365 485//365
f 485//365 486//365 487//365
f 486//365 488//365 487//365
f 487//365 488//365 489//365
f 488//365 490//365 489//365
f 489//365 490//365 491//365
f 490//365 492//365 491//365
f 491//365 492//365 493//365
f 492//365 494//365 493//365
f 493//365 494//365 495//365
f 494//365 496//365 495//365
f 495//365 496//365 497//365
f 496//365 498//365 497//365
f 497//365 498//365 499//365
f 498//365 500//365 499//365
f 499//365 500//365 501//365
f 500//365 502//365 501//365
f 501//365 502//365 503//365
f 502//365 504//365 503//365
f 503//365 504//365 505//365
f 504//365 506//365 505//365
f 505//365 506//365 507//365
f 506//365 508//365 507//365
f 507//365 508//365 509//365
f 508//365 510//365 509//365
f 509//365 510//365 511//365
f 510//365 512//365 511//365
f 511//365 512//365 513//365
f 512//365 514//365 513//365
f 513//365 514//365 515//365
f 514//365 516//365 515//365
f 515//365 516//365 517//365
f 516//365 518//365 517//365
f 517//365 518//365 519//365
f 518//365 520//365 519//365
f 519//365 520//365 521//365
f 520//365 522//365 521//365
f 521//365 522//365 523//365
f 522//365 524//365 523//365
f 523//365 524//365 525//365
f 524//365 526//365 525//365
f 525//365 526//365 527//365
f 526//365 528//365 527//365
f 527//365 528//365 529//365
f 528//365 530//365 529//365
f 529//365 530//365 531//365
f 530//365 532//365 531//365
f 531//365 532//365 533//365
f 532//365 534//365 533//365
f 533//365 534//365 535//365
f 534//365 536//365 535//365
f 535//365 536//365 537//365
f 536//365 538//365 537//365
f 537//365 538//365 539//365
f 538//365 540//365 539//365
f 539//365 540//365 541//365
f 540//365 542//365 541//365
f 541//365 542//365 543//365
f 542//365 544//365 543//365
f 543//365 544//365 545//365
f 544//365 546//365 545//365
f 545//365 546//365 547//365
f 546//365 548//365 547//365
f 547//365 548//365 549//365
f 548//365 550//365 549//365
f 549//365 550//365 551//365
f 550//365 552//365 551//365
f 551//365 552//365 553//365
f 552//365 554//365 553//365
f 553//365 554//365 555//365
f 554//365 556//365 555//365
f 555//365 556//365 557//365
f 556//365 558//365 557//365
f 557//365 558//365 559//365
f 558//365 560//365 559//365
f 559//365 560//365 561//365
f 560//365 562//365 561//365
f 561//365 562//365 563//365
f 562//365 564//365 563//365
f 563//365 564//365 565//365
f 564//365 566//365 565//365
f 565//365 566//365 567//365
f 566//365 568//365 567//365
f 567//365 568//365 569//365
f 568//365 570//365 569//365
f 569//365 570//365 571//365
f 570//365 572//365 571//365
f 571//365 572//365 573//365
f 572//365 574//365 573//365
f 573//365 574//365 575//365
f 574//365 576//365 575//365
f 575//365 576//365 577//365
f 576//365 578//365 577//365
f 577//365 578//365 579//365
f 578//365 580//365 579//365
f 579//365 580//365 581//365
f 580//365 582//365 581//365
f 581//365 582//365 583//365
f 582//365 584//365 583//365
f 583//365 584//365 585//365
f 584//365 441//365 585//365
f 585//365 441//365 443//365
f 302//366 585//366 300//366
f 585//367 443//367 300//367
f 300//367 443//367 298//367
f 443//368 445//368 298//368
f 298//368 445//368 440//368
f 445//369 447//369 440//369
f 440//369 447//369 438//369
f 447//370 449//370 438//370
f 438//370 449//370 436//370
f 449//371 451//371 436//371
f 436//371 451//371 434//371
f 451//372 453//372 434//372
f 434//372 453//372 432//372
f 453//373 455//373 432//373
f 432//373 455//373 430//373
f 455//374 457//374 430//374
f 430//374 457//374 428//374
f 457//375 459//375 428//375
f 428//375 459//375 426//375
f 459//376 461//376 426//376
f 426//376 461//376 424//376
f 461//377 463//377 424//377
f 424//377 463//377 422//377
f 463//194 465//194 422//194
f 422//194 465//194 420//194
f 465//378 467//378 420//378
f 420//378 467//378 418//378
f 467//196 469//196 418//196
f 418//196 469//196 416//196
f 469//379 471//379 416//379
f 416//379 471//379 414//379
f 471//380 473//380 414//380
f 414//380 473//380 412//380
f 473//381 475//381 412//381
f 412//381 475//381 410//381
f 475//382 477//382 410//382
f 410//382 477//382 408//382
f 477//383 479//383 408//383
f 408//383 479//383 406//383
f 479//384 481//384 406//384
f 406//384 481//384 404//384
f 481//385 483//385 404//385
f 404//385 483//385 402//385
f 483//386 485//386 402//386
f 402//386 485//386 400//386
f 485//387 487//387 400//387
f 400//387 487//387 398//387
f 487//388 489//388 398//388
f 398//388 489//388 396//388
f 489//389 491//389 396//389
f 396//389 491//389 394//389
f 491//390 493//390 394//390
f 394//390 493//390 392//390
f 493//391 495//391 392//391
f 392//391 495//391 390//391
f 495//392 497//392 390//392
f 390//392 497//392 388//392
f 497//393 499//393 388//393
f 388//393 499//393 386//393
f 499//212 501//212 386//212
f 386//212 501//212 384//212
f 501//394 503//394 384//394
f 384//394 503//394 382//394
f 503//214 505//214 382//214
f 382//214 505//214 380//214
f 505//395 507//395 380//395
f 380//395 507//395 378//395
f 507//396 509//396 378//396
f 378//396 509//396 376//396
f 509//397 511//397 376//397
f 376//397 511//397 374//397
f 511//398 513//398 374//398
f 374//398 513//398 372//398
f 513//399 515//399 372//399
f 372//399 515//399 370//399
f 515//400 517//400 370//400
f 370//400 517//400 368//400
f 517//401 519//401 368//401
f 368//401 519//401 366//401
f 519//402 521//402 366//402
f 366//402 521//402 364//402
f 521//403 523//403 364//403
f 364//403 523//403 362//403
f 523//404 525//404 362//404
f 362//404 525//404 360//404
f 525//405 527//405 360//405
f 360//405 527//405 358//405
f 527//406 529//406 358//406
f 358//406 529//406 356//406
f 529//407 531//407 356//407
f 356//407 531//407 354//407
f 531//408 533//408 354//408
f 354//408 533//408 352//408
f 533//409 535//409 352//409
f 352//409 535//409 350//409
f 535//154 537//154 350//154
f 350//154 537//154 348//154
f 537//410 539//410 348//410
f 348//410 539//410 346//410
f 539//156 541//156 346//156
f 346//156 541//156 344//156
f 541//411 543//411 344//411
f 344//411 543//411 342//411
f 543//412 545//412 342//412
f 342//412 545//412 340//412
f 545//413 547//413 340//413
f 340//413 547//413 338//413
f 547//414 549//414 338//414
f 338//414 549//414 336//414
f 549//415 551//415 336//415
f 336//415 551//415 334//415
f 551//416 553//416 334//416
f 334//416 553//416 332//416
f 553//417 555//417 332//417
f 332//417 555//417 330//417
f 555//418 557//418 330//418
f 330//418 557//418 328//418
f 557//419 559//419 328//419
f 328//419 559//419 326//419
f 559//420 561//420 326//420
f 326//420 561//420 324//420
f 561//421 563//421 324//421
f 324//421 563//421 322//421
f 563//422 565//422 322//422
f 322//422 565//422 320//422
f 565//423 567//423 320//423
f 320//423 567//423 318//423
f 567//424 569//424 318//424
f 318//424 569//424 316//424
f 569//425 571//425 316//425
f 316//425 571//425 314//425
f 571//174 573//174 314//174
f 314//174 573//174 312//174
f 573//426 575//426 312//426
f 312//426 575//426 310//426
f 575//176 577//176 310//176
f 310//176 577//176 308//176
f 577//427 579//427 308//427
f 308//427 579//427 306//427
f 579//428 581//428 306//428
f 306//428 581//428 304//428
f 581//429 583//429 304//429
f 304//429 583//429 302//429
f 583//366 585//366 302//366
f 586//430 587//430 588//430
f 587//431 589//431 588//431
f 588//432 589//432 590//432
f 589//433 591//433 590//433
f 590//434 591//434 592//434
f 591//435 593//435 592//435
f 592//436 593//436 594//436
f 593//437 595//437 594//437
f 594//438 595//438 596//438
f 595//439 597//439 596//439
f 596//440 597//440 598//440
f 597//441 599//441 598//441
f 598//442 599//442 600//442
f 599//443 601//443 600//443
f 600//444 601//444 602//444
f 601//445 603//445 602//445
f 602//446 603//446 604//446
f 603//447 605//447 604//447
f 604//448 605//448 606//448
f 605//449 607//449 606//449
f 606//450 607//450 608//450
f 607//451 609//451 608//451
f 608//452 609//452 610//452
f 609//453 611//453 610//453
f 610//454 611//454 612//454
f 611//455 613//455 612//455
f 612//456 613//456 614//456
f 613//457 615//457 614//457
f 614//458 615//458 616//458
f 615//459 617//459 616//459
f 616//460 617//460 618//460
f 617//461 619//461 618//461
f 618//462 619//462 620//462
f 619//463 621//463 620//463
f 620//464 621//464 622//464
f 621//465 623//465 622//465
f 622//466 623//466 624//466
f 623//467 625//467 624//467
f 624//468 625//468 626//468
f 625//469 627//469 626//469
f 626//470 627//470 628//470
f 627//471 629//471 628//471
f 628//472 629//472 630//472
f 629//473 631//473 630//473
f 630//474 631//474 632//474
f 631//475 633//475 632//475
f 632//476 633//476 634//476
f 633//477 635//477 634//477
f 634//478 635//478 636//478
f 635//479 637//479 636//479
f 636//480 637//480 638//480
f 637//481 639//481 638//481
f 638//482 639//482 640//482
f 639//483 641//483 640//483
f 640//484 641//484 642//484
f 641//485 643//485 642//485
f 642//486 643//486 644//486
f 643//487 645//487 644//487
f 644//488 645//488 646//488
f 645//489 647//489 646//489
f 646//490 647//490 648//490
f 647//491 649//491 648//491
f 648//492 649//492 650//492
f 649//493 651//493 650//493
f 650//494 651//494 652//494
f 651//495 653//495 652//495
f 652//496 653//496 654//496
f 653//497 655//497 654//497
f 654//498 655//498 656//498
f 655//499 657//499 656//499
f 656//500 657//500 658//500
f 657//501 659//501 658//501
f 658//502 659//502 660//502
f 659//503 661//503 660//503
f 660//504 661//504 662//504
f 661//505 663//505 662//505
f 662//506 663//506 664//506
f 663//507 665//507 664//507
f 664//508 665//508 666//508
f 665//509 667//509 666//509
f 666//510 667//510 668//510
f 667//511 669//511 668//511
f 668//512 669//512 670//512
f 669//513 671//513 670//513
f 670//514 671//514 672//514
f 671//515 673//515 672//515
f 672//516 673//516 674//516
f 673//517 675//517 674//517
f 674//518 675//518 676//518
f 675//519 677//519 676//519
f 676//520 677//520 678//520
f 677//521 679//521 678//521
f 678//522 679//522 680//522
f 679//523 681//523 680//523
f 680//524 681//524 682//524
f 681//525 683//525 682//525
f 682//526 683//526 684//526
f 683//527 685//527 684//527
f 684//528 685//528 686//528
f 685//529 687//529 686//529
f 686//530 687//530 688//530
f 687//531 689//531 688//531
f 688//532 689//532 690//532
f 689//533 691//533 690//533
f 690//534 691//534 692//534
f 691//535 693//535 692//535
f 692//536 693//536 694//536
f 693//537 695//537 694//537
f 694//538 695//538 696//538
f 695//539 697//539 696//539
f 696//540 697//540 698//540
f 697//541 699//541 698//541
f 698//542 699//542 700//542
f 699//543 701//543 700//543
f 700//544 701//544 702//544
f 701//545 703//545 702//545
f 702//546 703//546 704//546
f 703//547 705//547 704//547
f 704//548 705//548 706//548
f 705//549 707//549 706//549
f 706//550 707//550 708//550
f 707//551 709//551 708//551
f 708//552 709//552 710//552
f 709//553 711//553 710//553
f 710//554 711//554 712//554
f 711//555 713//555 712//555
f 712//556 713//556 714//556
f 713//557 715//557 714//557
f 714//558 715//558 716//558
f 715//559 717//559 716//559
f 716//560 717//560 718//560
f 717//561 719//561 718//561
f 718//562 719//562 720//562
f 719//563 721//563 720//563
f 720//564 721//564 722//564
f 721//565 723//565 722//565
f 722//566 723//566 724//566
f 723//567 725//567 724//567
f 724//568 725//568 726//568
f 725//569 727//569 726//569
f 726//570 727//570 728//570
f 727//571 729//571 728//571
f 728//572 729//572 586//572
f 729//573 587//573 586//573
f 587//574 730//574 589//574
f 730//575 731//575 589//575
f 589//576 731//576 591//576
f 731//577 732//577 591//577
f 591//578 732//578 593//578
f 732//579 733//579 593//579
f 593//580 733//580 595//580
f 733//581 734//581 595//581
f 595//582 734//582 597//582
f 734//583 735//583 597//583
f 597//584 735//584 599//584
f 735//585 736//585 599//585
f 599//586 736//586 601//586
f 736//587 737//587 601//587
f 601//588 737//588 603//588
f 737//589 738//589 603//589
f 603//590 738//590 605//590
f 738//591 739//591 605//591
f 605//592 739//592 607//592
f 739//593 740//593 607//593
f 607//594 740//594 609//594
f 740//595 741//595 609//595
f 609//596 741//596 611//596
f 741//597 742//597 611//597
f 611//598 742//598 613//598
f 742//599 743//599 613//599
f 613//600 743//600 615//600
f 743//601 744//601 615//601
f 615//602 744//602 617//602
f 744//603 745//603 617//603
f 617//604 745//604 619//604
f 745//605 746//605 619//605
f 619//606 746//606 621//606
f 746//607 747//607 621//607
f 621//608 747//608 623//608
f 747//609 748//609 623//609
f 623//610 748//610 625//610
f 748//611 749//611 625//611
f 625//612 749//612 627//612
f 749//613 750//613 627//613
f 627//614 750//614 629//614
f 750//615 751//615 629//615
f 629//616 751//616 631//616
f 751//617 752//617 631//617
f 631//618 752//618 633//618
f 752//619 753//619 633//619
f 633//620 753//620 635//620
f 753//621 754//621 635//621
f 635//622 754//622 637//622
f 754//623 755//623 637//623
f 637//624 755//624 639//624
f 755//625 756//625 639//625
f 639//626 756//626 641//626
f 756//627 757//627 641//627
f 641//628 757//628 643//628
f 757//629 758//629 643//629
f 643//630 758//630 645//630
f 758//631 759//631 645//631
f 645//632 759//632 647//632
f 759//633 760//633 647//633
f 647//634 760//634 649//634
f 760//635 761//635 649//635
f 649//636 761//636 651//636
f 761//637 762//637 651//637
f 651//638 762//638 653//638
f 762//639 763//639 653//639
f 653//640 763//640 655//640
f 763//641 764//641 655//641
f 655//642 764//642 657//642
f 764//643 765//643 657//643
f 657//644 765//644 659//644
f 765//645 766//645 659//645
f 659//646 766//646 661//646
f 766//647 767//647 661//647
f 661//648 767//648 663//648
f 767//649 768//649 663//649
f 663//650 768//650 665//650
f 768//651 769//651 665//651
f 665//652 769//652 667//652
f 769//653 770//653 667//653
f 667//654 770//654 669//654
f 770//655 771//655 669//655
f 669//656 771//656 671//656
f 771//657 772//657 671//657
f 671//658 772//658 673//658
f 772//659 773//659 673//659
f 673//660 773//660 675//660
f 773//661 774//661 675//661
f 675//662 774//662 677//662
f 774//663 775//663 677//663
f 677//664 775//664 679//664
f 775//665 776//665 679//665
f 679//666 776//666 681//666
f 776//667 777//667 681//667
f 681//668 777//668 683//668
f 777//669 778//669 683//669
f 683//670 778//670 685//670
f 778//671 779//671 685//671
f 685//672 779//672 687//672
f 779//673 780//673 687//673
f 687//674 780//674 689//674
f 780//675 781//675 689//675
f 689//676 781//676 691//676
f 781//677 782//677 691//677
f 691//678 782//678 693//678
f 782//679 783//679 693//679
f 693//680 783//680 695//680
f 783//681 784//681 695//681
f 695//682 784//682 697//682
f 784//683 785//683 697//683
f 697//684 785//684 699//684
f 785//685 786//685 699//685
f 699//686 786//686 701//686
f 786//687 787//687 701//687
f 701//688 787//688 703//688
f 787//689 788//689 703//689
f 703//690 788//690 705//690
f 788//691 789//691 705//691
f 705//692 789//692 707//692
f 789//693 790//693 707//693
f 707//694 790//694 709//694
f 790//695 791//695 709//695
f 709//696 791//696 711//696
f 791//697 792//697 711//697
f 711//698 792//698 713//698
f 792//699 793//699 713//699
f 713//700 793//700 715//700
f 793//701 794//701 715//701
f 715//702 794//702 717//702
f 794//703 795//703 717//703
f 717//704 795//704 719//704
f 795//705 796//705 719//705
f 719//706 796//706 721//706
f 796//707 797//707 721//707
f 721//708 797//708 723//708
f 797//709 798//709 723//709
f 723//710 798//710 725//710
f 798//711 799//711 725//711
f 725//712 799//712 727//712
f 799//713 800//713 727//713
f 727//714 800//714 729//714
f 800//715 801//715 729//715
f 729//716 801//716 587//716
f 801//717 730//717 587//717
f 730//718 802//718 731//718
f 802//719 803//719 731//719
f 731//720 803//720 732//720
f 803//721 804//721 732//721
f 732//722 804//722 733//722
f 804//723 805//723 733//723
f 733//724 805//724 734//724
f 805//724 806//724 734//724
f 734//725 806//725 735//725
f 806//726 807//726 735//726
f 735//727 807//727 736//727
f 807//728 808//728 736//728
f 736//729 808//729 737//729
f 808//730 809//730 737//730
f 737//731 809//731 738//731
f 809//732 810//732 738//732
f 738//733 810//733 739//733
f 810//734 811//734 739//734
f 739//735 811//735 740//735
f 811//736 812//736 740//736
f 740//737 812//737 741//737
f 812//738 813//738 741//738
f 741//739 813//739 742//739
f 813//740 814//740 742//740
f 742//741 814//741 743//741
f 814//742 815//742 743//742
f 743//743 815//743 744//743
f 815//744 816//744 744//744
f 744//745 816//745 745//745
f 816//746 817//746 745//746
f 745//747 817//747 746//747
f 817//748 818//748 746//748
f 746//749 818//749 747//749
f 818//750 819//750 747//750
f 747//751 819//751 748//751
f 819//752 820//752 748//752
f 748//753 820//753 749//753
f 820//754 821//754 749//754
f 749//755 821//755 750//755
f 821//756 822//756 750//756
f 750//757 822//757 751//757
f 822//758 823//758 751//758
f 751//759 823//759 752//759
f 823//760 824//760 752//760
f 752//761 824//761 753//761
f 824//762 825//762 753//762
f 753//763 825//763 754//763
f 825//764 826//764 754//764
f 754//765 826//765 755//765
f 826//766 827//766 755//766
f 755//767 827//767 756//767
f 827//768 828//768 756//768
f 756//769 828//769 757//769
f 828//770 829//770 757//770
f 757//771 829//771 758//771
f 829//772 830//772 758//772
f 758//773 830//773 759//773
f 830//774 831//774 759//774
f 759//775 831//775 760//775
f 831//776 832//776 760//776
f 760//777 832//777 761//777
f 832//778 833//778 761//778
f 761//779 833//779 762//779
f 833//780 834//780 762//780
f 762//781 834//781 763//781
f 834//782 835//782 763//782
f 763//783 835//783 764//783
f 835//784 836//784 764//784
f 764//785 836//785 765//785
f 836//786 837//786 765//786
f 765//787 837//787 766//787
f 837//788 838//788 766//788
f 766//789 838//789 767//789
f 838//790 839//790 767//790
f 767//791 839//791 768//791
f 839//792 840//792 768//792
f 768//793 840//793 769//793
f 840//794 841//794 769//794
f 769//795 841//795 770//795
f 841//796 842//796 770//796
f 770//797 842//797 771//797
f 842//798 843//798 771//798
f 771//799 843//799 772//799
f 843//800 844//800 772//800
f 772//801 844//801 773//801
f 844//802 845//802 773//802
f 773//803 845//803 774//803
f 845//804 846//804 774//804
f 774//805 846//805 775//805
f 846//806 847//806 775//806
f 775//807 847//807 776//807
f 847//808 848//808 776//808
f 776//809 848//809 777//809
f 848//810 849//810 777//810
f 777//811 849//811 778//811
f 849//812 850//812 778//812
f 778//813 850//813 779//813
f 850//814 851//814 779//814
f 779//815 851//815 780//815
f 851//816 852//816 780//816
f 780//817 852//817 781//817
f 852//818 853//818 781//818
f 781//819 853//819 782//819
f 853//820 854//820 782//820
f 782//821 854//821 783//821
f 854//822 855//822 783//822
f 783//823 855//823 784//823
f 855//824 856//824 784//824
f 784//825 856//825 785//825
f 856//826 857//826 785//826
f 785//827 857//827 786//827
f 857//828 858//828 786//828
f 786//829 858//829 787//829
f 858//830 859//830 787//830
f 787//831 859//831 788//831
f 859//832 860//832 788//832
f 788//833 860//833 789//833
f 860//834 861//834 789//834
f 789//835 861//835 790//835
f 861//836 862//836 790//836
f 790//837 862//837 791//837
f 862//838 863//838 791//838
f 791//839 863//839 792//839
f 863//840 864//840 792//840
f 792//841 864//841 793//841
f 864//842 865//842 793//842
f 793//843 865//843 794//843
f 865//844 866//844 794//844
f 794//845 866//845 795//845
f 866//846 867//846 795//846
f 795//847 867//847 796//847
f 867//848 868//848 796//848
f 796//849 868//849 797//849
f 868//850 869//850 797//850
f 797//851 869//851 798//851
f 869//852 870//852 798//852
f 798//853 870//853 799//853
f 870//854 871//854 799//854
f 799//855 871//855 800//855
f 871//856 872//856 800//856
f 800//857 872//857 801//857
f 872//858 873//858 801//858
f 801//859 873//859 730//859
f 873//860 802//860 730//860
f 802//861 874//861 803//861
f 874//862 875//862 803//862
f 803//863 875//863 804//863
f 875//864 876//864 804//864
f 804//865 876//865 805//865
f 876//866 877//866 805//866
f 805//867 877//867 806//867
f 877//868 878//868 806//868
f 806//869 878//869 807//869
f 878//870 879//870 807//870
f 807//871 879//871 808//871
f 879//872 880//872 808//872
f 808//873 880//873 809//873
f 880//874 881//874 809//874
f 809//875 881//875 810//875
f 881//876 882//876 810//876
f 810//877 882//877 811//877
f 882//878 883//878 811//878
f 811//879 883//879 812//879
f 883//880 884//880 812//880
f 812//881 884//881 813//881
f 884//882 885//882 813//882
f 813//883 885//883 814//883
f 885//884 886//884 814//884
f 814//885 886//885 815//885
f 886//886 887//886 815//886
f 815//887 887//887 816//887
f 887//888 888//888 816//888
f 816//889 888//889 817//889
f 888//890 889//890 817//890
f 817//891 889//891 818//891
f 889//892 890//892 818//892
f 818//893 890//893 819//893
f 890//894 891//894 819//894
f 819//895 891//895 820//895
f 891//896 892//896 820//896
f 820//897 892//897 821//897
f 892//898 893//898 821//898
f 821//899 893//899 822//899
f 893//900 894//900 822//900
f 822//901 894//901 823//901
f 894//902 895//902 823//902
f 823//903 895//903 824//903
f 895//904 896//904 824//904
f 824//905 896//905 825//905
f 896//906 897//906 825//906
f 825//907 897//907 826//907
f 897//908 898//908 826//908
f 826//909 898//909 827//909
f 898//910 899//910 827//910
f 827//911 899//911 828//911
f 899//912 900//912 828//912
f 828//913 900//913 829//913
f 900//914 901//914 829//914
f 829//915 901//915 830//915
f 901//916 902//916 830//916
f 830//917 902//917 831//917
f 902//918 903//918 831//918
f 831//919 903//919 832//919
f 903//920 904//920 832//920
f 832//921 904//921 833//921
f 904//922 905//922 833//922
f 833//923 905//923 834//923
f 905//924 906//924 834//924
f 834//925 906//925 835//925
f 906//926 907//926 835//926
f 835//927 907//927 836//927
f 907//928 908//928 836//928
f 836//929 908//929 837//929
f 908//930 909//930 837//930
f 837//931 909//931 838//931
f 909//932 910//932 838//932
f 838//933 910//933 839//933
f 910//934 911//934 839//934
f 839//935 911//935 840//935
f 911//936 912//936 840//936
f 840//937 912//937 841//937
f 912//938 913//938 841//938
f 841//939 913//939 842//939
f 913//940 914//940 842//940
f 842//941 914//941 843//941
f 914//942 915//942 843//942
f 843//943 915//943 844//943
f 915//944 916//944 844//944
f 844//945 916//945 845//945
f 916//946 917//946 845//946
f 845//947 917//947 846//947
f 917//948 918//948 846//948
f 846//949 918//949 847//949
f 918//950 919//950 847//950
f 847//951 919//951 848//951
f 919//952 920//952 848//952
f 848//953 920//953 849//953
f 920//954 921//954 849//954
f 849//955 921//955 850//955
f 921//956 922//956 850//956
f 850//957 922//957 851//957
f 922//958 923//958 851//958
f 851//959 923//959 852//959
f 923//960 924//960 852//960
f 852//961 924//961 853//961
f 924//962 925//962 853//962
f 853//963 925//963 854//963
f 925//964 926//964 854//964
f 854//965 926//965 855//965
f 926//966 927//966 855//966
f 855//967 927//967 856//967
f 927//968 928//968 856//968
f 856//969 928//969 857//969
f 928//970 929//970 857//970
f 857//971 929//971 858//971
f 929//972 930//972 858//972
f 858//973 930//973 859//973
f 930//974 931//974 859//974
f 859//975 931//975 860//975
f 931//976 932//976 860//976
f 860//977 932//977 861//977
f 932//978 933//978 861//978
f 861//979 933//979 862//979
f 933//980 934//980 862//980
f 862//981 934//981 863//981
f 934//982 935//982 863//982
f 863//983 935//983 864//983
f 935//984 936//984 864//984
f 864//985 936//985 865//985
f 936//986 937//986 865//986
f 865//987 937//987 866//987
f 937//988 938//988 866//988
f 866//989 938//989 867//989
f 938//990 939//990 867//990
f 867//991 939//991 868//991
f 939//992 940//992 868//992
f 868//993 940//993 869//993
f 940//994 941//994 869//994
f 869//995 941//995 870//995
f 941//996 942//996 870//996
f 870//997 942//997 871//997
f 942//998 943//998 871//998
f 871//999 943//999 872//999
f 943//1000 944//1000 872//1000
f 872//1001 944//1001 873//1001
f 944//1002 945//1002 873//1002
f 873//1003 945//1003 802//1003
f 945//1004 874//1004 802//1004
f 874//1005 946//1005 875//1005
f 946//1006 947//1006 875//1006
f 875//1007 947//1007 876//1007
f 947//1008 948//1008 876//1008
f 876//1009 948//1009 877//1009
f 948//1010 949//1010 877//1010
f 877//1011 949//1011 878//1011
f 949//1012 950//1012 878//1012
f 878//1013 950//1013 879//1013
f 950//1014 951//1014 879//1014
f 879//1015 951//1015 880//1015
f 951//1016 952//1016 880//1016
f 880//1017 952//1017 881//1017
f 952//1018 953//1018 881//1018
f 881//1019 953//1019 882//1019
f 953//1020 954//1020 882//1020
f 882//1021 954//1021 883//1021
f 954//1022 955//1022 883//1022
f 883//1023 955//1023 884//1023
f 955//1024 956//1024 884//1024
f 884//1025 956//1025 885//1025
f 956//1026 957//1026 885//1026
f 885//1027 957//1027 886//1027
f 957//1028 958//1028 886//1028
f 886//1029 958//1029 887//1029
f 958//1030 959//1030 887//1030
f 887//1031 959//1031 888//1031
f 959//1032 960//1032 888//1032
f 888//1033 960//1033 889//1033
f 960//1034 961//1034 889//1034
f 889//1035 961//1035 890//1035
f 961//1036 962//1036 890//1036
f 890//1037 962//1037 891//1037
f 962//1038 963//1038 891//1038
f 891//1039 963//1039 892//1039
f 963//1040 964//1040 892//1040
f 892//1041 964//1041 893//1041
f 964//1042 965//1042 893//1042
f 893//1043 965//1043 894//1043
f 965//1044 966//1044 894//1044
f 894//1045 966//1045 895//1045
f 966//1046 967//1046 895//1046
f 895//1047 967//1047 896//1047
f 967//1048 968//1048 896//1048
f 896//1049 968//1049 897//1049
f 968//1050 969//1050 897//1050
f 897//1051 969//1051 898//1051
f 969//1052 970//1052 898//1052
f 898//1053 970//1053 899//1053
f 970//1054 971//1054 899//1054
f 899//1055 971//1055 900//1055
f 971//1056 972//1056 900//1056
f 900//1057 972//1057 901//1057
f 972//1058 973//1058 901//1058
f 901//1059 973//1059 902//1059
f 973//1060 974//1060 902//1060
f 902//1061 974//1061 903//1061
f 974//1062 975//1062 903//1062
f 903//1063 975//1063 904//1063
f 975//1064 976//1064 904//1064
f 904//1065 976//1065 905//1065
f 976//1066 977//1066 905//1066
f 905//1067 977//1067 906//1067
f 977//1068 978//1068 906//1068
f 906//1069 978//1069 907//1069
f 978//1070 979//1070 907//1070
f 907//1071 979//1071 908//1071
f 979//1072 980//1072 908//1072
f 908//1073 980//1073 909//1073
f 980//1074 981//1074 909//1074
f 909//1075 981//1075 910//1075
f 981//1076 982//1076 910//1076
f 910//1077 982//1077 911//1077
f 982//1078 983//1078 911//1078
f 911//1079 983//1079 912//1079
f 983//1080 984//1080 912//1080
f 912//1081 984//1081 913//1081
f 984//1082 985//1082 913//1082
f 913//1083 985//1083 914//1083
f 985//1084 986//1084 914//1084
f 914//1085 986//1085 915//1085
f 986//1086 987//1086 915//1086
f 915//1087 987//1087 916//1087
f 987//1088 988//1088 916//1088
f 916//1089 988//1089 917//1089
f 988//1090 989//1090 917//1090
f 917//1091 989//1091 918//1091
f 989//1092 990//1092 918//1092
f 918//1093 990//1093 919//1093
f 990//1094 991//1094 919//1094
f 919//1095 991//1095 920//1095
f 991//1096 992//1096 920//1096
f 920//1097 992//1097 921//1097
f 992//1098 993//1098 921//1098
f 921//1099 993//1099 922//1099
f 993//1100 994//1100 922//1100
f 922//1101 994//1101 923//1101
f 994//1102 995//1102 923//1102
f 923//1103 995//1103 924//1103
f 995//1104 996//1104 924//1104
f 924//1105 996//1105 925//1105
f 996//1106 997//1106 925//1106
f 925//1107 997//1107 926//1107
f 997//1108 998//1108 926//1108
f 926//1109 998//1109 927//1109
f 998//1110 999//1110 927//1110
f 927//1111 999//1111 928//1111
f 999//1112 1000//1112 928//1112
f 928//1113 1000//1113 929//1113
f 1000//1114 1001//1114 929//1114
f 929//1115 1001//1115 930//1115
f 1001//1116 1002//1116 930//1116
f 930//1117 1002//1117 931//1117
f 1002//1118 1003//1118 931//1118
f 931//1119 1003//1119 932//1119
f 1003//1120 1004//1120 932//1120
f 932//1121 1004//1121 933//1121
f 1004//1122 1005//1122 933//1122
f 933//1123 1005//1123 934//1123
f 1005//1124 1006//1124 934//1124
f 934//1125 1006//1125 935//1125
f 1006//1126 1007//1126 935//1126
f 935//1127 1007//1127 936//1127
f 1007//1128 1008//1128 936//1128
f 936//1129 1008//1129 937//1129
f 1008//1130 1009//1130 937//1130
f 937//1131 1009//1131 938//1131
f 1009//1132 1010//1132 938//1132
f 938//1133 1010//1133 939//1133
f 1010//1134 1011//1134 939//1134
f 939//1135 1011//1135 940//1135
f 1011//1136 1012//1136 940//1136
f 940//1137 1012//1137 941//1137
f 1012//1138 1013//1138 941//1138
f 941//1139 1013//1139 942//1139
f 1013//1140 1014//1140 942//1140
f 942//1141 1014//1141 943//1141
f 1014//1142 1015//1142 943//1142
f 943//1143 1015//1143 944//1143
f 1015//1144 1016//1144 944//1144
f 944//1145 1016//1145 945//1145
f 1016//1146 1017//1146 945//1146
f 945//1147 1017//1147 874//1147
f 1017//1148 946//1148 874//1148
f 946//1149 1018//1149 947//1149
f 1018//1150 1019//1150 947//1150
f 947//1151 1019//1151 948//1151
f 1019//1152 1020//1152 948//1152
f 948//1153 1020//1153 949//1153
f 1020//1154 1021//1154 949//1154
f 949//1155 1021//1155 950//1155
f 1021//1156 1022//1156 950//1156
f 950//1157 1022//1157 951//1157
f 1022//1158 1023//1158 951//1158
f 951//1159 1023//1159 952//1159
f 1023//1160 1024//1160 952//1160
f 952//1161 1024//1161 953//1161
f 1024//1162 1025//1162 953//1162
f 953//1163 1025//1163 954//1163
f 1025//1164 1026//1164 954//1164
f 954//1165 1026//1165 955//1165
f 1026//1166 1027//1166 955//1166
f 955//1167 1027//1167 956//1167
f 1027//1168 1028//1168 956//1168
f 956//1169 1028//1169 957//1169
f 1028//1170 1029//1170 957//1170
f 957//1171 1029//1171 958//1171
f 1029//1172 1030//1172 958//1172
f 958//1173 1030//1173 959//1173
f 1030//1174 1031//1174 959//1174
f 959//1175 1031//1175 960//1175
f 1031//1176 1032//1176 960//1176
f 960//1177 1032//1177 961//1177
f 1032//1178 1033//1178 961//1178
f 961//1179 1033//1179 962//1179
f 1033//1180 1034//1180 962//1180
f 962//1181 1034//1181 963//1181
f 1034//1182 1035//1182 963//1182
f 963//1183 1035//1183 964//1183
f 1035//1184 1036//1184 964//1184
f 964//1185 1036//1185 965//1185
f 1036//1186 1037//1186 965//1186
f 965//1187 1037//1187 966//1187
f 1037//1188 1038//1188 966//1188
f 966//1189 1038//1189 967//1189
f 1038//1190 1039//1190 967//1190
f 967//1191 1039//1191 968//1191
f 1039//1192 1040//1192 968//1192
f 968//1193 1040//1193 969//1193
f 1040//1194 1041//1194 969//1194
f 969//1195 1041//1195 970//1195
f 1041//1196 1042//1196 970//1196
f 970//1197 1042//1197 971//1197
f 1042//1198 1043//1198 971//1198
f 971//1199 1043//1199 972//1199
f 1043//1200 1044//1200 972//1200
f 972//1201 1044//1201 973//1201
f 1044//1202 1045//1202 973//1202
f 973//1203 1045//1203 974//1203
f 1045//1204 1046//1204 974//1204
f 974//1205 1046//1205 975//1205
f 1046//1206 1047//1206 975//1206
f 975//1207 1047//1207 976//1207
f 1047//1208 1048//1208 976//1208
f 976//1209 1048//1209 977//1209
f 1048//1210 1049//1210 977//1210
f 977//1211 1049//1211 978//1211
f 1049//1212 1050//1212 978//1212
f 978//1213 1050//1213 979//1213
f 1050//1214 1051//1214 979//1214
f 979//1215 1051//1215 980//1215
f 1051//1216 1052//1216 980//1216
f 980//1217 1052//1217 981//1217
f 1052//1218 1053//1218 981//1218
f 981//1219 1053//1219 982//1219
f 1053//1220 1054//1220 982//1220
f 982//1221 1054//1221 983//1221
f 1054//1222 1055//1222 983//1222
f 983//1223 1055//1223 984//1223
f 1055//1224 1056//1224 984//1224
f 984//1225 1056//1225 985//1225
f 1056//1226 1057//1226 985//1226
f 985//1227 1057//1227 986//1227
f 1057//1228 1058//1228 986//1228
f 986//1229 1058//1229 987//1229
f 1058//1230 1059//1230 987//1230
f 987//1231 1059//1231 988//1231
f 1059//1232 1060//1232 988//1232
f 988//1233 1060//1233 989//1233
f 1060//1234 1061//1234 989//1234
f 989//1235 1061//1235 990//1235
f 1061//1236 1062//1236 990//1236
f 990//1237 1062//1237 991//1237
f 1062//1238 1063//1238 991//1238
f 991//1239 1063//1239 992//1239
f 1063//1240 1064//1240 992//1240
f 992//1241 1064//1241 993//1241
f 1064//1242 1065//1242 993//1242
f 993//1243 1065//1243 994//1243
f 1065//1244 1066//1244 994//1244
f 994//1245 1066//1245 995//1245
f 1066//1246 1067//1246 995//1246
f 995//1247 1067//1247 996//1247
f 1067//1248 1068//1248 996//1248
f 996//1249 1068//1249 997//1249
f 1068//1250 1069//1250 997//1250
f 997//1251 1069//1251 998//1251
f 1069//1252 1070//1252 998//1252
f 998//1253 1070//1253 999//1253
f 1070//1254 1071//1254 999//1254
f 999//1255 1071//1255 1000//1255
f 1071//1256 1072//1256 1000//1256
f 1000//1257 1072//1257 1001//1257
f 1072//1258 1073//1258 1001//1258
f 1001//1259 1073//1259 1002//1259
f 1073//1260 1074//1260 1002//1260
f 1002//1261 1074//1261 1003//1261
f 1074//1262 1075//1262 1003//1262
f 1003//1263 1075//1263 1004//1263
f 1075//1264 1076//1264 1004//1264
f 1004//1265 1076//1265 1005//1265
f 1076//1266 1077//1266 1005//1266
f 1005//1267 1077//1267 1006//1267
f 1077//1268 1078//1268 1006//1268
f 1006//1269 1078//1269 1007//1269
f 1078//1270 1079//1270 1007//1270
f 1007//1271 1079//1271 1008//1271
f 1079//1272 1080//1272 1008//1272
f 1008//1273 1080//1273 1009//1273
f 1080//1274 1081//1274 1009//1274
f 1009//1275 1081//1275 1010//1275
f 1081//1276 1082//1276 1010//1276
f 1010//1277 1082//1277 1011//1277
f 1082//1278 1083//1278 1011//1278
f 1011//1279 1083//1279 1012//1279
f 1083//1280 1084//1280 1012//1280
f 1012//1281 1084//1281 1013//1281
f 1084//1282 1085//1282 1013//1282
f 1013//1283 1085//1283 1014//1283
f 1085//1284 1086//1284 1014//1284
f 1014//1285 1086//1285 1015//1285
f 1086//1286 1087//1286 1015//1286
f 1015//1287 1087//1287 1016//1287
f 1087//1288 1088//1288 1016//1288
f 1016//1289 1088//1289 1017//1289
f 1088//1290 1089//1290 1017//1290
f 1017//1291 1089//1291 946//1291
f 1089//1292 1018//1292 946//1292
f 1018//1293 1090//1293 1019//1293
f 1090//1294 1091//1294 1019//1294
f 1019//1295 1091//1295 1020//1295
f 1091//1296 1092//1296 1020//1296
f 1020//1297 1092//1297 1021//1297
f 1092//1298 1093//1298 1021//1298
f 1021//1299 1093//1299 1022//1299
f 1093//1300 1094//1300 1022//1300
f 1022//1301 1094//1301 1023//1301
f 1094//1302 1095//1302 1023//1302
f 1023//1303 1095//1303 1024//1303
f 1095//1304 1096//1304 1024//1304
f 1024//1305 1096//1305 1025//1305
f 1096//1306 1097//1306 1025//1306
f 1025//1307 1097//1307 1026//1307
f 1097//1308 1098//1308 1026//1308
f 1026//1309 1098//1309 1027//1309
f 1098//1310 1099//1310 1027//1310
f 1027//1311 1099//1311 1028//1311
f 1099//1312 1100//1312 1028//1312
f 1028//1313 1100//1313 1029//1313
f 1100//1314 1101//1314 1029//1314
f 1029//1315 1101//1315 1030//1315
f 1101//1316 1102//1316 1030//1316
f 1030//1317 1102//1317 1031//1317
f 1102//1318 1103//1318 1031//1318
f 1031//1319 1103//1319 1032//1319
f 1103//1320 1104//1320 1032//1320
f 1032//1321 1104//1321 1033//1321
f 1104//1322 1105//1322 1033//1322
f 1033//1323 1105//1323 1034//1323
f 1105//1324 1106//1324 1034//1324
f 1034//1325 1106//1325 1035//1325
f 1106//1326 1107//1326 1035//1326
f 1035//1327 1107//1327 1036//1327
f 1107//1328 1108//1328 1036//1328
f 1036//1329 1108//1329 1037//1329
f 1108//1330 1109//1330 1037//1330
f 1037//1331 1109//1331 1038//1331
f 1109//1332 1110//1332 1038//1332
f 1038//1333 1110//1333 1039//1333
f 1110//1334 1111//1334 1039//1334
f 1039//1335 1111//1335 1040//1335
f 1111//1336 1112//1336 1040//1336
f 1040//1337 1112//1337 1041//1337
f 1112//1338 1113//1338 1041//1338
f 1041//1339 1113//1339 1042//1339
f 1113//1340 1114//1340 1042//1340
f 1042//1341 1114//1341 1043//1341
f 1114//1342 1115//1342 1043//1342
f 1043//1343 1115//1343 1044//1343
f 1115//1344 1116//1344 1044//1344
f 1044//1345 1116//1345 1045//1345
f 1116//1346 1117//1346 1045//1346
f 1045//1347 1117//1347 1046//1347
f 1117//1348 1118//1348 1046//1348
f 1046//1349 1118//1349 1047//1349
f 1118//1350 1119//1350 1047//1350
f 1047//1351 1119//1351 1048//1351
f 1119//1352 1120//1352 1048//1352
f 1048//1353 1120//1353 1049//1353
f 1120//1354 1121//1354 1049//1354
f 1049//1355 1121//1355 1050//1355
f 1121//1356 1122//1356 1050//1356
f 1050//1357 1122//1357 1051//1357
f 1122//1358 1123//1358 1051//1358
f 1051//1359 1123//1359 1052//1359
f 1123//1360 1124//1360 1052//1360
f 1052//1361 1124//1361 1053//1361
f 1124//1362 1125//1362 1053//1362
f 1053//1363 1125//1363 1054//1363
f 1125//1364 1126//1364 1054//1364
f 1054//1365 1126//1365 1055//1365
f 1126//1366 1127//1366 1055//1366
f 1055//1367 1127//1367 1056//1367
f 1127//1368 1128//1368 1056//1368
f 1056//1369 1128//1369 1057//1369
f 1128//1370 1129//1370 1057//1370
f 1057//1371 1129//1371 1058//1371
f 1129//1372 1130//1372 1058//1372
f 1058//1373 1130//1373 1059//1373
f 1130//1374 1131//1374 1059//1374
f 1059//1375 1131//1375 1060//1375
f 1131//1376 1132//1376 1060//1376
f 1060//1377 1132//1377 1061//1377
f 1132//1378 1133//1378 1061//1378
f 1061//1379 1133//1379 1062//1379
f 1133//1380 1134//1380 1062//1380
f 1062//1381 1134//1381 1063//1381
f 1134//1382 1135//1382 1063//1382
f 1063//1383 1135//1383 1064//1383
f 1135//1384 1136//1384 1064//1384
f 1064//1385 1136//1385 1065//1385
f 1136//1386 1137//1386 1065//1386
f 1065//1387 1137//1387 1066//1387
f 1137//1388 1138//1388 1066//1388
f 1066//1389 1138//1389 1067//1389
f 1138//1390 1139//1390 1067//1390
f 1067//1391 1139//1391 1068//1391
f 1139//1392 1140//1392 1068//1392
f 1068//1393 1140//1393 1069//1393
f 1140//1394 1141//1394 1069//1394
f 1069//1395 1141//1395 1070//1395
f 1141//1396 1142//1396 1070//1396
f 1070//1397 1142//1397 1071//1397
f 1142//1398 1143//1398 1071//1398
f 1071//1399 1143//1399 1072//1399
f 1143//1400 1144//1400 1072//1400
f 1072//1401 1144//1401 1073//1401
f 1144//1402 1145//1402 1073//1402
f 1073//1403 1145//1403 1074//1403
f 1145//1404 1146//1404 1074//1404
f 1074//1405 1146//1405 1075//1405
f 1146//1406 1147//1406 1075//1406
f 1075//1407 1147//1407 1076//1407
f 1147//1408 1148//1408 1076//1408
f 1076//1409 1148//1409 1077//1409
f 1148//1410 1149//1410 1077//1410
f 1077//1411 1149//1411 1078//1411
f 1149//1412 1150//1412 1078//1412
f 1078//1413 1150//1413 1079//1413
f 1150//1414 1151//1414 1079//1414
f 1079//1415 1151//1415 1080//1415
f 1151//1416 1152//1416 1080//1416
f 1080//1417 1152//1417 1081//1417
f 1152//1418 1153//1418 1081//1418
f 1081//1419 1153//1419 1082//1419
f 1153//1420 1154//1420 1082//1420
f 1082//1421 1154//1421 1083//1421
f 1154//1422 1155//1422 1083//1422
f 1083//1423 1155//1423 1084//1423
f 1155//1424 1156//1424 1084//1424
f 1084//1425 1156//1425 1085//1425
f 1156//1426 1157//1426 1085//1426
f 1085//1427 1157//1427 1086//1427
f 1157//1428 1158//1428 1086//1428
f 1086//1429 1158//1429 1087//1429
f 1158//1430 1159//1430 1087//1430
f 1087//1431 1159//1431 1088//1431
f 1159//1432 1160//1432 1088//1432
f 1088//1433 1160//1433 1089//1433
f 1160//1434 1161//1434 1089//1434
f 1089//1435 1161//1435 1018//1435
f 1161//1436 1090//1436 1018//1436
f 1090//1437 1162//1437 1091//1437
f 1162//1438 1163//1438 1091//1438
f 1091//1439 1163//1439 1092//1439
f 1163//1439 1164//1439 1092//1439
f 1092//1440 1164//1440 1093//1440
f 1164//1441 1165//1441 1093//1441
f 1093//1442 1165//1442 1094//1442
f 1165//1443 1166//1443 1094//1443
f 1094//1444 1166//1444 1095//1444
f 1166//1445 1167//1445 1095//1445
f 1095//1446 1167//1446 1096//1446
f 1167//1446 1168//1446 1096//1446
f 1096//1447 1168//1447 1097//1447
f 1168//1447 1169//1447 1097//1447
f 1097//1448 1169//1448 1098//1448
f 1169//1448 1170//1448 1098//1448
f 1098//1449 1170//1449 1099//1449
f 1170//1450 1171//1450 1099//1450
f 1099//1451 1171//1451 1100//1451
f 1171//1452 1172//1452 1100//1452
f 1100//1453 1172//1453 1101//1453
f 1172//1454 1173//1454 1101//1454
f 1101//1455 1173//1455 1102//1455
f 1173//1456 1174//1456 1102//1456
f 1102//1457 1174//1457 1103//1457
f 1174//1458 1175//1458 1103//1458
f 1103//1459 1175//1459 1104//1459
f 1175//1460 1176//1460 1104//1460
f 1104//1461 1176//1461 1105//1461
f 1176//1461 1177//1461 1105//1461
f 1105//1462 1177//1462 1106//1462
f 1177//1462 1178//1462 1106//1462
f 1106//1463 1178//1463 1107//1463
f 1178//1464 1179//1464 1107//1464
f 1107//1465 1179//1465 1108//1465
f 1179//1466 1180//1466 1108//1466
f 1108//1467 1180//1467 1109//1467
f 1180//1468 1181//1468 1109//1468
f 1109//1469 1181//1469 1110//1469
f 1181//1469 1182//1469 1110//1469
f 1110//1470 1182//1470 1111//1470
f 1182//1471 1183//1471 1111//1471
f 1111//1472 1183//1472 1112//1472
f 1183//1473 1184//1473 1112//1473
f 1112//1474 1184//1474 1113//1474
f 1184//1475 1185//1475 1113//1475
f 1113//1476 1185//1476 1114//1476
f 1185//1477 1186//1477 1114//1477
f 1114//1478 1186//1478 1115//1478
f 1186//1479 1187//1479 1115//1479
f 1115//1480 1187//1480 1116//1480
f 1187//1481 1188//1481 1116//1481
f 1116//1482 1188//1482 1117//1482
f 1188//1482 1189//1482 1117//1482
f 1117//1483 1189//1483 1118//1483
f 1189//1483 1190//1483 1118//1483
f 1118//1484 1190//1484 1119//1484
f 1190//1485 1191//1485 1119//1485
f 1119//1486 1191//1486 1120//1486
f 1191//1487 1192//1487 1120//1487
f 1120//1488 1192//1488 1121//1488
f 1192//1489 1193//1489 1121//1489
f 1121//1490 1193//1490 1122//1490
f 1193//1491 1194//1491 1122//1491
f 1122//1492 1194//1492 1123//1492
f 1194//1492 1195//1492 1123//1492
f 1123//1493 1195//1493 1124//1493
f 1195//1494 1196//1494 1124//1494
f 1124//1495 1196//1495 1125//1495
f 1196//1495 1197//1495 1125//1495
f 1125//1496 1197//1496 1126//1496
f 1197//1496 1198//1496 1126//1496
f 1126//1497 1198//1497 1127//1497
f 1198//1498 1199//1498 1127//1498
f 1127//1499 1199//1499 1128//1499
f 1199//1499 1200//1499 1128//1499
f 1128//1500 1200//1500 1129//1500
f 1200//1501 1201//1501 1129//1501
f 1129//1502 1201//1502 1130//1502
f 1201//1503 1202//1503 1130//1503
f 1130//1504 1202//1504 1131//1504
f 1202//1505 1203//1505 1131//1505
f 1131//1506 1203//1506 1132//1506
f 1203//1507 1204//1507 1132//1507
f 1132//1508 1204//1508 1133//1508
f 1204//1508 1205//1508 1133//1508
f 1133//1509 1205//1509 1134//1509
f 1205//1509 1206//1509 1134//1509
f 1134//1510 1206//1510 1135//1510
f 1206//1511 1207//1511 1135//1511
f 1135//1512 1207//1512 1136//1512
f 1207//1513 1208//1513 1136//1513
f 1136//1514 1208//1514 1137//1514
f 1208//1515 1209//1515 1137//1515
f 1137//1516 1209//1516 1138//1516
f 1209//1517 1210//1517 1138//1517
f 1138//1518 1210//1518 1139//1518
f 1210//1519 1211//1519 1139//1519
f 1139//1520 1211//1520 1140//1520
f 1211//1521 1212//1521 1140//1521
f 1140//1522 1212//1522 1141//1522
f 1212//1522 1213//1522 1141//1522
f 1141//1523 1213//1523 1142//1523
f 1213//1524 1214//1524 1142//1524
f 1142//1525 1214//1525 1143//1525
f 1214//1526 1215//1526 1143//1526
f 1143//1527 1215//1527 1144//1527
f 1215//1528 1216//1528 1144//1528
f 1144//1529 1216//1529 1145//1529
f 1216//1529 1217//1529 1145//1529
f 1145//1530 1217//1530 1146//1530
f 1217//1530 1218//1530 1146//1530
f 1146//1531 1218//1531 1147//1531
f 1218//1532 1219//1532 1147//1532
f 1147//1533 1219//1533 1148//1533
f 1219//1534 1220//1534 1148//1534
f 1148//1535 1220//1535 1149//1535
f 1220//1536 1221//1536 1149//1536
f 1149//1537 1221//1537 1150//1537
f 1221//1538 1222//1538 1150//1538
f 1150//1539 1222//1539 1151//1539
f 1222//1540 1223//1540 1151//1540
f 1151//1541 1223//1541 1152//1541
f 1223//1542 1224//1542 1152//1542
f 1152//1543 1224//1543 1153//1543
f 1224//1543 1225//1543 1153//1543
f 1153//1544 1225//1544 1154//1544
f 1225//1544 1226//1544 1154//1544
f 1154//1545 1226//1545 1155//1545
f 1226//1545 1227//1545 1155//1545
f 1155//1546 1227//1546 1156//1546
f 1227//1547 1228//1547 1156//1547
f 1156//1548 1228//1548 1157//1548
f 1228//1549 1229//1549 1157//1549
f 1157//1550 1229//1550 1158//1550
f 1229//1551 1230//1551 1158//1551
f 1158//1552 1230//1552 1159//1552
f 1230//1552 1231//1552 1159//1552
f 1159//1553 1231//1553 1160//1553
f 1231//1554 1232//1554 1160//1554
f 1160//1555 1232//1555 1161//1555
f 1232//1555 1233//1555 1161//1555
f 1161//1556 1233//1556 1090//1556
f 1233//1556 1162//1556 1090//1556
f 1162//1557 1234//1557 1163//1557
f 1234//1558 1235//1558 1163//1558
f 1163//1559 1235//1559 1164//1559
f 1235//1560 1236//1560 1164//1560
f 1164//1561 1236//1561 1165//1561
f 1236//1562 1237//1562 1165//1562
f 1165//1563 1237//1563 1166//1563
f 1237//1564 1238//1564 1166//1564
f 1166//1565 1238//1565 1167//1565
f 1238//1566 1239//1566 1167//1566
f 1167//1567 1239//1567 1168//1567
f 1239//1568 1240//1568 1168//1568
f 1168//1569 1240//1569 1169//1569
f 1240//1570 1241//1570 1169//1570
f 1169//1571 1241//1571 1170//1571
f 1241//1572 1242//1572 1170//1572
f 1170//1573 1242//1573 1171//1573
f 1242//1574 1243//1574 1171//1574
f 1171//1575 1243//1575 1172//1575
f 1243//1576 1244//1576 1172//1576
f 1172//1577 1244//1577 1173//1577
f 1244//1578 1245//1578 1173//1578
f 1173//1579 1245//1579 1174//1579
f 1245//1580 1246//1580 1174//1580
f 1174//1581 1246//1581 1175//1581
f 1246//1582 1247//1582 1175//1582
f 1175//1583 1247//1583 1176//1583
f 1247//1584 1248//1584 1176//1584
f 1176//1585 1248//1585 1177//1585
f 1248//1586 1249//1586 1177//1586
f 1177//1587 1249//1587 1178//1587
f 1249//1588 1250//1588 1178//1588
f 1178//1589 1250//1589 1179//1589
f 1250//1590 1251//1590 1179//1590
f 1179//1591 1251//1591 1180//1591
f 1251//1592 1252//1592 1180//1592
f 1180//1593 1252//1593 1181//1593
f 1252//1594 1253//1594 1181//1594
f 1181//1595 1253//1595 1182//1595
f 1253//1596 1254//1596 1182//1596
f 1182//1597 1254//1597 1183//1597
f 1254//1598 1255//1598 1183//1598
f 1183//1599 1255//1599 1184//1599
f 1255//1600 1256//1600 1184//1600
f 1184//1601 1256//1601 1185//1601
f 1256//1602 1257//1602 1185//1602
f 1185//1603 1257//1603 1186//1603
f 1257//1604 1258//1604 1186//1604
f 1186//1605 1258//1605 1187//1605
f 1258//1606 1259//1606 1187//1606
f 1187//1607 1259//1607 1188//1607
f 1259//1608 1260//1608 1188//1608
f 1188//1609 1260//1609 1189//1609
f 1260//1610 1261//1610 1189//1610
f 1189//1611 1261//1611 1190//1611
f 1261//1612 1262//1612 1190//1612
f 1190//1613 1262//1613 1191//1613
f 1262//1614 1263//1614 1191//1614
f 1191//1615 1263//1615 1192//1615
f 1263//1616 1264//1616 1192//1616
f 1192//1617 1264//1617 1193//1617
f 1264//1618 1265//1618 1193//1618
f 1193//1619 1265//1619 1194//1619
f 1265//1620 1266//1620 1194//1620
f 1194//1621 1266//1621 1195//1621
f 1266//1622 1267//1622 1195//1622
f 1195//1623 1267//1623 1196//1623
f 1267//1624 1268//1624 1196//1624
f 1196//1625 1268//1625 1197//1625
f 1268//1626 1269//1626 1197//1626
f 1197//1627 1269//1627 1198//1627
f 1269//1628 1270//1628 1198//1628
f 1198//1629 1270//1629 1199//1629
f 1270//1630 1271//1630 1199//1630
f 1199//1631 1271//1631 1200//1631
f 1271//1632 1272//1632 1200//1632
f 1200//1633 1272//1633 1201//1633
f 1272//1634 1273//1634 1201//1634
f 1201//1635 1273//1635 1202//1635
f 1273//1636 1274//1636 1202//1636
f 1202//1637 1274//1637 1203//1637
f 1274//1638 1275//1638 1203//1638
f 1203//1639 1275//1639 1204//1639
f 1275//1640 1276//1640 1204//1640
f 1204//1641 1276//1641 1205//1641
f 1276//1642 1277//1642 1205//1642
f 1205//1643 1277//1643 1206//1643
f 1277//1644 1278//1644 1206//1644
f 1206//1645 1278//1645 1207//1645
f 1278//1646 1279//1646 1207//1646
f 1207//1647 1279//1647 1208//1647
f 1279//1648 1280//1648 1208//1648
f 1208//1649 1280//1649 1209//1649
f 1280//1650 1281//1650 1209//1650
f 1209//1651 1281//1651 1210//1651
f 1281//1652 1282//1652 1210//1652
f 1210//1653 1282//1653 1211//1653
f 1282//1654 1283//1654 1211//1654
f 1211//1655 1283//1655 1212//1655
f 1283//1656 1284//1656 1212//1656
f 1212//1657 1284//1657 1213//1657
f 1284//1658 1285//1658 1213//1658
f 1213//1659 1285//1659 1214//1659
f 1285//1660 1286//1660 1214//1660
f 1214//1661 1286//1661 1215//1661
f 1286//1662 1287//1662 1215//1662
f 1215//1663 1287//1663 1216//1663
f 1287//1664 1288//1664 1216//1664
f 1216//1665 1288//1665 1217//1665
f 1288//1666 1289//1666 1217//1666
f 1217//1667 1289//1667 1218//1667
f 1289//1668 1290//1668 1218//1668
f 1218//1669 1290//1669 1219//1669
f 1290//1670 1291//1670 1219//1670
f 1219//1671 1291//1671 1220//1671
f 1291//1672 1292//1672 1220//1672
f 1220//1673 1292//1673 1221//1673
f 1292//1674 1293//1674 1221//1674
f 1221//1675 1293//1675 1222//1675
f 1293//1676 1294//1676 1222//1676
f 1222//1677 1294//1677 1223//1677
f 1294//1678 1295//1678 1223//1678
f 1223//1679 1295//1679 1224//1679
f 1295//1680 1296//1680 1224//1680
f 1224//1681 1296//1681 1225//1681
f 1296//1682 1297//1682 1225//1682
f 1225//1683 1297//1683 1226//1683
f 1297//1684 1298//1684 1226//1684
f 1226//1685 1298//1685 1227//1685
f 1298//1686 1299//1686 1227//1686
f 1227//1687 1299//1687 1228//1687
f 1299//1688 1300//1688 1228//1688
f 1228//1689 1300//1689 1229//1689
f 1300//1690 1301//1690 1229//1690
f 1229//1691 1301//1691 1230//1691
f 1301//1692 1302//1692 1230//1692
f 1230//1693 1302//1693 1231//1693
f 1302//1694 1303//1694 1231//1694
f 1231//1695 1303//1695 1232//1695
f 1303//1696 1304//1696 1232//1696
f 1232//1697 1304//1697 1233//1697
f 1304//1698 1305//1698 1233//1698
f 1233//1699 1305//1699 1162//1699
f 1305//1700 1234//1700 1162//1700
f 1234//1701 1306//1701 1235//1701
f 1306//1702 1307//1702 1235//1702
f 1235//1703 1307//1703 1236//1703
f 1307//1704 1308//1704 1236//1704
f 1236//1705 1308//1705 1237//1705
f 1308//1706 1309//1706 1237//1706
f 1237//1707 1309//1707 1238//1707
f 1309//1708 1310//1708 1238//1708
f 1238//1709 1310//1709 1239//1709
f 1310//1710 1311//1710 1239//1710
f 1239//1711 1311//1711 1240//1711
f 1311//1712 1312//1712 1240//1712
f 1240//1713 1312//1713 1241//1713
f 1312//1714 1313//1714 1241//1714
f 1241//1715 1313//1715 1242//1715
f 1313//1716 1314//1716 1242//1716
f 1242//1717 1314//1717 1243//1717
f 1314//1718 1315//1718 1243//1718
f 1243//1719 1315//1719 1244//1719
f 1315//1720 1316//1720 1244//1720
f 1244//1721 1316//1721 1245//1721
f 1316//1722 1317//1722 1245//1722
f 1245//1723 1317//1723 1246//1723
f 1317//1724 1318//1724 1246//1724
f 1246//1725 1318//1725 1247//1725
f 1318//1726 1319//1726 1247//1726
f 1247//1727 1319//1727 1248//1727
f 1319//1728 1320//1728 1248//1728
f 1248//1729 1320//1729 1249//1729
f 1320//1730 1321//1730 1249//1730
f 1249//1731 1321//1731 1250//1731
f 1321//1732 1322//1732 1250//1732
f 1250//1733 1322//1733 1251//1733
f 1322//1734 1323//1734 1251//1734
f 1251//1735 1323//1735 1252//1735
f 1323//1736 1324//1736 1252//1736
f 1252//1737 1324//1737 1253//1737
f 1324//1738 1325//1738 1253//1738
f 1253//1739 1325//1739 1254//1739
f 1325//1740 1326//1740 1254//1740
f 1254//1741 1326//1741 1255//1741
f 1326//1742 1327//1742 1255//1742
f 1255//1743 1327//1743 1256//1743
f 1327//1744 1328//1744 1256//1744
f 1256//1745 1328//1745 1257//1745
f 1328//1746 1329//1746 1257//1746
f 1257//1747 1329//1747 1258//1747
f 1329//1748 1330//1748 1258//1748
f 1258//1749 1330//1749 1259//1749
f 1330//1750 1331//1750 1259//1750
f 1259//1751 1331//1751 1260//1751
f 1331//1752 1332//1752 1260//1752
f 1260//1753 1332//1753 1261//1753
f 1332//1754 1333//1754 1261//1754
f 1261//1755 1333//1755 1262//1755
f 1333//1756 1334//1756 1262//1756
f 1262//1757 1334//1757 1263//1757
f 1334//1758 1335//1758 1263//1758
f 1263//1759 1335//1759 1264//1759
f 1335//1760 1336//1760 1264//1760
f 1264//1761 1336//1761 1265//1761
f 1336//1762 1337//1762 1265//1762
f 1265//1763 1337//1763 1266//1763
f 1337//1764 1338//1764 1266//1764
f 1266//1765 1338//1765 1267//1765
f 1338//1766 1339//1766 1267//1766
f 1267//1767 1339//1767 1268//1767
f 1339//1768 1340//1768 1268//1768
f 1268//1769 1340//1769 1269//1769
f 1340//1770 1341//1770 1269//1770
f 1269//1771 1341//1771 1270//1771
f 1341//1772 1342//1772 1270//1772
f 1270//1773 1342//1773 1271//1773
f 1342//1774 1343//1774 1271//1774
f 1271//1775 1343//1775 1272//1775
f 1343//1776 1344//1776 1272//1776
f 1272//1777 1344//1777 1273//1777
f 1344//1778 1345//1778 1273//1778
f 1273//1779 1345//1779 1274//1779
f 1345//1780 1346//1780 1274//1780
f 1274//1781 1346//1781 1275//1781
f 1346//1782 1347//1782 1275//1782
f 1275//1783 1347//1783 1276//1783
f 1347//1784 1348//1784 1276//1784
f 1276//1785 1348//1785 1277//1785
f 1348//1786 1349//1786 1277//1786
f 1277//1787 1349//1787 1278//1787
f 1349//1788 1350//1788 1278//1788
f 1278//1789 1350//1789 1279//1789
f 1350//1790 1351//1790 1279//1790
f 1279//1791 1351//1791 1280//1791
f 1351//1792 1352//1792 1280//1792
f 1280//1793 1352//1793 1281//1793
f 1352//1794 1353//1794 1281//1794
f 1281//1795 1353//1795 1282//1795
f 1353//1796 1354//1796 1282//1796
f 1282//1797 1354//1797 1283//1797
f 1354//1798 1355//1798 1283//1798
f 1283//1799 1355//1799 1284//1799
f 1355//1800 1356//1800 1284//1800
f 1284//1801 1356//1801 1285//1801
f 1356//1802 1357//1802 1285//1802
f 1285//1803 1357//1803 1286//1803
f 1357//1804 1358//1804 1286//1804
f 1286//1805 1358//1805 1287//1805
f 1358//1806 1359//1806 1287//1806
f 1287//1807 1359//1807 1288//1807
f 1359//1808 1360//1808 1288//1808
f 1288//1809 1360//1809 1289//1809
f 1360//1810 1361//1810 1289//1810
f 1289//1811 1361//1811 1290//1811
f 1361//1812 1362//1812 1290//1812
f 1290//1813 1362//1813 1291//1813
f 1362//1814 1363//1814 1291//1814
f 1291//1815 1363//1815 1292//1815
f 1363//1816 1364//1816 1292//1816
f 1292//1817 1364//1817 1293//1817
f 1364//1818 1365//1818 1293//1818
f 1293//1819 1365//1819 1294//1819
f 1365//1820 1366//1820 1294//1820
f 1294//1821 1366//1821 1295//1821
f 1366//1822 1367//1822 1295//1822
f 1295//1823 1367//1823 1296//1823
f 1367//1824 1368//1824 1296//1824
f 1296//1825 1368//1825 1297//1825
f 1368//1826 1369//1826 1297//1826
f 1297//1827 1369//1827 1298//1827
f 1369//1828 1370//1828 1298//1828
f 1298//1829 1370//1829 1299//1829
f 1370//1830 1371//1830 1299//1830
f 1299//1831 1371//1831 1300//1831
f 1371//1832 1372//1832 1300//1832
f 1300//1833 1372//1833 1301//1833
f 1372//1834 1373//1834 1301//1834
f 1301//1835 1373//1835 1302//1835
f 1373//1836 1374//1836 1302//1836
f 1302//1837 1374//1837 1303//1837
f 1374//1838 1375//1838 1303//1838
f 1303//1839 1375//1839 1304//1839
f 1375//1840 1376//1840 1304//1840
f 1304//1841 1376//1841 1305//1841
f 1376//1842 1377//1842 1305//1842
f 1305//1843 1377//1843 1234//1843
f 1377//1844 1306//1844 1234//1844
f 1306//1845 1378//1845 1307//1845
f 1378//1846 1379//1846 1307//1846
f 1307//1847 1379//1847 1308//1847
f 1379//1848 1380//1848 1308//1848
f 1308//1849 1380//1849 1309//1849
f 1380//1850 1381//1850 1309//1850
f 1309//1851 1381//1851 1310//1851
f 1381//1852 1382//1852 1310//1852
f 1310//1853 1382//1853 1311//1853
f 1382//1854 1383//1854 1311//1854
f 1311//1855 1383//1855 1312//1855
f 1383//1856 1384//1856 1312//1856
f 1312//1857 1384//1857 1313//1857
f 1384//1858 1385//1858 1313//1858
f 1313//1859 1385//1859 1314//1859
f 1385//1860 1386//1860 1314//1860
f 1314//1861 1386//1861 1315//1861
f 1386//1862 1387//1862 1315//1862
f 1315//1863 1387//1863 1316//1863
f 1387//1864 1388//1864 1316//1864
f 1316//1865 1388//1865 1317//1865
f 1388//1866 1389//1866 1317//1866
f 1317//1867 1389//1867 1318//1867
f 1389//1868 1390//1868 1318//1868
f 1318//1869 1390//1869 1319//1869
f 1390//1870 1391//1870 1319//1870
f 1319//1871 1391//1871 1320//1871
f 1391//1872 1392//1872 1320//1872
f 1320//1873 1392//1873 1321//1873
f 1392//1874 1393//1874 1321//1874
f 1321//1875 1393//1875 1322//1875
f 1393//1876 1394//1876 1322//1876
f 1322//1877 1394//1877 1323//1877
f 1394//1878 1395//1878 1323//1878
f 1323//1879 1395//1879 1324//1879
f 1395//1880 1396//1880 1324//1880
f 1324//1881 1396//1881 1325//1881
f 1396//1882 1397//1882 1325//1882
f 1325//1883 1397//1883 1326//1883
f 1397//1884 1398//1884 1326//1884
f 1326//1885 1398//1885 1327//1885
f 1398//1886 1399//1886 1327//1886
f 1327//1887 1399//1887 1328//1887
f 1399//1888 1400//1888 1328//1888
f 1328//1889 1400//1889 1329//1889
f 1400//1890 1401//1890 1329//1890
f 1329//1891 1401//1891 1330//1891
f 1401//1892 1402//1892 1330//1892
f 1330//1893 1402//1893 1331//1893
f 1402//1894 1403//1894 1331//1894
f 1331//1895 1403//1895 1332//1895
f 1403//1896 1404//1896 1332//1896
f 1332//1897 1404//1897 1333//1897
f 1404//1898 1405//1898 1333//1898
f 1333//1899 1405//1899 1334//1899
f 1405//1900 1406//1900 1334//1900
f 1334//1901 1406//1901 1335//1901
f 1406//1902 1407//1902 1335//1902
f 1335//1903 1407//1903 1336//1903
f 1407//1904 1408//1904 1336//1904
f 1336//1905 1408//1905 1337//1905
f 1408//1906 1409//1906 1337//1906
f 1337//1907 1409//1907 1338//1907
f 1409//1908 1410//1908 1338//1908
f 1338//1909 1410//1909 1339//1909
f 1410//1910 1411//1910 1339//1910
f 1339//1911 1411//1911 1340//1911
f 1411//1912 1412//1912 1340//1912
f 1340//1913 1412//1913 1341//1913
f 1412//1914 1413//1914 1341//1914
f 1341//1915 1413//1915 1342//1915
f 1413//1916 1414//1916 1342//1916
f 1342//1917 1414//1917 1343//1917
f 1414//1918 1415//1918 1343//1918
f 1343//1919 1415//1919 1344//1919
f 1415//1920 1416//1920 1344//1920
f 1344//1921 1416//1921 1345//1921
f 1416//1922 1417//1922 1345//1922
f 1345//1923 1417//1923 1346//1923
f 1417//1924 1418//1924 1346//1924
f 1346//1925 1418//1925 1347//1925
f 1418//1926 1419//1926 1347//1926
f 1347//1927 1419//1927 1348//1927
f 1419//1928 1420//1928 1348//1928
f 1348//1929 1420//1929 1349//1929
f 1420//1930 1421//1930 1349//1930
f 1349//1931 1421//1931 1350//1931
f 1421//1932 1422//1932 1350//1932
f 1350//1933 1422//1933 1351//1933
f 1422//1934 1423//1934 1351//1934
f 1351//1935 1423//1935 1352//1935
f 1423//1936 1424//1936 1352//1936
f 1352//1937 1424//1937 1353//1937
f 1424//1938 1425//1938 1353//1938
f 1353//1939 1425//1939 1354//1939
f 1425//1940 1426//1940 1354//1940
f 1354//1941 1426//1941 1355//1941
f 1426//1942 1427//1942 1355//1942
f 1355//1943 1427//1943 1356//1943
f 1427//1944 1428//1944 1356//1944
f 1356//1945 1428//1945 1357//1945
f 1428//1946 1429//1946 1357//1946
f 1357//1947 1429//1947 1358//1947
f 1429//1948 1430//1948 1358//1948
f 1358//1949 1430//1949 1359//1949
f 1430//1950 1431//1950 1359//1950
f 1359//1951 1431//1951 1360//1951
f 1431//1952 1432//1952 1360//1952
f 1360//1953 1432//1953 1361//1953
f 1432//1954 1433//1954 1361//1954
f 1361//1955 1433//1955 1362//1955
f 1433//1956 1434//1956 1362//1956
f 1362//1957 1434//1957 1363//1957
f 1434//1958 1435//1958 1363//1958
f 1363//1959 1435//1959 1364//1959
f 1435//1960 1436//1960 1364//1960
f 1364//1961 1436//1961 1365//1961
f 1436//1962 1437//1962 1365//1962
f 1365//1963 1437//1963 1366//1963
f 1437//1964 1438//1964 1366//1964
f 1366//1965 1438//1965 1367//1965
f 1438//1966 1439//1966 1367//1966
f 1367//1967 1439//1967 1368//1967
f 1439//1968 1440//1968 1368//1968
f 1368//1969 1440//1969 1369//1969
f 1440//1970 1441//1970 1369//1970
f 1369//1971 1441//1971 1370//1971
f 1441//1972 1442//1972 1370//1972
f 1370//1973 1442//1973 1371//1973
f 1442//1974 1443//1974 1371//1974
f 1371//1975 1443//1975 1372//1975
f 1443//1976 1444//1976 1372//1976
f 1372//1977 1444//1977 1373//1977
f 1444//1978 1445//1978 1373//1978
f 1373//1979 1445//1979 1374//1979
f 1445//1980 1446//1980 1374//1980
f 1374//1981 1446//1981 1375//1981
f 1446//1982 1447//1982 1375//1982
f 1375//1983 1447//1983 1376//1983
f 1447//1984 1448//1984 1376//1984
f 1376//1985 1448//1985 1377//1985
f 1448//1986 1449//1986 1377//1986
f 1377//1987 1449//1987 1306//1987
f 1449//1988 1378//1988 1306//1988
f 1378//1989 1450//1989 1379//1989
f 1450//1990 1451//1990 1379//1990
f 1379//1991 1451//1991 1380//1991
f 1451//1992 1452//1992 1380//1992
f 1380//1993 1452//1993 1381//1993
f 1452//1994 1453//1994 1381//1994
f 1381//1995 1453//1995 1382//1995
f 1453//1996 1454//1996 1382//1996
f 1382//1997 1454//1997 1383//1997
f 1454//1998 1455//1998 1383//1998
f 1383//1999 1455//1999 1384//1999
f 1455//2000 1456//2000 1384//2000
f 1384//2001 1456//2001 1385//2001
f 1456//2002 1457//2002 1385//2002
f 1385//2003 1457//2003 1386//2003
f 1457//2004 1458//2004 1386//2004
f 1386//2005 1458//2005 1387//2005
f 1458//2006 1459//2006 1387//2006
f 1387//2007 1459//2007 1388//2007
f 1459//2008 1460//2008 1388//2008
f 1388//2009 1460//2009 1389//2009
f 1460//2010 1461//2010 1389//2010
f 1389//2011 1461//2011 1390//2011
f 1461//2012 1462//2012 1390//2012
f 1390//2013 1462//2013 1391//2013
f 1462//2014 1463//2014 1391//2014
f 1391//2015 1463//2015 1392//2015
f 1463//2016 1464//2016 1392//2016
f 1392//2017 1464//2017 1393//2017
f 1464//2018 1465//2018 1393//2018
f 1393//2019 1465//2019 1394//2019
f 1465//2020 1466//2020 1394//2020
f 1394//2021 1466//2021 1395//2021
f 1466//2022 1467//2022 1395//2022
f 1395//2023 1467//2023 1396//2023
f 1467//2024 1468//2024 1396//2024
f 1396//2025 1468//2025 1397//2025
f 1468//2026 1469//2026 1397//2026
f 1397//2027 1469//2027 1398//2027
f 1469//2028 1470//2028 1398//2028
f 1398//2029 1470//2029 1399//2029
f 1470//2030 1471//2030 1399//2030
f 1399//2031 1471//2031 1400//2031
f 1471//2032 1472//2032 1400//2032
f 1400//2033 1472//2033 1401//2033
f 1472//2034 1473//2034 1401//2034
f 1401//2035 1473//2035 1402//2035
f 1473//2036 1474//2036 1402//2036
f 1402//2037 1474//2037 1403//2037
f 1474//2038 1475//2038 1403//2038
f 1403//2039 1475//2039 1404//2039
f 1475//2040 1476//2040 1404//2040
f 1404//2041 1476//2041 1405//2041
f 1476//2042 1477//2042 1405//2042
f 1405//2043 1477//2043 1406//2043
f 1477//2044 1478//2044 1406//2044
f 1406//2045 1478//2045 1407//2045
f 1478//2046 1479//2046 1407//2046
f 1407//2047 1479//2047 1408//2047
f 1479//2048 1480//2048 1408//2048
f 1408//2049 1480//2049 1409//2049
f 1480//2050 1481//2050 1409//2050
f 1409//2051 1481//2051 1410//2051
f 1481//2052 1482//2052 1410//2052
f 1410//2053 1482//2053 1411//2053
f 1482//2054 1483//2054 1411//2054
f 1411//2055 1483//2055 1412//2055
f 1483//2056 1484//2056 1412//2056
f 1412//2057 1484//2057 1413//2057
f 1484//2058 1485//2058 1413//2058
f 1413//2059 1485//2059 1414//2059
f 1485//2060 1486//2060 1414//2060
f 1414//2061 1486//2061 1415//2061
f 1486//2062 1487//2062 1415//2062
f 1415//2063 1487//2063 1416//2063
f 1487//2064 1488//2064 1416//2064
f 1416//2065 1488//2065 1417//2065
f 1488//2066 1489//2066 1417//2066
f 1417//2067 1489//2067 1418//2067
f 1489//2068 1490//2068 1418//2068
f 1418//2069 1490//2069 1419//2069
f 1490//2070 1491//2070 1419//2070
f 1419//2071 1491//2071 1420//2071
f 1491//2072 1492//2072 1420//2072
f 1420//2073 1492//2073 1421//2073
f 1492//2074 1493//2074 1421//2074
f 1421//2075 1493//2075 1422//2075
f 1493//2076 1494//2076 1422//2076
f 1422//2077 1494//2077 1423//2077
f 1494//2078 1495//2078 1423//2078
f 1423//2079 1495//2079 1424//2079
f 1495//2080 1496//2080 1424//2080
f 1424//2081 1496//2081 1425//2081
f 1496//2082 1497//2082 1425//2082
f 1425//2083 1497//2083 1426//2083
f 1497//2084 1498//2084 1426//2084
f 1426//2085 1498//2085 1427//2085
f 1498//2086 1499//2086 1427//2086
f 1427//2087 1499//2087 1428//2087
f 1499//2088 1500//2088 1428//2088
f 1428//2089 1500//2089 1429//2089
f 1500//2090 1501//2090 1429//2090
f 1429//2091 1501//2091 1430//2091
f 1501//2092 1502//2092 1430//2092
f 1430//2093 1502//2093 1431//2093
f 1502//2094 1503//2094 1431//2094
f 1431//2095 1503//2095 1432//2095
f 1503//2096 1504//2096 1432//2096
f 1432//2097 1504//2097 1433//2097
f 1504//2098 1505//2098 1433//2098
f 1433//2099 1505//2099 1434//2099
f 1505//2100 1506//2100 1434//2100
f 1434//2101 1506//2101 1435//2101
f 1506//2102 1507//2102 1435//2102
f 1435//2103 1507//2103 1436//2103
f 1507//2104 1508//2104 1436//2104
f 1436//2105 1508//2105 1437//2105
f 1508//2106 1509//2106 1437//2106
f 1437//2107 1509//2107 1438//2107
f 1509//2108 1510//2108 1438//2108
f 1438//2109 1510//2109 1439//2109
f 1510//2110 1511//2110 1439//2110
f 1439//2111 1511//2111 1440//2111
f 1511//2112 1512//2112 1440//2112
f 1440//2113 1512//2113 1441//2113
f 1512//2114 1513//2114 1441//2114
f 1441//2115 1513//2115 1442//2115
f 1513//2116 1514//2116 1442//2116
f 1442//2117 1514//2117 1443//2117
f 1514//2118 1515//2118 1443//2118
f 1443//2119 1515//2119 1444//2119
f 1515//2120 1516//2120 1444//2120
f 1444//2121 1516//2121 1445//2121
f 1516//2122 1517//2122 1445//2122
f 1445//2123 1517//2123 1446//2123
f 1517//2124 1518//2124 1446//2124
f 1446//2125 1518//2125 1447//2125
f 1518//2126 1519//2126 1447//2126
f 1447//2127 1519//2127 1448//2127
f 1519//2128 1520//2128 1448//2128
f 1448//2129 1520//2129 1449//2129
f 1520//2130 1521//2130 1449//2130
f 1449//2131 1521//2131 1378//2131
f 1521//2132 1450//2132 1378//2132
f 1450//2133 1522//2133 1451//2133
f 1522//2134 1523//2134 1451//2134
f 1451//2135 1523//2135 1452//2135
f 1523//2136 1524//2136 1452//2136
f 1452//2137 1524//2137 1453//2137
f 1524//2138 1525//2138 1453//2138
f 1453//2139 1525//2139 1454//2139
f 1525//2140 1526//2140 1454//2140
f 1454//2141 1526//2141 1455//2141
f 1526//2142 1527//2142 1455//2142
f 1455//2143 1527//2143 1456//2143
f 1527//2144 1528//2144 1456//2144
f 1456//2145 1528//2145 1457//2145
f 1528//2146 1529//2146 1457//2146
f 1457//2147 1529//2147 1458//2147
f 1529//2148 1530//2148 1458//2148
f 1458//2149 1530//2149 1459//2149
f 1530//2150 1531//2150 1459//2150
f 1459//2151 1531//2151 1460//2151
f 1531//2152 1532//2152 1460//2152
f 1460//2153 1532//2153 1461//2153
f 1532//2154 1533//2154 1461//2154
f 1461//2155 1533//2155 1462//2155
f 1533//2156 1534//2156 1462//2156
f 1462//2157 1534//2157 1463//2157
f 1534//2158 1535//2158 1463//2158
f 1463//2159 1535//2159 1464//2159
f 1535//2160 1536//2160 1464//2160
f 1464//2161 1536//2161 1465//2161
f 1536//2162 1537//2162 1465//2162
f 1465//2163 1537//2163 1466//2163
f 1537//2164 1538//2164 1466//2164
f 1466//2165 1538//2165 1467//2165
f 1538//2166 1539//2166 1467//2166
f 1467//2167 1539//2167 1468//2167
f 1539//2168 1540//2168 1468//2168
f 1468//2169 1540//2169 1469//2169
f 1540//2170 1541//2170 1469//2170
f 1469//2171 1541//2171 1470//2171
f 1541//2172 1542//2172 1470//2172
f 1470//2173 1542//2173 1471//2173
f 1542//2174 1543//2174 1471//2174
f 1471//2175 1543//2175 1472//2175
f 1543//2176 1544//2176 1472//2176
f 1472//2177 1544//2177 1473//2177
f 1544//2178 1545//2178 1473//2178
f 1473//2179 1545//2179 1474//2179
f 1545//2180 1546//2180 1474//2180
f 1474//2181 1546//2181 1475//2181
f 1546//2182 1547//2182 1475//2182
f 1475//2183 1547//2183 1476//2183
f 1547//2184 1548//2184 1476//2184
f 1476//2185 1548//2185 1477//2185
f 1548//2186 1549//2186 1477//2186
f 1477//2187 1549//2187 1478//2187
f 1549//2188 1550//2188 1478//2188
f 1478//2189 1550//2189 1479//2189
f 1550//2190 1551//2190 1479//2190
f 1479//2191 1551//2191 1480//2191
f 1551//2192 1552//2192 1480//2192
f 1480//2193 1552//2193 1481//2193
f 1552//2194 1553//2194 1481//2194
f 1481//2195 1553//2195 1482//2195
f 1553//2196 1554//2196 1482//2196
f 1482//2197 1554//2197 1483//2197
f 1554//2198 1555//2198 1483//2198
f 1483//2199 1555//2199 1484//2199
f 1555//2200 1556//2200 1484//2200
f 1484//2201 1556//2201 1485//2201
f 1556//2202 1557//2202 1485//2202
f 1485//2203 1557//2203 1486//2203
f 1557//2204 1558//2204 1486//2204
f 1486//2205 1558//2205 1487//2205
f 1558//2206 1559//2206 1487//2206
f 1487//2207 1559//2207 1488//2207
f 1559//2208 1560//2208 1488//2208
f 1488//2209 1560//2209 1489//2209
f 1560//2210 1561//2210 1489//2210
f 1489//2211 1561//2211 1490//2211
f 1561//2212 1562//2212 1490//2212
f 1490//2213 1562//2213 1491//2213
f 1562//2214 1563//2214 1491//2214
f 1491//2215 1563//2215 1492//2215
f 1563//2216 1564//2216 1492//2216
f 1492//2217 1564//2217 1493//2217
f 1564//2218 1565//2218 1493//2218
f 1493//2219 1565//2219 1494//2219
f 1565//2220 1566//2220 1494//2220
f 1494//2221 1566//2221 1495//2221
f 1566//2222 1567//2222 1495//2222
f 1495//2223 1567//2223 1496//2223
f 1567//2224 1568//2224 1496//2224
f 1496//2225 1568//2225 1497//2225
f 1568//2226 1569//2226 1497//2226
f 1497//2227 1569//2227 1498//2227
f 1569//2228 1570//2228 1498//2228
f 1498//2229 1570//2229 1499//2229
f 1570//2230 1571//2230 1499//2230
f 1499//2231 1571//2231 1500//2231
f 1571//2232 1572//2232 1500//2232
f 1500//2233 1572//2233 1501//2233
f 1572//2234 1573//2234 1501//2234
f 1501//2235 1573//2235 1502//2235
f 1573//2236 1574//2236 1502//2236
f 1502//2237 1574//2237 1503//2237
f 1574//2238 1575//2238 1503//2238
f 1503//2239 1575//2239 1504//2239
f 1575//2240 1576//2240 1504//2240
f 1504//2241 1576//2241 1505//2241
f 1576//2242 1577//2242 1505//2242
f 1505//2243 1577//2243 1506//2243
f 1577//2244 1578//2244 1506//2244
f 1506//2245 1578//2245 1507//2245
f 1578//2246 1579//2246 1507//2246
f 1507//2247 1579//2247 1508//2247
f 1579//2248 1580//2248 1508//2248
f 1508//2249 1580//2249 1509//2249
f 1580//2250 1581//2250 1509//2250
f 1509//2251 1581//2251 1510//2251
f 1581//2252 1582//2252 1510//2252
f 1510//2253 1582//2253 1511//2253
f 1582//2254 1583//2254 1511//2254
f 1511//2255 1583//2255 1512//2255
f 1583//2256 1584//2256 1512//2256
f 1512//2257 1584//2257 1513//2257
f 1584//2258 1585//2258 1513//2258
f 1513//2259 1585//2259 1514//2259
f 1585//2260 1586//2260 1514//2260
f 1514//2261 1586//2261 1515//2261
f 1586//2262 1587//2262 1515//2262
f 1515//2263 1587//2263 1516//2263
f 1587//2264 1588//2264 1516//2264
f 1516//2265 1588//2265 1517//2265
f 1588//2265 1589//2265 1517//2265
f 1517//2266 1589//2266 1518//2266
f 1589//2267 1590//2267 1518//2267
f 1518//2268 1590//2268 1519//2268
f 1590//2269 1591//2269 1519//2269
f 1519//2270 1591//2270 1520//2270
f 1591//2271 1592//2271 1520//2271
f 1520//2272 1592//2272 1521//2272
f 1592//2273 1593//2273 1521//2273
f 1521//2274 1593//2274 1450//2274
f 1593//2275 1522//2275 1450//2275
f 1522//2276 1594//2276 1523//2276
f 1594//2277 1595//2277 1523//2277
f 1523//2278 1595//2278 1524//2278
f 1595//2279 1596//2279 1524//2279
f 1524//2280 1596//2280 1525//2280
f 1596//2281 1597//2281 1525//2281
f 1525//2282 1597//2282 1526//2282
f 1597//2283 1598//2283 1526//2283
f 1526//2284 1598//2284 1527//2284
f 1598//2285 1599//2285 1527//2285
f 1527//2286 1599//2286 1528//2286
f 1599//2287 1600//2287 1528//2287
f 1528//2288 1600//2288 1529//2288
f 1600//2289 1601//2289 1529//2289
f 1529//2290 1601//2290 1530//2290
f 1601//2291 1602//2291 1530//2291
f 1530//2292 1602//2292 1531//2292
f 1602//2293 1603//2293 1531//2293
f 1531//2294 1603//2294 1532//2294
f 1603//2295 1604//2295 1532//2295
f 1532//2296 1604//2296 1533//2296
f 1604//2297 1605//2297 1533//2297
f 1533//2298 1605//2298 1534//2298
f 1605//2299 1606//2299 1534//2299
f 1534//2300 1606//2300 1535//2300
f 1606//2301 1607//2301 1535//2301
f 1535//2302 1607//2302 1536//2302
f 1607//2303 1608//2303 1536//2303
f 1536//2304 1608//2304 1537//2304
f 1608//2305 1609//2305 1537//2305
f 1537//2306 1609//2306 1538//2306
f 1609//2307 1610//2307 1538//2307
f 1538//2308 1610//2308 1539//2308
f 1610//2309 1611//2309 1539//2309
f 1539//2310 1611//2310 1540//2310
f 1611//2311 1612//2311 1540//2311
f 1540//2312 1612//2312 1541//2312
f 1612//2313 1613//2313 1541//2313
f 1541//2314 1613//2314 1542//2314
f 1613//2315 1614//2315 1542//2315
f 1542//2316 1614//2316 1543//2316
f 1614//2317 1615//2317 1543//2317
f 1543//2318 1615//2318 1544//2318
f 1615//2319 1616//2319 1544//2319
f 1544//2320 1616//2320 1545//2320
f 1616//2321 1617//2321 1545//2321
f 1545//2322 1617//2322 1546//2322
f 1617//2323 1618//2323 1546//2323
f 1546//2324 1618//2324 1547//2324
f 1618//2325 1619//2325 1547//2325
f 1547//2326 1619//2326 1548//2326
f 1619//2327 1620//2327 1548//2327
f 1548//2328 1620//2328 1549//2328
f 1620//2329 1621//2329 1549//2329
f 1549//2330 1621//2330 1550//2330
f 1621//2331 1622//2331 1550//2331
f 1550//2332 1622//2332 1551//2332
f 1622//2333 1623//2333 1551//2333
f 1551//2334 1623//2334 1552//2334
f 1623//2335 1624//2335 1552//2335
f 1552//2336 1624//2336 1553//2336
f 1624//2337 1625//2337 1553//2337
f 1553//2338 1625//2338 1554//2338
f 1625//2339 1626//2339 1554//2339
f 1554//2340 1626//2340 1555//2340
f 1626//2341 1627//2341 1555//2341
f 1555//2342 1627//2342 1556//2342
f 1627//2343 1628//2343 1556//2343
f 1556//2344 1628//2344 1557//2344
f 1628//2345 1629//2345 1557//2345
f 1557//2346 1629//2346 1558//2346
f 1629//2347 1630//2347 1558//2347
f 1558//2348 1630//2348 1559//2348
f 1630//2349 1631//2349 1559//2349
f 1559//2350 1631//2350 1560//2350
f 1631//2351 1632//2351 1560//2351
f 1560//2352 1632//2352 1561//2352
f 1632//2353 1633//2353 1561//2353
f 1561//2354 1633//2354 1562//2354
f 1633//2355 1634//2355 1562//2355
f 1562//2356 1634//2356 1563//2356
f 1634//2357 1635//2357 1563//2357
f 1563//2358 1635//2358 1564//2358
f 1635//2359 1636//2359 1564//2359
f 1564//2360 1636//2360 1565//2360
f 1636//2361 1637//2361 1565//2361
f 1565//2362 1637//2362 1566//2362
f 1637//2363 1638//2363 1566//2363
f 1566//2364 1638//2364 1567//2364
f 1638//2365 1639//2365 1567//2365
f 1567//2366 1639//2366 1568//2366
f 1639//2367 1640//2367 1568//2367
f 1568//2368 1640//2368 1569//2368
f 1640//2369 1641//2369 1569//2369
f 1569//2370 1641//2370 1570//2370
f 1641//2371 1642//2371 1570//2371
f 1570//2372 1642//2372 1571//2372
f 1642//2373 1643//2373 1571//2373
f 1571//2374 1643//2374 1572//2374
f 1643//2375 1644//2375 1572//2375
f 1572//2376 1644//2376 1573//2376
f 1644//2377 1645//2377 1573//2377
f 1573//2378 1645//2378 1574//2378
f 1645//2379 1646//2379 1574//2379
f 1574//2380 1646//2380 1575//2380
f 1646//2381 1647//2381 1575//2381
f 1575//2382 1647//2382 1576//2382
f 1647//2383 1648//2383 1576//2383
f 1576//2384 1648//2384 1577//2384
f 1648//2385 1649//2385 1577//2385
f 1577//2386 1649//2386 1578//2386
f 1649//2387 1650//2387 1578//2387
f 1578//2388 1650//2388 1579//2388
f 1650//2389 1651//2389 1579//2389
f 1579//2390 1651//2390 1580//2390
f 1651//2391 1652//2391 1580//2391
f 1580//2392 1652//2392 1581//2392
f 1652//2393 1653//2393 1581//2393
f 1581//2394 1653//2394 1582//2394
f 1653//2395 1654//2395 1582//2395
f 1582//2396 1654//2396 1583//2396
f 1654//2397 1655//2397 1583//2397
f 1583//2398 1655//2398 1584//2398
f 1655//2399 1656//2399 1584//2399
f 1584//2400 1656//2400 1585//2400
f 1656//2401 1657//2401 1585//2401
f 1585//2402 1657//2402 1586//2402
f 1657//2403 1658//2403 1586//2403
f 1586//2404 1658//2404 1587//2404
f 1658//2405 1659//2405 1587//2405
f 1587//2406 1659//2406 1588//2406
f 1659//2407 1660//2407 1588//2407
f 1588//2408 1660//2408 1589//2408
f 1660//2409 1661//2409 1589//2409
f 1589//2410 1661//2410 1590//2410
f 1661//2411 1662//2411 1590//2411
f 1590//2412 1662//2412 1591//2412
f 1662//2413 1663//2413 1591//2413
f 1591//2414 1663//2414 1592//2414
f 1663//2415 1664//2415 1592//2415
f 1592//2416 1664//2416 1593//2416
f 1664//2417 1665//2417 1593//2417
f 1593//2418 1665//2418 1522//2418
f 1665//2419 1594//2419 1522//2419
f 1594//2420 1666//2420 1595//2420
f 1666//2421 1667//2421 1595//2421
f 1595//2422 1667//2422 1596//2422
f 1667//2423 1668//2423 1596//2423
f 1596//2424 1668//2424 1597//2424
f 1668//2425 1669//2425 1597//2425
f 1597//2426 1669//2426 1598//2426
f 1669//2427 1670//2427 1598//2427
f 1598//2428 1670//2428 1599//2428
f 1670//2429 1671//2429 1599//2429
f 1599//2430 1671//2430 1600//2430
f 1671//2431 1672//2431 1600//2431
f 1600//2432 1672//2432 1601//2432
f 1672//2433 1673//2433 1601//2433
f 1601//2434 1673//2434 1602//2434
f 1673//2435 1674//2435 1602//2435
f 1602//2436 1674//2436 1603//2436
f 1674//2437 1675//2437 1603//2437
f 1603//2438 1675//2438 1604//2438
f 1675//2439 1676//2439 1604//2439
f 1604//2440 1676//2440 1605//2440
f 1676//2441 1677//2441 1605//2441
f 1605//2442 1677//2442 1606//2442
f 1677//2443 1678//2443 1606//2443
f 1606//2444 1678//2444 1607//2444
f 1678//2445 1679//2445 1607//2445
f 1607//2446 1679//2446 1608//2446
f 1679//2447 1680//2447 1608//2447
f 1608//2448 1680//2448 1609//2448
f 1680//2449 1681//2449 1609//2449
f 1609//2450 1681//2450 1610//2450
f 1681//2451 1682//2451 1610//2451
f 1610//2452 1682//2452 1611//2452
f 1682//2453 1683//2453 1611//2453
f 1611//2454 1683//2454 1612//2454
f 1683//2455 1684//2455 1612//2455
f 1612//2456 1684//2456 1613//2456
f 1684//2457 1685//2457 1613//2457
f 1613//2458 1685//2458 1614//2458
f 1685//2459 1686//2459 1614//2459
f 1614//2460 1686//2460 1615//2460
f 1686//2461 1687//2461 1615//2461
f 1615//2462 1687//2462 1616//2462
f 1687//2463 1688//2463 1616//2463
f 1616//2464 1688//2464 1617//2464
f 1688//2465 1689//2465 1617//2465
f 1617//2466 1689//2466 1618//2466
f 1689//2467 1690//2467 1618//2467
f 1618//2468 1690//2468 1619//2468
f 1690//2469 1691//2469 1619//2469
f 1619//2470 1691//2470 1620//2470
f 1691//2471 1692//2471 1620//2471
f 1620//2472 1692//2472 1621//2472
f 1692//2473 1693//2473 1621//2473
f 1621//2474 1693//2474 1622//2474
f 1693//2475 1694//2475 1622//2475
f 1622//2476 1694//2476 1623//2476
f 1694//2477 1695//2477 1623//2477
f 1623//2478 1695//2478 1624//2478
f 1695//2479 1696//2479 1624//2479
f 1624//2480 1696//2480 1625//2480
f 1696//2481 1697//2481 1625//2481
f 1625//2482 1697//2482 1626//2482
f 1697//2483 1698//2483 1626//2483
f 1626//2484 1698//2484 1627//2484
f 1698//2485 1699//2485 1627//2485
f 1627//2486 1699//2486 1628//2486
f 1699//2487 1700//2487 1628//2487
f 1628//2488 1700//2488 1629//2488
f 1700//2489 1701//2489 1629//2489
f 1629//2490 1701//2490 1630//2490
f 1701//2491 1702//2491 1630//2491
f 1630//2492 1702//2492 1631//2492
f 1702//2493 1703//2493 1631//2493
f 1631//2494 1703//2494 1632//2494
f 1703//2495 1704//2495 1632//2495
f 1632//2496 1704//2496 1633//2496
f 1704//2497 1705//2497 1633//2497
f 1633//2498 1705//2498 1634//2498
f 1705//2499 1706//2499 1634//2499
f 1634//2500 1706//2500 1635//2500
f 1706//2501 1707//2501 1635//2501
f 1635//2502 1707//2502 1636//2502
f 1707//2503 1708//2503 1636//2503
f 1636//2504 1708//2504 1637//2504
f 1708//2505 1709//2505 1637//2505
f 1637//2506 1709//2506 1638//2506
f 1709//2507 1710//2507 1638//2507
f 1638//2508 1710//2508 1639//2508
f 1710//2509 1711//2509 1639//2509
f 1639//2510 1711//2510 1640//2510
f 1711//2511 1712//2511 1640//2511
f 1640//2512 1712//2512 1641//2512
f 1712//2513 1713//2513 1641//2513
f 1641//2514 1713//2514 1642//2514
f 1713//2515 1714//2515 1642//2515
f 1642//2516 1714//2516 1643//2516
f 1714//2517 1715//2517 1643//2517
f 1643//2518 1715//2518 1644//2518
f 1715//2519 1716//2519 1644//2519
f 1644//2520 1716//2520 1645//2520
f 1716//2521 1717//2521 1645//2521
f 1645//2522 1717//2522 1646//2522
f 1717//2523 1718//2523 1646//2523
f 1646//2524 1718//2524 1647//2524
f 1718//2525 1719//2525 1647//2525
f 1647//2526 1719//2526 1648//2526
f 1719//2527 1720//2527 1648//2527
f 1648//2528 1720//2528 1649//2528
f 1720//2529 1721//2529 1649//2529
f 1649//2530 1721//2530 1650//2530
f 1721//2531 1722//2531 1650//2531
f 1650//2532 1722//2532 1651//2532
f 1722//2533 1723//2533 1651//2533
f 1651//2534 1723//2534 1652//2534
f 1723//2535 1724//2535 1652//2535
f 1652//2536 1724//2536 1653//2536
f 1724//2537 1725//2537 1653//2537
f 1653//2538 1725//2538 1654//2538
f 1725//2539 1726//2539 1654//2539
f 1654//2540 1726//2540 1655//2540
f 1726//2541 1727//2541 1655//2541
f 1655//2542 1727//2542 1656//2542
f 1727//2543 1728//2543 1656//2543
f 1656//2544 1728//2544 1657//2544
f 1728//2545 1729//2545 1657//2545
f 1657//2546 1729//2546 1658//2546
f 1729//2547 1730//2547 1658//2547
f 1658//2548 1730//2548 1659//2548
f 1730//2549 1731//2549 1659//2549
f 1659//2550 1731//2550 1660//2550
f 1731//2551 1732//2551 1660//2551
f 1660//2552 1732//2552 1661//2552
f 1732//2553 1733//2553 1661//2553
f 1661//2554 1733//2554 1662//2554
f 1733//2555 1734//2555 1662//2555
f 1662//2556 1734//2556 1663//2556
f 1734//2557 1735//2557 1663//2557
f 1663//2558 1735//2558 1664//2558
f 1735//2559 1736//2559 1664//2559
f 1664//2560 1736//2560 1665//2560
f 1736//2561 1737//2561 1665//2561
f 1665//2562 1737//2562 1594//2562
f 1737//2563 1666//2563 1594//2563
f 1738//2564 1739//2564 1740//2564
f 1739//2564 1741//2564 1740//2564
f 1675//2565 1742//2565 1676//2565
f 1742//2566 1677//2566 1676//2566
f 1741//2567 1671//2567 1670//2567
f 1670//2568 1669//2568 1741//2568
f 1669//2569 1668//2569 1741//2569
f 1741//2570 1668//2570 1667//2570
f 1675//2571 1674//2571 1742//2571
f 1674//2572 1673//2572 1742//2572
f 1742//2573 1673//2573 1741//2573
f 1673//2574 1672//2574 1741//2574
f 1741//2575 1672//2575 1671//2575
f 1677//2576 1742//2576 1678//2576
f 1742//2577 1743//2577 1678//2577
f 1678//2578 1743//2578 1679//2578
f 1743//2579 1744//2579 1679//2579
f 1679//2580 1744//2580 1680//2580
f 1744//2581 1745//2581 1680//2581
f 1680//2582 1745//2582 1681//2582
f 1745//2583 1746//2583 1681//2583
f 1681//2584 1746//2584 1682//2584
f 1746//2585 1747//2585 1682//2585
f 1682//2586 1747//2586 1683//2586
f 1747//2587 1748//2587 1683//2587
f 1683//2588 1748//2588 1684//2588
f 1748//2589 1749//2589 1684//2589
f 1684//2590 1749//2590 1685//2590
f 1749//2591 1750//2591 1685//2591
f 1685//2592 1750//2592 1686//2592
f 1750//2593 1751//2593 1686//2593
f 1686//2594 1751//2594 1687//2594
f 1751//2595 1752//2595 1687//2595
f 1687//2596 1752//2596 1688//2596
f 1752//2597 1753//2597 1688//2597
f 1688//2598 1753//2598 1689//2598
f 1753//2599 1754//2599 1689//2599
f 1689//2600 1754//2600 1690//2600
f 1754//2601 1755//2601 1690//2601
f 1690//2602 1755//2602 1691//2602
f 1755//2603 1756//2603 1691//2603
f 1691//2604 1756//2604 1692//2604
f 1756//2605 1757//2605 1692//2605
f 1692//2606 1757//2606 1693//2606
f 1757//2607 1758//2607 1693//2607
f 1693//2608 1758//2608 1694//2608
f 1758//2609 1759//2609 1694//2609
f 1694//2610 1759//2610 1695//2610
f 1759//2611 1760//2611 1695//2611
f 1695//2612 1760//2612 1696//2612
f 1760//2613 1761//2613 1696//2613
f 1696//2614 1761//2614 1697//2614
f 1761//2615 1762//2615 1697//2615
f 1697//2616 1762//2616 1698//2616
f 1762//2617 1763//2617 1698//2617
f 1698//2618 1763//2618 1699//2618
f 1763//2619 1764//2619 1699//2619
f 1699//2620 1764//2620 1700//2620
f 1764//2621 1765//2621 1700//2621
f 1700//2622 1765//2622 1701//2622
f 1667//2623 1666//2623 1741//2623
f 1666//2624 1737//2624 1741//2624
f 1741//2625 1737//2625 1740//2625
f 1737//2626 1736//2626 1740//2626
f 1740//2627 1736//2627 1735//2627
f 1735//2628 1734//2628 1740//2628
f 1734//2629 1733//2629 1740//2629
f 1740//2630 1733//2630 1732//2630
f 1766//2631 1728//2631 1727//2631
f 1732//2632 1731//2632 1740//2632
f 1731//2633 1730//2633 1740//2633
f 1740//2634 1730//2634 1766//2634
f 1730//2635 1729//2635 1766//2635
f 1766//2636 1729//2636 1728//2636
f 1765//2637 1767//2637 1701//2637
f 1767//2638 1768//2638 1701//2638
f 1701//2639 1768//2639 1702//2639
f 1768//2640 1769//2640 1702//2640
f 1702//2641 1769//2641 1703//2641
f 1769//2642 1770//2642 1703//2642
f 1703//2643 1770//2643 1704//2643
f 1770//2644 1771//2644 1704//2644
f 1704//2645 1771//2645 1705//2645
f 1771//2646 1772//2646 1705//2646
f 1705//2647 1772//2647 1706//2647
f 1772//2648 1773//2648 1706//2648
f 1706//2649 1773//2649 1707//2649
f 1773//2650 1774//2650 1707//2650
f 1707//2651 1774//2651 1708//2651
f 1774//2652 1775//2652 1708//2652
f 1708//2653 1775//2653 1709//2653
f 1775//2654 1776//2654 1709//2654
f 1709//2655 1776//2655 1710//2655
f 1776//2656 1777//2656 1710//2656
f 1710//2657 1777//2657 1711//2657
f 1777//2658 1778//2658 1711//2658
f 1711//2659 1778//2659 1712//2659
f 1778//2660 1779//2660 1712//2660
f 1712//2661 1779//2661 1713//2661
f 1779//2662 1780//2662 1713//2662
f 1713//2663 1780//2663 1714//2663
f 1780//2664 1781//2664 1714//2664
f 1714//2665 1781//2665 1715//2665
f 1781//2666 1782//2666 1715//2666
f 1715//2667 1782//2667 1716//2667
f 1782//2668 1783//2668 1716//2668
f 1716//2669 1783//2669 1717//2669
f 1783//2670 1784//2670 1717//2670
f 1717//2671 1784//2671 1718//2671
f 1784//2672 1785//2672 1718//2672
f 1718//2673 1785//2673 1719//2673
f 1785//2674 1786//2674 1719//2674
f 1719//2675 1786//2675 1720//2675
f 1786//2676 1787//2676 1720//2676
f 1720//2677 1787//2677 1721//2677
f 1787//2678 1788//2678 1721//2678
f 1721//2679 1788//2679 1722//2679
f 1788//2680 1789//2680 1722//2680
f 1722//2681 1789//2681 1723//2681
f 1789//2682 1790//2682 1723//2682
f 1723//2683 1790//2683 1724//2683
f 1790//2684 1791//2684 1724//2684
f 1724//2685 1791//2685 1725//2685
f 1791//2686 1766//2686 1725//2686
f 1725//2687 1766//2687 1726//2687
f 1766//2688 1727//2688 1726//2688
f 1792//2689 1793//2689 1794//2689
f 1793//2689 1795//2689 1794//2689
f 724//2690 726//2690 1795//2690
f 586//2691 588//2691 1794//2691
f 1795//2692 726//2692 1794//2692
f 726//2693 728//2693 1794//2693
f 1794//2694 728//2694 586//2694
f 588//2695 590//2695 1794//2695
f 590//2696 592//2696 1794//2696
f 1794//2697 592//2697 594//2697
f 1795//2698 716//2698 718//2698
f 718//2699 720//2699 1795//2699
f 720//2700 722//2700 1795//2700
f 1795//2701 722//2701 724//2701
f 704//2702 706//2702 1796//2702
f 706//2703 708//2703 1796//2703
f 708//2704 710//2704 1796//2704
f 710//2705 712//2705 1796//2705
f 1796//2706 712//2706 1795//2706
f 712//2707 714//2707 1795//2707
f 1795//2708 714//2708 716//2708
f 704//2709 1796//2709 702//2709
f 1796//2710 1797//2710 702//2710
f 702//2711 1797//2711 700//2711
f 1797//2712 1798//2712 700//2712
f 700//2713 1798//2713 698//2713
f 1798//2714 1799//2714 698//2714
f 698//2715 1799//2715 696//2715
f 1799//2716 1800//2716 696//2716
f 696//2717 1800//2717 694//2717
f 1800//2718 1801//2718 694//2718
f 694//2719 1801//2719 692//2719
f 1801//2720 1802//2720 692//2720
f 692//2721 1802//2721 690//2721
f 1802//2722 1803//2722 690//2722
f 690//2723 1803//2723 688//2723
f 1803//2724 1804//2724 688//2724
f 688//2725 1804//2725 686//2725
f 1804//2726 1805//2726 686//2726
f 686//2727 1805//2727 684//2727
f 1805//2728 1806//2728 684//2728
f 684//2729 1806//2729 682//2729
f 1806//2730 1807//2730 682//2730
f 682//2731 1807//2731 680//2731
f 1807//2732 1808//2732 680//2732
f 680//2733 1808//2733 678//2733
f 1808//2734 1809//2734 678//2734
f 678//2735 1809//2735 676//2735
f 1809//2736 1810//2736 676//2736
f 676//2737 1810//2737 674//2737
f 1810//2738 1811//2738 674//2738
f 674//2739 1811//2739 672//2739
f 1811//2740 1812//2740 672//2740
f 672//2741 1812//2741 670//2741
f 1812//2742 1813//2742 670//2742
f 670//2743 1813//2743 668//2743
f 1813//2744 1814//2744 668//2744
f 668//2745 1814//2745 666//2745
f 1814//2746 1815//2746 666//2746
f 666//2747 1815//2747 664//2747
f 1815//2748 1816//2748 664//2748
f 664//2749 1816//2749 662//2749
f 1816//2750 1817//2750 662//2750
f 662//2751 1817//2751 660//2751
f 1817//2752 1818//2752 660//2752
f 660//2753 1818//2753 658//2753
f 1818//2754 1819//2754 658//2754
f 1819//2755 1820//2755 658//2755
f 658//2756 1820//2756 656//2756
f 1820//2757 1821//2757 656//2757
f 656//2758 1821//2758 654//2758
f 1821//2759 1822//2759 654//2759
f 654//2760 1822//2760 652//2760
f 1822//2761 1823//2761 652//2761
f 652//2762 1823//2762 650//2762
f 1823//2763 1824//2763 650//2763
f 650//2764 1824//2764 648//2764
f 1824//2765 1825//2765 648//2765
f 648//2766 1825//2766 646//2766
f 1825//2767 1826//2767 646//2767
f 646//2768 1826//2768 644//2768
f 1826//2769 1827//2769 644//2769
f 644//2770 1827//2770 642//2770
f 1827//2771 1828//2771 642//2771
f 642//2772 1828//2772 640//2772
f 1828//2773 1829//2773 640//2773
f 640//2774 1829//2774 638//2774
f 1829//2775 1830//2775 638//2775
f 638//2776 1830//2776 636//2776
f 1830//2777 1831//2777 636//2777
f 636//2778 1831//2778 634//2778
f 1831//2779 1832//2779 634//2779
f 634//2780 1832//2780 632//2780
f 1832//2781 1833//2781 632//2781
f 632//2782 1833//2782 630//2782
f 1833//2783 1834//2783 630//2783
f 630//2784 1834//2784 628//2784
f 1834//2785 1835//2785 628//2785
f 628//2786 1835//2786 626//2786
f 1835//2787 1836//2787 626//2787
f 626//2788 1836//2788 624//2788
f 1836//2789 1837//2789 624//2789
f 624//2790 1837//2790 622//2790
f 1837//2791 1838//2791 622//2791
f 622//2792 1838//2792 620//2792
f 1838//2793 1839//2793 620//2793
f 620//2794 1839//2794 618//2794
f 1839//2795 1840//2795 618//2795
f 618//2796 1840//2796 616//2796
f 1840//2797 1841//2797 616//2797
f 616//2798 1841//2798 614//2798
f 1841//2799 1842//2799 614//2799
f 614//2800 1842//2800 612//2800
f 1842//2801 1843//2801 612//2801
f 612//2802 1843//2802 610//2802
f 1843//2803 1844//2803 610//2803
f 610//2804 1844//2804 608//2804
f 1844//2805 1845//2805 608//2805
f 594//2806 596//2806 1794//2806
f 596//2807 598//2807 1794//2807
f 1794//2808 598//2808 1845//2808
f 598//2809 600//2809 1845//2809
f 1845//2810 600//2810 602//2810
f 602//2811 604//2811 1845//2811
f 604//2812 606//2812 1845//2812
f 1845//2813 606//2813 608//2813
f 1794//2814 1845//2814 1741//2814
f 1845//2815 1742//2815 1741//2815
f 1796//2816 1766//2816 1791//2816
f 1796//2816 1791//2816 1797//2816
f 1791//2817 1790//2817 1797//2817
f 1797//2818 1790//2818 1798//2818
f 1790//2819 1789//2819 1798//2819
f 1798//2820 1789//2820 1799//2820
f 1789//2821 1788//2821 1799//2821
f 1799//2822 1788//2822 1800//2822
f 1788//2823 1787//2823 1800//2823
f 1800//2824 1787//2824 1801//2824
f 1787//2825 1786//2825 1801//2825
f 1801//2825 1786//2825 1802//2825
f 1786//2826 1785//2826 1802//2826
f 1802//2826 1785//2826 1803//2826
f 1785//2827 1784//2827 1803//2827
f 1803//2828 1784//2828 1804//2828
f 1784//2829 1783//2829 1804//2829
f 1804//2830 1783//2830 1805//2830
f 1783//2831 1782//2831 1805//2831
f 1805//2832 1782//2832 1806//2832
f 1782//2833 1781//2833 1806//2833
f 1806//2834 1781//2834 1807//2834
f 1781//2835 1780//2835 1807//2835
f 1807//2835 1780//2835 1808//2835
f 1780//2836 1779//2836 1808//2836
f 1808//2837 1779//2837 1809//2837
f 1779//2838 1778//2838 1809//2838
f 1809//2839 1778//2839 1810//2839
f 1778//2840 1777//2840 1810//2840
f 1810//2841 1777//2841 1811//2841
f 1777//2842 1776//2842 1811//2842
f 1811//2843 1776//2843 1812//2843
f 1776//2844 1775//2844 1812//2844
f 1812//2845 1775//2845 1813//2845
f 1775//2846 1774//2846 1813//2846
f 1813//2846 1774//2846 1814//2846
f 1774//2847 1773//2847 1814//2847
f 1814//2848 1773//2848 1815//2848
f 1773//2849 1772//2849 1815//2849
f 1815//2850 1772//2850 1816//2850
f 1772//2851 1771//2851 1816//2851
f 1816//2852 1771//2852 1817//2852
f 1771//2853 1770//2853 1817//2853
f 1817//2853 1770//2853 1818//2853
f 1770//2854 1769//2854 1818//2854
f 1818//2855 1769//2855 1819//2855
f 1769//2856 1768//2856 1819//2856
f 1819//2856 1768//2856 1820//2856
f 1768//142 1767//142 1820//142
f 1820//142 1767//142 1821//142
f 1767//2857 1765//2857 1821//2857
f 1821//2857 1765//2857 1822//2857
f 1765//2858 1764//2858 1822//2858
f 1822//2859 1764//2859 1823//2859
f 1764//2860 1763//2860 1823//2860
f 1823//2860 1763//2860 1824//2860
f 1763//2861 1762//2861 1824//2861
f 1824//2862 1762//2862 1825//2862
f 1762//2863 1761//2863 1825//2863
f 1825//2864 1761//2864 1826//2864
f 1761//2865 1760//2865 1826//2865
f 1826//2866 1760//2866 1827//2866
f 1760//2867 1759//2867 1827//2867
f 1827//2867 1759//2867 1828//2867
f 1759//2868 1758//2868 1828//2868
f 1828//2869 1758//2869 1829//2869
f 1758//2870 1757//2870 1829//2870
f 1829//2871 1757//2871 1830//2871
f 1757//2872 1756//2872 1830//2872
f 1830//2873 1756//2873 1831//2873
f 1756//2874 1755//2874 1831//2874
f 1831//2875 1755//2875 1832//2875
f 1755//2876 1754//2876 1832//2876
f 1832//2877 1754//2877 1833//2877
f 1754//2878 1753//2878 1833//2878
f 1833//2878 1753//2878 1834//2878
f 1753//2879 1752//2879 1834//2879
f 1834//2880 1752//2880 1835//2880
f 1752//2881 1751//2881 1835//2881
f 1835//2882 1751//2882 1836//2882
f 1751//2883 1750//2883 1836//2883
f 1836//2884 1750//2884 1837//2884
f 1750//2885 1749//2885 1837//2885
f 1837//2886 1749//2886 1838//2886
f 1749//2887 1748//2887 1838//2887
f 1838//2887 1748//2887 1839//2887
f 1748//2888 1747//2888 1839//2888
f 1839//2888 1747//2888 1840//2888
f 1747//2889 1746//2889 1840//2889
f 1840//2890 1746//2890 1841//2890
f 1746//2891 1745//2891 1841//2891
f 1841//2892 1745//2892 1842//2892
f 1745//2893 1744//2893 1842//2893
f 1842//2894 1744//2894 1843//2894
f 1744//2895 1743//2895 1843//2895
f 1843//2896 1743//2896 1844//2896
f 1743//2897 1742//2897 1844//2897
f 1844//2897 1742//2897 1845//2897
f 1796//2898 1795//2898 1766//2898
f 1795//2899 1740//2899 1766//2899
f 1846//2900 1847//2900 1848//2900
f 1846//2901 1848//2901 1849//2901
f 1848//2902 1850//2902 1849//2902
f 1849//2902 1850//2902 1851//2902
f 1850//2903 1852//2903 1851//2903
f 1851//2903 1852//2903 1853//2903
f 1852//2904 1854//2904 1853//2904
f 1853//2904 1854//2904 1855//2904
f 1854//2905 1856//2905 1855//2905
f 1855//2905 1856//2905 1857//2905
f 1856//2906 1858//2906 1857//2906
f 1857//2906 1858//2906 1859//2906
f 1858//2907 1860//2907 1859//2907
f 1859//2907 1860//2907 1861//2907
f 1860//2908 1862//2908 1861//2908
f 1861//2909 1862//2909 1863//2909
f 1862//2910 1864//2910 1863//2910
f 1863//2911 1864//2911 1865//2911
f 1864//2912 1866//2912 1865//2912
f 1865//2913 1866//2913 1867//2913
f 1866//2914 1868//2914 1867//2914
f 1867//2914 1868//2914 1869//2914
f 1868//2915 1870//2915 1869//2915
f 1869//2916 1870//2916 1871//2916
f 1870//2917 1872//2917 1871//2917
f 1871//2918 1872//2918 1873//2918
f 1872//2919 1874//2919 1873//2919
f 1873//2919 1874//2919 1875//2919
f 1874//2920 1876//2920 1875//2920
f 1875//2921 1876//2921 1877//2921
f 1876//2922 1878//2922 1877//2922
f 1877//2923 1878//2923 1879//2923
f 1878//2924 1880//2924 1879//2924
f 1879//2924 1880//2924 1881//2924
f 1880//2925 1882//2925 1881//2925
f 1881//2925 1882//2925 1883//2925
f 1882//2926 1884//2926 1883//2926
f 1883//2927 1884//2927 1885//2927
f 1884//2928 1886//2928 1885//2928
f 1885//2929 1886//2929 1887//2929
f 1886//2930 1888//2930 1887//2930
f 1887//2930 1888//2930 1889//2930
f 1888//2931 1890//2931 1889//2931
f 1889//2932 1890//2932 1891//2932
f 1890//2933 1892//2933 1891//2933
f 1891//2934 1892//2934 1893//2934
f 1892//2935 1894//2935 1893//2935
f 1893//2936 1894//2936 1895//2936
f 1894//365 1896//365 1895//365
f 1895//365 1896//365 1897//365
f 1896//2937 1898//2937 1897//2937
f 1897//2938 1898//2938 1899//2938
f 1898//2939 1900//2939 1899//2939
f 1899//2940 1900//2940 1901//2940
f 1900//2941 1902//2941 1901//2941
f 1901//2942 1902//2942 1903//2942
f 1902//2943 1904//2943 1903//2943
f 1903//2943 1904//2943 1905//2943
f 1904//2944 1906//2944 1905//2944
f 1905//2945 1906//2945 1907//2945
f 1906//2946 1908//2946 1907//2946
f 1907//2947 1908//2947 1909//2947
f 1908//2948 1910//2948 1909//2948
f 1909//2948 1910//2948 1911//2948
f 1910//2949 1912//2949 1911//2949
f 1911//2949 1912//2949 1913//2949
f 1912//2950 1914//2950 1913//2950
f 1913//2951 1914//2951 1915//2951
f 1914//2952 1916//2952 1915//2952
f 1915//2953 1916//2953 1917//2953
f 1916//2954 1918//2954 1917//2954
f 1917//2954 1918//2954 1919//2954
f 1918//2955 1920//2955 1919//2955
f 1919//2956 1920//2956 1921//2956
f 1920//2957 1922//2957 1921//2957
f 1921//2958 1922//2958 1923//2958
f 1922//2959 1924//2959 1923//2959
f 1923//2959 1924//2959 1925//2959
f 1924//2960 1926//2960 1925//2960
f 1925//2961 1926//2961 1927//2961
f 1926//2962 1928//2962 1927//2962
f 1927//2963 1928//2963 1929//2963
f 1928//2964 1930//2964 1929//2964
f 1929//2965 1930//2965 1931//2965
f 1930//2966 1932//2966 1931//2966
f 1931//2966 1932//2966 1933//2966
f 1932//2967 1934//2967 1933//2967
f 1933//2967 1934//2967 1935//2967
f 1934//2968 1936//2968 1935//2968
f 1935//2968 1936//2968 1937//2968
f 1936//2969 1938//2969 1937//2969
f 1937//2969 1938//2969 1939//2969
f 1938//2970 1940//2970 1939//2970
f 1939//2970 1940//2970 1941//2970
f 1940//2971 1942//2971 1941//2971
f 1941//2971 1942//2971 1943//2971
f 1942//2972 1944//2972 1943//2972
f 1943//2973 1944//2973 1945//2973
f 1792//365 1946//365 1947//365
f 1947//365 1948//365 1792//365
f 1948//365 1949//365 1792//365
f 1792//365 1949//365 1950//365
f 1951//365 1952//365 1793//365
f 1953//365 1792//365 1954//365
f 1792//365 1955//365 1954//365
f 1792//365 1956//365 1957//365
f 1952//365 1958//365 1793//365
f 1958//365 1959//365 1793//365
f 1793//365 1959//365 1960//365
f 1960//365 1961//365 1793//365
f 1961//365 1962//365 1793//365
f 1793//365 1962//365 1963//365
f 1963//365 1964//365 1793//365
f 1964//365 1965//365 1793//365
f 1793//365 1965//365 1966//365
f 1950//365 1967//365 1792//365
f 1967//365 1968//365 1792//365
f 1792//365 1968//365 1955//365
f 1953//365 1969//365 1792//365
f 1969//365 1970//365 1792//365
f 1792//365 1970//365 1956//365
f 1957//365 1971//365 1792//365
f 1971//365 1972//365 1792//365
f 1792//365 1972//365 1973//365
f 1973//365 1974//365 1792//365
f 1974//365 1975//365 1792//365
f 1792//365 1975//365 1793//365
f 1975//365 1976//365 1793//365
f 1793//365 1976//365 1951//365
f 1966//365 1977//365 1793//365
f 1977//365 1978//365 1793//365
f 1793//365 1978//365 1979//365
f 1979//365 1980//365 1793//365
f 1980//365 1981//365 1793//365
f 1793//365 1981//365 1982//365
f 1846//2974 1983//2974 1847//2974
f 1983//2975 1984//2975 1847//2975
f 1985//2976 1984//2976 1986//2976
f 1984//2977 1983//2977 1986//2977
f 1986//2978 1983//2978 1987//2978
f 1988//142 1989//142 1990//142
f 1991//142 1985//142 1992//142
f 1985//142 1986//142 1992//142
f 1988//142 1990//142 1993//142
f 1991//142 1994//142 1985//142
f 1994//142 1995//142 1985//142
f 1985//142 1995//142 1996//142
f 1997//142 1998//142 1985//142
f 1998//142 1999//142 1985//142
f 1985//142 1999//142 2000//142
f 2001//142 2002//142 1990//142
f 2002//142 2003//142 1990//142
f 2004//142 1985//142 2005//142
f 1985//142 2006//142 2005//142
f 2004//142 2007//142 1985//142
f 2007//142 2008//142 1985//142
f 1985//142 2008//142 1997//142
f 2003//142 2009//142 1990//142
f 2009//142 2010//142 1990//142
f 1990//142 2010//142 2011//142
f 1996//142 2012//142 1985//142
f 2012//142 2013//142 1985//142
f 1985//142 2013//142 2006//142
f 2000//142 2014//142 1985//142
f 2014//142 2015//142 1985//142
f 1985//142 2015//142 1990//142
f 2015//142 2016//142 1990//142
f 1990//142 2016//142 2001//142
f 2011//142 2017//142 1990//142
f 2017//142 2018//142 1990//142
f 1990//142 2018//142 2019//142
f 2019//142 2020//142 1990//142
f 2020//142 2021//142 1990//142
f 1990//142 2021//142 2022//142
f 2022//142 2023//142 1990//142
f 2023//142 2024//142 1990//142
f 1990//142 2024//142 1993//142
f 442//2979 441//2979 1988//2979
f 441//366 584//366 1988//366
f 1988//366 584//366 1989//366
f 584//429 582//429 1989//429
f 1989//429 582//429 2025//429
f 582//2980 580//2980 2025//2980
f 2025//2980 580//2980 2026//2980
f 580//2981 578//2981 2026//2981
f 2026//2981 578//2981 2027//2981
f 578//2982 576//2982 2027//2982
f 2027//2982 576//2982 2028//2982
f 576//2983 574//2983 2028//2983
f 2028//2983 574//2983 2029//2983
f 574//2984 572//2984 2029//2984
f 2029//2984 572//2984 2030//2984
f 572//2985 570//2985 2030//2985
f 2030//2985 570//2985 2031//2985
f 570//424 568//424 2031//424
f 2031//424 568//424 2032//424
f 568//2986 566//2986 2032//2986
f 2032//2986 566//2986 2033//2986
f 566//2987 564//2987 2033//2987
f 2033//2987 564//2987 2034//2987
f 564//2988 562//2988 2034//2988
f 2034//2988 562//2988 2035//2988
f 562//2989 560//2989 2035//2989
f 2035//2989 560//2989 2036//2989
f 560//2990 558//2990 2036//2990
f 2036//2990 558//2990 2037//2990
f 558//2991 556//2991 2037//2991
f 2037//2991 556//2991 2038//2991
f 556//2992 554//2992 2038//2992
f 2038//2992 554//2992 2039//2992
f 554//2993 552//2993 2039//2993
f 2039//2993 552//2993 2040//2993
f 552//2994 550//2994 2040//2994
f 2040//2994 550//2994 2041//2994
f 550//414 548//414 2041//414
f 2041//414 548//414 2042//414
f 548//413 546//413 2042//413
f 2042//413 546//413 2043//413
f 546//2995 544//2995 2043//2995
f 2043//2995 544//2995 2044//2995
f 544//2996 542//2996 2044//2996
f 2044//2996 542//2996 2045//2996
f 542//2997 540//2997 2045//2997
f 2045//2997 540//2997 2046//2997
f 540//2998 538//2998 2046//2998
f 2046//2998 538//2998 2047//2998
f 538//2999 536//2999 2047//2999
f 2047//2999 536//2999 2048//2999
f 536//3000 534//3000 2048//3000
f 2048//3000 534//3000 2049//3000
f 534//408 532//408 2049//408
f 2049//408 532//408 2050//408
f 532//3001 530//3001 2050//3001
f 2050//3001 530//3001 2051//3001
f 530//3002 528//3002 2051//3002
f 2051//3002 528//3002 2052//3002
f 528//3003 526//3003 2052//3003
f 2052//3003 526//3003 2053//3003
f 526//3004 524//3004 2053//3004
f 2053//3004 524//3004 2054//3004
f 524//3005 522//3005 2054//3005
f 2054//3005 522//3005 2055//3005
f 522//3006 520//3006 2055//3006
f 2055//3006 520//3006 2056//3006
f 520//3007 518//3007 2056//3007
f 2056//3007 518//3007 2057//3007
f 518//3008 516//3008 2057//3008
f 2057//3008 516//3008 2058//3008
f 516//3009 514//3009 2058//3009
f 2058//3009 514//3009 2059//3009
f 514//398 512//398 2059//398
f 2059//398 512//398 1986//398
f 512//397 510//397 1986//397
f 1986//397 510//397 1992//397
f 510//3010 508//3010 1992//3010
f 1992//3010 508//3010 1991//3010
f 508//3011 506//3011 1991//3011
f 1991//3011 506//3011 1994//3011
f 506//3012 504//3012 1994//3012
f 1994//3012 504//3012 1995//3012
f 504//3013 502//3013 1995//3013
f 1995//3013 502//3013 1996//3013
f 502//3014 500//3014 1996//3014
f 1996//3014 500//3014 2012//3014
f 500//3015 498//3015 2012//3015
f 2012//3015 498//3015 2013//3015
f 498//392 496//392 2013//392
f 2013//392 496//392 2006//392
f 496//3016 494//3016 2006//3016
f 2006//3016 494//3016 2005//3016
f 494//3017 492//3017 2005//3017
f 2005//3017 492//3017 2004//3017
f 492//3018 490//3018 2004//3018
f 2004//3018 490//3018 2007//3018
f 490//3019 488//3019 2007//3019
f 2007//3019 488//3019 2008//3019
f 488//3020 486//3020 2008//3020
f 2008//3020 486//3020 1997//3020
f 486//3021 484//3021 1997//3021
f 1997//3021 484//3021 1998//3021
f 484//3022 482//3022 1998//3022
f 1998//3022 482//3022 1999//3022
f 482//3023 480//3023 1999//3023
f 1999//3023 480//3023 2000//3023
f 480//3024 478//3024 2000//3024
f 2000//3024 478//3024 2014//3024
f 478//382 476//382 2014//382
f 2014//382 476//382 2015//382
f 476//381 474//381 2015//381
f 2015//381 474//381 2016//381
f 474//3025 472//3025 2016//3025
f 2016//3025 472//3025 2001//3025
f 472//3026 470//3026 2001//3026
f 2001//3026 470//3026 2002//3026
f 470//3027 468//3027 2002//3027
f 2002//3027 468//3027 2003//3027
f 468//3028 466//3028 2003//3028
f 2003//3028 466//3028 2009//3028
f 466//3029 464//3029 2009//3029
f 2009//3029 464//3029 2010//3029
f 464//3030 462//3030 2010//3030
f 2010//3030 462//3030 2011//3030
f 462//376 460//376 2011//376
f 2011//376 460//376 2017//376
f 460//3031 458//3031 2017//3031
f 2017//3031 458//3031 2018//3031
f 458//3032 456//3032 2018//3032
f 2018//3032 456//3032 2019//3032
f 456//3033 454//3033 2019//3033
f 2019//3033 454//3033 2020//3033
f 454//3034 452//3034 2020//3034
f 2020//3034 452//3034 2021//3034
f 452//3035 450//3035 2021//3035
f 2021//3035 450//3035 2022//3035
f 450//3036 448//3036 2022//3036
f 2022//3036 448//3036 2023//3036
f 448//3037 446//3037 2023//3037
f 2023//3037 446//3037 2024//3037
f 446//3038 444//3038 2024//3038
f 2024//3038 444//3038 1993//3038
f 444//3039 442//3039 1993//3039
f 1993//3040 442//3040 1988//3040
f 2026//142 2060//142 2025//142
f 2060//142 1989//142 2025//142
f 2040//142 2060//142 2039//142
f 2060//142 2038//142 2039//142
f 2057//142 2058//142 1987//142
f 2058//142 2059//142 1987//142
f 1987//142 2059//142 1986//142
f 2035//142 2036//142 2060//142
f 2036//142 2037//142 2060//142
f 2060//142 2037//142 2038//142
f 2026//142 2027//142 2060//142
f 2027//142 2028//142 2060//142
f 2060//142 2028//142 2029//142
f 2029//142 2030//142 2060//142
f 2030//142 2031//142 2060//142
f 2060//142 2031//142 2032//142
f 2048//142 2049//142 1987//142
f 2032//142 2033//142 2060//142
f 2033//142 2034//142 2060//142
f 2060//142 2034//142 2035//142
f 2040//142 2041//142 2060//142
f 2041//142 2042//142 2060//142
f 2060//142 2042//142 1987//142
f 2042//142 2043//142 1987//142
f 2043//142 2044//142 1987//142
f 1987//142 2044//142 2045//142
f 2054//142 1987//142 2053//142
f 1987//142 2052//142 2053//142
f 2054//142 2055//142 1987//142
f 2055//142 2056//142 1987//142
f 1987//142 2056//142 2057//142
f 2045//142 2046//142 1987//142
f 2046//142 2047//142 1987//142
f 1987//142 2047//142 2048//142
f 2049//142 2050//142 1987//142
f 2050//142 2051//142 1987//142
f 1987//142 2051//142 2052//142
f 2060//3041 2061//3041 1989//3041
f 2061//3042 2062//3042 1989//3042
f 1989//3043 2062//3043 1990//3043
f 2061//3044 1945//3044 2062//3044
f 1945//3045 1944//3045 2062//3045
f 2060//3046 1987//3046 2061//3046
f 1987//3046 1983//3046 2061//3046
f 2063//3047 2064//3047 2061//3047
f 2065//3048 2066//3048 1846//3048
f 2066//3049 2067//3049 1846//3049
f 2064//3050 2068//3050 2061//3050
f 2068//3051 2069//3051 2061//3051
f 2061//3052 2069//3052 2070//3052
f 2067//3053 2071//3053 1846//3053
f 2071//3054 2072//3054 1846//3054
f 1846//3055 2072//3055 1983//3055
f 2072//3056 2073//3056 1983//3056
f 1983//3057 2073//3057 2074//3057
f 2074//3058 2075//3058 1983//3058
f 2075//3059 2076//3059 1983//3059
f 1983//3060 2076//3060 2077//3060
f 2070//3061 2078//3061 2061//3061
f 2078//3062 2079//3062 2061//3062
f 2061//3063 2079//3063 1945//3063
f 2079//3064 2080//3064 1945//3064
f 2080//3065 2081//3065 1945//3065
f 1945//3066 2081//3066 2082//3066
f 2077//3067 2083//3067 1983//3067
f 2083//3068 2084//3068 1983//3068
f 1983//3069 2084//3069 2061//3069
f 2084//3070 2085//3070 2061//3070
f 2061//3071 2085//3071 2063//3071
f 2086//3072 1897//3072 2087//3072
f 1897//3073 1899//3073 2087//3073
f 2087//3074 1899//3074 2088//3074
f 1899//3075 1901//3075 2088//3075
f 2088//3076 1901//3076 2089//3076
f 1901//3077 1903//3077 2089//3077
f 2089//3078 1903//3078 2090//3078
f 1903//3079 1905//3079 2090//3079
f 2090//3080 1905//3080 2091//3080
f 1905//3081 1907//3081 2091//3081
f 2091//3082 1907//3082 2092//3082
f 1907//3083 1909//3083 2092//3083
f 2092//3084 1909//3084 2093//3084
f 1909//3085 1911//3085 2093//3085
f 2093//3086 1911//3086 2094//3086
f 1911//3087 1913//3087 2094//3087
f 2094//3088 1913//3088 2095//3088
f 1913//3089 1915//3089 2095//3089
f 2095//3090 1915//3090 2096//3090
f 1915//3091 1917//3091 2096//3091
f 2096//3092 1917//3092 2097//3092
f 1917//3093 1919//3093 2097//3093
f 2097//3094 1919//3094 2098//3094
f 1919//3095 1921//3095 2098//3095
f 2098//3096 1921//3096 2099//3096
f 1921//3097 1923//3097 2099//3097
f 2099//3098 1923//3098 2100//3098
f 1923//3099 1925//3099 2100//3099
f 2100//3100 1925//3100 2101//3100
f 1925//3101 1927//3101 2101//3101
f 2101//3102 1927//3102 2102//3102
f 1927//3103 1929//3103 2102//3103
f 2102//3104 1929//3104 2103//3104
f 1929//3105 1931//3105 2103//3105
f 2103//3106 1931//3106 2104//3106
f 1931//3107 1933//3107 2104//3107
f 2104//3108 1933//3108 2105//3108
f 1933//3109 1935//3109 2105//3109
f 2105//3110 1935//3110 2106//3110
f 1935//3111 1937//3111 2106//3111
f 2106//3112 1937//3112 2107//3112
f 1937//3113 1939//3113 2107//3113
f 2107//3114 1939//3114 2108//3114
f 1939//3115 1941//3115 2108//3115
f 2108//3116 1941//3116 2109//3116
f 1941//3117 1943//3117 2109//3117
f 2109//3118 1943//3118 2110//3118
f 1943//3119 1945//3119 2110//3119
f 2110//3120 1945//3120 2111//3120
f 1945//3121 2082//3121 2111//3121
f 2065//3122 1846//3122 2112//3122
f 1846//3123 1849//3123 2112//3123
f 2112//3124 1849//3124 2113//3124
f 1849//3125 1851//3125 2113//3125
f 2113//3126 1851//3126 2114//3126
f 1851//3127 1853//3127 2114//3127
f 2114//3128 1853//3128 2115//3128
f 1853//3129 1855//3129 2115//3129
f 2115//3130 1855//3130 2116//3130
f 1855//3131 1857//3131 2116//3131
f 2116//3132 1857//3132 2117//3132
f 1857//3133 1859//3133 2117//3133
f 2117//3134 1859//3134 2118//3134
f 1859//3135 1861//3135 2118//3135
f 2118//3136 1861//3136 2119//3136
f 1861//3137 1863//3137 2119//3137
f 2119//3138 1863//3138 2120//3138
f 1863//3139 1865//3139 2120//3139
f 2120//3140 1865//3140 2121//3140
f 1865//3141 1867//3141 2121//3141
f 2121//3142 1867//3142 2122//3142
f 1867//3143 1869//3143 2122//3143
f 2122//3144 1869//3144 2123//3144
f 1869//3145 1871//3145 2123//3145
f 2123//3146 1871//3146 2124//3146
f 1871//3147 1873//3147 2124//3147
f 2124//3148 1873//3148 2125//3148
f 1873//3149 1875//3149 2125//3149
f 2125//3150 1875//3150 2126//3150
f 1875//3151 1877//3151 2126//3151
f 2126//3152 1877//3152 2127//3152
f 1877//3153 1879//3153 2127//3153
f 2127//3154 1879//3154 2128//3154
f 1879//3155 1881//3155 2128//3155
f 2128//3156 1881//3156 2129//3156
f 1881//3157 1883//3157 2129//3157
f 2129//3158 1883//3158 2130//3158
f 1883//3159 1885//3159 2130//3159
f 2130//3160 1885//3160 2131//3160
f 1885//3161 1887//3161 2131//3161
f 2131//3162 1887//3162 2132//3162
f 1887//3163 1889//3163 2132//3163
f 2132//3164 1889//3164 2133//3164
f 1889//3165 1891//3165 2133//3165
f 2133//3166 1891//3166 2134//3166
f 1891//3167 1893//3167 2134//3167
f 2134//3168 1893//3168 2086//3168
f 1893//3169 1895//3169 2086//3169
f 2086//3170 1895//3170 1897//3170
f 2135//365 2136//365 1739//365
f 2136//365 2137//365 1739//365
f 1739//365 2137//365 1946//365
f 1739//365 2138//365 2139//365
f 2139//365 2140//365 1739//365
f 2140//365 2141//365 1739//365
f 1739//365 2141//365 2142//365
f 2142//365 2143//365 1739//365
f 2143//365 2144//365 1739//365
f 1739//365 2144//365 2145//365
f 1982//365 2146//365 1738//365
f 2146//365 2147//365 1738//365
f 1738//365 2147//365 2148//365
f 2145//365 2149//365 1739//365
f 2149//365 2150//365 1739//365
f 1739//365 2150//365 2151//365
f 2151//365 2152//365 1739//365
f 2152//365 2153//365 1739//365
f 1739//365 2153//365 2135//365
f 2148//365 2154//365 1738//365
f 2154//365 2155//365 1738//365
f 1738//365 2155//365 2156//365
f 2156//365 2157//365 1738//365
f 2157//365 2158//365 1738//365
f 1738//365 2158//365 2159//365
f 1738//365 2160//365 1739//365
f 2160//365 2161//365 1739//365
f 1739//365 2161//365 2138//365
f 2159//365 2162//365 1738//365
f 2162//365 2163//365 1738//365
f 1738//365 2163//365 2164//365
f 2164//365 2165//365 1738//365
f 2165//365 2166//365 1738//365
f 1738//365 2166//365 2167//365
f 2167//365 2168//365 1738//365
f 2168//365 2169//365 1738//365
f 1738//365 2169//365 2160//365
f 1985//3171 1990//3171 1984//3171
f 1990//3171 2062//3171 1984//3171
f 1944//3172 2170//3172 2171//3172
f 1944//3173 2171//3173 2062//3173
f 2171//3174 2172//3174 2062//3174
f 2062//3175 2172//3175 2173//3175
f 2173//3176 2174//3176 2062//3176
f 2174//3177 2175//3177 2062//3177
f 2062//3178 2175//3178 2176//3178
f 1847//3179 2177//3179 2178//3179
f 2176//3180 2179//3180 2062//3180
f 2179//3181 2180//3181 2062//3181
f 2062//3182 2180//3182 1984//3182
f 2180//3183 2181//3183 1984//3183
f 1984//3184 2181//3184 2182//3184
f 2182//3185 2183//3185 1984//3185
f 2183//3186 2184//3186 1984//3186
f 1984//3187 2184//3187 2185//3187
f 1984//3188 2186//3188 1847//3188
f 2186//3189 2187//3189 1847//3189
f 1847//3190 2187//3190 2177//3190
f 2188//3191 1896//3191 2189//3191
f 1896//3192 1894//3192 2189//3192
f 2189//3193 1894//3193 2190//3193
f 1894//3194 1892//3194 2190//3194
f 2190//3195 1892//3195 2191//3195
f 1892//3196 1890//3196 2191//3196
f 2191//3197 1890//3197 2192//3197
f 1890//3198 1888//3198 2192//3198
f 2192//3199 1888//3199 2193//3199
f 1888//3200 1886//3200 2193//3200
f 2193//3201 1886//3201 2194//3201
f 1886//3202 1884//3202 2194//3202
f 2194//3203 1884//3203 2195//3203
f 1884//3204 1882//3204 2195//3204
f 2195//3205 1882//3205 2196//3205
f 1882//3206 1880//3206 2196//3206
f 2196//3207 1880//3207 2197//3207
f 1880//3208 1878//3208 2197//3208
f 2197//3209 1878//3209 2198//3209
f 1878//3210 1876//3210 2198//3210
f 2198//3211 1876//3211 2199//3211
f 1876//3212 1874//3212 2199//3212
f 2199//3213 1874//3213 2200//3213
f 1874//3214 1872//3214 2200//3214
f 2200//3215 1872//3215 2201//3215
f 1872//3216 1870//3216 2201//3216
f 2201//3217 1870//3217 2202//3217
f 1870//3218 1868//3218 2202//3218
f 2202//3219 1868//3219 2203//3219
f 1868//3220 1866//3220 2203//3220
f 2203//3221 1866//3221 2204//3221
f 1866//3222 1864//3222 2204//3222
f 2204//3223 1864//3223 2205//3223
f 1864//3224 1862//3224 2205//3224
f 2205//3225 1862//3225 2206//3225
f 1862//3226 1860//3226 2206//3226
f 2206//3227 1860//3227 2207//3227
f 1860//3228 1858//3228 2207//3228
f 2207//3229 1858//3229 2208//3229
f 1858//3230 1856//3230 2208//3230
f 2208//3231 1856//3231 2209//3231
f 1856//3232 1854//3232 2209//3232
f 2209//3233 1854//3233 2210//3233
f 1854//3234 1852//3234 2210//3234
f 2210//3235 1852//3235 2211//3235
f 1852//3236 1850//3236 2211//3236
f 2211//3237 1850//3237 2212//3237
f 1850//3238 1848//3238 2212//3238
f 2212//3239 1848//3239 2213//3239
f 1848//3240 1847//3240 2213//3240
f 2213//3241 1847//3241 2214//3241
f 1847//3242 2178//3242 2214//3242
f 2215//3243 2216//3243 1944//3243
f 2216//3244 2217//3244 1944//3244
f 1944//3245 2217//3245 2170//3245
f 2185//3246 2218//3246 1984//3246
f 2218//3247 2219//3247 1984//3247
f 1984//3248 2219//3248 2186//3248
f 2215//3249 1944//3249 2220//3249
f 1944//3250 1942//3250 2220//3250
f 2220//3251 1942//3251 2221//3251
f 1942//3252 1940//3252 2221//3252
f 2221//3253 1940//3253 2222//3253
f 1940//3254 1938//3254 2222//3254
f 2222//3255 1938//3255 2223//3255
f 1938//3256 1936//3256 2223//3256
f 2223//3257 1936//3257 2224//3257
f 1936//3258 1934//3258 2224//3258
f 2224//3259 1934//3259 2225//3259
f 1934//3260 1932//3260 2225//3260
f 2225//3261 1932//3261 2226//3261
f 1932//3262 1930//3262 2226//3262
f 2226//3263 1930//3263 2227//3263
f 1930//3264 1928//3264 2227//3264
f 2227//3265 1928//3265 2228//3265
f 1928//3266 1926//3266 2228//3266
f 2228//3267 1926//3267 2229//3267
f 1926//3268 1924//3268 2229//3268
f 2229//3269 1924//3269 2230//3269
f 1924//3270 1922//3270 2230//3270
f 2230//3271 1922//3271 2231//3271
f 1922//3272 1920//3272 2231//3272
f 2231//3273 1920//3273 2232//3273
f 1920//3274 1918//3274 2232//3274
f 2232//3275 1918//3275 2233//3275
f 1918//3276 1916//3276 2233//3276
f 2233//3277 1916//3277 2234//3277
f 1916//3278 1914//3278 2234//3278
f 2234//3279 1914//3279 2235//3279
f 1914//3280 1912//3280 2235//3280
f 2235//3281 1912//3281 2236//3281
f 1912//3282 1910//3282 2236//3282
f 2236//3283 1910//3283 2237//3283
f 1910//3284 1908//3284 2237//3284
f 2237//3285 1908//3285 2238//3285
f 1908//3286 1906//3286 2238//3286
f 2238//3287 1906//3287 2239//3287
f 1906//3288 1904//3288 2239//3288
f 2239//3289 1904//3289 2240//3289
f 1904//3290 1902//3290 2240//3290
f 2240//3291 1902//3291 2241//3291
f 1902//3292 1900//3292 2241//3292
f 2241//3293 1900//3293 2188//3293
f 1900//3294 1898//3294 2188//3294
f 2188//3295 1898//3295 1896//3295
f 1792//3296 1794//3296 1946//3296
f 1794//3297 1741//3297 1946//3297
f 1946//3298 1741//3298 1739//3298
f 2063//3299 2242//3299 2064//3299
f 2242//3300 2243//3300 2064//3300
f 2064//3301 2243//3301 2068//3301
f 2243//3302 2244//3302 2068//3302
f 2068//3303 2244//3303 2069//3303
f 2244//3304 2245//3304 2069//3304
f 2069//3305 2245//3305 2070//3305
f 2245//3306 2246//3306 2070//3306
f 2070//3307 2246//3307 2078//3307
f 2246//3308 2247//3308 2078//3308
f 2078//3309 2247//3309 2079//3309
f 2247//3310 2248//3310 2079//3310
f 2079//3311 2248//3311 2080//3311
f 2248//3312 2249//3312 2080//3312
f 2080//3313 2249//3313 2081//3313
f 2249//3314 2250//3314 2081//3314
f 2081//3315 2250//3315 2082//3315
f 2250//3316 2251//3316 2082//3316
f 2082//3317 2251//3317 2111//3317
f 2251//3318 2252//3318 2111//3318
f 2111//3319 2252//3319 2110//3319
f 2252//3320 2253//3320 2110//3320
f 2110//3321 2253//3321 2109//3321
f 2253//3322 2254//3322 2109//3322
f 2109//3323 2254//3323 2108//3323
f 2254//3324 2255//3324 2108//3324
f 2108//3325 2255//3325 2107//3325
f 2255//3326 2256//3326 2107//3326
f 2107//3327 2256//3327 2106//3327
f 2256//3328 2257//3328 2106//3328
f 2106//3329 2257//3329 2105//3329
f 2257//3330 2258//3330 2105//3330
f 2105//3331 2258//3331 2104//3331
f 2258//3332 2259//3332 2104//3332
f 2104//3333 2259//3333 2103//3333
f 2259//3334 2260//3334 2103//3334
f 2103//3335 2260//3335 2102//3335
f 2260//3336 2261//3336 2102//3336
f 2102//3337 2261//3337 2101//3337
f 2261//3338 2262//3338 2101//3338
f 2101//3339 2262//3339 2100//3339
f 2262//3340 2263//3340 2100//3340
f 2100//3341 2263//3341 2099//3341
f 2263//3342 2264//3342 2099//3342
f 2099//3343 2264//3343 2098//3343
f 2264//3344 2265//3344 2098//3344
f 2098//3345 2265//3345 2097//3345
f 2265//3346 2266//3346 2097//3346
f 2097//3347 2266//3347 2096//3347
f 2266//3348 2267//3348 2096//3348
f 2096//3349 2267//3349 2095//3349
f 2267//3350 2268//3350 2095//3350
f 2095//3351 2268//3351 2094//3351
f 2268//3352 2269//3352 2094//3352
f 2094//3353 2269//3353 2093//3353
f 2269//3354 2270//3354 2093//3354
f 2093//3355 2270//3355 2092//3355
f 2270//3356 2271//3356 2092//3356
f 2092//3357 2271//3357 2091//3357
f 2271//3358 2272//3358 2091//3358
f 2091//3359 2272//3359 2090//3359
f 2272//3360 2273//3360 2090//3360
f 2090//3361 2273//3361 2089//3361
f 2273//3362 2274//3362 2089//3362
f 2089//3363 2274//3363 2088//3363
f 2274//3364 2275//3364 2088//3364
f 2088//3365 2275//3365 2087//3365
f 2275//3366 2276//3366 2087//3366
f 2087//3367 2276//3367 2086//3367
f 2276//3368 2277//3368 2086//3368
f 2086//3369 2277//3369 2134//3369
f 2277//3370 2278//3370 2134//3370
f 2134//3371 2278//3371 2133//3371
f 2278//3372 2279//3372 2133//3372
f 2133//3373 2279//3373 2132//3373
f 2279//3374 2280//3374 2132//3374
f 2132//3375 2280//3375 2131//3375
f 2280//3376 2281//3376 2131//3376
f 2131//3377 2281//3377 2130//3377
f 2281//3378 2282//3378 2130//3378
f 2130//3379 2282//3379 2129//3379
f 2282//3380 2283//3380 2129//3380
f 2129//3381 2283//3381 2128//3381
f 2283//3382 2284//3382 2128//3382
f 2128//3383 2284//3383 2127//3383
f 2284//3384 2285//3384 2127//3384
f 2127//3385 2285//3385 2126//3385
f 2285//3386 2286//3386 2126//3386
f 2126//3387 2286//3387 2125//3387
f 2286//3388 2287//3388 2125//3388
f 2125//3389 2287//3389 2124//3389
f 2287//3390 2288//3390 2124//3390
f 2124//3391 2288//3391 2123//3391
f 2288//3392 2289//3392 2123//3392
f 2123//3393 2289//3393 2122//3393
f 2289//3394 2290//3394 2122//3394
f 2122//3395 2290//3395 2121//3395
f 2290//3396 2291//3396 2121//3396
f 2121//3397 2291//3397 2120//3397
f 2291//3398 2292//3398 2120//3398
f 2120//3399 2292//3399 2119//3399
f 2292//3400 2293//3400 2119//3400
f 2119//3401 2293//3401 2118//3401
f 2293//3402 2294//3402 2118//3402
f 2118//3403 2294//3403 2117//3403
f 2294//3404 2295//3404 2117//3404
f 2117//3405 2295//3405 2116//3405
f 2295//3406 2296//3406 2116//3406
f 2116//3407 2296//3407 2115//3407
f 2296//3408 2297//3408 2115//3408
f 2115//3409 2297//3409 2114//3409
f 2297//3410 2298//3410 2114//3410
f 2114//3411 2298//3411 2113//3411
f 2298//3412 2299//3412 2113//3412
f 2113//3413 2299//3413 2112//3413
f 2299//3414 2300//3414 2112//3414
f 2112//3415 2300//3415 2065//3415
f 2300//3416 2301//3416 2065//3416
f 2065//3417 2301//3417 2066//3417
f 2301//3418 2302//3418 2066//3418
f 2066//3419 2302//3419 2067//3419
f 2302//3420 2303//3420 2067//3420
f 2067//3421 2303//3421 2071//3421
f 2303//3422 2304//3422 2071//3422
f 2071//3423 2304//3423 2072//3423
f 2304//3424 2305//3424 2072//3424
f 2072//3425 2305//3425 2073//3425
f 2305//3426 2306//3426 2073//3426
f 2073//3427 2306//3427 2074//3427
f 2306//3428 2307//3428 2074//3428
f 2074//3429 2307//3429 2075//3429
f 2307//3430 2308//3430 2075//3430
f 2075//3431 2308//3431 2076//3431
f 2308//3432 2309//3432 2076//3432
f 2076//3433 2309//3433 2077//3433
f 2309//3434 2310//3434 2077//3434
f 2077//3435 2310//3435 2083//3435
f 2310//3436 2311//3436 2083//3436
f 2083//3437 2311//3437 2084//3437
f 2311//3438 2312//3438 2084//3438
f 2084//3439 2312//3439 2085//3439
f 2312//3440 2313//3440 2085//3440
f 2085//3441 2313//3441 2063//3441
f 2313//3442 2242//3442 2063//3442
f 2242//3443 2314//3443 2243//3443
f 2314//3444 2315//3444 2243//3444
f 2243//3445 2315//3445 2244//3445
f 2315//3446 2316//3446 2244//3446
f 2244//3447 2316//3447 2245//3447
f 2316//3448 2317//3448 2245//3448
f 2245//3449 2317//3449 2246//3449
f 2317//3450 2318//3450 2246//3450
f 2246//3451 2318//3451 2247//3451
f 2318//3452 2319//3452 2247//3452
f 2247//3453 2319//3453 2248//3453
f 2319//3454 2320//3454 2248//3454
f 2248//3455 2320//3455 2249//3455
f 2320//3456 2321//3456 2249//3456
f 2249//3457 2321//3457 2250//3457
f 2321//3458 2322//3458 2250//3458
f 2250//3459 2322//3459 2251//3459
f 2322//3460 2323//3460 2251//3460
f 2251//3461 2323//3461 2252//3461
f 2323//3462 2324//3462 2252//3462
f 2252//3463 2324//3463 2253//3463
f 2324//3464 2325//3464 2253//3464
f 2253//3465 2325//3465 2254//3465
f 2325//3466 2326//3466 2254//3466
f 2254//3467 2326//3467 2255//3467
f 2326//3468 2327//3468 2255//3468
f 2255//3469 2327//3469 2256//3469
f 2327//3470 2328//3470 2256//3470
f 2256//3471 2328//3471 2257//3471
f 2328//3472 2329//3472 2257//3472
f 2257//3473 2329//3473 2258//3473
f 2329//3474 2330//3474 2258//3474
f 2258//3475 2330//3475 2259//3475
f 2330//3476 2331//3476 2259//3476
f 2259//3477 2331//3477 2260//3477
f 2331//3478 2332//3478 2260//3478
f 2260//3479 2332//3479 2261//3479
f 2332//3480 2333//3480 2261//3480
f 2261//3481 2333//3481 2262//3481
f 2333//3482 2334//3482 2262//3482
f 2262//3483 2334//3483 2263//3483
f 2334//3484 2335//3484 2263//3484
f 2263//3485 2335//3485 2264//3485
f 2335//3486 2336//3486 2264//3486
f 2264//3487 2336//3487 2265//3487
f 2336//3488 2337//3488 2265//3488
f 2265//3489 2337//3489 2266//3489
f 2337//3490 2338//3490 2266//3490
f 2266//3491 2338//3491 2267//3491
f 2338//3492 2339//3492 2267//3492
f 2267//3493 2339//3493 2268//3493
f 2339//3494 2340//3494 2268//3494
f 2268//3495 2340//3495 2269//3495
f 2340//3496 2341//3496 2269//3496
f 2269//3497 2341//3497 2270//3497
f 2341//3498 2342//3498 2270//3498
f 2270//3499 2342//3499 2271//3499
f 2342//3500 2343//3500 2271//3500
f 2271//3501 2343//3501 2272//3501
f 2343//3502 2344//3502 2272//3502
f 2272//3503 2344//3503 2273//3503
f 2344//3504 2345//3504 2273//3504
f 2273//3505 2345//3505 2274//3505
f 2345//3506 2346//3506 2274//3506
f 2274//3507 2346//3507 2275//3507
f 2346//3508 2347//3508 2275//3508
f 2275//3509 2347//3509 2276//3509
f 2347//3510 2348//3510 2276//3510
f 2276//3511 2348//3511 2277//3511
f 2348//3512 2349//3512 2277//3512
f 2277//3513 2349//3513 2278//3513
f 2349//3514 2350//3514 2278//3514
f 2278//3515 2350//3515 2279//3515
f 2350//3516 2351//3516 2279//3516
f 2279//3517 2351//3517 2280//3517
f 2351//3518 2352//3518 2280//3518
f 2280//3519 2352//3519 2281//3519
f 2352//3520 2353//3520 2281//3520
f 2281//3521 2353//3521 2282//3521
f 2353//3522 2354//3522 2282//3522
f 2282//3523 2354//3523 2283//3523
f 2354//3524 2355//3524 2283//3524
f 2283//3525 2355//3525 2284//3525
f 2355//3526 2356//3526 2284//3526
f 2284//3527 2356//3527 2285//3527
f 2356//3528 2357//3528 2285//3528
f 2285//3529 2357//3529 2286//3529
f 2357//3530 2358//3530 2286//3530
f 2286//3531 2358//3531 2287//3531
f 2358//3532 2359//3532 2287//3532
f 2287//3533 2359//3533 2288//3533
f 2359//3534 2360//3534 2288//3534
f 2288//3535 2360//3535 2289//3535
f 2360//3536 2361//3536 2289//3536
f 2289//3537 2361//3537 2290//3537
f 2361//3538 2362//3538 2290//3538
f 2290//3539 2362//3539 2291//3539
f 2362//3540 2363//3540 2291//3540
f 2291//3541 2363//3541 2292//3541
f 2363//3542 2364//3542 2292//3542
f 2292//3543 2364//3543 2293//3543
f 2364//3544 2365//3544 2293//3544
f 2293//3545 2365//3545 2294//3545
f 2365//3546 2366//3546 2294//3546
f 2294//3547 2366//3547 2295//3547
f 2366//3548 2367//3548 2295//3548
f 2295//3549 2367//3549 2296//3549
f 2367//3550 2368//3550 2296//3550
f 2296//3551 2368//3551 2297//3551
f 2368//3552 2369//3552 2297//3552
f 2297//3553 2369//3553 2298//3553
f 2369//3554 2370//3554 2298//3554
f 2298//3555 2370//3555 2299//3555
f 2370//3556 2371//3556 2299//3556
f 2299//3557 2371//3557 2300//3557
f 2371//3558 2372//3558 2300//3558
f 2300//3559 2372//3559 2301//3559
f 2372//3560 2373//3560 2301//3560
f 2301//3561 2373//3561 2302//3561
f 2373//3562 2374//3562 2302//3562
f 2302//3563 2374//3563 2303//3563
f 2374//3564 2375//3564 2303//3564
f 2303//3565 2375//3565 2304//3565
f 2375//3566 2376//3566 2304//3566
f 2304//3567 2376//3567 2305//3567
f 2376//3568 2377//3568 2305//3568
f 2305//3569 2377//3569 2306//3569
f 2377//3570 2378//3570 2306//3570
f 2306//3571 2378//3571 2307//3571
f 2378//3572 2379//3572 2307//3572
f 2307//3573 2379//3573 2308//3573
f 2379//3574 2380//3574 2308//3574
f 2308//3575 2380//3575 2309//3575
f 2380//3576 2381//3576 2309//3576
f 2309//3577 2381//3577 2310//3577
f 2381//3578 2382//3578 2310//3578
f 2310//3579 2382//3579 2311//3579
f 2382//3580 2383//3580 2311//3580
f 2311//3581 2383//3581 2312//3581
f 2383//3582 2384//3582 2312//3582
f 2312//3583 2384//3583 2313//3583
f 2384//3584 2385//3584 2313//3584
f 2313//3585 2385//3585 2242//3585
f 2385//3586 2314//3586 2242//3586
f 2314//3587 2386//3587 2315//3587
f 2386//3588 2387//3588 2315//3588
f 2315//3589 2387//3589 2316//3589
f 2387//3590 2388//3590 2316//3590
f 2316//3591 2388//3591 2317//3591
f 2388//3592 2389//3592 2317//3592
f 2317//3593 2389//3593 2318//3593
f 2389//3594 2390//3594 2318//3594
f 2318//3595 2390//3595 2319//3595
f 2390//3596 2391//3596 2319//3596
f 2319//3597 2391//3597 2320//3597
f 2391//3598 2392//3598 2320//3598
f 2320//3599 2392//3599 2321//3599
f 2392//3600 2393//3600 2321//3600
f 2321//3601 2393//3601 2322//3601
f 2393//3602 2394//3602 2322//3602
f 2322//3603 2394//3603 2323//3603
f 2394//3604 2395//3604 2323//3604
f 2323//3605 2395//3605 2324//3605
f 2395//3606 2396//3606 2324//3606
f 2324//3607 2396//3607 2325//3607
f 2396//3608 2397//3608 2325//3608
f 2325//3609 2397//3609 2326//3609
f 2397//3610 2398//3610 2326//3610
f 2326//3611 2398//3611 2327//3611
f 2398//3612 2399//3612 2327//3612
f 2327//3613 2399//3613 2328//3613
f 2399//3614 2400//3614 2328//3614
f 2328//3615 2400//3615 2329//3615
f 2400//3616 2401//3616 2329//3616
f 2329//3617 2401//3617 2330//3617
f 2401//3618 2402//3618 2330//3618
f 2330//3619 2402//3619 2331//3619
f 2402//3620 2403//3620 2331//3620
f 2331//3621 2403//3621 2332//3621
f 2403//3622 2404//3622 2332//3622
f 2332//3623 2404//3623 2333//3623
f 2404//3624 2405//3624 2333//3624
f 2333//3625 2405//3625 2334//3625
f 2405//3626 2406//3626 2334//3626
f 2334//3627 2406//3627 2335//3627
f 2406//3628 2407//3628 2335//3628
f 2335//3629 2407//3629 2336//3629
f 2407//3630 2408//3630 2336//3630
f 2336//3631 2408//3631 2337//3631
f 2408//3632 2409//3632 2337//3632
f 2337//3633 2409//3633 2338//3633
f 2409//3634 2410//3634 2338//3634
f 2338//3635 2410//3635 2339//3635
f 2410//3636 2411//3636 2339//3636
f 2339//3637 2411//3637 2340//3637
f 2411//3638 2412//3638 2340//3638
f 2340//3639 2412//3639 2341//3639
f 2412//3640 2413//3640 2341//3640
f 2341//3641 2413//3641 2342//3641
f 2413//3642 2414//3642 2342//3642
f 2342//3643 2414//3643 2343//3643
f 2414//3644 2415//3644 2343//3644
f 2343//3645 2415//3645 2344//3645
f 2415//3646 2416//3646 2344//3646
f 2344//3647 2416//3647 2345//3647
f 2416//3648 2417//3648 2345//3648
f 2345//3649 2417//3649 2346//3649
f 2417//3650 2418//3650 2346//3650
f 2346//3651 2418//3651 2347//3651
f 2418//3652 2419//3652 2347//3652
f 2347//3653 2419//3653 2348//3653
f 2419//3654 2420//3654 2348//3654
f 2348//3655 2420//3655 2349//3655
f 2420//3656 2421//3656 2349//3656
f 2349//3657 2421//3657 2350//3657
f 2421//3658 2422//3658 2350//3658
f 2350//3659 2422//3659 2351//3659
f 2422//3660 2423//3660 2351//3660
f 2351//3661 2423//3661 2352//3661
f 2423//3662 2424//3662 2352//3662
f 2352//3663 2424//3663 2353//3663
f 2424//3664 2425//3664 2353//3664
f 2353//3665 2425//3665 2354//3665
f 2425//3666 2426//3666 2354//3666
f 2354//3667 2426//3667 2355//3667
f 2426//3668 2427//3668 2355//3668
f 2355//3669 2427//3669 2356//3669
f 2427//3670 2428//3670 2356//3670
f 2356//3671 2428//3671 2357//3671
f 2428//3672 2429//3672 2357//3672
f 2357//3673 2429//3673 2358//3673
f 2429//3674 2430//3674 2358//3674
f 2358//3675 2430//3675 2359//3675
f 2430//3676 2431//3676 2359//3676
f 2359//3677 2431//3677 2360//3677
f 2431//3678 2432//3678 2360//3678
f 2360//3679 2432//3679 2361//3679
f 2432//3680 2433//3680 2361//3680
f 2361//3681 2433//3681 2362//3681
f 2433//3682 2434//3682 2362//3682
f 2362//3683 2434//3683 2363//3683
f 2434//3683 2435//3683 2363//3683
f 2363//3684 2435//3684 2364//3684
f 2435//3685 2436//3685 2364//3685
f 2364//3686 2436//3686 2365//3686
f 2436//3687 2437//3687 2365//3687
f 2365//3688 2437//3688 2366//3688
f 2437//3689 2438//3689 2366//3689
f 2366//3690 2438//3690 2367//3690
f 2438//3691 2439//3691 2367//3691
f 2367//3692 2439//3692 2368//3692
f 2439//3693 2440//3693 2368//3693
f 2368//3694 2440//3694 2369//3694
f 2440//3695 2441//3695 2369//3695
f 2369//3696 2441//3696 2370//3696
f 2441//3697 2442//3697 2370//3697
f 2370//3698 2442//3698 2371//3698
f 2442//3699 2443//3699 2371//3699
f 2371//3700 2443//3700 2372//3700
f 2443//3701 2444//3701 2372//3701
f 2372//3702 2444//3702 2373//3702
f 2444//3703 2445//3703 2373//3703
f 2373//3704 2445//3704 2374//3704
f 2445//3705 2446//3705 2374//3705
f 2374//3706 2446//3706 2375//3706
f 2446//3707 2447//3707 2375//3707
f 2375//3708 2447//3708 2376//3708
f 2447//3709 2448//3709 2376//3709
f 2376//3710 2448//3710 2377//3710
f 2448//3711 2449//3711 2377//3711
f 2377//3712 2449//3712 2378//3712
f 2449//3713 2450//3713 2378//3713
f 2378//3714 2450//3714 2379//3714
f 2450//3715 2451//3715 2379//3715
f 2379//3716 2451//3716 2380//3716
f 2451//3717 2452//3717 2380//3717
f 2380//3718 2452//3718 2381//3718
f 2452//3719 2453//3719 2381//3719
f 2381//3720 2453//3720 2382//3720
f 2453//3721 2454//3721 2382//3721
f 2382//3722 2454//3722 2383//3722
f 2454//3723 2455//3723 2383//3723
f 2383//3724 2455//3724 2384//3724
f 2455//3725 2456//3725 2384//3725
f 2384//3726 2456//3726 2385//3726
f 2456//3727 2457//3727 2385//3727
f 2385//3728 2457//3728 2314//3728
f 2457//3729 2386//3729 2314//3729
f 2386//3730 2458//3730 2387//3730
f 2458//3731 2459//3731 2387//3731
f 2387//3732 2459//3732 2388//3732
f 2459//3733 2460//3733 2388//3733
f 2388//3734 2460//3734 2389//3734
f 2460//3735 2461//3735 2389//3735
f 2389//3736 2461//3736 2390//3736
f 2461//3737 2462//3737 2390//3737
f 2390//3738 2462//3738 2391//3738
f 2462//3739 2463//3739 2391//3739
f 2391//3740 2463//3740 2392//3740
f 2463//3741 2464//3741 2392//3741
f 2392//3742 2464//3742 2393//3742
f 2464//3743 2465//3743 2393//3743
f 2393//3744 2465//3744 2394//3744
f 2465//3745 2466//3745 2394//3745
f 2394//3746 2466//3746 2395//3746
f 2466//3747 2467//3747 2395//3747
f 2395//3748 2467//3748 2396//3748
f 2467//3749 2468//3749 2396//3749
f 2396//3750 2468//3750 2397//3750
f 2468//3751 2469//3751 2397//3751
f 2397//3752 2469//3752 2398//3752
f 2469//3753 2470//3753 2398//3753
f 2398//3754 2470//3754 2399//3754
f 2470//3755 2471//3755 2399//3755
f 2399//3756 2471//3756 2400//3756
f 2471//3757 2472//3757 2400//3757
f 2400//3758 2472//3758 2401//3758
f 2472//3759 2473//3759 2401//3759
f 2401//3760 2473//3760 2402//3760
f 2473//3761 2474//3761 2402//3761
f 2402//3762 2474//3762 2403//3762
f 2474//3763 2475//3763 2403//3763
f 2403//3764 2475//3764 2404//3764
f 2475//3765 2476//3765 2404//3765
f 2404//3766 2476//3766 2405//3766
f 2476//3767 2477//3767 2405//3767
f 2405//3768 2477//3768 2406//3768
f 2477//3769 2478//3769 2406//3769
f 2406//3770 2478//3770 2407//3770
f 2478//3771 2479//3771 2407//3771
f 2407//3772 2479//3772 2408//3772
f 2479//3773 2480//3773 2408//3773
f 2408//3774 2480//3774 2409//3774
f 2480//3775 2481//3775 2409//3775
f 2409//3776 2481//3776 2410//3776
f 2481//3777 2482//3777 2410//3777
f 2410//3778 2482//3778 2411//3778
f 2482//3779 2483//3779 2411//3779
f 2411//3780 2483//3780 2412//3780
f 2483//3781 2484//3781 2412//3781
f 2412//3782 2484//3782 2413//3782
f 2484//3783 2485//3783 2413//3783
f 2413//3784 2485//3784 2414//3784
f 2485//3785 2486//3785 2414//3785
f 2414//3786 2486//3786 2415//3786
f 2486//3787 2487//3787 2415//3787
f 2415//3788 2487//3788 2416//3788
f 2487//3789 2488//3789 2416//3789
f 2416//3790 2488//3790 2417//3790
f 2488//3791 2489//3791 2417//3791
f 2417//3792 2489//3792 2418//3792
f 2489//3793 2490//3793 2418//3793
f 2418//3794 2490//3794 2419//3794
f 2490//3795 2491//3795 2419//3795
f 2419//3796 2491//3796 2420//3796
f 2491//3797 2492//3797 2420//3797
f 2420//3798 2492//3798 2421//3798
f 2492//3799 2493//3799 2421//3799
f 2421//3800 2493//3800 2422//3800
f 2493//3801 2494//3801 2422//3801
f 2422//3802 2494//3802 2423//3802
f 2494//3803 2495//3803 2423//3803
f 2423//3804 2495//3804 2424//3804
f 2495//3805 2496//3805 2424//3805
f 2424//3806 2496//3806 2425//3806
f 2496//3807 2497//3807 2425//3807
f 2425//3808 2497//3808 2426//3808
f 2497//3809 2498//3809 2426//3809
f 2426//3810 2498//3810 2427//3810
f 2498//3811 2499//3811 2427//3811
f 2427//3812 2499//3812 2428//3812
f 2499//3813 2500//3813 2428//3813
f 2428//3814 2500//3814 2429//3814
f 2500//3815 2501//3815 2429//3815
f 2429//3816 2501//3816 2430//3816
f 2501//3817 2502//3817 2430//3817
f 2430//3818 2502//3818 2431//3818
f 2502//3819 2503//3819 2431//3819
f 2431//3820 2503//3820 2432//3820
f 2503//3821 2504//3821 2432//3821
f 2432//3822 2504//3822 2433//3822
f 2504//3823 2505//3823 2433//3823
f 2433//3824 2505//3824 2434//3824
f 2505//3825 2506//3825 2434//3825
f 2434//3826 2506//3826 2435//3826
f 2506//3827 2507//3827 2435//3827
f 2435//3828 2507//3828 2436//3828
f 2507//3829 2508//3829 2436//3829
f 2436//3830 2508//3830 2437//3830
f 2508//3831 2509//3831 2437//3831
f 2437//3832 2509//3832 2438//3832
f 2509//3833 2510//3833 2438//3833
f 2438//3834 2510//3834 2439//3834
f 2510//3835 2511//3835 2439//3835
f 2439//3836 2511//3836 2440//3836
f 2511//3837 2512//3837 2440//3837
f 2440//3838 2512//3838 2441//3838
f 2512//3839 2513//3839 2441//3839
f 2441//3840 2513//3840 2442//3840
f 2513//3841 2514//3841 2442//3841
f 2442//3842 2514//3842 2443//3842
f 2514//3843 2515//3843 2443//3843
f 2443//3844 2515//3844 2444//3844
f 2515//3845 2516//3845 2444//3845
f 2444//3846 2516//3846 2445//3846
f 2516//3847 2517//3847 2445//3847
f 2445//3848 2517//3848 2446//3848
f 2517//3849 2518//3849 2446//3849
f 2446//3850 2518//3850 2447//3850
f 2518//3851 2519//3851 2447//3851
f 2447//3852 2519//3852 2448//3852
f 2519//3853 2520//3853 2448//3853
f 2448//3854 2520//3854 2449//3854
f 2520//3855 2521//3855 2449//3855
f 2449//3856 2521//3856 2450//3856
f 2521//3857 2522//3857 2450//3857
f 2450//3858 2522//3858 2451//3858
f 2522//3859 2523//3859 2451//3859
f 2451//3860 2523//3860 2452//3860
f 2523//3861 2524//3861 2452//3861
f 2452//3862 2524//3862 2453//3862
f 2524//3863 2525//3863 2453//3863
f 2453//3864 2525//3864 2454//3864
f 2525//3865 2526//3865 2454//3865
f 2454//3866 2526//3866 2455//3866
f 2526//3867 2527//3867 2455//3867
f 2455//3868 2527//3868 2456//3868
f 2527//3869 2528//3869 2456//3869
f 2456//3870 2528//3870 2457//3870
f 2528//3871 2529//3871 2457//3871
f 2457//3872 2529//3872 2386//3872
f 2529//3873 2458//3873 2386//3873
f 2458//3874 2530//3874 2459//3874
f 2530//3875 2531//3875 2459//3875
f 2459//3876 2531//3876 2460//3876
f 2531//3877 2532//3877 2460//3877
f 2460//3878 2532//3878 2461//3878
f 2532//3879 2533//3879 2461//3879
f 2461//3880 2533//3880 2462//3880
f 2533//3881 2534//3881 2462//3881
f 2462//3882 2534//3882 2463//3882
f 2534//3883 2535//3883 2463//3883
f 2463//3884 2535//3884 2464//3884
f 2535//3885 2536//3885 2464//3885
f 2464//3886 2536//3886 2465//3886
f 2536//3887 2537//3887 2465//3887
f 2465//3888 2537//3888 2466//3888
f 2537//3889 2538//3889 2466//3889
f 2466//3890 2538//3890 2467//3890
f 2538//3891 2539//3891 2467//3891
f 2467//3892 2539//3892 2468//3892
f 2539//3893 2540//3893 2468//3893
f 2468//3894 2540//3894 2469//3894
f 2540//3895 2541//3895 2469//3895
f 2469//3896 2541//3896 2470//3896
f 2541//3897 2542//3897 2470//3897
f 2470//3898 2542//3898 2471//3898
f 2542//3899 2543//3899 2471//3899
f 2471//3900 2543//3900 2472//3900
f 2543//3901 2544//3901 2472//3901
f 2472//3902 2544//3902 2473//3902
f 2544//3903 2545//3903 2473//3903
f 2473//3904 2545//3904 2474//3904
f 2545//3905 2546//3905 2474//3905
f 2474//3906 2546//3906 2475//3906
f 2546//3907 2547//3907 2475//3907
f 2475//3908 2547//3908 2476//3908
f 2547//3909 2548//3909 2476//3909
f 2476//3910 2548//3910 2477//3910
f 2548//3911 2549//3911 2477//3911
f 2477//3912 2549//3912 2478//3912
f 2549//3913 2550//3913 2478//3913
f 2478//3914 2550//3914 2479//3914
f 2550//3915 2551//3915 2479//3915
f 2479//3916 2551//3916 2480//3916
f 2551//3917 2552//3917 2480//3917
f 2480//3918 2552//3918 2481//3918
f 2552//3919 2553//3919 2481//3919
f 2481//3920 2553//3920 2482//3920
f 2553//3921 2554//3921 2482//3921
f 2482//3922 2554//3922 2483//3922
f 2554//3923 2555//3923 2483//3923
f 2483//3924 2555//3924 2484//3924
f 2555//3925 2556//3925 2484//3925
f 2484//3926 2556//3926 2485//3926
f 2556//3927 2557//3927 2485//3927
f 2485//3928 2557//3928 2486//3928
f 2557//3929 2558//3929 2486//3929
f 2486//3930 2558//3930 2487//3930
f 2558//3931 2559//3931 2487//3931
f 2487//3932 2559//3932 2488//3932
f 2559//3933 2560//3933 2488//3933
f 2488//3934 2560//3934 2489//3934
f 2560//3935 2561//3935 2489//3935
f 2489//3936 2561//3936 2490//3936
f 2561//3937 2562//3937 2490//3937
f 2490//3938 2562//3938 2491//3938
f 2562//3939 2563//3939 2491//3939
f 2491//3940 2563//3940 2492//3940
f 2563//3941 2564//3941 2492//3941
f 2492//3942 2564//3942 2493//3942
f 2564//3943 2565//3943 2493//3943
f 2493//3944 2565//3944 2494//3944
f 2565//3945 2566//3945 2494//3945
f 2494//3946 2566//3946 2495//3946
f 2566//3947 2567//3947 2495//3947
f 2495//3948 2567//3948 2496//3948
f 2567//3949 2568//3949 2496//3949
f 2496//3950 2568//3950 2497//3950
f 2568//3951 2569//3951 2497//3951
f 2497//3952 2569//3952 2498//3952
f 2569//3953 2570//3953 2498//3953
f 2498//3954 2570//3954 2499//3954
f 2570//3955 2571//3955 2499//3955
f 2499//3956 2571//3956 2500//3956
f 2571//3957 2572//3957 2500//3957
f 2500//3958 2572//3958 2501//3958
f 2572//3959 2573//3959 2501//3959
f 2501//3960 2573//3960 2502//3960
f 2573//3961 2574//3961 2502//3961
f 2502//3962 2574//3962 2503//3962
f 2574//3963 2575//3963 2503//3963
f 2503//3964 2575//3964 2504//3964
f 2575//3965 2576//3965 2504//3965
f 2504//3966 2576//3966 2505//3966
f 2576//3967 2577//3967 2505//3967
f 2505//3968 2577//3968 2506//3968
f 2577//3969 2578//3969 2506//3969
f 2506//3970 2578//3970 2507//3970
f 2578//3971 2579//3971 2507//3971
f 2507//3972 2579//3972 2508//3972
f 2579//3973 2580//3973 2508//3973
f 2508//3974 2580//3974 2509//3974
f 2580//3975 2581//3975 2509//3975
f 2509//3976 2581//3976 2510//3976
f 2581//3977 2582//3977 2510//3977
f 2510//3978 2582//3978 2511//3978
f 2582//3979 2583//3979 2511//3979
f 2511//3980 2583//3980 2512//3980
f 2583//3981 2584//3981 2512//3981
f 2512//3982 2584//3982 2513//3982
f 2584//3983 2585//3983 2513//3983
f 2513//3984 2585//3984 2514//3984
f 2585//3985 2586//3985 2514//3985
f 2514//3986 2586//3986 2515//3986
f 2586//3987 2587//3987 2515//3987
f 2515//3988 2587//3988 2516//3988
f 2587//3989 2588//3989 2516//3989
f 2516//3990 2588//3990 2517//3990
f 2588//3991 2589//3991 2517//3991
f 2517//3992 2589//3992 2518//3992
f 2589//3993 2590//3993 2518//3993
f 2518//3994 2590//3994 2519//3994
f 2590//3995 2591//3995 2519//3995
f 2519//3996 2591//3996 2520//3996
f 2591//3997 2592//3997 2520//3997
f 2520//3998 2592//3998 2521//3998
f 2592//3999 2593//3999 2521//3999
f 2521//4000 2593//4000 2522//4000
f 2593//4001 2594//4001 2522//4001
f 2522//4002 2594//4002 2523//4002
f 2594//4003 2595//4003 2523//4003
f 2523//4004 2595//4004 2524//4004
f 2595//4005 2596//4005 2524//4005
f 2524//4006 2596//4006 2525//4006
f 2596//4007 2597//4007 2525//4007
f 2525//4008 2597//4008 2526//4008
f 2597//4009 2598//4009 2526//4009
f 2526//4010 2598//4010 2527//4010
f 2598//4011 2599//4011 2527//4011
f 2527//4012 2599//4012 2528//4012
f 2599//4013 2600//4013 2528//4013
f 2528//4014 2600//4014 2529//4014
f 2600//4015 2601//4015 2529//4015
f 2529//4016 2601//4016 2458//4016
f 2601//4017 2530//4017 2458//4017
f 2530//4018 2602//4018 2531//4018
f 2602//4019 2603//4019 2531//4019
f 2531//4020 2603//4020 2532//4020
f 2603//4021 2604//4021 2532//4021
f 2532//4022 2604//4022 2533//4022
f 2604//4023 2605//4023 2533//4023
f 2533//4024 2605//4024 2534//4024
f 2605//4025 2606//4025 2534//4025
f 2534//4026 2606//4026 2535//4026
f 2606//4027 2607//4027 2535//4027
f 2535//4028 2607//4028 2536//4028
f 2607//4029 2608//4029 2536//4029
f 2536//4030 2608//4030 2537//4030
f 2608//4031 2609//4031 2537//4031
f 2537//4032 2609//4032 2538//4032
f 2609//4033 2610//4033 2538//4033
f 2538//4034 2610//4034 2539//4034
f 2610//4035 2611//4035 2539//4035
f 2539//4036 2611//4036 2540//4036
f 2611//4037 2612//4037 2540//4037
f 2540//4038 2612//4038 2541//4038
f 2612//4039 2613//4039 2541//4039
f 2541//4040 2613//4040 2542//4040
f 2613//4041 2614//4041 2542//4041
f 2542//4042 2614//4042 2543//4042
f 2614//4043 2615//4043 2543//4043
f 2543//4044 2615//4044 2544//4044
f 2615//4045 2616//4045 2544//4045
f 2544//4046 2616//4046 2545//4046
f 2616//4047 2617//4047 2545//4047
f 2545//4048 2617//4048 2546//4048
f 2617//4049 2618//4049 2546//4049
f 2546//4050 2618//4050 2547//4050
f 2618//4051 2619//4051 2547//4051
f 2547//4052 2619//4052 2548//4052
f 2619//4053 2620//4053 2548//4053
f 2548//4054 2620//4054 2549//4054
f 2620//4055 2621//4055 2549//4055
f 2549//4056 2621//4056 2550//4056
f 2621//4057 2622//4057 2550//4057
f 2550//4058 2622//4058 2551//4058
f 2622//4059 2623//4059 2551//4059
f 2551//4060 2623//4060 2552//4060
f 2623//4061 2624//4061 2552//4061
f 2552//4062 2624//4062 2553//4062
f 2624//4063 2625//4063 2553//4063
f 2553//4064 2625//4064 2554//4064
f 2625//4065 2626//4065 2554//4065
f 2554//4066 2626//4066 2555//4066
f 2626//4067 2627//4067 2555//4067
f 2555//4068 2627//4068 2556//4068
f 2627//4069 2628//4069 2556//4069
f 2556//4070 2628//4070 2557//4070
f 2628//4071 2629//4071 2557//4071
f 2557//4072 2629//4072 2558//4072
f 2629//4073 2630//4073 2558//4073
f 2558//4074 2630//4074 2559//4074
f 2630//4075 2631//4075 2559//4075
f 2559//4076 2631//4076 2560//4076
f 2631//4077 2632//4077 2560//4077
f 2560//4078 2632//4078 2561//4078
f 2632//4079 2633//4079 2561//4079
f 2561//4080 2633//4080 2562//4080
f 2633//4081 2634//4081 2562//4081
f 2562//4082 2634//4082 2563//4082
f 2634//4083 2635//4083 2563//4083
f 2563//4084 2635//4084 2564//4084
f 2635//4085 2636//4085 2564//4085
f 2564//4086 2636//4086 2565//4086
f 2636//4087 2637//4087 2565//4087
f 2565//4088 2637//4088 2566//4088
f 2637//4089 2638//4089 2566//4089
f 2566//4090 2638//4090 2567//4090
f 2638//4091 2639//4091 2567//4091
f 2567//4092 2639//4092 2568//4092
f 2639//4093 2640//4093 2568//4093
f 2568//4094 2640//4094 2569//4094
f 2640//4095 2641//4095 2569//4095
f 2569//4096 2641//4096 2570//4096
f 2641//4097 2642//4097 2570//4097
f 2570//4098 2642//4098 2571//4098
f 2642//4099 2643//4099 2571//4099
f 2571//4100 2643//4100 2572//4100
f 2643//4101 2644//4101 2572//4101
f 2572//4102 2644//4102 2573//4102
f 2644//4103 2645//4103 2573//4103
f 2573//4104 2645//4104 2574//4104
f 2645//4105 2646//4105 2574//4105
f 2574//4106 2646//4106 2575//4106
f 2646//4107 2647//4107 2575//4107
f 2575//4108 2647//4108 2576//4108
f 2647//4109 2648//4109 2576//4109
f 2576//4110 2648//4110 2577//4110
f 2648//4111 2649//4111 2577//4111
f 2577//4112 2649//4112 2578//4112
f 2649//4113 2650//4113 2578//4113
f 2578//4114 2650//4114 2579//4114
f 2650//4115 2651//4115 2579//4115
f 2579//4116 2651//4116 2580//4116
f 2651//4117 2652//4117 2580//4117
f 2580//4118 2652//4118 2581//4118
f 2652//4119 2653//4119 2581//4119
f 2581//4120 2653//4120 2582//4120
f 2653//4121 2654//4121 2582//4121
f 2582//4122 2654//4122 2583//4122
f 2654//4123 2655//4123 2583//4123
f 2583//4124 2655//4124 2584//4124
f 2655//4125 2656//4125 2584//4125
f 2584//4126 2656//4126 2585//4126
f 2656//4127 2657//4127 2585//4127
f 2585//4128 2657//4128 2586//4128
f 2657//4129 2658//4129 2586//4129
f 2586//4130 2658//4130 2587//4130
f 2658//4131 2659//4131 2587//4131
f 2587//4132 2659//4132 2588//4132
f 2659//4133 2660//4133 2588//4133
f 2588//4134 2660//4134 2589//4134
f 2660//4135 2661//4135 2589//4135
f 2589//4136 2661//4136 2590//4136
f 2661//4137 2662//4137 2590//4137
f 2590//4138 2662//4138 2591//4138
f 2662//4139 2663//4139 2591//4139
f 2591//4140 2663//4140 2592//4140
f 2663//4141 2664//4141 2592//4141
f 2592//4142 2664//4142 2593//4142
f 2664//4143 2665//4143 2593//4143
f 2593//4144 2665//4144 2594//4144
f 2665//4145 2666//4145 2594//4145
f 2594//4146 2666//4146 2595//4146
f 2666//4147 2667//4147 2595//4147
f 2595//4148 2667//4148 2596//4148
f 2667//4149 2668//4149 2596//4149
f 2596//4150 2668//4150 2597//4150
f 2668//4151 2669//4151 2597//4151
f 2597//4152 2669//4152 2598//4152
f 2669//4153 2670//4153 2598//4153
f 2598//4154 2670//4154 2599//4154
f 2670//4155 2671//4155 2599//4155
f 2599//4156 2671//4156 2600//4156
f 2671//4157 2672//4157 2600//4157
f 2600//4158 2672//4158 2601//4158
f 2672//4159 2673//4159 2601//4159
f 2601//4160 2673//4160 2530//4160
f 2673//4161 2602//4161 2530//4161
f 2602//4162 2674//4162 2603//4162
f 2674//4163 2675//4163 2603//4163
f 2603//4164 2675//4164 2604//4164
f 2675//4165 2676//4165 2604//4165
f 2604//4166 2676//4166 2605//4166
f 2676//4167 2677//4167 2605//4167
f 2605//4168 2677//4168 2606//4168
f 2677//4169 2678//4169 2606//4169
f 2606//4170 2678//4170 2607//4170
f 2678//4171 2679//4171 2607//4171
f 2607//4172 2679//4172 2608//4172
f 2679//4173 2680//4173 2608//4173
f 2608//4174 2680//4174 2609//4174
f 2680//4175 2681//4175 2609//4175
f 2609//4176 2681//4176 2610//4176
f 2681//4177 2682//4177 2610//4177
f 2610//4178 2682//4178 2611//4178
f 2682//4179 2683//4179 2611//4179
f 2611//4180 2683//4180 2612//4180
f 2683//4181 2684//4181 2612//4181
f 2612//4182 2684//4182 2613//4182
f 2684//4183 2685//4183 2613//4183
f 2613//4184 2685//4184 2614//4184
f 2685//4185 2686//4185 2614//4185
f 2614//4186 2686//4186 2615//4186
f 2686//4187 2687//4187 2615//4187
f 2615//4188 2687//4188 2616//4188
f 2687//4189 2688//4189 2616//4189
f 2616//4190 2688//4190 2617//4190
f 2688//4191 2689//4191 2617//4191
f 2617//4192 2689//4192 2618//4192
f 2689//4193 2690//4193 2618//4193
f 2618//4194 2690//4194 2619//4194
f 2690//4195 2691//4195 2619//4195
f 2619//4196 2691//4196 2620//4196
f 2691//4197 2692//4197 2620//4197
f 2620//4198 2692//4198 2621//4198
f 2692//4199 2693//4199 2621//4199
f 2621//4200 2693//4200 2622//4200
f 2693//4201 2694//4201 2622//4201
f 2622//4202 2694//4202 2623//4202
f 2694//4203 2695//4203 2623//4203
f 2623//4204 2695//4204 2624//4204
f 2695//4205 2696//4205 2624//4205
f 2624//4206 2696//4206 2625//4206
f 2696//4207 2697//4207 2625//4207
f 2625//4208 2697//4208 2626//4208
f 2697//4209 2698//4209 2626//4209
f 2626//4210 2698//4210 2627//4210
f 2698//4211 2699//4211 2627//4211
f 2627//4212 2699//4212 2628//4212
f 2699//4213 2700//4213 2628//4213
f 2628//4214 2700//4214 2629//4214
f 2700//4215 2701//4215 2629//4215
f 2629//4216 2701//4216 2630//4216
f 2701//4217 2702//4217 2630//4217
f 2630//4218 2702//4218 2631//4218
f 2702//4219 2703//4219 2631//4219
f 2631//4220 2703//4220 2632//4220
f 2703//4221 2704//4221 2632//4221
f 2632//4222 2704//4222 2633//4222
f 2704//4223 2705//4223 2633//4223
f 2633//4224 2705//4224 2634//4224
f 2705//4225 2706//4225 2634//4225
f 2634//4226 2706//4226 2635//4226
f 2706//4227 2707//4227 2635//4227
f 2635//4228 2707//4228 2636//4228
f 2707//4229 2708//4229 2636//4229
f 2636//4230 2708//4230 2637//4230
f 2708//4231 2709//4231 2637//4231
f 2637//4232 2709//4232 2638//4232
f 2709//4233 2710//4233 2638//4233
f 2638//4234 2710//4234 2639//4234
f 2710//4235 2711//4235 2639//4235
f 2639//4236 2711//4236 2640//4236
f 2711//4237 2712//4237 2640//4237
f 2640//4238 2712//4238 2641//4238
f 2712//4239 2713//4239 2641//4239
f 2641//4240 2713//4240 2642//4240
f 2713//4241 2714//4241 2642//4241
f 2642//4242 2714//4242 2643//4242
f 2714//4243 2715//4243 2643//4243
f 2643//4244 2715//4244 2644//4244
f 2715//4245 2716//4245 2644//4245
f 2644//4246 2716//4246 2645//4246
f 2716//4247 2717//4247 2645//4247
f 2645//4248 2717//4248 2646//4248
f 2717//4249 2718//4249 2646//4249
f 2646//4250 2718//4250 2647//4250
f 2718//4251 2719//4251 2647//4251
f 2647//4252 2719//4252 2648//4252
f 2719//4253 2720//4253 2648//4253
f 2648//4254 2720//4254 2649//4254
f 2720//4255 2721//4255 2649//4255
f 2649//4256 2721//4256 2650//4256
f 2721//4257 2722//4257 2650//4257
f 2650//4258 2722//4258 2651//4258
f 2722//4259 2723//4259 2651//4259
f 2651//4260 2723//4260 2652//4260
f 2723//4261 2724//4261 2652//4261
f 2652//4262 2724//4262 2653//4262
f 2724//4263 2725//4263 2653//4263
f 2653//4264 2725//4264 2654//4264
f 2725//4265 2726//4265 2654//4265
f 2654//4266 2726//4266 2655//4266
f 2726//4267 2727//4267 2655//4267
f 2655//4268 2727//4268 2656//4268
f 2727//4269 2728//4269 2656//4269
f 2656//4270 2728//4270 2657//4270
f 2728//4271 2729//4271 2657//4271
f 2657//4272 2729//4272 2658//4272
f 2729//4273 2730//4273 2658//4273
f 2658//4274 2730//4274 2659//4274
f 2730//4275 2731//4275 2659//4275
f 2659//4276 2731//4276 2660//4276
f 2731//4277 2732//4277 2660//4277
f 2660//4278 2732//4278 2661//4278
f 2732//4279 2733//4279 2661//4279
f 2661//4280 2733//4280 2662//4280
f 2733//4281 2734//4281 2662//4281
f 2662//4282 2734//4282 2663//4282
f 2734//4283 2735//4283 2663//4283
f 2663//4284 2735//4284 2664//4284
f 2735//4285 2736//4285 2664//4285
f 2664//4286 2736//4286 2665//4286
f 2736//4287 2737//4287 2665//4287
f 2665//4288 2737//4288 2666//4288
f 2737//4289 2738//4289 2666//4289
f 2666//4290 2738//4290 2667//4290
f 2738//4291 2739//4291 2667//4291
f 2667//4292 2739//4292 2668//4292
f 2739//4293 2740//4293 2668//4293
f 2668//4294 2740//4294 2669//4294
f 2740//4295 2741//4295 2669//4295
f 2669//4296 2741//4296 2670//4296
f 2741//4297 2742//4297 2670//4297
f 2670//4298 2742//4298 2671//4298
f 2742//4299 2743//4299 2671//4299
f 2671//4300 2743//4300 2672//4300
f 2743//4301 2744//4301 2672//4301
f 2672//4302 2744//4302 2673//4302
f 2744//4303 2745//4303 2673//4303
f 2673//4304 2745//4304 2602//4304
f 2745//4305 2674//4305 2602//4305
f 2674//4306 2746//4306 2675//4306
f 2746//4307 2747//4307 2675//4307
f 2675//4308 2747//4308 2676//4308
f 2747//4309 2748//4309 2676//4309
f 2676//4310 2748//4310 2677//4310
f 2748//4311 2749//4311 2677//4311
f 2677//4312 2749//4312 2678//4312
f 2749//4312 2750//4312 2678//4312
f 2678//4313 2750//4313 2679//4313
f 2750//4314 2751//4314 2679//4314
f 2679//4315 2751//4315 2680//4315
f 2751//4315 2752//4315 2680//4315
f 2680//4316 2752//4316 2681//4316
f 2752//4316 2753//4316 2681//4316
f 2681//4317 2753//4317 2682//4317
f 2753//4318 2754//4318 2682//4318
f 2682//4319 2754//4319 2683//4319
f 2754//4320 2755//4320 2683//4320
f 2683//4321 2755//4321 2684//4321
f 2755//4322 2756//4322 2684//4322
f 2684//4323 2756//4323 2685//4323
f 2756//4323 2757//4323 2685//4323
f 2685//4324 2757//4324 2686//4324
f 2757//4324 2758//4324 2686//4324
f 2686//4325 2758//4325 2687//4325
f 2758//4326 2759//4326 2687//4326
f 2687//4327 2759//4327 2688//4327
f 2759//4328 2760//4328 2688//4328
f 2688//4329 2760//4329 2689//4329
f 2760//4330 2761//4330 2689//4330
f 2689//4331 2761//4331 2690//4331
f 2761//4332 2762//4332 2690//4332
f 2690//4333 2762//4333 2691//4333
f 2762//4334 2763//4334 2691//4334
f 2691//4335 2763//4335 2692//4335
f 2763//4336 2764//4336 2692//4336
f 2692//4337 2764//4337 2693//4337
f 2764//4338 2765//4338 2693//4338
f 2693//4339 2765//4339 2694//4339
f 2765//4340 2766//4340 2694//4340
f 2694//4341 2766//4341 2695//4341
f 2766//4342 2767//4342 2695//4342
f 2695//4343 2767//4343 2696//4343
f 2767//4344 2768//4344 2696//4344
f 2696//4345 2768//4345 2697//4345
f 2768//4345 2769//4345 2697//4345
f 2697//4346 2769//4346 2698//4346
f 2769//4346 2770//4346 2698//4346
f 2698//4347 2770//4347 2699//4347
f 2770//4348 2771//4348 2699//4348
f 2699//4349 2771//4349 2700//4349
f 2771//4350 2772//4350 2700//4350
f 2700//4351 2772//4351 2701//4351
f 2772//4352 2773//4352 2701//4352
f 2701//4353 2773//4353 2702//4353
f 2773//4354 2774//4354 2702//4354
f 2702//4355 2774//4355 2703//4355
f 2774//4355 2775//4355 2703//4355
f 2703//4356 2775//4356 2704//4356
f 2775//4357 2776//4357 2704//4357
f 2704//4358 2776//4358 2705//4358
f 2776//4358 2777//4358 2705//4358
f 2705//4359 2777//4359 2706//4359
f 2777//4360 2778//4360 2706//4360
f 2706//4361 2778//4361 2707//4361
f 2778//4362 2779//4362 2707//4362
f 2707//4363 2779//4363 2708//4363
f 2779//4364 2780//4364 2708//4364
f 2708//4365 2780//4365 2709//4365
f 2780//4366 2781//4366 2709//4366
f 2709//4367 2781//4367 2710//4367
f 2781//4368 2782//4368 2710//4368
f 2710//4369 2782//4369 2711//4369
f 2782//4370 2783//4370 2711//4370
f 2711//4371 2783//4371 2712//4371
f 2783//4372 2784//4372 2712//4372
f 2712//4373 2784//4373 2713//4373
f 2784//4374 2785//4374 2713//4374
f 2713//4375 2785//4375 2714//4375
f 2785//4375 2786//4375 2714//4375
f 2714//4376 2786//4376 2715//4376
f 2786//4377 2787//4377 2715//4377
f 2715//4378 2787//4378 2716//4378
f 2787//4378 2788//4378 2716//4378
f 2716//4379 2788//4379 2717//4379
f 2788//4380 2789//4380 2717//4380
f 2717//4381 2789//4381 2718//4381
f 2789//4382 2790//4382 2718//4382
f 2718//4383 2790//4383 2719//4383
f 2790//4384 2791//4384 2719//4384
f 2719//4385 2791//4385 2720//4385
f 2791//4386 2792//4386 2720//4386
f 2720//4387 2792//4387 2721//4387
f 2792//4387 2793//4387 2721//4387
f 2721//4388 2793//4388 2722//4388
f 2793//4388 2794//4388 2722//4388
f 2722//4389 2794//4389 2723//4389
f 2794//4390 2795//4390 2723//4390
f 2723//4391 2795//4391 2724//4391
f 2795//4392 2796//4392 2724//4392
f 2724//4393 2796//4393 2725//4393
f 2796//4394 2797//4394 2725//4394
f 2725//4395 2797//4395 2726//4395
f 2797//4396 2798//4396 2726//4396
f 2726//4397 2798//4397 2727//4397
f 2798//4398 2799//4398 2727//4398
f 2727//4399 2799//4399 2728//4399
f 2799//4400 2800//4400 2728//4400
f 2728//4401 2800//4401 2729//4401
f 2800//4402 2801//4402 2729//4402
f 2729//4403 2801//4403 2730//4403
f 2801//4404 2802//4404 2730//4404
f 2730//4405 2802//4405 2731//4405
f 2802//4406 2803//4406 2731//4406
f 2731//4407 2803//4407 2732//4407
f 2803//4408 2804//4408 2732//4408
f 2732//4409 2804//4409 2733//4409
f 2804//4409 2805//4409 2733//4409
f 2733//4410 2805//4410 2734//4410
f 2805//4410 2806//4410 2734//4410
f 2734//4411 2806//4411 2735//4411
f 2806//4412 2807//4412 2735//4412
f 2735//4413 2807//4413 2736//4413
f 2807//4414 2808//4414 2736//4414
f 2736//4415 2808//4415 2737//4415
f 2808//4416 2809//4416 2737//4416
f 2737//4417 2809//4417 2738//4417
f 2809//4417 2810//4417 2738//4417
f 2738//4418 2810//4418 2739//4418
f 2810//4418 2811//4418 2739//4418
f 2739//4419 2811//4419 2740//4419
f 2811//4420 2812//4420 2740//4420
f 2740//4421 2812//4421 2741//4421
f 2812//4421 2813//4421 2741//4421
f 2741//4422 2813//4422 2742//4422
f 2813//4423 2814//4423 2742//4423
f 2742//4424 2814//4424 2743//4424
f 2814//4425 2815//4425 2743//4425
f 2743//4426 2815//4426 2744//4426
f 2815//4427 2816//4427 2744//4427
f 2744//4428 2816//4428 2745//4428
f 2816//4429 2817//4429 2745//4429
f 2745//4430 2817//4430 2674//4430
f 2817//4431 2746//4431 2674//4431
f 2746//4432 2818//4432 2747//4432
f 2818//4433 2819//4433 2747//4433
f 2747//4434 2819//4434 2748//4434
f 2819//4435 2820//4435 2748//4435
f 2748//4436 2820//4436 2749//4436
f 2820//4437 2821//4437 2749//4437
f 2749//4438 2821//4438 2750//4438
f 2821//4439 2822//4439 2750//4439
f 2750//4440 2822//4440 2751//4440
f 2822//4441 2823//4441 2751//4441
f 2751//4442 2823//4442 2752//4442
f 2823//4443 2824//4443 2752//4443
f 2752//4444 2824//4444 2753//4444
f 2824//4445 2825//4445 2753//4445
f 2753//4446 2825//4446 2754//4446
f 2825//4447 2826//4447 2754//4447
f 2754//4448 2826//4448 2755//4448
f 2826//4449 2827//4449 2755//4449
f 2755//4450 2827//4450 2756//4450
f 2827//4451 2828//4451 2756//4451
f 2756//4452 2828//4452 2757//4452
f 2828//4453 2829//4453 2757//4453
f 2757//4454 2829//4454 2758//4454
f 2829//4455 2830//4455 2758//4455
f 2758//4456 2830//4456 2759//4456
f 2830//4457 2831//4457 2759//4457
f 2759//4458 2831//4458 2760//4458
f 2831//4459 2832//4459 2760//4459
f 2760//4460 2832//4460 2761//4460
f 2832//4461 2833//4461 2761//4461
f 2761//4462 2833//4462 2762//4462
f 2833//4463 2834//4463 2762//4463
f 2762//4464 2834//4464 2763//4464
f 2834//4465 2835//4465 2763//4465
f 2763//4466 2835//4466 2764//4466
f 2835//4467 2836//4467 2764//4467
f 2764//4468 2836//4468 2765//4468
f 2836//4469 2837//4469 2765//4469
f 2765//4470 2837//4470 2766//4470
f 2837//4471 2838//4471 2766//4471
f 2766//4472 2838//4472 2767//4472
f 2838//4473 2839//4473 2767//4473
f 2767//4474 2839//4474 2768//4474
f 2839//4475 2840//4475 2768//4475
f 2768//4476 2840//4476 2769//4476
f 2840//4477 2841//4477 2769//4477
f 2769//4478 2841//4478 2770//4478
f 2841//4479 2842//4479 2770//4479
f 2770//4480 2842//4480 2771//4480
f 2842//4481 2843//4481 2771//4481
f 2771//4482 2843//4482 2772//4482
f 2843//4483 2844//4483 2772//4483
f 2772//4484 2844//4484 2773//4484
f 2844//4485 2845//4485 2773//4485
f 2773//4486 2845//4486 2774//4486
f 2845//4487 2846//4487 2774//4487
f 2774//4488 2846//4488 2775//4488
f 2846//4489 2847//4489 2775//4489
f 2775//4490 2847//4490 2776//4490
f 2847//4491 2848//4491 2776//4491
f 2776//4492 2848//4492 2777//4492
f 2848//4493 2849//4493 2777//4493
f 2777//4494 2849//4494 2778//4494
f 2849//4495 2850//4495 2778//4495
f 2778//4496 2850//4496 2779//4496
f 2850//4497 2851//4497 2779//4497
f 2779//4498 2851//4498 2780//4498
f 2851//4499 2852//4499 2780//4499
f 2780//4500 2852//4500 2781//4500
f 2852//4501 2853//4501 2781//4501
f 2781//4502 2853//4502 2782//4502
f 2853//4503 2854//4503 2782//4503
f 2782//4504 2854//4504 2783//4504
f 2854//4505 2855//4505 2783//4505
f 2783//4506 2855//4506 2784//4506
f 2855//4507 2856//4507 2784//4507
f 2784//4508 2856//4508 2785//4508
f 2856//4509 2857//4509 2785//4509
f 2785//4510 2857//4510 2786//4510
f 2857//4511 2858//4511 2786//4511
f 2786//4512 2858//4512 2787//4512
f 2858//4513 2859//4513 2787//4513
f 2787//4514 2859//4514 2788//4514
f 2859//4515 2860//4515 2788//4515
f 2788//4516 2860//4516 2789//4516
f 2860//4517 2861//4517 2789//4517
f 2789//4518 2861//4518 2790//4518
f 2861//4519 2862//4519 2790//4519
f 2790//4520 2862//4520 2791//4520
f 2862//4521 2863//4521 2791//4521
f 2791//4522 2863//4522 2792//4522
f 2863//4523 2864//4523 2792//4523
f 2792//4524 2864//4524 2793//4524
f 2864//4525 2865//4525 2793//4525
f 2793//4526 2865//4526 2794//4526
f 2865//4527 2866//4527 2794//4527
f 2794//4528 2866//4528 2795//4528
f 2866//4529 2867//4529 2795//4529
f 2795//4530 2867//4530 2796//4530
f 2867//4531 2868//4531 2796//4531
f 2796//4532 2868//4532 2797//4532
f 2868//4533 2869//4533 2797//4533
f 2797//4534 2869//4534 2798//4534
f 2869//4535 2870//4535 2798//4535
f 2798//4536 2870//4536 2799//4536
f 2870//4537 2871//4537 2799//4537
f 2799//4538 2871//4538 2800//4538
f 2871//4539 2872//4539 2800//4539
f 2800//4540 2872//4540 2801//4540
f 2872//4541 2873//4541 2801//4541
f 2801//4542 2873//4542 2802//4542
f 2873//4543 2874//4543 2802//4543
f 2802//4544 2874//4544 2803//4544
f 2874//4545 2875//4545 2803//4545
f 2803//4546 2875//4546 2804//4546
f 2875//4547 2876//4547 2804//4547
f 2804//4548 2876//4548 2805//4548
f 2876//4549 2877//4549 2805//4549
f 2805//4550 2877//4550 2806//4550
f 2877//4551 2878//4551 2806//4551
f 2806//4552 2878//4552 2807//4552
f 2878//4553 2879//4553 2807//4553
f 2807//4554 2879//4554 2808//4554
f 2879//4555 2880//4555 2808//4555
f 2808//4556 2880//4556 2809//4556
f 2880//4557 2881//4557 2809//4557
f 2809//4558 2881//4558 2810//4558
f 2881//4559 2882//4559 2810//4559
f 2810//4560 2882//4560 2811//4560
f 2882//4561 2883//4561 2811//4561
f 2811//4562 2883//4562 2812//4562
f 2883//4563 2884//4563 2812//4563
f 2812//4564 2884//4564 2813//4564
f 2884//4565 2885//4565 2813//4565
f 2813//4566 2885//4566 2814//4566
f 2885//4567 2886//4567 2814//4567
f 2814//4568 2886//4568 2815//4568
f 2886//4569 2887//4569 2815//4569
f 2815//4570 2887//4570 2816//4570
f 2887//4571 2888//4571 2816//4571
f 2816//4572 2888//4572 2817//4572
f 2888//4573 2889//4573 2817//4573
f 2817//4574 2889//4574 2746//4574
f 2889//4575 2818//4575 2746//4575
f 2818//4576 2890//4576 2819//4576
f 2890//4577 2891//4577 2819//4577
f 2819//4578 2891//4578 2820//4578
f 2891//4579 2892//4579 2820//4579
f 2820//4580 2892//4580 2821//4580
f 2892//4581 2893//4581 2821//4581
f 2821//4582 2893//4582 2822//4582
f 2893//4583 2894//4583 2822//4583
f 2822//4584 2894//4584 2823//4584
f 2894//4585 2895//4585 2823//4585
f 2823//4586 2895//4586 2824//4586
f 2895//4587 2896//4587 2824//4587
f 2824//4588 2896//4588 2825//4588
f 2896//4589 2897//4589 2825//4589
f 2825//4590 2897//4590 2826//4590
f 2897//4591 2898//4591 2826//4591
f 2826//4592 2898//4592 2827//4592
f 2898//4593 2899//4593 2827//4593
f 2827//4594 2899//4594 2828//4594
f 2899//4595 2900//4595 2828//4595
f 2828//4596 2900//4596 2829//4596
f 2900//4597 2901//4597 2829//4597
f 2829//4598 2901//4598 2830//4598
f 2901//4599 2902//4599 2830//4599
f 2830//4600 2902//4600 2831//4600
f 2902//4601 2903//4601 2831//4601
f 2831//4602 2903//4602 2832//4602
f 2903//4603 2904//4603 2832//4603
f 2832//4604 2904//4604 2833//4604
f 2904//4605 2905//4605 2833//4605
f 2833//4606 2905//4606 2834//4606
f 2905//4607 2906//4607 2834//4607
f 2834//4608 2906//4608 2835//4608
f 2906//4609 2907//4609 2835//4609
f 2835//4610 2907//4610 2836//4610
f 2907//4611 2908//4611 2836//4611
f 2836//4612 2908//4612 2837//4612
f 2908//4613 2909//4613 2837//4613
f 2837//4614 2909//4614 2838//4614
f 2909//4615 2910//4615 2838//4615
f 2838//4616 2910//4616 2839//4616
f 2910//4617 2911//4617 2839//4617
f 2839//4618 2911//4618 2840//4618
f 2911//4619 2912//4619 2840//4619
f 2840//4620 2912//4620 2841//4620
f 2912//4621 2913//4621 2841//4621
f 2841//4622 2913//4622 2842//4622
f 2913//4623 2914//4623 2842//4623
f 2842//4624 2914//4624 2843//4624
f 2914//4625 2915//4625 2843//4625
f 2843//4626 2915//4626 2844//4626
f 2915//4627 2916//4627 2844//4627
f 2844//4628 2916//4628 2845//4628
f 2916//4629 2917//4629 2845//4629
f 2845//4630 2917//4630 2846//4630
f 2917//4631 2918//4631 2846//4631
f 2846//4632 2918//4632 2847//4632
f 2918//4633 2919//4633 2847//4633
f 2847//4634 2919//4634 2848//4634
f 2919//4635 2920//4635 2848//4635
f 2848//4636 2920//4636 2849//4636
f 2920//4637 2921//4637 2849//4637
f 2849//4638 2921//4638 2850//4638
f 2921//4639 2922//4639 2850//4639
f 2850//4640 2922//4640 2851//4640
f 2922//4641 2923//4641 2851//4641
f 2851//4642 2923//4642 2852//4642
f 2923//4643 2924//4643 2852//4643
f 2852//4644 2924//4644 2853//4644
f 2924//4645 2925//4645 2853//4645
f 2853//4646 2925//4646 2854//4646
f 2925//4647 2926//4647 2854//4647
f 2854//4648 2926//4648 2855//4648
f 2926//4649 2927//4649 2855//4649
f 2855//4650 2927//4650 2856//4650
f 2927//4651 2928//4651 2856//4651
f 2856//4652 2928//4652 2857//4652
f 2928//4653 2929//4653 2857//4653
f 2857//4654 2929//4654 2858//4654
f 2929//4655 2930//4655 2858//4655
f 2858//4656 2930//4656 2859//4656
f 2930//4657 2931//4657 2859//4657
f 2859//4658 2931//4658 2860//4658
f 2931//4659 2932//4659 2860//4659
f 2860//4660 2932//4660 2861//4660
f 2932//4661 2933//4661 2861//4661
f 2861//4662 2933//4662 2862//4662
f 2933//4663 2934//4663 2862//4663
f 2862//4664 2934//4664 2863//4664
f 2934//4665 2935//4665 2863//4665
f 2863//4666 2935//4666 2864//4666
f 2935//4667 2936//4667 2864//4667
f 2864//4668 2936//4668 2865//4668
f 2936//4669 2937//4669 2865//4669
f 2865//4670 2937//4670 2866//4670
f 2937//4671 2938//4671 2866//4671
f 2866//4672 2938//4672 2867//4672
f 2938//4673 2939//4673 2867//4673
f 2867//4674 2939//4674 2868//4674
f 2939//4675 2940//4675 2868//4675
f 2868//4676 2940//4676 2869//4676
f 2940//4677 2941//4677 2869//4677
f 2869//4678 2941//4678 2870//4678
f 2941//4679 2942//4679 2870//4679
f 2870//4680 2942//4680 2871//4680
f 2942//4681 2943//4681 2871//4681
f 2871//4682 2943//4682 2872//4682
f 2943//4683 2944//4683 2872//4683
f 2872//4684 2944//4684 2873//4684
f 2944//4685 2945//4685 2873//4685
f 2873//4686 2945//4686 2874//4686
f 2945//4687 2946//4687 2874//4687
f 2874//4688 2946//4688 2875//4688
f 2946//4689 2947//4689 2875//4689
f 2875//4690 2947//4690 2876//4690
f 2947//4691 2948//4691 2876//4691
f 2876//4692 2948//4692 2877//4692
f 2948//4693 2949//4693 2877//4693
f 2877//4694 2949//4694 2878//4694
f 2949//4695 2950//4695 2878//4695
f 2878//4696 2950//4696 2879//4696
f 2950//4697 2951//4697 2879//4697
f 2879//4698 2951//4698 2880//4698
f 2951//4699 2952//4699 2880//4699
f 2880//4700 2952//4700 2881//4700
f 2952//4701 2953//4701 2881//4701
f 2881//4702 2953//4702 2882//4702
f 2953//4703 2954//4703 2882//4703
f 2882//4704 2954//4704 2883//4704
f 2954//4705 2955//4705 2883//4705
f 2883//4706 2955//4706 2884//4706
f 2955//4707 2956//4707 2884//4707
f 2884//4708 2956//4708 2885//4708
f 2956//4709 2957//4709 2885//4709
f 2885//4710 2957//4710 2886//4710
f 2957//4711 2958//4711 2886//4711
f 2886//4712 2958//4712 2887//4712
f 2958//4713 2959//4713 2887//4713
f 2887//4714 2959//4714 2888//4714
f 2959//4715 2960//4715 2888//4715
f 2888//4716 2960//4716 2889//4716
f 2960//4717 2961//4717 2889//4717
f 2889//4718 2961//4718 2818//4718
f 2961//4719 2890//4719 2818//4719
f 2890//4720 2962//4720 2891//4720
f 2962//4721 2963//4721 2891//4721
f 2891//4722 2963//4722 2892//4722
f 2963//4723 2964//4723 2892//4723
f 2892//4724 2964//4724 2893//4724
f 2964//4725 2965//4725 2893//4725
f 2893//4726 2965//4726 2894//4726
f 2965//4727 2966//4727 2894//4727
f 2894//4728 2966//4728 2895//4728
f 2966//4729 2967//4729 2895//4729
f 2895//4730 2967//4730 2896//4730
f 2967//4731 2968//4731 2896//4731
f 2896//4732 2968//4732 2897//4732
f 2968//4733 2969//4733 2897//4733
f 2897//4734 2969//4734 2898//4734
f 2969//4735 2970//4735 2898//4735
f 2898//4736 2970//4736 2899//4736
f 2970//4737 2971//4737 2899//4737
f 2899//4738 2971//4738 2900//4738
f 2971//4739 2972//4739 2900//4739
f 2900//4740 2972//4740 2901//4740
f 2972//4741 2973//4741 2901//4741
f 2901//4742 2973//4742 2902//4742
f 2973//4743 2974//4743 2902//4743
f 2902//4744 2974//4744 2903//4744
f 2974//4745 2975//4745 2903//4745
f 2903//4746 2975//4746 2904//4746
f 2975//4747 2976//4747 2904//4747
f 2904//4748 2976//4748 2905//4748
f 2976//4749 2977//4749 2905//4749
f 2905//4750 2977//4750 2906//4750
f 2977//4751 2978//4751 2906//4751
f 2906//4752 2978//4752 2907//4752
f 2978//4753 2979//4753 2907//4753
f 2907//4754 2979//4754 2908//4754
f 2979//4755 2980//4755 2908//4755
f 2908//4756 2980//4756 2909//4756
f 2980//4757 2981//4757 2909//4757
f 2909//4758 2981//4758 2910//4758
f 2981//4759 2982//4759 2910//4759
f 2910//4760 2982//4760 2911//4760
f 2982//4761 2983//4761 2911//4761
f 2911//4762 2983//4762 2912//4762
f 2983//4763 2984//4763 2912//4763
f 2912//4764 2984//4764 2913//4764
f 2984//4765 2985//4765 2913//4765
f 2913//4766 2985//4766 2914//4766
f 2985//4767 2986//4767 2914//4767
f 2914//4768 2986//4768 2915//4768
f 2986//4769 2987//4769 2915//4769
f 2915//4770 2987//4770 2916//4770
f 2987//4771 2988//4771 2916//4771
f 2916//4772 2988//4772 2917//4772
f 2988//4773 2989//4773 2917//4773
f 2917//4774 2989//4774 2918//4774
f 2989//4775 2990//4775 2918//4775
f 2918//4776 2990//4776 2919//4776
f 2990//4777 2991//4777 2919//4777
f 2919//4778 2991//4778 2920//4778
f 2991//4779 2992//4779 2920//4779
f 2920//4780 2992//4780 2921//4780
f 2992//4781 2993//4781 2921//4781
f 2921//4782 2993//4782 2922//4782
f 2993//4783 2994//4783 2922//4783
f 2922//4784 2994//4784 2923//4784
f 2994//4785 2995//4785 2923//4785
f 2923//4786 2995//4786 2924//4786
f 2995//4787 2996//4787 2924//4787
f 2924//4788 2996//4788 2925//4788
f 2996//4789 2997//4789 2925//4789
f 2925//4790 2997//4790 2926//4790
f 2997//4791 2998//4791 2926//4791
f 2926//4792 2998//4792 2927//4792
f 2998//4793 2999//4793 2927//4793
f 2927//4794 2999//4794 2928//4794
f 2999//4795 3000//4795 2928//4795
f 2928//4796 3000//4796 2929//4796
f 3000//4797 3001//4797 2929//4797
f 2929//4798 3001//4798 2930//4798
f 3001//4799 3002//4799 2930//4799
f 2930//4800 3002//4800 2931//4800
f 3002//4801 3003//4801 2931//4801
f 2931//4802 3003//4802 2932//4802
f 3003//4803 3004//4803 2932//4803
f 2932//4804 3004//4804 2933//4804
f 3004//4805 3005//4805 2933//4805
f 2933//4806 3005//4806 2934//4806
f 3005//4807 3006//4807 2934//4807
f 2934//4808 3006//4808 2935//4808
f 3006//4809 3007//4809 2935//4809
f 2935//4810 3007//4810 2936//4810
f 3007//4811 3008//4811 2936//4811
f 2936//4812 3008//4812 2937//4812
f 3008//4813 3009//4813 2937//4813
f 2937//4814 3009//4814 2938//4814
f 3009//4815 3010//4815 2938//4815
f 2938//4816 3010//4816 2939//4816
f 3010//4817 3011//4817 2939//4817
f 2939//4818 3011//4818 2940//4818
f 3011//4819 3012//4819 2940//4819
f 2940//4820 3012//4820 2941//4820
f 3012//4821 3013//4821 2941//4821
f 2941//4822 3013//4822 2942//4822
f 3013//4823 3014//4823 2942//4823
f 2942//4824 3014//4824 2943//4824
f 3014//4825 3015//4825 2943//4825
f 2943//4826 3015//4826 2944//4826
f 3015//4827 3016//4827 2944//4827
f 2944//4828 3016//4828 2945//4828
f 3016//4829 3017//4829 2945//4829
f 2945//4830 3017//4830 2946//4830
f 3017//4831 3018//4831 2946//4831
f 2946//4832 3018//4832 2947//4832
f 3018//4833 3019//4833 2947//4833
f 2947//4834 3019//4834 2948//4834
f 3019//4835 3020//4835 2948//4835
f 2948//4836 3020//4836 2949//4836
f 3020//4837 3021//4837 2949//4837
f 2949//4838 3021//4838 2950//4838
f 3021//4839 3022//4839 2950//4839
f 2950//4840 3022//4840 2951//4840
f 3022//4841 3023//4841 2951//4841
f 2951//4842 3023//4842 2952//4842
f 3023//4843 3024//4843 2952//4843
f 2952//4844 3024//4844 2953//4844
f 3024//4845 3025//4845 2953//4845
f 2953//4846 3025//4846 2954//4846
f 3025//4847 3026//4847 2954//4847
f 2954//4848 3026//4848 2955//4848
f 3026//4849 3027//4849 2955//4849
f 2955//4850 3027//4850 2956//4850
f 3027//4851 3028//4851 2956//4851
f 2956//4852 3028//4852 2957//4852
f 3028//4853 3029//4853 2957//4853
f 2957//4854 3029//4854 2958//4854
f 3029//4855 3030//4855 2958//4855
f 2958//4856 3030//4856 2959//4856
f 3030//4857 3031//4857 2959//4857
f 2959//4858 3031//4858 2960//4858
f 3031//4859 3032//4859 2960//4859
f 2960//4860 3032//4860 2961//4860
f 3032//4861 3033//4861 2961//4861
f 2961//4862 3033//4862 2890//4862
f 3033//4863 2962//4863 2890//4863
f 2962//4864 3034//4864 2963//4864
f 3034//4865 3035//4865 2963//4865
f 2963//4866 3035//4866 2964//4866
f 3035//4867 3036//4867 2964//4867
f 2964//4868 3036//4868 2965//4868
f 3036//4869 3037//4869 2965//4869
f 2965//4870 3037//4870 2966//4870
f 3037//4871 3038//4871 2966//4871
f 2966//4872 3038//4872 2967//4872
f 3038//4873 3039//4873 2967//4873
f 2967//4874 3039//4874 2968//4874
f 3039//4875 3040//4875 2968//4875
f 2968//4876 3040//4876 2969//4876
f 3040//4877 3041//4877 2969//4877
f 2969//4878 3041//4878 2970//4878
f 3041//4879 3042//4879 2970//4879
f 2970//4880 3042//4880 2971//4880
f 3042//4881 3043//4881 2971//4881
f 2971//4882 3043//4882 2972//4882
f 3043//4883 3044//4883 2972//4883
f 2972//4884 3044//4884 2973//4884
f 3044//4885 3045//4885 2973//4885
f 2973//4886 3045//4886 2974//4886
f 3045//4887 3046//4887 2974//4887
f 2974//4888 3046//4888 2975//4888
f 3046//4889 3047//4889 2975//4889
f 2975//4890 3047//4890 2976//4890
f 3047//4891 3048//4891 2976//4891
f 2976//4892 3048//4892 2977//4892
f 3048//4893 3049//4893 2977//4893
f 2977//4894 3049//4894 2978//4894
f 3049//4895 3050//4895 2978//4895
f 2978//4896 3050//4896 2979//4896
f 3050//4897 3051//4897 2979//4897
f 2979//4898 3051//4898 2980//4898
f 3051//4899 3052//4899 2980//4899
f 2980//4900 3052//4900 2981//4900
f 3052//4901 3053//4901 2981//4901
f 2981//4902 3053//4902 2982//4902
f 3053//4903 3054//4903 2982//4903
f 2982//4904 3054//4904 2983//4904
f 3054//4905 3055//4905 2983//4905
f 2983//4906 3055//4906 2984//4906
f 3055//4907 3056//4907 2984//4907
f 2984//4908 3056//4908 2985//4908
f 3056//4909 3057//4909 2985//4909
f 2985//4910 3057//4910 2986//4910
f 3057//4911 3058//4911 2986//4911
f 2986//4912 3058//4912 2987//4912
f 3058//4913 3059//4913 2987//4913
f 2987//4914 3059//4914 2988//4914
f 3059//4915 3060//4915 2988//4915
f 2988//4916 3060//4916 2989//4916
f 3060//4917 3061//4917 2989//4917
f 2989//4918 3061//4918 2990//4918
f 3061//4919 3062//4919 2990//4919
f 2990//4920 3062//4920 2991//4920
f 3062//4921 3063//4921 2991//4921
f 2991//4922 3063//4922 2992//4922
f 3063//4923 3064//4923 2992//4923
f 2992//4924 3064//4924 2993//4924
f 3064//4925 3065//4925 2993//4925
f 2993//4926 3065//4926 2994//4926
f 3065//4927 3066//4927 2994//4927
f 2994//4928 3066//4928 2995//4928
f 3066//4929 3067//4929 2995//4929
f 2995//4930 3067//4930 2996//4930
f 3067//4931 3068//4931 2996//4931
f 2996//4932 3068//4932 2997//4932
f 3068//4933 3069//4933 2997//4933
f 2997//4934 3069//4934 2998//4934
f 3069//4935 3070//4935 2998//4935
f 2998//4936 3070//4936 2999//4936
f 3070//4937 3071//4937 2999//4937
f 2999//4938 3071//4938 3000//4938
f 3071//4939 3072//4939 3000//4939
f 3000//4940 3072//4940 3001//4940
f 3072//4941 3073//4941 3001//4941
f 3001//4942 3073//4942 3002//4942
f 3073//4943 3074//4943 3002//4943
f 3002//4944 3074//4944 3003//4944
f 3074//4945 3075//4945 3003//4945
f 3003//4946 3075//4946 3004//4946
f 3075//4947 3076//4947 3004//4947
f 3004//4948 3076//4948 3005//4948
f 3076//4949 3077//4949 3005//4949
f 3005//4950 3077//4950 3006//4950
f 3077//4951 3078//4951 3006//4951
f 3006//4952 3078//4952 3007//4952
f 3078//4953 3079//4953 3007//4953
f 3007//4954 3079//4954 3008//4954
f 3079//4955 3080//4955 3008//4955
f 3008//4956 3080//4956 3009//4956
f 3080//4957 3081//4957 3009//4957
f 3009//4958 3081//4958 3010//4958
f 3081//4959 3082//4959 3010//4959
f 3010//4960 3082//4960 3011//4960
f 3082//4961 3083//4961 3011//4961
f 3011//4962 3083//4962 3012//4962
f 3083//4963 3084//4963 3012//4963
f 3012//4964 3084//4964 3013//4964
f 3084//4965 3085//4965 3013//4965
f 3013//4966 3085//4966 3014//4966
f 3085//4967 3086//4967 3014//4967
f 3014//4968 3086//4968 3015//4968
f 3086//4969 3087//4969 3015//4969
f 3015//4970 3087//4970 3016//4970
f 3087//4971 3088//4971 3016//4971
f 3016//4972 3088//4972 3017//4972
f 3088//4973 3089//4973 3017//4973
f 3017//4974 3089//4974 3018//4974
f 3089//4975 3090//4975 3018//4975
f 3018//4976 3090//4976 3019//4976
f 3090//4977 3091//4977 3019//4977
f 3019//4978 3091//4978 3020//4978
f 3091//4979 3092//4979 3020//4979
f 3020//4980 3092//4980 3021//4980
f 3092//4981 3093//4981 3021//4981
f 3021//4982 3093//4982 3022//4982
f 3093//4983 3094//4983 3022//4983
f 3022//4984 3094//4984 3023//4984
f 3094//4985 3095//4985 3023//4985
f 3023//4986 3095//4986 3024//4986
f 3095//4987 3096//4987 3024//4987
f 3024//4988 3096//4988 3025//4988
f 3096//4989 3097//4989 3025//4989
f 3025//4990 3097//4990 3026//4990
f 3097//4991 3098//4991 3026//4991
f 3026//4992 3098//4992 3027//4992
f 3098//4993 3099//4993 3027//4993
f 3027//4994 3099//4994 3028//4994
f 3099//4995 3100//4995 3028//4995
f 3028//4996 3100//4996 3029//4996
f 3100//4997 3101//4997 3029//4997
f 3029//4998 3101//4998 3030//4998
f 3101//4999 3102//4999 3030//4999
f 3030//5000 3102//5000 3031//5000
f 3102//5001 3103//5001 3031//5001
f 3031//5002 3103//5002 3032//5002
f 3103//5003 3104//5003 3032//5003
f 3032//5004 3104//5004 3033//5004
f 3104//5005 3105//5005 3033//5005
f 3033//5006 3105//5006 2962//5006
f 3105//5007 3034//5007 2962//5007
f 3034//5008 3106//5008 3035//5008
f 3106//5009 3107//5009 3035//5009
f 3035//5010 3107//5010 3036//5010
f 3107//5011 3108//5011 3036//5011
f 3036//5012 3108//5012 3037//5012
f 3108//5013 3109//5013 3037//5013
f 3037//5014 3109//5014 3038//5014
f 3109//5015 3110//5015 3038//5015
f 3038//5016 3110//5016 3039//5016
f 3110//5017 3111//5017 3039//5017
f 3039//5018 3111//5018 3040//5018
f 3111//5019 3112//5019 3040//5019
f 3040//5020 3112//5020 3041//5020
f 3112//5021 3113//5021 3041//5021
f 3041//5022 3113//5022 3042//5022
f 3113//5023 3114//5023 3042//5023
f 3042//5024 3114//5024 3043//5024
f 3114//5025 3115//5025 3043//5025
f 3043//5026 3115//5026 3044//5026
f 3115//5027 3116//5027 3044//5027
f 3044//5028 3116//5028 3045//5028
f 3116//5029 3117//5029 3045//5029
f 3045//5030 3117//5030 3046//5030
f 3117//5031 3118//5031 3046//5031
f 3046//5032 3118//5032 3047//5032
f 3118//5033 3119//5033 3047//5033
f 3047//5034 3119//5034 3048//5034
f 3119//5035 3120//5035 3048//5035
f 3048//5036 3120//5036 3049//5036
f 3120//5037 3121//5037 3049//5037
f 3049//5038 3121//5038 3050//5038
f 3121//5039 3122//5039 3050//5039
f 3050//5040 3122//5040 3051//5040
f 3122//5041 3123//5041 3051//5041
f 3051//5042 3123//5042 3052//5042
f 3123//5043 3124//5043 3052//5043
f 3052//5044 3124//5044 3053//5044
f 3124//5045 3125//5045 3053//5045
f 3053//5046 3125//5046 3054//5046
f 3125//5047 3126//5047 3054//5047
f 3054//5048 3126//5048 3055//5048
f 3126//5049 3127//5049 3055//5049
f 3055//5050 3127//5050 3056//5050
f 3127//5050 3128//5050 3056//5050
f 3056//5051 3128//5051 3057//5051
f 3128//5052 3129//5052 3057//5052
f 3057//5053 3129//5053 3058//5053
f 3129//5054 3130//5054 3058//5054
f 3058//5055 3130//5055 3059//5055
f 3130//5056 3131//5056 3059//5056
f 3059//5057 3131//5057 3060//5057
f 3131//5058 3132//5058 3060//5058
f 3060//5059 3132//5059 3061//5059
f 3132//5060 3133//5060 3061//5060
f 3061//5061 3133//5061 3062//5061
f 3133//5062 3134//5062 3062//5062
f 3062//5063 3134//5063 3063//5063
f 3134//5064 3135//5064 3063//5064
f 3063//5065 3135//5065 3064//5065
f 3135//5066 3136//5066 3064//5066
f 3064//5067 3136//5067 3065//5067
f 3136//5068 3137//5068 3065//5068
f 3065//5069 3137//5069 3066//5069
f 3137//5070 3138//5070 3066//5070
f 3066//5071 3138//5071 3067//5071
f 3138//5072 3139//5072 3067//5072
f 3067//5073 3139//5073 3068//5073
f 3139//5074 3140//5074 3068//5074
f 3068//5075 3140//5075 3069//5075
f 3140//5076 3141//5076 3069//5076
f 3069//5077 3141//5077 3070//5077
f 3141//5078 3142//5078 3070//5078
f 3070//5079 3142//5079 3071//5079
f 3142//5080 3143//5080 3071//5080
f 3071//5081 3143//5081 3072//5081
f 3143//5082 3144//5082 3072//5082
f 3072//5083 3144//5083 3073//5083
f 3144//5084 3145//5084 3073//5084
f 3073//5085 3145//5085 3074//5085
f 3145//5086 3146//5086 3074//5086
f 3074//5087 3146//5087 3075//5087
f 3146//5088 3147//5088 3075//5088
f 3075//5089 3147//5089 3076//5089
f 3147//5090 3148//5090 3076//5090
f 3076//5091 3148//5091 3077//5091
f 3148//5092 3149//5092 3077//5092
f 3077//5093 3149//5093 3078//5093
f 3149//5094 3150//5094 3078//5094
f 3078//5095 3150//5095 3079//5095
f 3150//5096 3151//5096 3079//5096
f 3079//5097 3151//5097 3080//5097
f 3151//5098 3152//5098 3080//5098
f 3080//5099 3152//5099 3081//5099
f 3152//5100 3153//5100 3081//5100
f 3081//5101 3153//5101 3082//5101
f 3153//5102 3154//5102 3082//5102
f 3082//5103 3154//5103 3083//5103
f 3154//5104 3155//5104 3083//5104
f 3083//5105 3155//5105 3084//5105
f 3155//5106 3156//5106 3084//5106
f 3084//5107 3156//5107 3085//5107
f 3156//5108 3157//5108 3085//5108
f 3085//5109 3157//5109 3086//5109
f 3157//5110 3158//5110 3086//5110
f 3086//5111 3158//5111 3087//5111
f 3158//5112 3159//5112 3087//5112
f 3087//5113 3159//5113 3088//5113
f 3159//5114 3160//5114 3088//5114
f 3088//5115 3160//5115 3089//5115
f 3160//5116 3161//5116 3089//5116
f 3089//5117 3161//5117 3090//5117
f 3161//5118 3162//5118 3090//5118
f 3090//5119 3162//5119 3091//5119
f 3162//5120 3163//5120 3091//5120
f 3091//5121 3163//5121 3092//5121
f 3163//5122 3164//5122 3092//5122
f 3092//5123 3164//5123 3093//5123
f 3164//5124 3165//5124 3093//5124
f 3093//5125 3165//5125 3094//5125
f 3165//5126 3166//5126 3094//5126
f 3094//5127 3166//5127 3095//5127
f 3166//5128 3167//5128 3095//5128
f 3095//5129 3167//5129 3096//5129
f 3167//5130 3168//5130 3096//5130
f 3096//5131 3168//5131 3097//5131
f 3168//5132 3169//5132 3097//5132
f 3097//5133 3169//5133 3098//5133
f 3169//5134 3170//5134 3098//5134
f 3098//5135 3170//5135 3099//5135
f 3170//5136 3171//5136 3099//5136
f 3099//5137 3171//5137 3100//5137
f 3171//5138 3172//5138 3100//5138
f 3100//5139 3172//5139 3101//5139
f 3172//5140 3173//5140 3101//5140
f 3101//5141 3173//5141 3102//5141
f 3173//5142 3174//5142 3102//5142
f 3102//5143 3174//5143 3103//5143
f 3174//5144 3175//5144 3103//5144
f 3103//5145 3175//5145 3104//5145
f 3175//5146 3176//5146 3104//5146
f 3104//5147 3176//5147 3105//5147
f 3176//5148 3177//5148 3105//5148
f 3105//5149 3177//5149 3034//5149
f 3177//5150 3106//5150 3034//5150
f 3106//5151 3178//5151 3107//5151
f 3178//5152 3179//5152 3107//5152
f 3107//5153 3179//5153 3108//5153
f 3179//5154 3180//5154 3108//5154
f 3108//5155 3180//5155 3109//5155
f 3180//5156 3181//5156 3109//5156
f 3109//5157 3181//5157 3110//5157
f 3181//5158 3182//5158 3110//5158
f 3110//5159 3182//5159 3111//5159
f 3182//5160 3183//5160 3111//5160
f 3111//5161 3183//5161 3112//5161
f 3183//5162 3184//5162 3112//5162
f 3112//5163 3184//5163 3113//5163
f 3184//5164 3185//5164 3113//5164
f 3113//5165 3185//5165 3114//5165
f 3185//5166 3186//5166 3114//5166
f 3114//5167 3186//5167 3115//5167
f 3186//5168 3187//5168 3115//5168
f 3115//5169 3187//5169 3116//5169
f 3187//5170 3188//5170 3116//5170
f 3116//5171 3188//5171 3117//5171
f 3188//5172 3189//5172 3117//5172
f 3117//5173 3189//5173 3118//5173
f 3189//5174 3190//5174 3118//5174
f 3118//5175 3190//5175 3119//5175
f 3190//5176 3191//5176 3119//5176
f 3119//5177 3191//5177 3120//5177
f 3191//5178 3192//5178 3120//5178
f 3120//5179 3192//5179 3121//5179
f 3192//5180 3193//5180 3121//5180
f 3121//5181 3193//5181 3122//5181
f 3193//5182 3194//5182 3122//5182
f 3122//5183 3194//5183 3123//5183
f 3194//5184 3195//5184 3123//5184
f 3123//5185 3195//5185 3124//5185
f 3195//5186 3196//5186 3124//5186
f 3124//5187 3196//5187 3125//5187
f 3196//5188 3197//5188 3125//5188
f 3125//5189 3197//5189 3126//5189
f 3197//5190 3198//5190 3126//5190
f 3126//5191 3198//5191 3127//5191
f 3198//5192 3199//5192 3127//5192
f 3127//5193 3199//5193 3128//5193
f 3199//5194 3200//5194 3128//5194
f 3128//5195 3200//5195 3129//5195
f 3200//5196 3201//5196 3129//5196
f 3129//5197 3201//5197 3130//5197
f 3201//5198 3202//5198 3130//5198
f 3130//5199 3202//5199 3131//5199
f 3202//5200 3203//5200 3131//5200
f 3131//5201 3203//5201 3132//5201
f 3203//5202 3204//5202 3132//5202
f 3132//5203 3204//5203 3133//5203
f 3204//5204 3205//5204 3133//5204
f 3133//5205 3205//5205 3134//5205
f 3205//5206 3206//5206 3134//5206
f 3134//5207 3206//5207 3135//5207
f 3206//5208 3207//5208 3135//5208
f 3135//5209 3207//5209 3136//5209
f 3207//5210 3208//5210 3136//5210
f 3136//5211 3208//5211 3137//5211
f 3208//5212 3209//5212 3137//5212
f 3137//5213 3209//5213 3138//5213
f 3209//5214 3210//5214 3138//5214
f 3138//5215 3210//5215 3139//5215
f 3210//5216 3211//5216 3139//5216
f 3139//5217 3211//5217 3140//5217
f 3211//5218 3212//5218 3140//5218
f 3140//5219 3212//5219 3141//5219
f 3212//5220 3213//5220 3141//5220
f 3141//5221 3213//5221 3142//5221
f 3213//5222 3214//5222 3142//5222
f 3142//5223 3214//5223 3143//5223
f 3214//5224 3215//5224 3143//5224
f 3143//5225 3215//5225 3144//5225
f 3215//5226 3216//5226 3144//5226
f 3144//5227 3216//5227 3145//5227
f 3216//5228 3217//5228 3145//5228
f 3145//5229 3217//5229 3146//5229
f 3217//5230 3218//5230 3146//5230
f 3146//5231 3218//5231 3147//5231
f 3218//5232 3219//5232 3147//5232
f 3147//5233 3219//5233 3148//5233
f 3219//5234 3220//5234 3148//5234
f 3148//5235 3220//5235 3149//5235
f 3220//5236 3221//5236 3149//5236
f 3149//5237 3221//5237 3150//5237
f 3221//5238 3222//5238 3150//5238
f 3150//5239 3222//5239 3151//5239
f 3222//5240 3223//5240 3151//5240
f 3151//5241 3223//5241 3152//5241
f 3223//5242 3224//5242 3152//5242
f 3152//5243 3224//5243 3153//5243
f 3224//5244 3225//5244 3153//5244
f 3153//5245 3225//5245 3154//5245
f 3225//5246 3226//5246 3154//5246
f 3154//5247 3226//5247 3155//5247
f 3226//5248 3227//5248 3155//5248
f 3155//5249 3227//5249 3156//5249
f 3227//5250 3228//5250 3156//5250
f 3156//5251 3228//5251 3157//5251
f 3228//5252 3229//5252 3157//5252
f 3157//5253 3229//5253 3158//5253
f 3229//5254 3230//5254 3158//5254
f 3158//5255 3230//5255 3159//5255
f 3230//5256 3231//5256 3159//5256
f 3159//5257 3231//5257 3160//5257
f 3231//5258 3232//5258 3160//5258
f 3160//5259 3232//5259 3161//5259
f 3232//5260 3233//5260 3161//5260
f 3161//5261 3233//5261 3162//5261
f 3233//5262 3234//5262 3162//5262
f 3162//5263 3234//5263 3163//5263
f 3234//5264 3235//5264 3163//5264
f 3163//5265 3235//5265 3164//5265
f 3235//5266 3236//5266 3164//5266
f 3164//5267 3236//5267 3165//5267
f 3236//5268 3237//5268 3165//5268
f 3165//5269 3237//5269 3166//5269
f 3237//5270 3238//5270 3166//5270
f 3166//5271 3238//5271 3167//5271
f 3238//5272 3239//5272 3167//5272
f 3167//5273 3239//5273 3168//5273
f 3239//5274 3240//5274 3168//5274
f 3168//5275 3240//5275 3169//5275
f 3240//5276 3241//5276 3169//5276
f 3169//5277 3241//5277 3170//5277
f 3241//5278 3242//5278 3170//5278
f 3170//5279 3242//5279 3171//5279
f 3242//5280 3243//5280 3171//5280
f 3171//5281 3243//5281 3172//5281
f 3243//5282 3244//5282 3172//5282
f 3172//5283 3244//5283 3173//5283
f 3244//5284 3245//5284 3173//5284
f 3173//5285 3245//5285 3174//5285
f 3245//5286 3246//5286 3174//5286
f 3174//5287 3246//5287 3175//5287
f 3246//5288 3247//5288 3175//5288
f 3175//5289 3247//5289 3176//5289
f 3247//5290 3248//5290 3176//5290
f 3176//5291 3248//5291 3177//5291
f 3248//5292 3249//5292 3177//5292
f 3177//5293 3249//5293 3106//5293
f 3249//5294 3178//5294 3106//5294
f 3178//5295 2180//5295 3179//5295
f 2180//5296 2179//5296 3179//5296
f 3179//5297 2179//5297 3180//5297
f 2179//5298 2176//5298 3180//5298
f 3180//5299 2176//5299 3181//5299
f 2176//5300 2175//5300 3181//5300
f 3181//5301 2175//5301 3182//5301
f 2175//5302 2174//5302 3182//5302
f 3182//5303 2174//5303 3183//5303
f 2174//5304 2173//5304 3183//5304
f 3183//5305 2173//5305 3184//5305
f 2173//5306 2172//5306 3184//5306
f 3184//5307 2172//5307 3185//5307
f 2172//5308 2171//5308 3185//5308
f 3185//5309 2171//5309 3186//5309
f 2171//5310 2170//5310 3186//5310
f 3186//5311 2170//5311 3187//5311
f 2170//5312 2217//5312 3187//5312
f 3187//5313 2217//5313 3188//5313
f 2217//5314 2216//5314 3188//5314
f 3188//5315 2216//5315 3189//5315
f 2216//5316 2215//5316 3189//5316
f 3189//5317 2215//5317 3190//5317
f 2215//5318 2220//5318 3190//5318
f 3190//5319 2220//5319 3191//5319
f 2220//5320 2221//5320 3191//5320
f 3191//5321 2221//5321 3192//5321
f 2221//5322 2222//5322 3192//5322
f 3192//5323 2222//5323 3193//5323
f 2222//5324 2223//5324 3193//5324
f 3193//5325 2223//5325 3194//5325
f 2223//5326 2224//5326 3194//5326
f 3194//5327 2224//5327 3195//5327
f 2224//5328 2225//5328 3195//5328
f 3195//5329 2225//5329 3196//5329
f 2225//5330 2226//5330 3196//5330
f 3196//5331 2226//5331 3197//5331
f 2226//5332 2227//5332 3197//5332
f 3197//5333 2227//5333 3198//5333
f 2227//5334 2228//5334 3198//5334
f 3198//5335 2228//5335 3199//5335
f 2228//5336 2229//5336 3199//5336
f 3199//5337 2229//5337 3200//5337
f 2229//5338 2230//5338 3200//5338
f 3200//5339 2230//5339 3201//5339
f 2230//5340 2231//5340 3201//5340
f 3201//5341 2231//5341 3202//5341
f 2231//5342 2232//5342 3202//5342
f 3202//5343 2232//5343 3203//5343
f 2232//5344 2233//5344 3203//5344
f 3203//5345 2233//5345 3204//5345
f 2233//5346 2234//5346 3204//5346
f 3204//5347 2234//5347 3205//5347
f 2234//5348 2235//5348 3205//5348
f 3205//5349 2235//5349 3206//5349
f 2235//5350 2236//5350 3206//5350
f 3206//5351 2236//5351 3207//5351
f 2236//5352 2237//5352 3207//5352
f 3207//5353 2237//5353 3208//5353
f 2237//5354 2238//5354 3208//5354
f 3208//5355 2238//5355 3209//5355
f 2238//5356 2239//5356 3209//5356
f 3209//5357 2239//5357 3210//5357
f 2239//5358 2240//5358 3210//5358
f 3210//5359 2240//5359 3211//5359
f 2240//5360 2241//5360 3211//5360
f 3211//5361 2241//5361 3212//5361
f 2241//5362 2188//5362 3212//5362
f 3212//5363 2188//5363 3213//5363
f 2188//5364 2189//5364 3213//5364
f 3213//5365 2189//5365 3214//5365
f 2189//5366 2190//5366 3214//5366
f 3214//5367 2190//5367 3215//5367
f 2190//5368 2191//5368 3215//5368
f 3215//5369 2191//5369 3216//5369
f 2191//5370 2192//5370 3216//5370
f 3216//5371 2192//5371 3217//5371
f 2192//5372 2193//5372 3217//5372
f 3217//5373 2193//5373 3218//5373
f 2193//5374 2194//5374 3218//5374
f 3218//5375 2194//5375 3219//5375
f 2194//5376 2195//5376 3219//5376
f 3219//5377 2195//5377 3220//5377
f 2195//5378 2196//5378 3220//5378
f 3220//5379 2196//5379 3221//5379
f 2196//5380 2197//5380 3221//5380
f 3221//5381 2197//5381 3222//5381
f 2197//5382 2198//5382 3222//5382
f 3222//5383 2198//5383 3223//5383
f 2198//5384 2199//5384 3223//5384
f 3223//5385 2199//5385 3224//5385
f 2199//5386 2200//5386 3224//5386
f 3224//5387 2200//5387 3225//5387
f 2200//5388 2201//5388 3225//5388
f 3225//5389 2201//5389 3226//5389
f 2201//5390 2202//5390 3226//5390
f 3226//5391 2202//5391 3227//5391
f 2202//5392 2203//5392 3227//5392
f 3227//5393 2203//5393 3228//5393
f 2203//5394 2204//5394 3228//5394
f 3228//5395 2204//5395 3229//5395
f 2204//5396 2205//5396 3229//5396
f 3229//5397 2205//5397 3230//5397
f 2205//5398 2206//5398 3230//5398
f 3230//5399 2206//5399 3231//5399
f 2206//5400 2207//5400 3231//5400
f 3231//5401 2207//5401 3232//5401
f 2207//5402 2208//5402 3232//5402
f 3232//5403 2208//5403 3233//5403
f 2208//5404 2209//5404 3233//5404
f 3233//5405 2209//5405 3234//5405
f 2209//5406 2210//5406 3234//5406
f 3234//5407 2210//5407 3235//5407
f 2210//5408 2211//5408 3235//5408
f 3235//5409 2211//5409 3236//5409
f 2211//5410 2212//5410 3236//5410
f 3236//5411 2212//5411 3237//5411
f 2212//5412 2213//5412 3237//5412
f 3237//5413 2213//5413 3238//5413
f 2213//5414 2214//5414 3238//5414
f 3238//5415 2214//5415 3239//5415
f 2214//5416 2178//5416 3239//5416
f 3239//5417 2178//5417 3240//5417
f 2178//5418 2177//5418 3240//5418
f 3240//5419 2177//5419 3241//5419
f 2177//5420 2187//5420 3241//5420
f 3241//5421 2187//5421 3242//5421
f 2187//5422 2186//5422 3242//5422
f 3242//5423 2186//5423 3243//5423
f 2186//5424 2219//5424 3243//5424
f 3243//5425 2219//5425 3244//5425
f 2219//5426 2218//5426 3244//5426
f 3244//5427 2218//5427 3245//5427
f 2218//5428 2185//5428 3245//5428
f 3245//5429 2185//5429 3246//5429
f 2185//5430 2184//5430 3246//5430
f 3246//5431 2184//5431 3247//5431
f 2184//5432 2183//5432 3247//5432
f 3247//5433 2183//5433 3248//5433
f 2183//5434 2182//5434 3248//5434
f 3248//5435 2182//5435 3249//5435
f 2182//5436 2181//5436 3249//5436
f 3249//5437 2181//5437 3178//5437
f 2181//5438 2180//5438 3178//5438
f 299//5439 297//5439 1946//5439
f 297//5440 296//5440 1946//5440
f 1946//5440 296//5440 1947//5440
f 296//5441 439//5441 1947//5441
f 1947//5441 439//5441 1948//5441
f 439//5442 437//5442 1948//5442
f 1948//5442 437//5442 1949//5442
f 437//5443 435//5443 1949//5443
f 1949//5443 435//5443 1950//5443
f 435//5444 433//5444 1950//5444
f 1950//5444 433//5444 1967//5444
f 433//5445 431//5445 1967//5445
f 1967//5445 431//5445 1968//5445
f 431//5446 429//5446 1968//5446
f 1968//5446 429//5446 1955//5446
f 429//5447 427//5447 1955//5447
f 1955//5447 427//5447 1954//5447
f 427//5448 425//5448 1954//5448
f 1954//5448 425//5448 1953//5448
f 425//5449 423//5449 1953//5449
f 1953//5449 423//5449 1969//5449
f 423//5450 421//5450 1969//5450
f 1969//5450 421//5450 1970//5450
f 421//5451 419//5451 1970//5451
f 1970//5451 419//5451 1956//5451
f 419//5452 417//5452 1956//5452
f 1956//5452 417//5452 1957//5452
f 417//5453 415//5453 1957//5453
f 1957//5453 415//5453 1971//5453
f 415//5454 413//5454 1971//5454
f 1971//5454 413//5454 1972//5454
f 413//5455 411//5455 1972//5455
f 1972//5455 411//5455 1973//5455
f 411//5456 409//5456 1973//5456
f 1973//5456 409//5456 1974//5456
f 409//5457 407//5457 1974//5457
f 1974//5457 407//5457 1975//5457
f 407//5458 405//5458 1975//5458
f 1975//5458 405//5458 1976//5458
f 405//5459 403//5459 1976//5459
f 1976//5459 403//5459 1951//5459
f 403//5460 401//5460 1951//5460
f 1951//5460 401//5460 1952//5460
f 401//5461 399//5461 1952//5461
f 1952//5461 399//5461 1958//5461
f 399//5462 397//5462 1958//5462
f 1958//5462 397//5462 1959//5462
f 397//5463 395//5463 1959//5463
f 1959//5463 395//5463 1960//5463
f 395//5464 393//5464 1960//5464
f 1960//5464 393//5464 1961//5464
f 393//5465 391//5465 1961//5465
f 1961//5465 391//5465 1962//5465
f 391//5466 389//5466 1962//5466
f 1962//5466 389//5466 1963//5466
f 389//5467 387//5467 1963//5467
f 1963//5467 387//5467 1964//5467
f 387//5468 385//5468 1964//5468
f 1964//5468 385//5468 1965//5468
f 385//5469 383//5469 1965//5469
f 1965//5469 383//5469 1966//5469
f 383//5470 381//5470 1966//5470
f 1966//5470 381//5470 1977//5470
f 381//5471 379//5471 1977//5471
f 1977//5471 379//5471 1978//5471
f 379//5472 377//5472 1978//5472
f 1978//5472 377//5472 1979//5472
f 377//5473 375//5473 1979//5473
f 1979//5473 375//5473 1980//5473
f 375//5474 373//5474 1980//5474
f 1980//5474 373//5474 1981//5474
f 373//5475 371//5475 1981//5475
f 1981//5475 371//5475 1982//5475
f 371//5476 369//5476 1982//5476
f 1982//5476 369//5476 2146//5476
f 369//5477 367//5477 2146//5477
f 2146//5477 367//5477 2147//5477
f 367//5478 365//5478 2147//5478
f 2147//5478 365//5478 2148//5478
f 365//5479 363//5479 2148//5479
f 2148//5479 363//5479 2154//5479
f 363//5480 361//5480 2154//5480
f 2154//5480 361//5480 2155//5480
f 361//5481 359//5481 2155//5481
f 2155//5481 359//5481 2156//5481
f 359//5482 357//5482 2156//5482
f 2156//5482 357//5482 2157//5482
f 357//5483 355//5483 2157//5483
f 2157//5483 355//5483 2158//5483
f 355//5484 353//5484 2158//5484
f 2158//5484 353//5484 2159//5484
f 353//5485 351//5485 2159//5485
f 2159//5485 351//5485 2162//5485
f 351//5486 349//5486 2162//5486
f 2162//5486 349//5486 2163//5486
f 349//5487 347//5487 2163//5487
f 2163//5487 347//5487 2164//5487
f 347//5488 345//5488 2164//5488
f 2164//5488 345//5488 2165//5488
f 345//5489 343//5489 2165//5489
f 2165//5489 343//5489 2166//5489
f 343//5490 341//5490 2166//5490
f 2166//5490 341//5490 2167//5490
f 341//5491 339//5491 2167//5491
f 2167//5491 339//5491 2168//5491
f 339//5492 337//5492 2168//5492
f 2168//5492 337//5492 2169//5492
f 337//5493 335//5493 2169//5493
f 2169//5493 335//5493 2160//5493
f 335//5494 333//5494 2160//5494
f 2160//5494 333//5494 2161//5494
f 333//5495 331//5495 2161//5495
f 2161//5495 331//5495 2138//5495
f 331//5496 329//5496 2138//5496
f 2138//5496 329//5496 2139//5496
f 329//5497 327//5497 2139//5497
f 2139//5497 327//5497 2140//5497
f 327//5498 325//5498 2140//5498
f 2140//5498 325//5498 2141//5498
f 325//5499 323//5499 2141//5499
f 2141//5499 323//5499 2142//5499
f 323//5500 321//5500 2142//5500
f 2142//5500 321//5500 2143//5500
f 321//5501 319//5501 2143//5501
f 2143//5501 319//5501 2144//5501
f 319//5502 317//5502 2144//5502
f 2144//5502 317//5502 2145//5502
f 317//5503 315//5503 2145//5503
f 2145//5503 315//5503 2149//5503
f 315//5504 313//5504 2149//5504
f 2149//5504 313//5504 2150//5504
f 313//5505 311//5505 2150//5505
f 2150//5505 311//5505 2151//5505
f 311//5506 309//5506 2151//5506
f 2151//5506 309//5506 2152//5506
f 309//5507 307//5507 2152//5507
f 2152//5507 307//5507 2153//5507
f 307//5508 305//5508 2153//5508
f 2153//5508 305//5508 2135//5508
f 305//5509 303//5509 2135//5509
f 2135//5509 303//5509 2136//5509
f 303//5510 301//5510 2136//5510
f 2136//5510 301//5510 2137//5510
f 301//5511 299//5511 2137//5511
f 2137//5512 299//5512 1946//5512
f 1738//5513 1740//5513 1982//5513
f 1740//5514 1795//5514 1982//5514
f 1982//5515 1795//5515 1793//5515
# Vertices: 3249, normals: 5515, texture coordinates: 0, faces: 6498

