# File generated by ImageToStl.com - Free Image and 3D model conversion tools

o obj1
v -0.00339919 -7.429E-05 0.01447863
v -0.00324856 -0.00035589 0.01425
v -0.00337978 -0.00037027 0.01447863
v -0.00320518 -0.00063767 0.01425
v -0.00333465 -0.00066343 0.01447863
v -0.00313741 -0.00091459 0.01425
v -0.00326414 -0.00095153 0.01447863
v -0.00304576 -0.00118456 0.01425
v -0.00316878 -0.0012324 0.01447863
v -0.00293093 -0.0014455 0.01425
v -0.00304931 -0.00150389 0.01447863
v -0.00279379 -0.00169545 0.01425
v -0.00290664 -0.00176393 0.01447863
v -0.00263539 -0.00193249 0.01425
v -0.00274184 -0.00201055 0.01447863
v -0.00245694 -0.00215483 0.01425
v -0.00255618 -0.00224187 0.01447863
v -0.00225978 -0.00236077 0.01425
v -0.00235106 -0.00245612 0.01447863
v -0.00204543 -0.00254873 0.01425
v -0.00212805 -0.00265168 0.01447863
v -0.00181551 -0.00271731 0.01425
v -0.00188884 -0.00282706 0.01447863
v -0.00157177 -0.0028652 0.01425
v -0.00163526 -0.00298093 0.01447863
v -0.00131607 -0.00299128 0.01425
v -0.00136923 -0.00311211 0.01447863
v -0.00105035 -0.0030946 0.01425
v -0.00109278 -0.0032196 0.01447863
v -0.00077665 -0.00317437 0.01425
v -0.00080802 -0.00330259 0.01447863
v -0.00049702 -0.00322998 0.01425
v -0.0005171 -0.00336045 0.01447863
v -0.00021362 -0.00326101 0.01425
v -0.00022225 -0.00339273 0.01447863
v -0 -0.0034 0.01447863
v 7.141E-05 -0.00326722 0.01425
v 7.429E-05 -0.00339919 0.01447863
v 0.00035589 -0.00324856 0.01425
v 0.00037027 -0.00337978 0.01447863
v 0.00063767 -0.00320518 0.01425
v 0.00066343 -0.00333465 0.01447863
v 0.00091459 -0.00313741 0.01425
v 0.00095153 -0.00326414 0.01447863
v 0.00118456 -0.00304576 0.01425
v 0.0012324 -0.00316878 0.01447863
v 0.0014455 -0.00293093 0.01425
v 0.00150389 -0.00304931 0.01447863
v 0.00169545 -0.00279379 0.01425
v 0.00176393 -0.00290664 0.01447863
v 0.00193249 -0.00263539 0.01425
v 0.00201055 -0.00274184 0.01447863
v 0.00215483 -0.00245694 0.01425
v 0.00224187 -0.00255618 0.01447863
v 0.00236077 -0.00225978 0.01425
v 0.00245612 -0.00235106 0.01447863
v 0.00254873 -0.00204543 0.01425
v 0.00265168 -0.00212805 0.01447863
v 0.00271731 -0.00181551 0.01425
v 0.00282706 -0.00188884 0.01447863
v 0.0028652 -0.00157177 0.01425
v 0.00298093 -0.00163526 0.01447863
v 0.00299128 -0.00131607 0.01425
v 0.00311211 -0.00136923 0.01447863
v 0.0030946 -0.00105035 0.01425
v 0.0032196 -0.00109278 0.01447863
v 0.00317437 -0.00077665 0.01425
v 0.00330259 -0.00080802 0.01447863
v 0.00322998 -0.00049702 0.01425
v 0.00336045 -0.0005171 0.01447863
v 0.00326101 -0.00021362 0.01425
v 0.00339273 -0.00022225 0.01447863
v 0.0032625 -0.00018947 0.01425
v 0.00339428 -0.00019712 0.01447863
v 0.00326722 7.141E-05 0.01425
v 0.00339919 7.429E-05 0.01447863
v 0.00324856 0.00035589 0.01425
v 0.00337978 0.00037027 0.01447863
v 0.00320518 0.00063767 0.01425
v 0.00333465 0.00066343 0.01447863
v 0.00313741 0.00091459 0.01425
v 0.00326414 0.00095153 0.01447863
v 0.00304576 0.00118456 0.01425
v 0.00316878 0.0012324 0.01447863
v 0.00293093 0.0014455 0.01425
v 0.00304931 0.00150389 0.01447863
v 0.00279379 0.00169545 0.01425
v 0.00290664 0.00176393 0.01447863
v 0.00263539 0.00193249 0.01425
v 0.00274184 0.00201055 0.01447863
v 0.00245694 0.00215483 0.01425
v 0.00255618 0.00224187 0.01447863
v 0.00225978 0.00236077 0.01425
v 0.00235106 0.00245612 0.01447863
v 0.00204543 0.00254873 0.01425
v 0.00212805 0.00265168 0.01447863
v 0.00181551 0.00271731 0.01425
v 0.00188884 0.00282706 0.01447863
v 0.00157177 0.0028652 0.01425
v 0.00163526 0.00298093 0.01447863
v 0.00131607 0.00299128 0.01425
v 0.00136923 0.00311211 0.01447863
v 0.00105035 0.0030946 0.01425
v 0.00109278 0.0032196 0.01447863
v 0.00077665 0.00317437 0.01425
v 0.00080802 0.00330259 0.01447863
v 0.00049702 0.00322998 0.01425
v 0.0005171 0.00336045 0.01447863
v 0.00021362 0.00326101 0.01425
v 0.00022225 0.00339273 0.01447863
v -7.141E-05 0.00326722 0.01425
v -7.429E-05 0.00339919 0.01447863
v -0.00035589 0.00324856 0.01425
v -0.00037027 0.00337978 0.01447863
v -0.00063767 0.00320518 0.01425
v -0.00066343 0.00333465 0.01447863
v -0.00091459 0.00313741 0.01425
v -0.00095153 0.00326414 0.01447863
v -0.00118456 0.00304576 0.01425
v -0.0012324 0.00316878 0.01447863
v -0.0014455 0.00293093 0.01425
v -0.00150389 0.00304931 0.01447863
v -0.00169545 0.00279379 0.01425
v -0.00176393 0.00290664 0.01447863
v -0.00193249 0.00263539 0.01425
v -0.00201055 0.00274184 0.01447863
v -0.00215483 0.00245694 0.01425
v -0.00224187 0.00255618 0.01447863
v -0.00236077 0.00225978 0.01425
v -0.00245612 0.00235106 0.01447863
v -0.00254873 0.00204543 0.01425
v -0.00265168 0.00212805 0.01447863
v -0.00271731 0.00181551 0.01425
v -0.00282706 0.00188884 0.01447863
v -0.0028652 0.00157177 0.01425
v -0.00298093 0.00163526 0.01447863
v -0.00299128 0.00131607 0.01425
v -0.00311211 0.00136923 0.01447863
v -0.0030946 0.00105035 0.01425
v -0.0032196 0.00109278 0.01447863
v -0.00317437 0.00077665 0.01425
v -0.00330259 0.00080802 0.01447863
v -0.00322998 0.00049702 0.01425
v -0.00336045 0.0005171 0.01447863
v -0.00326101 0.00021362 0.01425
v -0.00339273 0.00022225 0.01447863
v -0.0032625 0.00018947 0.01425
v -0.00326722 -7.141E-05 0.01425
v -0 0 0.01425
v 0.00339919 7.429E-05 -0.01447863
v 0.00337978 0.00037027 -0.01447863
v 0.00333465 0.00066343 -0.01447863
v 0.00326414 0.00095153 -0.01447863
v 0.00316878 0.0012324 -0.01447863
v 0.00304931 0.00150389 -0.01447863
v 0.00290664 0.00176393 -0.01447863
v 0.00274184 0.00201055 -0.01447863
v 0.00255618 0.00224187 -0.01447863
v 0.00235106 0.00245612 -0.01447863
v 0.00212805 0.00265168 -0.01447863
v 0.00188884 0.00282706 -0.01447863
v 0.00163526 0.00298093 -0.01447863
v 0.00136923 0.00311211 -0.01447863
v 0.00109278 0.0032196 -0.01447863
v 0.00080802 0.00330259 -0.01447863
v 0.0005171 0.00336045 -0.01447863
v 0.00022225 0.00339273 -0.01447863
v 0 0.0034 -0.01447863
v -7.429E-05 0.00339919 -0.01447863
v -0.00037027 0.00337978 -0.01447863
v -0.00066343 0.00333465 -0.01447863
v -0.00095153 0.00326414 -0.01447863
v -0.0012324 0.00316878 -0.01447863
v -0.00150389 0.00304931 -0.01447863
v -0.00176393 0.00290664 -0.01447863
v -0.00201055 0.00274184 -0.01447863
v -0.00224187 0.00255618 -0.01447863
v -0.00245612 0.00235106 -0.01447863
v -0.00265168 0.00212805 -0.01447863
v -0.00282706 0.00188884 -0.01447863
v -0.00298093 0.00163526 -0.01447863
v -0.00311211 0.00136923 -0.01447863
v -0.0032196 0.00109278 -0.01447863
v -0.00330259 0.00080802 -0.01447863
v -0.00336045 0.0005171 -0.01447863
v -0.00339273 0.00022225 -0.01447863
v -0.00339919 -7.429E-05 -0.01447863
v -0.00337978 -0.00037027 -0.01447863
v -0.00333465 -0.00066343 -0.01447863
v -0.00326414 -0.00095153 -0.01447863
v -0.00316878 -0.0012324 -0.01447863
v -0.00304931 -0.00150389 -0.01447863
v -0.00290664 -0.00176393 -0.01447863
v -0.00274184 -0.00201055 -0.01447863
v -0.00255618 -0.00224187 -0.01447863
v -0.00235106 -0.00245612 -0.01447863
v -0.00212805 -0.00265168 -0.01447863
v -0.00188884 -0.00282706 -0.01447863
v -0.00163526 -0.00298093 -0.01447863
v -0.00136923 -0.00311211 -0.01447863
v -0.00109278 -0.0032196 -0.01447863
v -0.00080802 -0.00330259 -0.01447863
v -0.0005171 -0.00336045 -0.01447863
v -0.00022225 -0.00339273 -0.01447863
v 7.429E-05 -0.00339919 -0.01447863
v 0.00037027 -0.00337978 -0.01447863
v 0.00066343 -0.00333465 -0.01447863
v 0.00095153 -0.00326414 -0.01447863
v 0.0012324 -0.00316878 -0.01447863
v 0.00150389 -0.00304931 -0.01447863
v 0.00176393 -0.00290664 -0.01447863
v 0.00201055 -0.00274184 -0.01447863
v 0.00224187 -0.00255618 -0.01447863
v 0.00245612 -0.00235106 -0.01447863
v 0.00265168 -0.00212805 -0.01447863
v 0.00282706 -0.00188884 -0.01447863
v 0.00298093 -0.00163526 -0.01447863
v 0.00311211 -0.00136923 -0.01447863
v 0.0032196 -0.00109278 -0.01447863
v 0.00330259 -0.00080802 -0.01447863
v 0.00336045 -0.0005171 -0.01447863
v 0.00339273 -0.00022225 -0.01447863
v -7.141E-05 0.00326722 -0.01425
v -0.00035589 0.00324856 -0.01425
v -0.00063767 0.00320518 -0.01425
v -0.00091459 0.00313741 -0.01425
v -0.00118456 0.00304576 -0.01425
v -0.0014455 0.00293093 -0.01425
v -0.00169545 0.00279379 -0.01425
v -0.00193249 0.00263539 -0.01425
v -0.00215483 0.00245694 -0.01425
v -0.00236077 0.00225978 -0.01425
v -0.00254873 0.00204543 -0.01425
v -0.00271731 0.00181551 -0.01425
v -0.0028652 0.00157177 -0.01425
v -0.00299128 0.00131607 -0.01425
v -0.0030946 0.00105035 -0.01425
v -0.00317437 0.00077665 -0.01425
v -0.00322998 0.00049702 -0.01425
v -0.00326101 0.00021362 -0.01425
v -0.00326722 -7.141E-05 -0.01425
v -0.00324856 -0.00035589 -0.01425
v -0.00320518 -0.00063767 -0.01425
v -0.00313741 -0.00091459 -0.01425
v -0.00304576 -0.00118456 -0.01425
v -0.00293093 -0.0014455 -0.01425
v -0.00279379 -0.00169545 -0.01425
v -0.00263539 -0.00193249 -0.01425
v -0.00245694 -0.00215483 -0.01425
v -0.00225978 -0.00236077 -0.01425
v -0.00204543 -0.00254873 -0.01425
v -0.00181551 -0.00271731 -0.01425
v -0.00157177 -0.0028652 -0.01425
v -0.00131607 -0.00299128 -0.01425
v -0.00105035 -0.0030946 -0.01425
v -0.00077665 -0.00317437 -0.01425
v -0.00049702 -0.00322998 -0.01425
v -0.00021362 -0.00326101 -0.01425
v 7.141E-05 -0.00326722 -0.01425
v 0.00035589 -0.00324856 -0.01425
v 0.00063767 -0.00320518 -0.01425
v 0.00091459 -0.00313741 -0.01425
v 0.00118456 -0.00304576 -0.01425
v 0.0014455 -0.00293093 -0.01425
v 0.00169545 -0.00279379 -0.01425
v 0.00193249 -0.00263539 -0.01425
v 0.00215483 -0.00245694 -0.01425
v 0.00236077 -0.00225978 -0.01425
v 0.00254873 -0.00204543 -0.01425
v 0.00271731 -0.00181551 -0.01425
v 0.0028652 -0.00157177 -0.01425
v 0.00299128 -0.00131607 -0.01425
v 0.0030946 -0.00105035 -0.01425
v 0.00317437 -0.00077665 -0.01425
v 0.00322998 -0.00049702 -0.01425
v 0.00326101 -0.00021362 -0.01425
v 0.00326722 7.141E-05 -0.01425
v 0.00324856 0.00035589 -0.01425
v 0.00320518 0.00063767 -0.01425
v 0.00313741 0.00091459 -0.01425
v 0.00304576 0.00118456 -0.01425
v 0.00293093 0.0014455 -0.01425
v 0.00279379 0.00169545 -0.01425
v 0.00263539 0.00193249 -0.01425
v 0.00245694 0.00215483 -0.01425
v 0.00225978 0.00236077 -0.01425
v 0.00204543 0.00254873 -0.01425
v 0.00181551 0.00271731 -0.01425
v 0.00157177 0.0028652 -0.01425
v 0.00131607 0.00299128 -0.01425
v 0.00105035 0.0030946 -0.01425
v 0.00077665 0.00317437 -0.01425
v 0.00049702 0.00322998 -0.01425
v 0.00021362 0.00326101 -0.01425
v 0 -0 -0.01425
v 0 0.004 -0.02875
v 0.00026147 0.00399145 -0.02875
v 0.00026147 0.00399145 -0.03925
v 0.00060835 0.00395347 -0.02875
v 0.00060835 0.00395347 -0.03925
v 0.00095061 0.0038854 -0.02875
v 0.00095061 0.0038854 -0.03925
v 0.00128562 0.00378777 -0.02875
v 0.00128562 0.00378777 -0.03925
v 0.00161086 0.0036613 -0.02875
v 0.00161086 0.0036613 -0.03925
v 0.00192383 0.00350698 -0.02875
v 0.00192383 0.00350698 -0.03925
v 0.00222216 0.00332596 -0.02875
v 0.00222216 0.00332596 -0.03925
v 0.00250358 0.00311963 -0.02875
v 0.00250358 0.00311963 -0.03925
v 0.00276595 0.00288955 -0.02875
v 0.00276595 0.00288955 -0.03925
v 0.00300727 0.00263749 -0.02875
v 0.00300727 0.00263749 -0.03925
v 0.00322569 0.00236535 -0.02875
v 0.00322569 0.00236535 -0.03925
v 0.00341957 0.00207521 -0.02875
v 0.00341957 0.00207521 -0.03925
v 0.00358743 0.00176928 -0.02875
v 0.00358743 0.00176928 -0.03925
v 0.00372798 0.00144988 -0.02875
v 0.00372798 0.00144988 -0.03925
v 0.00384016 0.00111945 -0.02875
v 0.00384016 0.00111945 -0.03925
v 0.00392311 0.0007805 -0.02875
v 0.00392311 0.0007805 -0.03925
v 0.00397621 0.00043561 -0.02875
v 0.00397621 0.00043561 -0.03925
v 0.00399905 8.74E-05 -0.02875
v 0.00399905 8.74E-05 -0.03925
v 0.00399145 -0.00026147 -0.02875
v 0.00399145 -0.00026147 -0.03925
v 0.00395347 -0.00060835 -0.02875
v 0.00395347 -0.00060835 -0.03925
v 0.0038854 -0.00095061 -0.02875
v 0.0038854 -0.00095061 -0.03925
v 0.00378777 -0.00128562 -0.02875
v 0.00378777 -0.00128562 -0.03925
v 0.0036613 -0.00161086 -0.02875
v 0.0036613 -0.00161086 -0.03925
v 0.00350698 -0.00192383 -0.02875
v 0.00350698 -0.00192383 -0.03925
v 0.00332596 -0.00222216 -0.02875
v 0.00332596 -0.00222216 -0.03925
v 0.00311963 -0.00250358 -0.02875
v 0.00311963 -0.00250358 -0.03925
v 0.00288955 -0.00276595 -0.02875
v 0.00288955 -0.00276595 -0.03925
v 0.00263749 -0.00300727 -0.02875
v 0.00263749 -0.00300727 -0.03925
v 0.00236535 -0.00322569 -0.02875
v 0.00236535 -0.00322569 -0.03925
v 0.00207521 -0.00341957 -0.02875
v 0.00207521 -0.00341957 -0.03925
v 0.00176928 -0.00358743 -0.02875
v 0.00176928 -0.00358743 -0.03925
v 0.00144988 -0.00372798 -0.02875
v 0.00144988 -0.00372798 -0.03925
v 0.00111945 -0.00384016 -0.02875
v 0.00111945 -0.00384016 -0.03925
v 0.0007805 -0.00392311 -0.02875
v 0.0007805 -0.00392311 -0.03925
v 0.00043561 -0.00397621 -0.02875
v 0.00043561 -0.00397621 -0.03925
v 8.74E-05 -0.00399905 -0.02875
v 8.74E-05 -0.00399905 -0.03925
v -0.00026147 -0.00399145 -0.02875
v -0.00026147 -0.00399145 -0.03925
v -0.00060835 -0.00395347 -0.02875
v -0.00060835 -0.00395347 -0.03925
v -0.00095061 -0.0038854 -0.02875
v -0.00095061 -0.0038854 -0.03925
v -0.00128562 -0.00378777 -0.02875
v -0.00128562 -0.00378777 -0.03925
v -0.00161086 -0.0036613 -0.02875
v -0.00161086 -0.0036613 -0.03925
v -0.00192383 -0.00350698 -0.02875
v -0.00192383 -0.00350698 -0.03925
v -0.00222216 -0.00332596 -0.02875
v -0.00222216 -0.00332596 -0.03925
v -0.00250358 -0.00311963 -0.02875
v -0.00250358 -0.00311963 -0.03925
v -0.00276595 -0.00288955 -0.02875
v -0.00276595 -0.00288955 -0.03925
v -0.00300727 -0.00263749 -0.02875
v -0.00300727 -0.00263749 -0.03925
v -0.00322569 -0.00236535 -0.02875
v -0.00322569 -0.00236535 -0.03925
v -0.00341957 -0.00207521 -0.02875
v -0.00341957 -0.00207521 -0.03925
v -0.00358743 -0.00176928 -0.02875
v -0.00358743 -0.00176928 -0.03925
v -0.00372798 -0.00144988 -0.02875
v -0.00372798 -0.00144988 -0.03925
v -0.00384016 -0.00111945 -0.02875
v -0.00384016 -0.00111945 -0.03925
v -0.00392311 -0.0007805 -0.02875
v -0.00392311 -0.0007805 -0.03925
v -0.00397621 -0.00043561 -0.02875
v -0.00397621 -0.00043561 -0.03925
v -0.00399905 -8.74E-05 -0.02875
v -0.00399905 -8.74E-05 -0.03925
v -0.00399145 0.00026147 -0.02875
v -0.00399145 0.00026147 -0.03925
v -0.00395347 0.00060835 -0.02875
v -0.00395347 0.00060835 -0.03925
v -0.0038854 0.00095061 -0.02875
v -0.0038854 0.00095061 -0.03925
v -0.00378777 0.00128562 -0.02875
v -0.00378777 0.00128562 -0.03925
v -0.0036613 0.00161086 -0.02875
v -0.0036613 0.00161086 -0.03925
v -0.00350698 0.00192383 -0.02875
v -0.00350698 0.00192383 -0.03925
v -0.00332596 0.00222216 -0.02875
v -0.00332596 0.00222216 -0.03925
v -0.00311963 0.00250358 -0.02875
v -0.00311963 0.00250358 -0.03925
v -0.00288955 0.00276595 -0.02875
v -0.00288955 0.00276595 -0.03925
v -0.00263749 0.00300727 -0.02875
v -0.00263749 0.00300727 -0.03925
v -0.00236535 0.00322569 -0.02875
v -0.00236535 0.00322569 -0.03925
v -0.00207521 0.00341957 -0.02875
v -0.00207521 0.00341957 -0.03925
v -0.00176928 0.00358743 -0.02875
v -0.00176928 0.00358743 -0.03925
v -0.00144988 0.00372798 -0.02875
v -0.00144988 0.00372798 -0.03925
v -0.00111945 0.00384016 -0.02875
v -0.00111945 0.00384016 -0.03925
v -0.0007805 0.00392311 -0.02875
v -0.0007805 0.00392311 -0.03925
v -0.00043561 0.00397621 -0.02875
v -0.00043561 0.00397621 -0.03925
v -8.74E-05 0.00399905 -0.02875
v -8.74E-05 0.00399905 -0.03925
v -0.00422608 -0.0022383 -0.05141484
v -0.00369145 -0.00206615 -0.05103374
v -0.0040267 -0.00275093 -0.05148726
v -0.00348008 -0.00260962 -0.05111051
v -0.00383038 -0.00325573 -0.05160733
v -0.00327195 -0.00314478 -0.05123781
v -0.00363859 -0.00374885 -0.05177416
v -0.00306862 -0.00366757 -0.05141467
v -0.00345281 -0.00422655 -0.05198647
v -0.00287166 -0.004174 -0.05163975
v -0.00327444 -0.00468518 -0.05224264
v -0.00268256 -0.00466023 -0.05191133
v -0.00310484 -0.00512126 -0.05254072
v -0.00250276 -0.00512254 -0.05222735
v -0.0029453 -0.00553147 -0.05287845
v -0.00233362 -0.00555742 -0.05258539
v -0.00279704 -0.00591268 -0.05325326
v -0.00217644 -0.00596157 -0.05298275
v -0.00266118 -0.006262 -0.05366229
v -0.00203242 -0.0063319 -0.05341638
v -0.00253876 -0.00657676 -0.05410242
v -0.00190263 -0.0066656 -0.053883
v -0.00243072 -0.00685457 -0.05457032
v -0.00178809 -0.00696012 -0.05437904
v -0.00233786 -0.00709332 -0.05506242
v -0.00168965 -0.00721323 -0.05490074
v -0.00226091 -0.00729119 -0.05557497
v -0.00160806 -0.00742301 -0.05544413
v -0.00220044 -0.00744667 -0.05610408
v -0.00154396 -0.00758784 -0.05600506
v -0.00215691 -0.00755858 -0.05664571
v -0.00149781 -0.00770648 -0.05657928
v -0.00213067 -0.00762607 -0.05719575
v -0.00146999 -0.00777803 -0.0571624
v -0.00212189 -0.00764863 -0.05775
v -0.00146069 -0.00780194 -0.05775
v -0.00213067 -0.00762607 -0.05830425
v -0.00146999 -0.00777803 -0.0583376
v -0.00215691 -0.00755858 -0.05885429
v -0.00149781 -0.00770648 -0.05892072
v -0.00220044 -0.00744667 -0.05939592
v -0.00154396 -0.00758784 -0.05949493
v -0.00226091 -0.00729119 -0.05992503
v -0.00160806 -0.00742301 -0.06005587
v -0.00233786 -0.00709332 -0.06043758
v -0.00168965 -0.00721323 -0.06059926
v -0.00243072 -0.00685457 -0.06092968
v -0.00178809 -0.00696012 -0.06112096
v -0.00253876 -0.00657676 -0.06139757
v -0.00190263 -0.0066656 -0.061617
v -0.00266118 -0.006262 -0.06183771
v -0.00203242 -0.0063319 -0.06208362
v -0.00279704 -0.00591268 -0.06224674
v -0.00217644 -0.00596157 -0.06251726
v -0.0029453 -0.00553147 -0.06262155
v -0.00233362 -0.00555742 -0.06291461
v -0.00310484 -0.00512126 -0.06295928
v -0.00250276 -0.00512254 -0.06327266
v -0.00327444 -0.00468518 -0.06325737
v -0.00268256 -0.00466023 -0.06358867
v -0.00345281 -0.00422655 -0.06351353
v -0.00287166 -0.004174 -0.06386025
v -0.00363859 -0.00374885 -0.06372584
v -0.00306862 -0.00366757 -0.06408533
v -0.00383038 -0.00325573 -0.06389266
v -0.00327195 -0.00314478 -0.06426219
v -0.0040267 -0.00275093 -0.06401274
v -0.00348008 -0.00260962 -0.06438949
v -0.00422608 -0.0022383 -0.06408516
v -0.00369145 -0.00206615 -0.06446626
v -0.00442698 -0.00172174 -0.06410936
v -0.00390444 -0.00151851 -0.06449191
v -0.00462788 -0.00120518 -0.06408516
v -0.00411742 -0.00097087 -0.06446626
v -0.00482725 -0.00069254 -0.06401274
v -0.00432879 -0.0004274 -0.06438949
v -0.00502358 -0.00018775 -0.06389266
v -0.00453692 0.00010776 -0.06426219
v -0.00521536 0.00030538 -0.06372584
v -0.00474025 0.00063055 -0.06408533
v -0.00540115 0.00078307 -0.06351353
v -0.00493721 0.00113698 -0.06386025
v -0.00557952 0.00124171 -0.06325737
v -0.00512631 0.0016232 -0.06358867
v -0.00574912 0.00167779 -0.06295928
v -0.00530611 0.00208552 -0.06327266
v -0.00590866 0.00208799 -0.06262155
v -0.00547525 0.0025204 -0.06291461
v -0.00605692 0.00246921 -0.06224674
v -0.00563243 0.00292455 -0.06251726
v -0.00619277 0.00281852 -0.06183771
v -0.00577646 0.00329488 -0.06208362
v -0.00631519 0.00313329 -0.06139757
v -0.00590624 0.00362857 -0.061617
v -0.00642324 0.0034111 -0.06092968
v -0.00602078 0.0039231 -0.06112096
v -0.00651609 0.00364985 -0.06043758
v -0.00611922 0.00417621 -0.06059926
v -0.00659305 0.00384772 -0.05992503
v -0.00620081 0.00438598 -0.06005587
v -0.00665352 0.0040032 -0.05939592
v -0.00626492 0.00455082 -0.05949493
v -0.00669704 0.00411511 -0.05885429
v -0.00631106 0.00466946 -0.05892072
v -0.00672329 0.0041826 -0.05830425
v -0.00633889 0.00474101 -0.0583376
v -0.00673206 0.00420515 -0.05775
v -0.00634818 0.00476492 -0.05775
v -0.00672329 0.0041826 -0.05719575
v -0.00633889 0.00474101 -0.0571624
v -0.00669704 0.00411511 -0.05664571
v -0.00631106 0.00466946 -0.05657928
v -0.00665352 0.0040032 -0.05610408
v -0.00626492 0.00455082 -0.05600506
v -0.00659305 0.00384772 -0.05557497
v -0.00620081 0.00438598 -0.05544413
v -0.00651609 0.00364985 -0.05506242
v -0.00611922 0.00417621 -0.05490074
v -0.00642324 0.0034111 -0.05457032
v -0.00602078 0.0039231 -0.05437904
v -0.00631519 0.00313329 -0.05410242
v -0.00590624 0.00362857 -0.053883
v -0.00619277 0.00281852 -0.05366229
v -0.00577646 0.00329488 -0.05341638
v -0.00605692 0.00246921 -0.05325326
v -0.00563243 0.00292455 -0.05298275
v -0.00590866 0.00208799 -0.05287845
v -0.00547525 0.0025204 -0.05258539
v -0.00574912 0.00167779 -0.05254072
v -0.00530611 0.00208552 -0.05222735
v -0.00557952 0.00124171 -0.05224264
v -0.00512631 0.0016232 -0.05191133
v -0.00540115 0.00078307 -0.05198647
v -0.00493721 0.00113698 -0.05163975
v -0.00521536 0.00030538 -0.05177416
v -0.00474025 0.00063055 -0.05141467
v -0.00502358 -0.00018775 -0.05160733
v -0.00453692 0.00010776 -0.05123781
v -0.00482725 -0.00069254 -0.05148726
v -0.00432879 -0.0004274 -0.05111051
v -0.00462788 -0.00120518 -0.05141484
v -0.00411742 -0.00097087 -0.05103374
v -0.00442698 -0.00172174 -0.05139064
v -0.00390444 -0.00151851 -0.05100809
v -0.00312983 -0.00187889 -0.05070175
v -0.00290802 -0.00244922 -0.05078231
v -0.00268959 -0.00301084 -0.0509159
v -0.00247622 -0.00355947 -0.05110151
v -0.00226952 -0.00409094 -0.05133772
v -0.00207107 -0.00460119 -0.05162272
v -0.00188238 -0.00508636 -0.05195436
v -0.00170489 -0.00554274 -0.0523301
v -0.00153994 -0.00596686 -0.0527471
v -0.00138879 -0.0063555 -0.05320216
v -0.00125259 -0.00670569 -0.05369185
v -0.00113238 -0.00701478 -0.05421241
v -0.00102908 -0.0072804 -0.0547599
v -0.00094346 -0.00750054 -0.05533015
v -0.00087618 -0.00767352 -0.05591881
v -0.00082776 -0.00779803 -0.05652141
v -0.00079856 -0.00787312 -0.05713336
v -0.0007888 -0.00789821 -0.05775
v -0.00079856 -0.00787312 -0.05836664
v -0.00082776 -0.00779803 -0.05897859
v -0.00087618 -0.00767352 -0.05958119
v -0.00094346 -0.00750054 -0.06016985
v -0.00102908 -0.0072804 -0.0607401
v -0.00113238 -0.00701478 -0.06128759
v -0.00125259 -0.00670569 -0.06180815
v -0.00138879 -0.0063555 -0.06229784
v -0.00153994 -0.00596686 -0.0627529
v -0.00170489 -0.00554274 -0.0631699
v -0.00188238 -0.00508636 -0.06354564
v -0.00207107 -0.00460119 -0.06387728
v -0.00226952 -0.00409094 -0.06416228
v -0.00247622 -0.00355947 -0.06439849
v -0.00268959 -0.00301084 -0.06458409
v -0.00290802 -0.00244922 -0.06471769
v -0.00312983 -0.00187889 -0.06479825
v -0.00335334 -0.00130418 -0.06482518
v -0.00357686 -0.00072947 -0.06479825
v -0.00379867 -0.00015914 -0.06471769
v -0.0040171 0.00040248 -0.06458409
v -0.00423047 0.00095111 -0.06439849
v -0.00443717 0.00148258 -0.06416228
v -0.00463562 0.00199283 -0.06387728
v -0.00482431 0.002478 -0.06354564
v -0.0050018 0.00293438 -0.0631699
v -0.00516675 0.0033585 -0.0627529
v -0.0053179 0.00374714 -0.06229784
v -0.0054541 0.00409733 -0.06180815
v -0.00557431 0.00440641 -0.06128759
v -0.00567761 0.00467204 -0.0607401
v -0.00576323 0.00489218 -0.06016985
v -0.00583051 0.00506516 -0.05958119
v -0.00587893 0.00518967 -0.05897859
v -0.00590813 0.00526475 -0.05836664
v -0.00591789 0.00528985 -0.05775
v -0.00590813 0.00526475 -0.05713336
v -0.00587893 0.00518967 -0.05652141
v -0.00583051 0.00506516 -0.05591881
v -0.00576323 0.00489218 -0.05533015
v -0.00567761 0.00467204 -0.0547599
v -0.00557431 0.00440641 -0.05421241
v -0.0054541 0.00409733 -0.05369185
v -0.0053179 0.00374714 -0.05320216
v -0.00516675 0.0033585 -0.0527471
v -0.0050018 0.00293438 -0.0523301
v -0.00482431 0.002478 -0.05195436
v -0.00463562 0.00199283 -0.05162272
v -0.00443717 0.00148258 -0.05133772
v -0.00423047 0.00095111 -0.05110151
v -0.0040171 0.00040248 -0.0509159
v -0.00379867 -0.00015914 -0.05078231
v -0.00357686 -0.00072947 -0.05070175
v -0.00335334 -0.00130418 -0.05067483
v -0.00254532 -0.00167789 -0.05042129
v -0.00231468 -0.00227092 -0.05050506
v -0.00208757 -0.00285488 -0.05064397
v -0.0018657 -0.00342534 -0.05083696
v -0.00165078 -0.00397796 -0.05108257
v -0.00144444 -0.00450852 -0.05137891
v -0.00124824 -0.00501299 -0.05172374
v -0.00106368 -0.00548753 -0.05211444
v -0.00089217 -0.00592853 -0.05254803
v -0.00073501 -0.00633263 -0.0530212
v -0.00059339 -0.00669675 -0.05353037
v -0.0004684 -0.00701814 -0.05407165
v -0.00036098 -0.00729433 -0.05464092
v -0.00027196 -0.00752323 -0.05523386
v -0.000202 -0.0077031 -0.05584595
v -0.00015165 -0.00783256 -0.05647252
v -0.00012129 -0.00791063 -0.05710882
v -0.00011114 -0.00793672 -0.05775
v -0.00012129 -0.00791063 -0.05839118
v -0.00015165 -0.00783256 -0.05902748
v -0.000202 -0.0077031 -0.05965405
v -0.00027196 -0.00752323 -0.06026614
v -0.00036098 -0.00729433 -0.06085908
v -0.0004684 -0.00701814 -0.06142835
v -0.00059339 -0.00669675 -0.06196963
v -0.00073501 -0.00633263 -0.0624788
v -0.00089217 -0.00592853 -0.06295197
v -0.00106368 -0.00548753 -0.06338556
v -0.00124824 -0.00501299 -0.06377625
v -0.00144444 -0.00450852 -0.06412109
v -0.00165078 -0.00397796 -0.06441744
v -0.0018657 -0.00342534 -0.06466304
v -0.00208757 -0.00285488 -0.06485602
v -0.00231468 -0.00227092 -0.06499493
v -0.00254532 -0.00167789 -0.06507871
v -0.00277773 -0.00108031 -0.0651067
v -0.00301014 -0.00048274 -0.06507871
v -0.00324078 0.00011029 -0.06499493
v -0.0034679 0.00069425 -0.06485602
v -0.00368976 0.00126472 -0.06466304
v -0.00390468 0.00181733 -0.06441744
v -0.00411103 0.00234789 -0.06412109
v -0.00430723 0.00285236 -0.06377625
v -0.00449178 0.0033269 -0.06338556
v -0.0046633 0.0037679 -0.06295197
v -0.00482046 0.004172 -0.0624788
v -0.00496208 0.00453613 -0.06196963
v -0.00508707 0.00485751 -0.06142835
v -0.00519448 0.0051337 -0.06085908
v -0.00528351 0.0053626 -0.06026614
v -0.00535346 0.00554247 -0.05965405
v -0.00540381 0.00567193 -0.05902748
v -0.00543418 0.00575 -0.05839118
v -0.00544432 0.00577609 -0.05775
v -0.00543418 0.00575 -0.05710882
v -0.00540381 0.00567193 -0.05647252
v -0.00535346 0.00554247 -0.05584595
v -0.00528351 0.0053626 -0.05523386
v -0.00519448 0.0051337 -0.05464092
v -0.00508707 0.00485751 -0.05407165
v -0.00496208 0.00453613 -0.05353037
v -0.00482046 0.004172 -0.0530212
v -0.0046633 0.0037679 -0.05254803
v -0.00449178 0.0033269 -0.05211444
v -0.00430723 0.00285236 -0.05172374
v -0.00411103 0.00234789 -0.05137891
v -0.00390468 0.00181733 -0.05108257
v -0.00368976 0.00126472 -0.05083696
v -0.0034679 0.00069425 -0.05064397
v -0.00324078 0.00011029 -0.05050506
v -0.00301014 -0.00048274 -0.05042129
v -0.00277773 -0.00108031 -0.0503933
v -0.00194221 -0.00146462 -0.05019443
v -0.00170443 -0.00207601 -0.05028079
v -0.00147028 -0.00267805 -0.050424
v -0.00124155 -0.00326617 -0.05062297
v -0.00101997 -0.00383589 -0.05087617
v -0.00080724 -0.00438287 -0.05118169
v -0.00060497 -0.00490296 -0.0515372
v -0.0004147 -0.00539219 -0.05193999
v -0.00023788 -0.00584684 -0.052387
v -7.585E-05 -0.00626345 -0.05287482
v 7.015E-05 -0.00663885 -0.05339975
v 0.00019901 -0.00697018 -0.05395779
v 0.00030975 -0.00725492 -0.05454468
v 0.00040153 -0.00749091 -0.05515597
v 0.00047365 -0.00767634 -0.055787
v 0.00052556 -0.00780981 -0.05643298
v 0.00055687 -0.0078903 -0.05708897
v 0.00056733 -0.0079172 -0.05775
v 0.00055687 -0.0078903 -0.05841103
v 0.00052556 -0.00780981 -0.05906702
v 0.00047365 -0.00767634 -0.05971299
v 0.00040153 -0.00749091 -0.06034403
v 0.00030975 -0.00725492 -0.06095532
v 0.00019901 -0.00697018 -0.06154222
v 7.015E-05 -0.00663885 -0.06210025
v -7.585E-05 -0.00626345 -0.06262518
v -0.00023788 -0.00584684 -0.063113
v -0.0004147 -0.00539219 -0.06356001
v -0.00060497 -0.00490296 -0.0639628
v -0.00080724 -0.00438287 -0.06431831
v -0.00101997 -0.00383589 -0.06462383
v -0.00124155 -0.00326617 -0.06487703
v -0.00147028 -0.00267805 -0.06507599
v -0.00170443 -0.00207601 -0.06521921
v -0.00194221 -0.00146462 -0.06530557
v -0.00218181 -0.00084855 -0.06533443
v -0.00242141 -0.00023247 -0.06530557
v -0.00265919 0.00037891 -0.06521921
v -0.00289334 0.00098095 -0.06507599
v -0.00312207 0.00156907 -0.06487703
v -0.00334364 0.00213879 -0.06462383
v -0.00355638 0.00268578 -0.06431831
v -0.00375865 0.00320586 -0.0639628
v -0.00394892 0.00369509 -0.06356001
v -0.00412574 0.00414974 -0.063113
v -0.00428777 0.00456635 -0.06262518
v -0.00443377 0.00494175 -0.06210025
v -0.00456263 0.00527308 -0.06154222
v -0.00467337 0.00555783 -0.06095532
v -0.00476515 0.00579381 -0.06034403
v -0.00483727 0.00597925 -0.05971299
v -0.00488918 0.00611271 -0.05906702
v -0.00492048 0.0061932 -0.05841103
v -0.00493095 0.0062201 -0.05775
v -0.00492048 0.0061932 -0.05708897
v -0.00488918 0.00611271 -0.05643298
v -0.00483727 0.00597925 -0.055787
v -0.00476515 0.00579381 -0.05515597
v -0.00467337 0.00555783 -0.05454468
v -0.00456263 0.00527308 -0.05395779
v -0.00443377 0.00494175 -0.05339975
v -0.00428777 0.00456635 -0.05287482
v -0.00412574 0.00414974 -0.052387
v -0.00394892 0.00369509 -0.05193999
v -0.00375865 0.00320586 -0.0515372
v -0.00355638 0.00268578 -0.05118169
v -0.00334364 0.00213879 -0.05087617
v -0.00312207 0.00156907 -0.05062297
v -0.00289334 0.00098095 -0.050424
v -0.00265919 0.00037891 -0.05028079
v -0.00242141 -0.00023247 -0.05019443
v -0.00218181 -0.00084855 -0.05016557
v -0.00132489 -0.00124064 -0.05002281
v -0.00108171 -0.00186592 -0.05011114
v -0.00084224 -0.00248163 -0.0502576
v -0.00060831 -0.00308311 -0.05046108
v -0.00038171 -0.00366577 -0.05072004
v -0.00016414 -0.00422518 -0.0510325
v 4.272E-05 -0.00475708 -0.05139608
v 0.00023732 -0.00525742 -0.05180802
v 0.00041816 -0.0057224 -0.05226518
v 0.00058386 -0.00614847 -0.05276409
v 0.00073318 -0.0065324 -0.05330094
v 0.00086497 -0.00687125 -0.05387165
v 0.00097823 -0.00716246 -0.05447188
v 0.00107209 -0.00740381 -0.05509705
v 0.00114585 -0.00759345 -0.05574242
v 0.00119893 -0.00772996 -0.05640306
v 0.00123095 -0.00781228 -0.05707396
v 0.00124165 -0.00783978 -0.05775
v 0.00123095 -0.00781228 -0.05842604
v 0.00119893 -0.00772996 -0.05909694
v 0.00114585 -0.00759345 -0.05975758
v 0.00107209 -0.00740381 -0.06040295
v 0.00097823 -0.00716246 -0.06102812
v 0.00086497 -0.00687125 -0.06162835
v 0.00073318 -0.0065324 -0.06219906
v 0.00058386 -0.00614847 -0.06273592
v 0.00041816 -0.0057224 -0.06323481
v 0.00023732 -0.00525742 -0.06369198
v 4.272E-05 -0.00475708 -0.06410392
v -0.00016414 -0.00422518 -0.0644675
v -0.00038171 -0.00366577 -0.06477996
v -0.00060831 -0.00308311 -0.06503891
v -0.00084224 -0.00248163 -0.06524239
v -0.00108171 -0.00186592 -0.06538886
v -0.00132489 -0.00124064 -0.06547718
v -0.00156993 -0.00061058 -0.0655067
v -0.00181498 1.949E-05 -0.06547718
v -0.00205816 0.00064476 -0.06538886
v -0.00229762 0.00126048 -0.06524239
v -0.00253155 0.00186196 -0.06503891
v -0.00275816 0.00244462 -0.06477996
v -0.00297572 0.00300403 -0.0644675
v -0.00318259 0.00353593 -0.06410392
v -0.00337718 0.00403627 -0.06369198
v -0.00355802 0.00450124 -0.06323481
v -0.00372373 0.00492732 -0.06273592
v -0.00387304 0.00531124 -0.06219906
v -0.00400483 0.0056501 -0.06162835
v -0.00411809 0.00594131 -0.06102812
v -0.00421195 0.00618266 -0.06040295
v -0.00428571 0.0063723 -0.05975758
v -0.0043388 0.0065088 -0.05909694
v -0.00437081 0.00659112 -0.05842604
v -0.00438151 0.00661863 -0.05775
v -0.00437081 0.00659112 -0.05707396
v -0.0043388 0.0065088 -0.05640306
v -0.00428571 0.0063723 -0.05574242
v -0.00421195 0.00618266 -0.05509705
v -0.00411809 0.00594131 -0.05447188
v -0.00400483 0.0056501 -0.05387165
v -0.00387304 0.00531124 -0.05330094
v -0.00372373 0.00492732 -0.05276409
v -0.00355802 0.00450124 -0.05226518
v -0.00337718 0.00403627 -0.05180802
v -0.00318259 0.00353593 -0.05139608
v -0.00297572 0.00300403 -0.0510325
v -0.00275816 0.00244462 -0.05072004
v -0.00253155 0.00186196 -0.05046108
v -0.00229762 0.00126048 -0.0502576
v -0.00205816 0.00064476 -0.05011114
v -0.00181498 1.949E-05 -0.05002281
v -0.00156993 -0.00061058 -0.0499933
v -0.00069788 -0.00100759 -0.0499077
v -0.00045108 -0.00164218 -0.04999734
v -0.00020804 -0.00226707 -0.05014599
v 2.937E-05 -0.00287751 -0.0503525
v 0.00025935 -0.00346885 -0.05061531
v 0.00048016 -0.00403659 -0.05093243
v 0.00069011 -0.00457641 -0.05130143
v 0.0008876 -0.00508421 -0.05171951
v 0.00107113 -0.00555611 -0.05218348
v 0.00123931 -0.00598853 -0.05268981
v 0.00139085 -0.00637818 -0.05323466
v 0.0015246 -0.00672208 -0.05381387
v 0.00163954 -0.00701763 -0.05442304
v 0.0017348 -0.00726257 -0.05505753
v 0.00180966 -0.00745504 -0.05571251
v 0.00186354 -0.00759358 -0.056383
v 0.00189603 -0.00767712 -0.05706389
v 0.00190689 -0.00770504 -0.05775
v 0.00189603 -0.00767712 -0.05843611
v 0.00186354 -0.00759358 -0.059117
v 0.00180966 -0.00745504 -0.05978749
v 0.0017348 -0.00726257 -0.06044247
v 0.00163954 -0.00701763 -0.06107696
v 0.0015246 -0.00672208 -0.06168613
v 0.00139085 -0.00637818 -0.06226534
v 0.00123931 -0.00598853 -0.06281019
v 0.00107113 -0.00555611 -0.06331652
v 0.0008876 -0.00508421 -0.06378049
v 0.00069011 -0.00457641 -0.06419858
v 0.00048016 -0.00403659 -0.06456757
v 0.00025935 -0.00346885 -0.06488468
v 2.937E-05 -0.00287751 -0.0651475
v -0.00020804 -0.00226707 -0.06535401
v -0.00045108 -0.00164218 -0.06550266
v -0.00069788 -0.00100759 -0.0655923
v -0.00094657 -0.00036814 -0.06562226
v -0.00119527 0.00027131 -0.0655923
v -0.00144207 0.0009059 -0.06550266
v -0.00168511 0.00153079 -0.06535401
v -0.00192252 0.00214123 -0.0651475
v -0.0021525 0.00273257 -0.06488468
v -0.00237331 0.00330031 -0.06456757
v -0.00258325 0.00384013 -0.06419858
v -0.00278075 0.00434793 -0.06378049
v -0.00296428 0.00481983 -0.06331652
v -0.00313245 0.00525225 -0.06281019
v -0.003284 0.0056419 -0.06226534
v -0.00341775 0.0059858 -0.06168613
v -0.00353269 0.00628135 -0.06107696
v -0.00362795 0.00652629 -0.06044247
v -0.00370281 0.00671876 -0.05978749
v -0.00375669 0.0068573 -0.059117
v -0.00378918 0.00694084 -0.05843611
v -0.00380004 0.00696876 -0.05775
v -0.00378918 0.00694084 -0.05706389
v -0.00375669 0.0068573 -0.056383
v -0.00370281 0.00671876 -0.05571251
v -0.00362795 0.00652629 -0.05505753
v -0.00353269 0.00628135 -0.05442304
v -0.00341775 0.0059858 -0.05381387
v -0.003284 0.0056419 -0.05323466
v -0.00313245 0.00525225 -0.05268981
v -0.00296428 0.00481983 -0.05218348
v -0.00278075 0.00434793 -0.05171951
v -0.00258325 0.00384013 -0.05130143
v -0.00237331 0.00330031 -0.05093243
v -0.0021525 0.00273257 -0.05061531
v -0.00192252 0.00214123 -0.0503525
v -0.00168511 0.00153079 -0.05014599
v -0.00144207 0.0009059 -0.04999734
v -0.00119527 0.00027131 -0.0499077
v -0.00094657 -0.00036814 -0.04987775
v -6.577E-05 -0.00076718 -0.04984993
v 0.00018285 -0.00140644 -0.04994024
v 0.00042768 -0.00203593 -0.05008997
v 0.00066684 -0.00265087 -0.05029801
v 0.00089851 -0.00324656 -0.05056276
v 0.00112095 -0.00381849 -0.05088221
v 0.00133244 -0.00436229 -0.05125393
v 0.00153139 -0.00487382 -0.05167508
v 0.00171627 -0.0053492 -0.05214247
v 0.00188569 -0.00578481 -0.05265254
v 0.00203834 -0.00617732 -0.0532014
v 0.00217308 -0.00652376 -0.05378488
v 0.00228887 -0.00682149 -0.05439854
v 0.00238483 -0.00706823 -0.0550377
v 0.00246024 -0.00726212 -0.0556975
v 0.00251452 -0.00740167 -0.05637293
v 0.00254725 -0.00748583 -0.05705883
v 0.00255819 -0.00751396 -0.05775
v 0.00254725 -0.00748583 -0.05844117
v 0.00251452 -0.00740167 -0.05912707
v 0.00246024 -0.00726212 -0.0598025
v 0.00238483 -0.00706823 -0.0604623
v 0.00228887 -0.00682149 -0.06110147
v 0.00217308 -0.00652376 -0.06171512
v 0.00203834 -0.00617732 -0.0622986
v 0.00188569 -0.00578481 -0.06284746
v 0.00171627 -0.0053492 -0.06335752
v 0.00153139 -0.00487382 -0.06382491
v 0.00133244 -0.00436229 -0.06424607
v 0.00112095 -0.00381849 -0.06461779
v 0.00089851 -0.00324656 -0.06493724
v 0.00066684 -0.00265087 -0.06520199
v 0.00042768 -0.00203593 -0.06541003
v 0.00018285 -0.00140644 -0.06555976
v -6.577E-05 -0.00076718 -0.06565007
v -0.0003163 -0.00012301 -0.06568024
v -0.00056682 0.00052115 -0.06565007
v -0.00081544 0.00116041 -0.06555976
v -0.00106027 0.0017899 -0.06541003
v -0.00129943 0.00240484 -0.06520199
v -0.0015311 0.00300054 -0.06493724
v -0.00175354 0.00357246 -0.06461779
v -0.00196503 0.00411626 -0.06424607
v -0.00216398 0.00462779 -0.06382491
v -0.00234886 0.00510317 -0.06335752
v -0.00251828 0.00553878 -0.06284746
v -0.00267093 0.00593129 -0.0622986
v -0.00280567 0.00627773 -0.06171512
v -0.00292146 0.00657546 -0.06110147
v -0.00301743 0.0068222 -0.0604623
v -0.00309283 0.00701609 -0.0598025
v -0.00314711 0.00715565 -0.05912707
v -0.00317984 0.00723981 -0.05844117
v -0.00319078 0.00726793 -0.05775
v -0.00317984 0.00723981 -0.05705883
v -0.00314711 0.00715565 -0.05637293
v -0.00309283 0.00701609 -0.0556975
v -0.00301743 0.0068222 -0.0550377
v -0.00292146 0.00657546 -0.05439854
v -0.00280567 0.00627773 -0.05378488
v -0.00267093 0.00593129 -0.0532014
v -0.00251828 0.00553878 -0.05265254
v -0.00234886 0.00510317 -0.05214247
v -0.00216398 0.00462779 -0.05167508
v -0.00196503 0.00411626 -0.05125393
v -0.00175354 0.00357246 -0.05088221
v -0.0015311 0.00300054 -0.05056276
v -0.00129943 0.00240484 -0.05029801
v -0.00106027 0.0017899 -0.05008997
v -0.00081544 0.00116041 -0.04994024
v -0.00056682 0.00052115 -0.04984993
v -0.0003163 -0.00012301 -0.04981976
v 0.00056682 -0.00052115 -0.04984993
v 0.00081544 -0.00116041 -0.04994024
v 0.00106027 -0.0017899 -0.05008997
v 0.00129943 -0.00240484 -0.05029801
v 0.0015311 -0.00300054 -0.05056276
v 0.00175354 -0.00357246 -0.05088221
v 0.00196503 -0.00411626 -0.05125393
v 0.00216398 -0.00462779 -0.05167508
v 0.00234886 -0.00510317 -0.05214247
v 0.00251828 -0.00553878 -0.05265254
v 0.00267093 -0.00593129 -0.0532014
v 0.00280567 -0.00627773 -0.05378488
v 0.00292146 -0.00657546 -0.05439854
v 0.00301743 -0.0068222 -0.0550377
v 0.00309283 -0.00701609 -0.0556975
v 0.00314711 -0.00715565 -0.05637293
v 0.00317984 -0.00723981 -0.05705883
v 0.00319078 -0.00726793 -0.05775
v 0.00317984 -0.00723981 -0.05844117
v 0.00314711 -0.00715565 -0.05912707
v 0.00309283 -0.00701609 -0.0598025
v 0.00301743 -0.0068222 -0.0604623
v 0.00292146 -0.00657546 -0.06110147
v 0.00280567 -0.00627773 -0.06171512
v 0.00267093 -0.00593129 -0.0622986
v 0.00251828 -0.00553878 -0.06284746
v 0.00234886 -0.00510317 -0.06335752
v 0.00216398 -0.00462779 -0.06382491
v 0.00196503 -0.00411626 -0.06424607
v 0.00175354 -0.00357246 -0.06461779
v 0.0015311 -0.00300054 -0.06493724
v 0.00129943 -0.00240484 -0.06520199
v 0.00106027 -0.0017899 -0.06541003
v 0.00081544 -0.00116041 -0.06555976
v 0.00056682 -0.00052115 -0.06565007
v 0.0003163 0.00012301 -0.06568024
v 6.577E-05 0.00076718 -0.06565007
v -0.00018285 0.00140644 -0.06555976
v -0.00042768 0.00203593 -0.06541003
v -0.00066684 0.00265087 -0.06520199
v -0.00089851 0.00324656 -0.06493724
v -0.00112095 0.00381849 -0.06461779
v -0.00133244 0.00436229 -0.06424607
v -0.00153139 0.00487382 -0.06382491
v -0.00171627 0.0053492 -0.06335752
v -0.00188569 0.00578481 -0.06284746
v -0.00203834 0.00617732 -0.0622986
v -0.00217308 0.00652376 -0.06171512
v -0.00228887 0.00682149 -0.06110147
v -0.00238483 0.00706823 -0.0604623
v -0.00246024 0.00726212 -0.0598025
v -0.00251452 0.00740167 -0.05912707
v -0.00254725 0.00748583 -0.05844117
v -0.00255819 0.00751396 -0.05775
v -0.00254725 0.00748583 -0.05705883
v -0.00251452 0.00740167 -0.05637293
v -0.00246024 0.00726212 -0.0556975
v -0.00238483 0.00706823 -0.0550377
v -0.00228887 0.00682149 -0.05439854
v -0.00217308 0.00652376 -0.05378488
v -0.00203834 0.00617732 -0.0532014
v -0.00188569 0.00578481 -0.05265254
v -0.00171627 0.0053492 -0.05214247
v -0.00153139 0.00487382 -0.05167508
v -0.00133244 0.00436229 -0.05125393
v -0.00112095 0.00381849 -0.05088221
v -0.00089851 0.00324656 -0.05056276
v -0.00066684 0.00265087 -0.05029801
v -0.00042768 0.00203593 -0.05008997
v -0.00018285 0.00140644 -0.04994024
v 6.577E-05 0.00076718 -0.04984993
v 0.0003163 0.00012301 -0.04981976
v 0.00119527 -0.00027131 -0.0499077
v 0.00144207 -0.0009059 -0.04999734
v 0.00168511 -0.00153079 -0.05014599
v 0.00192252 -0.00214123 -0.0503525
v 0.0021525 -0.00273257 -0.05061531
v 0.00237331 -0.00330031 -0.05093243
v 0.00258325 -0.00384013 -0.05130143
v 0.00278075 -0.00434793 -0.05171951
v 0.00296428 -0.00481983 -0.05218348
v 0.00313245 -0.00525225 -0.05268981
v 0.003284 -0.0056419 -0.05323466
v 0.00341775 -0.0059858 -0.05381387
v 0.00353269 -0.00628135 -0.05442304
v 0.00362795 -0.00652629 -0.05505753
v 0.00370281 -0.00671876 -0.05571251
v 0.00375669 -0.0068573 -0.056383
v 0.00378918 -0.00694084 -0.05706389
v 0.00380004 -0.00696876 -0.05775
v 0.00378918 -0.00694084 -0.05843611
v 0.00375669 -0.0068573 -0.059117
v 0.00370281 -0.00671876 -0.05978749
v 0.00362795 -0.00652629 -0.06044247
v 0.00353269 -0.00628135 -0.06107696
v 0.00341775 -0.0059858 -0.06168613
v 0.003284 -0.0056419 -0.06226534
v 0.00313245 -0.00525225 -0.06281019
v 0.00296428 -0.00481983 -0.06331652
v 0.00278075 -0.00434793 -0.06378049
v 0.00258325 -0.00384013 -0.06419858
v 0.00237331 -0.00330031 -0.06456757
v 0.0021525 -0.00273257 -0.06488468
v 0.00192252 -0.00214123 -0.0651475
v 0.00168511 -0.00153079 -0.06535401
v 0.00144207 -0.0009059 -0.06550266
v 0.00119527 -0.00027131 -0.0655923
v 0.00094657 0.00036814 -0.06562226
v 0.00069788 0.00100759 -0.0655923
v 0.00045108 0.00164218 -0.06550266
v 0.00020804 0.00226707 -0.06535401
v -2.937E-05 0.00287751 -0.0651475
v -0.00025935 0.00346885 -0.06488468
v -0.00048016 0.00403659 -0.06456757
v -0.00069011 0.00457641 -0.06419858
v -0.0008876 0.00508421 -0.06378049
v -0.00107113 0.00555611 -0.06331652
v -0.00123931 0.00598853 -0.06281019
v -0.00139085 0.00637818 -0.06226534
v -0.0015246 0.00672208 -0.06168613
v -0.00163954 0.00701763 -0.06107696
v -0.0017348 0.00726257 -0.06044247
v -0.00180966 0.00745504 -0.05978749
v -0.00186354 0.00759358 -0.059117
v -0.00189603 0.00767712 -0.05843611
v -0.00190689 0.00770504 -0.05775
v -0.00189603 0.00767712 -0.05706389
v -0.00186354 0.00759358 -0.056383
v -0.00180966 0.00745504 -0.05571251
v -0.0017348 0.00726257 -0.05505753
v -0.00163954 0.00701763 -0.05442304
v -0.0015246 0.00672208 -0.05381387
v -0.00139085 0.00637818 -0.05323466
v -0.00123931 0.00598853 -0.05268981
v -0.00107113 0.00555611 -0.05218348
v -0.0008876 0.00508421 -0.05171951
v -0.00069011 0.00457641 -0.05130143
v -0.00048016 0.00403659 -0.05093243
v -0.00025935 0.00346885 -0.05061531
v -2.937E-05 0.00287751 -0.0503525
v 0.00020804 0.00226707 -0.05014599
v 0.00045108 0.00164218 -0.04999734
v 0.00069788 0.00100759 -0.0499077
v 0.00094657 0.00036814 -0.04987775
v 0.00181498 -1.949E-05 -0.05002281
v 0.00205816 -0.00064476 -0.05011114
v 0.00229762 -0.00126048 -0.0502576
v 0.00253155 -0.00186196 -0.05046108
v 0.00275816 -0.00244462 -0.05072004
v 0.00297572 -0.00300403 -0.0510325
v 0.00318259 -0.00353593 -0.05139608
v 0.00337718 -0.00403627 -0.05180802
v 0.00355802 -0.00450124 -0.05226518
v 0.00372373 -0.00492732 -0.05276409
v 0.00387304 -0.00531124 -0.05330094
v 0.00400483 -0.0056501 -0.05387165
v 0.00411809 -0.00594131 -0.05447188
v 0.00421195 -0.00618266 -0.05509705
v 0.00428571 -0.0063723 -0.05574242
v 0.0043388 -0.0065088 -0.05640306
v 0.00437081 -0.00659112 -0.05707396
v 0.00438151 -0.00661863 -0.05775
v 0.00437081 -0.00659112 -0.05842604
v 0.0043388 -0.0065088 -0.05909694
v 0.00428571 -0.0063723 -0.05975758
v 0.00421195 -0.00618266 -0.06040295
v 0.00411809 -0.00594131 -0.06102812
v 0.00400483 -0.0056501 -0.06162835
v 0.00387304 -0.00531124 -0.06219906
v 0.00372373 -0.00492732 -0.06273592
v 0.00355802 -0.00450124 -0.06323481
v 0.00337718 -0.00403627 -0.06369198
v 0.00318259 -0.00353593 -0.06410392
v 0.00297572 -0.00300403 -0.0644675
v 0.00275816 -0.00244462 -0.06477996
v 0.00253155 -0.00186196 -0.06503891
v 0.00229762 -0.00126048 -0.06524239
v 0.00205816 -0.00064476 -0.06538886
v 0.00181498 -1.949E-05 -0.06547718
v 0.00156993 0.00061058 -0.0655067
v 0.00132489 0.00124064 -0.06547718
v 0.00108171 0.00186592 -0.06538886
v 0.00084224 0.00248163 -0.06524239
v 0.00060831 0.00308311 -0.06503891
v 0.00038171 0.00366577 -0.06477996
v 0.00016414 0.00422518 -0.0644675
v -4.272E-05 0.00475708 -0.06410392
v -0.00023732 0.00525742 -0.06369198
v -0.00041816 0.0057224 -0.06323481
v -0.00058386 0.00614847 -0.06273592
v -0.00073318 0.0065324 -0.06219906
v -0.00086497 0.00687125 -0.06162835
v -0.00097823 0.00716246 -0.06102812
v -0.00107209 0.00740381 -0.06040295
v -0.00114585 0.00759345 -0.05975758
v -0.00119893 0.00772996 -0.05909694
v -0.00123095 0.00781228 -0.05842604
v -0.00124165 0.00783978 -0.05775
v -0.00123095 0.00781228 -0.05707396
v -0.00119893 0.00772996 -0.05640306
v -0.00114585 0.00759345 -0.05574242
v -0.00107209 0.00740381 -0.05509705
v -0.00097823 0.00716246 -0.05447188
v -0.00086497 0.00687125 -0.05387165
v -0.00073318 0.0065324 -0.05330094
v -0.00058386 0.00614847 -0.05276409
v -0.00041816 0.0057224 -0.05226518
v -0.00023732 0.00525742 -0.05180802
v -4.272E-05 0.00475708 -0.05139608
v 0.00016414 0.00422518 -0.0510325
v 0.00038171 0.00366577 -0.05072004
v 0.00060831 0.00308311 -0.05046108
v 0.00084224 0.00248163 -0.0502576
v 0.00108171 0.00186592 -0.05011114
v 0.00132489 0.00124064 -0.05002281
v 0.00156993 0.00061058 -0.0499933
v 0.00242141 0.00023247 -0.05019443
v 0.00265919 -0.00037891 -0.05028079
v 0.00289334 -0.00098095 -0.050424
v 0.00312207 -0.00156907 -0.05062297
v 0.00334364 -0.00213879 -0.05087617
v 0.00355638 -0.00268578 -0.05118169
v 0.00375865 -0.00320586 -0.0515372
v 0.00394892 -0.00369509 -0.05193999
v 0.00412574 -0.00414974 -0.052387
v 0.00428777 -0.00456635 -0.05287482
v 0.00443377 -0.00494175 -0.05339975
v 0.00456263 -0.00527308 -0.05395779
v 0.00467337 -0.00555783 -0.05454468
v 0.00476515 -0.00579381 -0.05515597
v 0.00483727 -0.00597925 -0.055787
v 0.00488918 -0.00611271 -0.05643298
v 0.00492048 -0.0061932 -0.05708897
v 0.00493095 -0.0062201 -0.05775
v 0.00492048 -0.0061932 -0.05841103
v 0.00488918 -0.00611271 -0.05906702
v 0.00483727 -0.00597925 -0.05971299
v 0.00476515 -0.00579381 -0.06034403
v 0.00467337 -0.00555783 -0.06095532
v 0.00456263 -0.00527308 -0.06154222
v 0.00443377 -0.00494175 -0.06210025
v 0.00428777 -0.00456635 -0.06262518
v 0.00412574 -0.00414974 -0.063113
v 0.00394892 -0.00369509 -0.06356001
v 0.00375865 -0.00320586 -0.0639628
v 0.00355638 -0.00268578 -0.06431831
v 0.00334364 -0.00213879 -0.06462383
v 0.00312207 -0.00156907 -0.06487703
v 0.00289334 -0.00098095 -0.06507599
v 0.00265919 -0.00037891 -0.06521921
v 0.00242141 0.00023247 -0.06530557
v 0.00218181 0.00084855 -0.06533443
v 0.00194221 0.00146462 -0.06530557
v 0.00170443 0.00207601 -0.06521921
v 0.00147028 0.00267805 -0.06507599
v 0.00124155 0.00326617 -0.06487703
v 0.00101997 0.00383589 -0.06462383
v 0.00080724 0.00438287 -0.06431831
v 0.00060497 0.00490296 -0.0639628
v 0.0004147 0.00539219 -0.06356001
v 0.00023788 0.00584684 -0.063113
v 7.585E-05 0.00626345 -0.06262518
v -7.015E-05 0.00663885 -0.06210025
v -0.00019901 0.00697018 -0.06154222
v -0.00030975 0.00725492 -0.06095532
v -0.00040153 0.00749091 -0.06034403
v -0.00047365 0.00767634 -0.05971299
v -0.00052556 0.00780981 -0.05906702
v -0.00055687 0.0078903 -0.05841103
v -0.00056733 0.0079172 -0.05775
v -0.00055687 0.0078903 -0.05708897
v -0.00052556 0.00780981 -0.05643298
v -0.00047365 0.00767634 -0.055787
v -0.00040153 0.00749091 -0.05515597
v -0.00030975 0.00725492 -0.05454468
v -0.00019901 0.00697018 -0.05395779
v -7.015E-05 0.00663885 -0.05339975
v 7.585E-05 0.00626345 -0.05287482
v 0.00023788 0.00584684 -0.052387
v 0.0004147 0.00539219 -0.05193999
v 0.00060497 0.00490296 -0.0515372
v 0.00080724 0.00438287 -0.05118169
v 0.00101997 0.00383589 -0.05087617
v 0.00124155 0.00326617 -0.05062297
v 0.00147028 0.00267805 -0.050424
v 0.00170443 0.00207601 -0.05028079
v 0.00194221 0.00146462 -0.05019443
v 0.00218181 0.00084855 -0.05016557
v 0.00301014 0.00048274 -0.05042129
v 0.00324078 -0.00011029 -0.05050506
v 0.0034679 -0.00069425 -0.05064397
v 0.00368976 -0.00126472 -0.05083696
v 0.00390468 -0.00181733 -0.05108257
v 0.00411103 -0.00234789 -0.05137891
v 0.00430723 -0.00285236 -0.05172374
v 0.00449178 -0.0033269 -0.05211444
v 0.0046633 -0.0037679 -0.05254803
v 0.00482046 -0.004172 -0.0530212
v 0.00496208 -0.00453613 -0.05353037
v 0.00508707 -0.00485751 -0.05407165
v 0.00519448 -0.0051337 -0.05464092
v 0.00528351 -0.0053626 -0.05523386
v 0.00535346 -0.00554247 -0.05584595
v 0.00540381 -0.00567193 -0.05647252
v 0.00543418 -0.00575 -0.05710882
v 0.00544432 -0.00577609 -0.05775
v 0.00543418 -0.00575 -0.05839118
v 0.00540381 -0.00567193 -0.05902748
v 0.00535346 -0.00554247 -0.05965405
v 0.00528351 -0.0053626 -0.06026614
v 0.00519448 -0.0051337 -0.06085908
v 0.00508707 -0.00485751 -0.06142835
v 0.00496208 -0.00453613 -0.06196963
v 0.00482046 -0.004172 -0.0624788
v 0.0046633 -0.0037679 -0.06295197
v 0.00449178 -0.0033269 -0.06338556
v 0.00430723 -0.00285236 -0.06377625
v 0.00411103 -0.00234789 -0.06412109
v 0.00390468 -0.00181733 -0.06441744
v 0.00368976 -0.00126472 -0.06466304
v 0.0034679 -0.00069425 -0.06485602
v 0.00324078 -0.00011029 -0.06499493
v 0.00301014 0.00048274 -0.06507871
v 0.00277773 0.00108031 -0.0651067
v 0.00254532 0.00167789 -0.06507871
v 0.00231468 0.00227092 -0.06499493
v 0.00208757 0.00285488 -0.06485602
v 0.0018657 0.00342534 -0.06466304
v 0.00165078 0.00397796 -0.06441744
v 0.00144444 0.00450852 -0.06412109
v 0.00124824 0.00501299 -0.06377625
v 0.00106368 0.00548753 -0.06338556
v 0.00089217 0.00592853 -0.06295197
v 0.00073501 0.00633263 -0.0624788
v 0.00059339 0.00669675 -0.06196963
v 0.0004684 0.00701814 -0.06142835
v 0.00036098 0.00729433 -0.06085908
v 0.00027196 0.00752323 -0.06026614
v 0.000202 0.0077031 -0.05965405
v 0.00015165 0.00783256 -0.05902748
v 0.00012129 0.00791063 -0.05839118
v 0.00011114 0.00793672 -0.05775
v 0.00012129 0.00791063 -0.05710882
v 0.00015165 0.00783256 -0.05647252
v 0.000202 0.0077031 -0.05584595
v 0.00027196 0.00752323 -0.05523386
v 0.00036098 0.00729433 -0.05464092
v 0.0004684 0.00701814 -0.05407165
v 0.00059339 0.00669675 -0.05353037
v 0.00073501 0.00633263 -0.0530212
v 0.00089217 0.00592853 -0.05254803
v 0.00106368 0.00548753 -0.05211444
v 0.00124824 0.00501299 -0.05172374
v 0.00144444 0.00450852 -0.05137891
v 0.00165078 0.00397796 -0.05108257
v 0.0018657 0.00342534 -0.05083696
v 0.00208757 0.00285488 -0.05064397
v 0.00231468 0.00227092 -0.05050506
v 0.00254532 0.00167789 -0.05042129
v 0.00277773 0.00108031 -0.0503933
v 0.00357686 0.00072947 -0.05070175
v 0.00379867 0.00015914 -0.05078231
v 0.0040171 -0.00040248 -0.0509159
v 0.00423047 -0.00095111 -0.05110151
v 0.00443717 -0.00148258 -0.05133772
v 0.00463562 -0.00199283 -0.05162272
v 0.00482431 -0.002478 -0.05195436
v 0.0050018 -0.00293438 -0.0523301
v 0.00516675 -0.0033585 -0.0527471
v 0.0053179 -0.00374714 -0.05320216
v 0.0054541 -0.00409733 -0.05369185
v 0.00557431 -0.00440641 -0.05421241
v 0.00567761 -0.00467204 -0.0547599
v 0.00576323 -0.00489218 -0.05533015
v 0.00583051 -0.00506516 -0.05591881
v 0.00587893 -0.00518967 -0.05652141
v 0.00590813 -0.00526475 -0.05713336
v 0.00591789 -0.00528985 -0.05775
v 0.00590813 -0.00526475 -0.05836664
v 0.00587893 -0.00518967 -0.05897859
v 0.00583051 -0.00506516 -0.05958119
v 0.00576323 -0.00489218 -0.06016985
v 0.00567761 -0.00467204 -0.0607401
v 0.00557431 -0.00440641 -0.06128759
v 0.0054541 -0.00409733 -0.06180815
v 0.0053179 -0.00374714 -0.06229784
v 0.00516675 -0.0033585 -0.0627529
v 0.0050018 -0.00293438 -0.0631699
v 0.00482431 -0.002478 -0.06354564
v 0.00463562 -0.00199283 -0.06387728
v 0.00443717 -0.00148258 -0.06416228
v 0.00423047 -0.00095111 -0.06439849
v 0.0040171 -0.00040248 -0.06458409
v 0.00379867 0.00015914 -0.06471769
v 0.00357686 0.00072947 -0.06479825
v 0.00335334 0.00130418 -0.06482518
v 0.00312983 0.00187889 -0.06479825
v 0.00290802 0.00244922 -0.06471769
v 0.00268959 0.00301084 -0.06458409
v 0.00247622 0.00355947 -0.06439849
v 0.00226952 0.00409094 -0.06416228
v 0.00207107 0.00460119 -0.06387728
v 0.00188238 0.00508636 -0.06354564
v 0.00170489 0.00554274 -0.0631699
v 0.00153994 0.00596686 -0.0627529
v 0.00138879 0.0063555 -0.06229784
v 0.00125259 0.00670569 -0.06180815
v 0.00113238 0.00701478 -0.06128759
v 0.00102908 0.0072804 -0.0607401
v 0.00094346 0.00750054 -0.06016985
v 0.00087618 0.00767352 -0.05958119
v 0.00082776 0.00779803 -0.05897859
v 0.00079856 0.00787312 -0.05836664
v 0.0007888 0.00789821 -0.05775
v 0.00079856 0.00787312 -0.05713336
v 0.00082776 0.00779803 -0.05652141
v 0.00087618 0.00767352 -0.05591881
v 0.00094346 0.00750054 -0.05533015
v 0.00102908 0.0072804 -0.0547599
v 0.00113238 0.00701478 -0.05421241
v 0.00125259 0.00670569 -0.05369185
v 0.00138879 0.0063555 -0.05320216
v 0.00153994 0.00596686 -0.0527471
v 0.00170489 0.00554274 -0.0523301
v 0.00188238 0.00508636 -0.05195436
v 0.00207107 0.00460119 -0.05162272
v 0.00226952 0.00409094 -0.05133772
v 0.00247622 0.00355947 -0.05110151
v 0.00268959 0.00301084 -0.0509159
v 0.00290802 0.00244922 -0.05078231
v 0.00312983 0.00187889 -0.05070175
v 0.00335334 0.00130418 -0.05067483
v 0.00411742 0.00097087 -0.05103374
v 0.00432879 0.0004274 -0.05111051
v 0.00453692 -0.00010776 -0.05123781
v 0.00474025 -0.00063055 -0.05141467
v 0.00493721 -0.00113698 -0.05163975
v 0.00512631 -0.0016232 -0.05191133
v 0.00530611 -0.00208552 -0.05222735
v 0.00547525 -0.0025204 -0.05258539
v 0.00563243 -0.00292455 -0.05298275
v 0.00577646 -0.00329488 -0.05341638
v 0.00590624 -0.00362857 -0.053883
v 0.00602078 -0.0039231 -0.05437904
v 0.00611922 -0.00417621 -0.05490074
v 0.00620081 -0.00438598 -0.05544413
v 0.00626492 -0.00455082 -0.05600506
v 0.00631106 -0.00466946 -0.05657928
v 0.00633889 -0.00474101 -0.0571624
v 0.00634818 -0.00476492 -0.05775
v 0.00633889 -0.00474101 -0.0583376
v 0.00631106 -0.00466946 -0.05892072
v 0.00626492 -0.00455082 -0.05949493
v 0.00620081 -0.00438598 -0.06005587
v 0.00611922 -0.00417621 -0.06059926
v 0.00602078 -0.0039231 -0.06112096
v 0.00590624 -0.00362857 -0.061617
v 0.00577646 -0.00329488 -0.06208362
v 0.00563243 -0.00292455 -0.06251726
v 0.00547525 -0.0025204 -0.06291461
v 0.00530611 -0.00208552 -0.06327266
v 0.00512631 -0.0016232 -0.06358867
v 0.00493721 -0.00113698 -0.06386025
v 0.00474025 -0.00063055 -0.06408533
v 0.00453692 -0.00010776 -0.06426219
v 0.00432879 0.0004274 -0.06438949
v 0.00411742 0.00097087 -0.06446626
v 0.00390444 0.00151851 -0.06449191
v 0.00369145 0.00206615 -0.06446626
v 0.00348008 0.00260962 -0.06438949
v 0.00327195 0.00314478 -0.06426219
v 0.00306862 0.00366757 -0.06408533
v 0.00287166 0.004174 -0.06386025
v 0.00268256 0.00466023 -0.06358867
v 0.00250276 0.00512254 -0.06327266
v 0.00233362 0.00555742 -0.06291461
v 0.00217644 0.00596157 -0.06251726
v 0.00203242 0.0063319 -0.06208362
v 0.00190263 0.0066656 -0.061617
v 0.00178809 0.00696012 -0.06112096
v 0.00168965 0.00721323 -0.06059926
v 0.00160806 0.00742301 -0.06005587
v 0.00154396 0.00758784 -0.05949493
v 0.00149781 0.00770648 -0.05892072
v 0.00146999 0.00777803 -0.0583376
v 0.00146069 0.00780194 -0.05775
v 0.00146999 0.00777803 -0.0571624
v 0.00149781 0.00770648 -0.05657928
v 0.00154396 0.00758784 -0.05600506
v 0.00160806 0.00742301 -0.05544413
v 0.00168965 0.00721323 -0.05490074
v 0.00178809 0.00696012 -0.05437904
v 0.00190263 0.0066656 -0.053883
v 0.00203242 0.0063319 -0.05341638
v 0.00217644 0.00596157 -0.05298275
v 0.00233362 0.00555742 -0.05258539
v 0.00250276 0.00512254 -0.05222735
v 0.00268256 0.00466023 -0.05191133
v 0.00287166 0.004174 -0.05163975
v 0.00306862 0.00366757 -0.05141467
v 0.00327195 0.00314478 -0.05123781
v 0.00348008 0.00260962 -0.05111051
v 0.00369145 0.00206615 -0.05103374
v 0.00390444 0.00151851 -0.05100809
v 0.00462788 0.00120518 -0.05141484
v 0.00482725 0.00069254 -0.05148726
v 0.00502358 0.00018775 -0.05160733
v 0.00521536 -0.00030538 -0.05177416
v 0.00540115 -0.00078307 -0.05198647
v 0.00557952 -0.00124171 -0.05224264
v 0.00574912 -0.00167779 -0.05254072
v 0.00590866 -0.00208799 -0.05287845
v 0.00605692 -0.00246921 -0.05325326
v 0.00619277 -0.00281852 -0.05366229
v 0.00631519 -0.00313329 -0.05410242
v 0.00642324 -0.0034111 -0.05457032
v 0.00651609 -0.00364985 -0.05506242
v 0.00659305 -0.00384772 -0.05557497
v 0.00665352 -0.0040032 -0.05610408
v 0.00669704 -0.00411511 -0.05664571
v 0.00672329 -0.0041826 -0.05719575
v 0.00673206 -0.00420515 -0.05775
v 0.00672329 -0.0041826 -0.05830425
v 0.00669704 -0.00411511 -0.05885429
v 0.00665352 -0.0040032 -0.05939592
v 0.00659305 -0.00384772 -0.05992503
v 0.00651609 -0.00364985 -0.06043758
v 0.00642324 -0.0034111 -0.06092968
v 0.00631519 -0.00313329 -0.06139757
v 0.00619277 -0.00281852 -0.06183771
v 0.00605692 -0.00246921 -0.06224674
v 0.00590866 -0.00208799 -0.06262155
v 0.00574912 -0.00167779 -0.06295928
v 0.00557952 -0.00124171 -0.06325737
v 0.00540115 -0.00078307 -0.06351353
v 0.00521536 -0.00030538 -0.06372584
v 0.00502358 0.00018775 -0.06389266
v 0.00482725 0.00069254 -0.06401274
v 0.00462788 0.00120518 -0.06408516
v 0.00442698 0.00172174 -0.06410936
v 0.00422608 0.0022383 -0.06408516
v 0.0040267 0.00275093 -0.06401274
v 0.00383038 0.00325573 -0.06389266
v 0.00363859 0.00374885 -0.06372584
v 0.00345281 0.00422655 -0.06351353
v 0.00327444 0.00468518 -0.06325737
v 0.00310484 0.00512126 -0.06295928
v 0.0029453 0.00553147 -0.06262155
v 0.00279704 0.00591268 -0.06224674
v 0.00266118 0.006262 -0.06183771
v 0.00253876 0.00657676 -0.06139757
v 0.00243072 0.00685457 -0.06092968
v 0.00233786 0.00709332 -0.06043758
v 0.00226091 0.00729119 -0.05992503
v 0.00220044 0.00744667 -0.05939592
v 0.00215691 0.00755858 -0.05885429
v 0.00213067 0.00762607 -0.05830425
v 0.00212189 0.00764863 -0.05775
v 0.00213067 0.00762607 -0.05719575
v 0.00215691 0.00755858 -0.05664571
v 0.00220044 0.00744667 -0.05610408
v 0.00226091 0.00729119 -0.05557497
v 0.00233786 0.00709332 -0.05506242
v 0.00243072 0.00685457 -0.05457032
v 0.00253876 0.00657676 -0.05410242
v 0.00266118 0.006262 -0.05366229
v 0.00279704 0.00591268 -0.05325326
v 0.0029453 0.00553147 -0.05287845
v 0.00310484 0.00512126 -0.05254072
v 0.00327444 0.00468518 -0.05224264
v 0.00345281 0.00422655 -0.05198647
v 0.00363859 0.00374885 -0.05177416
v 0.00383038 0.00325573 -0.05160733
v 0.0040267 0.00275093 -0.05148726
v 0.00422608 0.0022383 -0.05141484
v 0.00442698 0.00172174 -0.05139064
v 0.00297709 0.00544972 -0.03925
v 0.00587686 -0.00200624 -0.03925
v 0.00297709 0.00544972 -0.04025
v 0.00587686 -0.00200624 -0.04025
v 0.0005538 0.01168055 -0.05126382
v 0.00830015 -0.00823708 -0.05126382
v 0.00462261 0.00121872 -0.07023834
v 0.00423134 0.00222475 -0.07023834
v 0.00384154 0.00322703 -0.07014521
v 0.0034561 0.00421808 -0.06995966
v 0.0030779 0.00519052 -0.06968305
v 0.00270976 0.00613709 -0.06931745
v 0.00235443 0.00705073 -0.06886559
v 0.00201455 0.00792464 -0.06833084
v 0.00169266 0.00875229 -0.06771719
v 0.00139116 0.00952751 -0.06702921
v 0.0011123 0.01024452 -0.06627204
v 0.00085816 0.01089798 -0.06545131
v 0.00063063 0.011483 -0.06457315
v 0.00043141 0.01199524 -0.06364412
v 0.00026199 0.01243086 -0.06267112
v 0.00012362 0.01278663 -0.06166144
v 1.735E-05 0.01305988 -0.06062258
v -5.604E-05 0.01324858 -0.05956231
v -9.6E-05 0.01335132 -0.05848851
v -0.00010223 0.01336735 -0.05740922
v -7.468E-05 0.01329652 -0.05633246
v -1.357E-05 0.01313938 -0.05526627
v 8.066E-05 0.0128971 -0.05421861
v 0.0002073 0.01257148 -0.05319727
v 0.0003654 0.01216496 -0.05220989
v 0.00848855 -0.00872148 -0.05220989
v 0.00864665 -0.00912801 -0.05319727
v 0.00877329 -0.00945363 -0.05421861
v 0.00886752 -0.00969591 -0.05526627
v 0.00892864 -0.00985305 -0.05633246
v 0.00895618 -0.00992387 -0.05740922
v 0.00894995 -0.00990785 -0.05848851
v 0.00890999 -0.00980511 -0.05956231
v 0.0088366 -0.0096164 -0.06062258
v 0.00873033 -0.00934315 -0.06166144
v 0.00859196 -0.00898739 -0.06267112
v 0.00842254 -0.00855176 -0.06364412
v 0.00822332 -0.00803953 -0.06457315
v 0.00799579 -0.0074545 -0.06545131
v 0.00774165 -0.00680105 -0.06627204
v 0.00746279 -0.00608403 -0.06702921
v 0.00716129 -0.00530881 -0.06771719
v 0.00683941 -0.00448116 -0.06833084
v 0.00649953 -0.00360726 -0.06886559
v 0.00614419 -0.00269362 -0.06931745
v 0.00577605 -0.00174705 -0.06968305
v 0.00539785 -0.00077461 -0.06995966
v 0.00501241 0.00021644 -0.07014521
v -0.00587686 0.00200624 -0.04025
v -0.00297709 -0.00544972 -0.04025
v -0.00587686 0.00200624 -0.03925
v -0.00297709 -0.00544972 -0.03925
v -0.0005538 -0.01168055 -0.05126382
v -0.00830015 0.00823708 -0.05126382
v -0.00423134 -0.00222475 -0.07023834
v -0.00384154 -0.00322703 -0.07014521
v -0.0034561 -0.00421808 -0.06995966
v -0.0030779 -0.00519052 -0.06968305
v -0.00270976 -0.00613709 -0.06931745
v -0.00235443 -0.00705073 -0.06886559
v -0.00201455 -0.00792464 -0.06833084
v -0.00169266 -0.00875229 -0.06771719
v -0.00139116 -0.00952751 -0.06702921
v -0.0011123 -0.01024452 -0.06627204
v -0.00085816 -0.01089798 -0.06545131
v -0.00063063 -0.011483 -0.06457315
v -0.00043141 -0.01199524 -0.06364412
v -0.00026199 -0.01243086 -0.06267112
v -0.00012362 -0.01278663 -0.06166144
v -1.735E-05 -0.01305988 -0.06062258
v 5.604E-05 -0.01324858 -0.05956231
v 9.6E-05 -0.01335132 -0.05848851
v 0.00010223 -0.01336735 -0.05740922
v 7.468E-05 -0.01329652 -0.05633246
v 1.357E-05 -0.01313938 -0.05526627
v -8.066E-05 -0.0128971 -0.05421861
v -0.0002073 -0.01257148 -0.05319727
v -0.0003654 -0.01216496 -0.05220989
v -0.00848855 0.00872148 -0.05220989
v -0.00864665 0.00912801 -0.05319727
v -0.00877329 0.00945363 -0.05421861
v -0.00886752 0.00969591 -0.05526627
v -0.00892864 0.00985305 -0.05633246
v -0.00895618 0.00992387 -0.05740922
v -0.00894995 0.00990785 -0.05848851
v -0.00890999 0.00980511 -0.05956231
v -0.0088366 0.0096164 -0.06062258
v -0.00873033 0.00934315 -0.06166144
v -0.00859196 0.00898739 -0.06267112
v -0.00842254 0.00855176 -0.06364412
v -0.00822332 0.00803953 -0.06457315
v -0.00799579 0.0074545 -0.06545131
v -0.00774165 0.00680105 -0.06627204
v -0.00746279 0.00608403 -0.06702921
v -0.00716129 0.00530881 -0.06771719
v -0.00683941 0.00448116 -0.06833084
v -0.00649953 0.00360726 -0.06886559
v -0.00614419 0.00269362 -0.06931745
v -0.00577605 0.00174705 -0.06968305
v -0.00539785 0.00077461 -0.06995966
v -0.00501241 -0.00021644 -0.07014521
v -0.00462261 -0.00121872 -0.07023834
v 0.00536152 0.01039212 0.05126382
v 0.00497392 0.00371788 0.04025
v -0.0041225 0.0109429 0.05126382
v -0.0045101 0.00426866 0.04025
v -0.0045101 0.00426866 0.03925
v 0.00023191 0.00399327 0.03925
v 0.00497392 0.00371788 0.03925
v -0.00011701 0.00399829 0.03925
v -0.00046504 0.00397288 0.03925
v -0.00080953 0.00391723 0.03925
v -0.00265969 0.00298765 0.03925
v -0.00290996 0.00274448 0.03925
v -0.00313808 0.00248041 0.03925
v -0.00334232 0.00219747 0.03925
v -0.00352112 0.00189781 0.03925
v -0.00114786 0.00383177 0.03925
v -0.00147745 0.00371714 0.03925
v -0.0017958 0.00357423 0.03925
v -0.00219747 -0.00334232 0.03925
v -0.00189781 -0.00352112 0.03925
v -0.00497392 -0.00371788 0.03925
v -0.0015837 -0.00367313 0.03925
v -0.00125754 -0.00379718 0.03925
v -0.00092181 -0.00389233 0.03925
v -0.00057906 -0.00395786 0.03925
v -0.00023191 -0.00399327 0.03925
v -0.00210048 0.00340411 0.03925
v -0.00238917 0.00320809 0.03925
v -0.00367313 0.0015837 0.03925
v -0.00379718 0.00125754 0.03925
v -0.00389233 0.00092181 0.03925
v -0.00397288 -0.00046504 0.03925
v -0.00391723 -0.00080953 0.03925
v -0.00383177 -0.00114786 0.03925
v -0.00371714 -0.00147745 0.03925
v -0.00357423 -0.0017958 0.03925
v -0.00340411 -0.00210048 0.03925
v -0.00320809 -0.00238917 0.03925
v -0.00298765 -0.00265969 0.03925
v -0.00274448 -0.00290996 0.03925
v -0.00248041 -0.00313808 0.03925
v -0.00395786 0.00057906 0.03925
v -0.00399327 0.00023191 0.03925
v -0.00399829 -0.00011701 0.03925
v -0 0.004 0.02875
v -0.00011701 0.00399829 0.02875
v -0.00046504 0.00397288 0.02875
v -0.00080953 0.00391723 0.02875
v -0.00114786 0.00383177 0.02875
v -0.00147745 0.00371714 0.02875
v -0.0017958 0.00357423 0.02875
v -0.00210048 0.00340411 0.02875
v -0.00238917 0.00320809 0.02875
v -0.00265969 0.00298765 0.02875
v -0.00290996 0.00274448 0.02875
v -0.00313808 0.00248041 0.02875
v -0.00334232 0.00219747 0.02875
v -0.00352112 0.00189781 0.02875
v -0.00367313 0.0015837 0.02875
v -0.00379718 0.00125754 0.02875
v -0.00389233 0.00092181 0.02875
v -0.00395786 0.00057906 0.02875
v -0.00399327 0.00023191 0.02875
v -0.00399829 -0.00011701 0.02875
v -0.00397288 -0.00046504 0.02875
v -0.00391723 -0.00080953 0.02875
v -0.00383177 -0.00114786 0.02875
v -0.00371714 -0.00147745 0.02875
v -0.00357423 -0.0017958 0.02875
v -0.00340411 -0.00210048 0.02875
v -0.00320809 -0.00238917 0.02875
v -0.00298765 -0.00265969 0.02875
v -0.00274448 -0.00290996 0.02875
v -0.00248041 -0.00313808 0.02875
v -0.00219747 -0.00334232 0.02875
v -0.00189781 -0.00352112 0.02875
v -0.0015837 -0.00367313 0.02875
v -0.00125754 -0.00379718 0.02875
v -0.00092181 -0.00389233 0.02875
v -0.00057906 -0.00395786 0.02875
v -0.00023191 -0.00399327 0.02875
v 0.00011701 -0.00399829 0.02875
v 0.00011701 -0.00399829 0.03925
v 0.00046504 -0.00397288 0.02875
v 0.00046504 -0.00397288 0.03925
v 0.00080953 -0.00391723 0.02875
v 0.00080953 -0.00391723 0.03925
v 0.00114786 -0.00383177 0.02875
v 0.00114786 -0.00383177 0.03925
v 0.00147745 -0.00371714 0.02875
v 0.00147745 -0.00371714 0.03925
v 0.0017958 -0.00357423 0.02875
v 0.0017958 -0.00357423 0.03925
v 0.00210048 -0.00340411 0.02875
v 0.00210048 -0.00340411 0.03925
v 0.00238917 -0.00320809 0.02875
v 0.00238917 -0.00320809 0.03925
v 0.00265969 -0.00298765 0.02875
v 0.00265969 -0.00298765 0.03925
v 0.00290996 -0.00274448 0.02875
v 0.00290996 -0.00274448 0.03925
v 0.00313808 -0.00248041 0.02875
v 0.00313808 -0.00248041 0.03925
v 0.00334232 -0.00219747 0.02875
v 0.00334232 -0.00219747 0.03925
v 0.00352112 -0.00189781 0.02875
v 0.00352112 -0.00189781 0.03925
v 0.00367313 -0.0015837 0.02875
v 0.00367313 -0.0015837 0.03925
v 0.00379718 -0.00125754 0.02875
v 0.00379718 -0.00125754 0.03925
v 0.00389233 -0.00092181 0.02875
v 0.00389233 -0.00092181 0.03925
v 0.00395786 -0.00057906 0.02875
v 0.00395786 -0.00057906 0.03925
v 0.00399327 -0.00023191 0.02875
v 0.00399327 -0.00023191 0.03925
v 0.00399829 0.00011701 0.02875
v 0.00399829 0.00011701 0.03925
v 0.00397288 0.00046504 0.02875
v 0.00397288 0.00046504 0.03925
v 0.00391723 0.00080953 0.02875
v 0.00391723 0.00080953 0.03925
v 0.00383177 0.00114786 0.02875
v 0.00383177 0.00114786 0.03925
v 0.00371714 0.00147745 0.02875
v 0.00371714 0.00147745 0.03925
v 0.00357423 0.0017958 0.02875
v 0.00357423 0.0017958 0.03925
v 0.00340411 0.00210048 0.02875
v 0.00340411 0.00210048 0.03925
v 0.00320809 0.00238917 0.02875
v 0.00320809 0.00238917 0.03925
v 0.00298765 0.00265969 0.02875
v 0.00298765 0.00265969 0.03925
v 0.00274448 0.00290996 0.02875
v 0.00274448 0.00290996 0.03925
v 0.00248041 0.00313808 0.02875
v 0.00248041 0.00313808 0.03925
v 0.00219747 0.00334232 0.02875
v 0.00219747 0.00334232 0.03925
v 0.00189781 0.00352112 0.02875
v 0.00189781 0.00352112 0.03925
v 0.0015837 0.00367313 0.02875
v 0.0015837 0.00367313 0.03925
v 0.00125754 0.00379718 0.02875
v 0.00125754 0.00379718 0.03925
v 0.00092181 0.00389233 0.02875
v 0.00092181 0.00389233 0.03925
v 0.00057906 0.00395786 0.02875
v 0.00057906 0.00395786 0.03925
v 0.00023191 0.00399327 0.02875
v 0.0045101 -0.00426866 0.03925
v 0.0045101 -0.00426866 0.04025
v -0.00497392 -0.00371788 0.04025
v -0.0001311 0.00599857 0.02875
v 0.00039221 0.00598717 0.02875
v 0.00091253 0.0059302 0.02875
v 0.00142591 0.0058281 0.02875
v 0.00192844 0.00568165 0.02875
v 0.00241629 0.00549195 0.02875
v 0.00288575 0.00526046 0.02875
v 0.00333324 0.00498894 0.02875
v 0.00375538 0.00467944 0.02875
v 0.00414892 0.00433433 0.02875
v 0.0045109 0.00395623 0.02875
v 0.00483854 0.00354803 0.02875
v 0.00512936 0.00311282 0.02875
v 0.00538114 0.00265392 0.02875
v 0.00559197 0.00217483 0.02875
v 0.00576024 0.00167918 0.02875
v 0.00588467 0.00117075 0.02875
v 0.00596432 0.00065341 0.02875
v 0.00599857 0.0001311 0.02875
v 0.00598717 -0.00039221 0.02875
v 0.0059302 -0.00091253 0.02875
v 0.0058281 -0.00142591 0.02875
v 0.00568165 -0.00192844 0.02875
v 0.00549195 -0.00241629 0.02875
v 0.00526046 -0.00288575 0.02875
v 0.00498894 -0.00333324 0.02875
v 0.00467944 -0.00375538 0.02875
v 0.00433433 -0.00414892 0.02875
v 0.00395623 -0.0045109 0.02875
v 0.00354803 -0.00483854 0.02875
v 0.00311282 -0.00512936 0.02875
v 0.00265392 -0.00538114 0.02875
v 0.00217483 -0.00559197 0.02875
v 0.00167918 -0.00576024 0.02875
v 0.00117075 -0.00588467 0.02875
v 0.00065341 -0.00596432 0.02875
v 0.0001311 -0.00599857 0.02875
v -0.00039221 -0.00598717 0.02875
v -0.00091253 -0.0059302 0.02875
v -0.00142591 -0.0058281 0.02875
v -0.00192844 -0.00568165 0.02875
v -0.00241629 -0.00549195 0.02875
v -0.00288575 -0.00526046 0.02875
v -0.00333324 -0.00498894 0.02875
v -0.00375538 -0.00467944 0.02875
v -0.00414892 -0.00433433 0.02875
v -0.0045109 -0.00395623 0.02875
v -0.00483854 -0.00354803 0.02875
v -0.00512936 -0.00311282 0.02875
v -0.00538114 -0.00265392 0.02875
v -0.00559197 -0.00217483 0.02875
v -0.00576024 -0.00167918 0.02875
v -0.00588467 -0.00117075 0.02875
v -0.00596432 -0.00065341 0.02875
v -0.00599857 -0.0001311 0.02875
v -0.00598717 0.00039221 0.02875
v -0.0059302 0.00091253 0.02875
v -0.0058281 0.00142591 0.02875
v -0.00568165 0.00192844 0.02875
v -0.00549195 0.00241629 0.02875
v -0.00526046 0.00288575 0.02875
v -0.00498894 0.00333324 0.02875
v -0.00467944 0.00375538 0.02875
v -0.00433433 0.00414892 0.02875
v -0.00395623 0.0045109 0.02875
v -0.00354803 0.00483854 0.02875
v -0.00311282 0.00512936 0.02875
v -0.00265392 0.00538114 0.02875
v -0.00217483 0.00559197 0.02875
v -0.00167918 0.00576024 0.02875
v -0.00117075 0.00588467 0.02875
v -0.00065341 0.00596432 0.02875
v -0.00409236 0.01146177 0.05220989
v 0.00539166 0.01091099 0.05220989
v -0.00406707 0.01189723 0.05319727
v 0.00541695 0.01134645 0.05319727
v -0.00404682 0.01224602 0.05421861
v 0.0054372 0.01169524 0.05421861
v -0.00403175 0.01250554 0.05526627
v 0.00545227 0.01195476 0.05526627
v -0.00402197 0.01267386 0.05633246
v 0.00546205 0.01212308 0.05633246
v -0.00401756 0.01274973 0.05740922
v 0.00546646 0.01219894 0.05740922
v -0.00401856 0.01273257 0.05848851
v 0.00546546 0.01218178 0.05848851
v -0.00402495 0.01262251 0.05956231
v 0.00545907 0.01207173 0.05956231
v -0.00403669 0.01242038 0.06062258
v 0.00544733 0.0118696 0.06062258
v -0.00405369 0.01212768 0.06166144
v 0.00543033 0.0115769 0.06166144
v -0.00407582 0.0117466 0.06267112
v 0.0054082 0.01119582 0.06267112
v -0.00410292 0.01127998 0.06364412
v 0.0053811 0.0107292 0.06364412
v -0.00413479 0.01073129 0.06457315
v 0.00534923 0.01018051 0.06457315
v -0.00417118 0.01010463 0.06545131
v 0.00531284 0.00955385 0.06545131
v -0.00421183 0.00940467 0.06627204
v 0.00527219 0.00885389 0.06627204
v -0.00425643 0.00863664 0.06702921
v 0.00522759 0.00808586 0.06702921
v -0.00430466 0.00780625 0.06771719
v 0.00517936 0.00725547 0.06771719
v -0.00435614 0.00691971 0.06833084
v 0.00512788 0.00636892 0.06833084
v -0.00441051 0.00598361 0.06886559
v 0.00507351 0.00543283 0.06886559
v -0.00446734 0.00500495 0.06931745
v 0.00501668 0.00445417 0.06931745
v -0.00452623 0.00399102 0.06968305
v 0.00495779 0.00344024 0.06968305
v -0.00458672 0.00294938 0.06995966
v 0.0048973 0.0023986 0.06995966
v -0.00464837 0.0018878 0.07014521
v 0.00483565 0.00133702 0.07014521
v -0.00471072 0.0008142 0.07023834
v 0.0047733 0.00026342 0.07023834
v -0.0047733 -0.00026342 0.07023834
v 0.00471072 -0.0008142 0.07023834
v -0.00483565 -0.00133702 0.07014521
v 0.00464837 -0.0018878 0.07014521
v -0.0048973 -0.0023986 0.06995966
v 0.00458672 -0.00294938 0.06995966
v -0.00495779 -0.00344024 0.06968305
v 0.00452623 -0.00399102 0.06968305
v -0.00501668 -0.00445417 0.06931745
v 0.00446734 -0.00500495 0.06931745
v -0.00507351 -0.00543283 0.06886559
v 0.00441051 -0.00598361 0.06886559
v -0.00512788 -0.00636892 0.06833084
v 0.00435614 -0.00691971 0.06833084
v -0.00517936 -0.00725547 0.06771719
v 0.00430466 -0.00780625 0.06771719
v -0.00522759 -0.00808586 0.06702921
v 0.00425643 -0.00863664 0.06702921
v -0.00527219 -0.00885389 0.06627204
v 0.00421183 -0.00940467 0.06627204
v -0.00531284 -0.00955385 0.06545131
v 0.00417118 -0.01010463 0.06545131
v -0.00534923 -0.01018051 0.06457315
v 0.00413479 -0.01073129 0.06457315
v -0.0053811 -0.0107292 0.06364412
v 0.00410292 -0.01127998 0.06364412
v -0.0054082 -0.01119582 0.06267112
v 0.00407582 -0.0117466 0.06267112
v -0.00543033 -0.0115769 0.06166144
v 0.00405369 -0.01212768 0.06166144
v -0.00544733 -0.0118696 0.06062258
v 0.00403669 -0.01242038 0.06062258
v -0.00545907 -0.01207173 0.05956231
v 0.00402495 -0.01262251 0.05956231
v -0.00546546 -0.01218178 0.05848851
v 0.00401856 -0.01273257 0.05848851
v -0.00546646 -0.01219894 0.05740922
v 0.00401756 -0.01274973 0.05740922
v -0.00546205 -0.01212308 0.05633246
v 0.00402197 -0.01267386 0.05633246
v -0.00545227 -0.01195476 0.05526627
v 0.00403175 -0.01250554 0.05526627
v -0.0054372 -0.01169524 0.05421861
v 0.00404682 -0.01224602 0.05421861
v -0.00541695 -0.01134645 0.05319727
v 0.00406707 -0.01189723 0.05319727
v -0.00539166 -0.01091099 0.05220989
v 0.00409236 -0.01146177 0.05220989
v -0.00536152 -0.01039212 0.05126382
v 0.0041225 -0.0109429 0.05126382
v 0.00461591 -0.00244676 0.05177416
v 0.00458619 -0.00295845 0.05198647
v 0.0044813 -0.00476457 0.05325326
v 0.00445957 -0.00513875 0.05366229
v 0.00506131 0.00522271 0.05457032
v 0.00504403 0.00492513 0.05410242
v 0.00502445 0.00458796 0.05366229
v 0.00492636 0.00289894 0.05224264
v 0.00489783 0.00240767 0.05198647
v 0.00486811 0.00189598 0.05177416
v 0.00483744 0.00136776 0.05160733
v 0.00470988 -0.00082871 0.05141484
v 0.00467799 -0.00137782 0.05148726
v 0.00464658 -0.00191855 0.05160733
v 0.00507616 0.00547845 0.05506242
v 0.00508847 0.0056904 0.05557497
v 0.00509814 0.00585694 0.05610408
v 0.00510511 0.00597682 0.05664571
v 0.0051093 0.00604911 0.05719575
v 0.00511071 0.00607327 0.05775
v 0.0051093 0.00604911 0.05830425
v 0.00510511 0.00597682 0.05885429
v 0.00509814 0.00585694 0.05939592
v 0.00508847 0.0056904 0.05992503
v 0.00507616 0.00547845 0.06043758
v 0.00506131 0.00522271 0.06092968
v 0.00504403 0.00492513 0.06139757
v 0.00502445 0.00458796 0.06183771
v 0.00500272 0.00421379 0.06224674
v 0.004979 0.00380545 0.06262155
v 0.00495349 0.00336605 0.06295928
v 0.00492636 0.00289894 0.06325737
v 0.00489783 0.00240767 0.06351353
v 0.00486811 0.00189598 0.06372584
v 0.00483744 0.00136776 0.06389266
v 0.00480603 0.00082704 0.06401274
v 0.00477414 0.00027793 0.06408516
v 0.00500272 0.00421379 0.05325326
v 0.004979 0.00380545 0.05287845
v 0.00495349 0.00336605 0.05254072
v 0.00480603 0.00082704 0.05148726
v 0.00477414 0.00027793 0.05141484
v 0.00474201 -0.00027539 0.05139064
v 0.00455766 -0.00344972 0.05224264
v 0.00453053 -0.00391683 0.05254072
v 0.00450502 -0.00435623 0.05287845
v 0.00474201 -0.00027539 0.06410936
v 0.00470988 -0.00082871 0.06408516
v 0.00467799 -0.00137782 0.06401274
v 0.00464658 -0.00191855 0.06389266
v 0.00461591 -0.00244676 0.06372584
v 0.00458619 -0.00295845 0.06351353
v 0.00455766 -0.00344972 0.06325737
v 0.00453053 -0.00391683 0.06295928
v 0.00450502 -0.00435623 0.06262155
v 0.0044813 -0.00476457 0.06224674
v 0.00445957 -0.00513875 0.06183771
v 0.00443999 -0.00547591 0.06139757
v 0.00442271 -0.00577349 0.06092968
v 0.00440786 -0.00602923 0.06043758
v 0.00439555 -0.00624118 0.05992503
v 0.00438588 -0.00640773 0.05939592
v 0.00437891 -0.0065276 0.05885429
v 0.00437472 -0.00659989 0.05830425
v 0.00437331 -0.00662405 0.05775
v 0.00437472 -0.00659989 0.05719575
v 0.00437891 -0.0065276 0.05664571
v 0.00438588 -0.00640773 0.05610408
v 0.00439555 -0.00624118 0.05557497
v 0.00440786 -0.00602923 0.05506242
v 0.00442271 -0.00577349 0.05457032
v 0.00443999 -0.00547591 0.05410242
v -0.00504403 -0.00492513 0.05410242
v -0.00502445 -0.00458796 0.05366229
v -0.00474201 0.00027539 0.06410936
v -0.00477414 -0.00027793 0.06408516
v -0.00474201 0.00027539 0.05139064
v -0.00470988 0.00082871 0.05141484
v -0.00467799 0.00137782 0.05148726
v -0.00464658 0.00191855 0.05160733
v -0.00461591 0.00244676 0.05177416
v -0.00458619 0.00295845 0.05198647
v -0.00455766 0.00344972 0.05224264
v -0.00453053 0.00391683 0.05254072
v -0.00500272 -0.00421379 0.05325326
v -0.004979 -0.00380545 0.05287845
v -0.00495349 -0.00336605 0.05254072
v -0.00492636 -0.00289894 0.05224264
v -0.00489783 -0.00240767 0.05198647
v -0.00486811 -0.00189598 0.05177416
v -0.00483744 -0.00136776 0.05160733
v -0.00480603 -0.00082704 0.06401274
v -0.00483744 -0.00136776 0.06389266
v -0.00486811 -0.00189598 0.06372584
v -0.00489783 -0.00240767 0.06351353
v -0.00492636 -0.00289894 0.06325737
v -0.00495349 -0.00336605 0.06295928
v -0.004979 -0.00380545 0.06262155
v -0.00500272 -0.00421379 0.06224674
v -0.00502445 -0.00458796 0.06183771
v -0.00504403 -0.00492513 0.06139757
v -0.00506131 -0.00522271 0.06092968
v -0.00507616 -0.00547845 0.06043758
v -0.00508847 -0.0056904 0.05992503
v -0.00509814 -0.00585694 0.05939592
v -0.00510511 -0.00597682 0.05885429
v -0.0051093 -0.00604911 0.05830425
v -0.00511071 -0.00607327 0.05775
v -0.0051093 -0.00604911 0.05719575
v -0.00510511 -0.00597682 0.05664571
v -0.00509814 -0.00585694 0.05610408
v -0.00508847 -0.0056904 0.05557497
v -0.00507616 -0.00547845 0.05506242
v -0.00506131 -0.00522271 0.05457032
v -0.00480603 -0.00082704 0.05148726
v -0.00477414 -0.00027793 0.05141484
v -0.00450502 0.00435623 0.05287845
v -0.0044813 0.00476457 0.05325326
v -0.00445957 0.00513875 0.05366229
v -0.00470988 0.00082871 0.06408516
v -0.00467799 0.00137782 0.06401274
v -0.00464658 0.00191855 0.06389266
v -0.00461591 0.00244676 0.06372584
v -0.00458619 0.00295845 0.06351353
v -0.00455766 0.00344972 0.06325737
v -0.00453053 0.00391683 0.06295928
v -0.00450502 0.00435623 0.06262155
v -0.0044813 0.00476457 0.06224674
v -0.00445957 0.00513875 0.06183771
v -0.00443999 0.00547591 0.06139757
v -0.00442271 0.00577349 0.06092968
v -0.00440786 0.00602923 0.06043758
v -0.00439555 0.00624118 0.05992503
v -0.00438588 0.00640773 0.05939592
v -0.00437891 0.0065276 0.05885429
v -0.00437472 0.00659989 0.05830425
v -0.00437331 0.00662405 0.05775
v -0.00437472 0.00659989 0.05719575
v -0.00437891 0.0065276 0.05664571
v -0.00438588 0.00640773 0.05610408
v -0.00439555 0.00624118 0.05557497
v -0.00440786 0.00602923 0.05506242
v -0.00442271 0.00577349 0.05457032
v -0.00443999 0.00547591 0.05410242
v 0.00414822 -0.00082949 0.05103374
v 0.00411441 -0.00141164 0.05111051
v 0.00408112 -0.00198489 0.05123781
v 0.0040486 -0.00254488 0.05141467
v 0.00401709 -0.00308735 0.05163975
v 0.00398685 -0.00360817 0.05191133
v 0.00395809 -0.00410338 0.05222735
v 0.00393103 -0.00456922 0.05258539
v 0.00390589 -0.00500212 0.05298275
v 0.00388285 -0.0053988 0.05341638
v 0.0038621 -0.00575625 0.053883
v 0.00384377 -0.00607173 0.05437904
v 0.00382803 -0.00634286 0.05490074
v 0.00381498 -0.00656756 0.05544413
v 0.00380473 -0.00674412 0.05600506
v 0.00379735 -0.00687121 0.05657928
v 0.00379289 -0.00694785 0.0571624
v 0.00379141 -0.00697346 0.05775
v 0.00379289 -0.00694785 0.0583376
v 0.00379735 -0.00687121 0.05892072
v 0.00380473 -0.00674412 0.05949493
v 0.00381498 -0.00656756 0.06005587
v 0.00382803 -0.00634286 0.06059926
v 0.00384377 -0.00607173 0.06112096
v 0.0038621 -0.00575625 0.061617
v 0.00388285 -0.0053988 0.06208362
v 0.00390589 -0.00500212 0.06251726
v 0.00393103 -0.00456922 0.06291461
v 0.00395809 -0.00410338 0.06327266
v 0.00398685 -0.00360817 0.06358867
v 0.00401709 -0.00308735 0.06386025
v 0.0040486 -0.00254488 0.06408533
v 0.00408112 -0.00198489 0.06426219
v 0.00411441 -0.00141164 0.06438949
v 0.00414822 -0.00082949 0.06446626
v 0.00418228 -0.00024289 0.06449191
v 0.00421635 0.00034372 0.06446626
v 0.00425016 0.00092587 0.06438949
v 0.00428345 0.00149912 0.06426219
v 0.00431597 0.00205911 0.06408533
v 0.00434748 0.00260158 0.06386025
v 0.00437772 0.0031224 0.06358867
v 0.00440648 0.00361761 0.06327266
v 0.00443354 0.00408344 0.06291461
v 0.00445868 0.00451635 0.06251726
v 0.00448171 0.00491303 0.06208362
v 0.00450247 0.00527048 0.061617
v 0.00452079 0.00558596 0.06112096
v 0.00453654 0.00585709 0.06059926
v 0.00454959 0.00608179 0.06005587
v 0.00455984 0.00625835 0.05949493
v 0.00456722 0.00638544 0.05892072
v 0.00457167 0.00646208 0.0583376
v 0.00457316 0.00648769 0.05775
v 0.00457167 0.00646208 0.0571624
v 0.00456722 0.00638544 0.05657928
v 0.00455984 0.00625835 0.05600506
v 0.00454959 0.00608179 0.05544413
v 0.00453654 0.00585709 0.05490074
v 0.00452079 0.00558596 0.05437904
v 0.00450247 0.00527048 0.053883
v 0.00448171 0.00491303 0.05341638
v 0.00445868 0.00451635 0.05298275
v 0.00443354 0.00408344 0.05258539
v 0.00440648 0.00361761 0.05222735
v 0.00437772 0.0031224 0.05191133
v 0.00434748 0.00260158 0.05163975
v 0.00431597 0.00205911 0.05141467
v 0.00428345 0.00149912 0.05123781
v 0.00425016 0.00092587 0.05111051
v 0.00421635 0.00034372 0.05103374
v 0.00418228 -0.00024289 0.05100809
v 0.00355622 -0.00082421 0.05070175
v 0.00352075 -0.00143513 0.05078231
v 0.00348581 -0.00203671 0.0509159
v 0.00345168 -0.00262439 0.05110151
v 0.00341862 -0.00319367 0.05133772
v 0.00338688 -0.00374024 0.05162272
v 0.0033567 -0.00425993 0.05195436
v 0.0033283 -0.00474879 0.0523301
v 0.00330192 -0.00520309 0.0527471
v 0.00327775 -0.00561939 0.05320216
v 0.00325596 -0.0059945 0.05369185
v 0.00323673 -0.00632558 0.05421241
v 0.00322021 -0.0066101 0.0547599
v 0.00320651 -0.00684591 0.05533015
v 0.00319575 -0.0070312 0.05591881
v 0.00318801 -0.00716457 0.05652141
v 0.00318334 -0.007245 0.05713336
v 0.00318178 -0.00727188 0.05775
v 0.00318334 -0.007245 0.05836664
v 0.00318801 -0.00716457 0.05897859
v 0.00319575 -0.0070312 0.05958119
v 0.00320651 -0.00684591 0.06016985
v 0.00322021 -0.0066101 0.0607401
v 0.00323673 -0.00632558 0.06128759
v 0.00325596 -0.0059945 0.06180815
v 0.00327775 -0.00561939 0.06229784
v 0.00330192 -0.00520309 0.0627529
v 0.0033283 -0.00474879 0.0631699
v 0.0033567 -0.00425993 0.06354564
v 0.00338688 -0.00374024 0.06387728
v 0.00341862 -0.00319367 0.06416228
v 0.00345168 -0.00262439 0.06439849
v 0.00348581 -0.00203671 0.06458409
v 0.00352075 -0.00143513 0.06471769
v 0.00355622 -0.00082421 0.06479825
v 0.00359198 -0.0002086 0.06482518
v 0.00362773 0.000407 0.06479825
v 0.00366321 0.00101792 0.06471769
v 0.00369814 0.00161951 0.06458409
v 0.00373227 0.00220718 0.06439849
v 0.00376533 0.00277647 0.06416228
v 0.00379708 0.00332303 0.06387728
v 0.00382726 0.00384272 0.06354564
v 0.00385565 0.00433158 0.0631699
v 0.00388203 0.00478589 0.0627529
v 0.00390621 0.00520218 0.06229784
v 0.00392799 0.00557729 0.06180815
v 0.00394722 0.00590837 0.06128759
v 0.00396374 0.0061929 0.0607401
v 0.00397744 0.0064287 0.06016985
v 0.0039882 0.006614 0.05958119
v 0.00399594 0.00674736 0.05897859
v 0.00400061 0.00682779 0.05836664
v 0.00400217 0.00685467 0.05775
v 0.00400061 0.00682779 0.05713336
v 0.00399594 0.00674736 0.05652141
v 0.0039882 0.006614 0.05591881
v 0.00397744 0.0064287 0.05533015
v 0.00396374 0.0061929 0.0547599
v 0.00394722 0.00590837 0.05421241
v 0.00392799 0.00557729 0.05369185
v 0.00390621 0.00520218 0.05320216
v 0.00388203 0.00478589 0.0527471
v 0.00385565 0.00433158 0.0523301
v 0.00382726 0.00384272 0.05195436
v 0.00379708 0.00332303 0.05162272
v 0.00376533 0.00277647 0.05133772
v 0.00373227 0.00220718 0.05110151
v 0.00369814 0.00161951 0.0509159
v 0.00366321 0.00101792 0.05078231
v 0.00362773 0.000407 0.05070175
v 0.00359198 -0.0002086 0.05067483
v 0.00293823 -0.0008129 0.05042129
v 0.00290134 -0.00144812 0.05050506
v 0.00286501 -0.00207365 0.05064397
v 0.00282952 -0.0026847 0.05083696
v 0.00279515 -0.00327664 0.05108257
v 0.00276214 -0.00384496 0.05137891
v 0.00273076 -0.00438533 0.05172374
v 0.00270124 -0.00489364 0.05211444
v 0.00267381 -0.00536602 0.05254803
v 0.00264867 -0.00579888 0.0530212
v 0.00262602 -0.00618892 0.05353037
v 0.00260602 -0.00653317 0.05407165
v 0.00258884 -0.00682901 0.05464092
v 0.0025746 -0.0070742 0.05523386
v 0.00256341 -0.00726687 0.05584595
v 0.00255536 -0.00740554 0.05647252
v 0.0025505 -0.00748917 0.05710882
v 0.00254888 -0.00751712 0.05775
v 0.0025505 -0.00748917 0.05839118
v 0.00255536 -0.00740554 0.05902748
v 0.00256341 -0.00726687 0.05965405
v 0.0025746 -0.0070742 0.06026614
v 0.00258884 -0.00682901 0.06085908
v 0.00260602 -0.00653317 0.06142835
v 0.00262602 -0.00618892 0.06196963
v 0.00264867 -0.00579888 0.0624788
v 0.00267381 -0.00536602 0.06295197
v 0.00270124 -0.00489364 0.06338556
v 0.00273076 -0.00438533 0.06377625
v 0.00276214 -0.00384496 0.06412109
v 0.00279515 -0.00327664 0.06441744
v 0.00282952 -0.0026847 0.06466304
v 0.00286501 -0.00207365 0.06485602
v 0.00290134 -0.00144812 0.06499493
v 0.00293823 -0.0008129 0.06507871
v 0.0029754 -0.0001728 0.0651067
v 0.00301258 0.0004673 0.06507871
v 0.00304947 0.00110253 0.06499493
v 0.00308579 0.00172806 0.06485602
v 0.00312128 0.00233911 0.06466304
v 0.00315566 0.00293105 0.06441744
v 0.00318866 0.00349937 0.06412109
v 0.00322004 0.00403974 0.06377625
v 0.00324956 0.00454805 0.06338556
v 0.003277 0.00502043 0.06295197
v 0.00330214 0.00545328 0.0624788
v 0.00332479 0.00584332 0.06196963
v 0.00334478 0.00618758 0.06142835
v 0.00336196 0.00648342 0.06085908
v 0.0033762 0.00672861 0.06026614
v 0.00338739 0.00692128 0.05965405
v 0.00339544 0.00705995 0.05902748
v 0.0034003 0.00714358 0.05839118
v 0.00340192 0.00717153 0.05775
v 0.0034003 0.00714358 0.05710882
v 0.00339544 0.00705995 0.05647252
v 0.00338739 0.00692128 0.05584595
v 0.0033762 0.00672861 0.05523386
v 0.00336196 0.00648342 0.05464092
v 0.00334478 0.00618758 0.05407165
v 0.00332479 0.00584332 0.05353037
v 0.00330214 0.00545328 0.0530212
v 0.003277 0.00502043 0.05254803
v 0.00324956 0.00454805 0.05211444
v 0.00322004 0.00403974 0.05172374
v 0.00318866 0.00349937 0.05137891
v 0.00315566 0.00293105 0.05108257
v 0.00312128 0.00233911 0.05083696
v 0.00308579 0.00172806 0.05064397
v 0.00304947 0.00110253 0.05050506
v 0.00301258 0.0004673 0.05042129
v 0.0029754 -0.0001728 0.0503933
v 0.00229875 -0.00079564 0.05019443
v 0.00226071 -0.00145053 0.05028079
v 0.00222326 -0.00209542 0.050424
v 0.00218668 -0.00272539 0.05062297
v 0.00215124 -0.00333565 0.05087617
v 0.00211721 -0.00392156 0.05118169
v 0.00208486 -0.00447866 0.0515372
v 0.00205442 -0.0050027 0.05193999
v 0.00202614 -0.00548971 0.052387
v 0.00200022 -0.00593596 0.05287482
v 0.00197687 -0.00633808 0.05339975
v 0.00195626 -0.00669299 0.05395779
v 0.00193855 -0.00699799 0.05454468
v 0.00192387 -0.00725077 0.05515597
v 0.00191233 -0.0074494 0.055787
v 0.00190403 -0.00759237 0.05643298
v 0.00189902 -0.00767859 0.05708897
v 0.00189735 -0.0077074 0.05775
v 0.00189902 -0.00767859 0.05841103
v 0.00190403 -0.00759237 0.05906702
v 0.00191233 -0.0074494 0.05971299
v 0.00192387 -0.00725077 0.06034403
v 0.00193855 -0.00699799 0.06095532
v 0.00195626 -0.00669299 0.06154222
v 0.00197687 -0.00633808 0.06210025
v 0.00200022 -0.00593596 0.06262518
v 0.00202614 -0.00548971 0.063113
v 0.00205442 -0.0050027 0.06356001
v 0.00208486 -0.00447866 0.0639628
v 0.00211721 -0.00392156 0.06431831
v 0.00215124 -0.00333565 0.06462383
v 0.00218668 -0.00272539 0.06487703
v 0.00222326 -0.00209542 0.06507599
v 0.00226071 -0.00145053 0.06521921
v 0.00229875 -0.00079564 0.06530557
v 0.00233707 -0.00013573 0.06533443
v 0.0023754 0.00052419 0.06530557
v 0.00241343 0.00117908 0.06521921
v 0.00245088 0.00182397 0.06507599
v 0.00248747 0.00245394 0.06487703
v 0.00252291 0.0030642 0.06462383
v 0.00255693 0.00365011 0.06431831
v 0.00258929 0.00420721 0.0639628
v 0.00261972 0.00473125 0.06356001
v 0.002648 0.00521826 0.063113
v 0.00267392 0.00566451 0.06262518
v 0.00269727 0.00606663 0.06210025
v 0.00271788 0.00642154 0.06154222
v 0.0027356 0.00672654 0.06095532
v 0.00275028 0.00697932 0.06034403
v 0.00276181 0.00717795 0.05971299
v 0.00277011 0.00732092 0.05906702
v 0.00277512 0.00740713 0.05841103
v 0.0027768 0.00743595 0.05775
v 0.00277512 0.00740713 0.05708897
v 0.00277011 0.00732092 0.05643298
v 0.00276181 0.00717795 0.055787
v 0.00275028 0.00697932 0.05515597
v 0.0027356 0.00672654 0.05454468
v 0.00271788 0.00642154 0.05395779
v 0.00269727 0.00606663 0.05339975
v 0.00267392 0.00566451 0.05287482
v 0.002648 0.00521826 0.052387
v 0.00261972 0.00473125 0.05193999
v 0.00258929 0.00420721 0.0515372
v 0.00255693 0.00365011 0.05118169
v 0.00252291 0.0030642 0.05087617
v 0.00248747 0.00245394 0.05062297
v 0.00245088 0.00182397 0.050424
v 0.00241343 0.00117908 0.05028079
v 0.0023754 0.00052419 0.05019443
v 0.00233707 -0.00013573 0.05016557
v 0.00164246 -0.00077257 0.05002281
v 0.00160356 -0.00144233 0.05011114
v 0.00156526 -0.00210187 0.0502576
v 0.00152784 -0.00274615 0.05046108
v 0.0014916 -0.00337027 0.05072004
v 0.0014568 -0.00396949 0.0510325
v 0.00142371 -0.00453924 0.05139608
v 0.00139258 -0.00507519 0.05180802
v 0.00136366 -0.00557325 0.05226518
v 0.00133715 -0.00602964 0.05276409
v 0.00131327 -0.00644089 0.05330094
v 0.00129219 -0.00680386 0.05387165
v 0.00127407 -0.0071158 0.05447188
v 0.00125906 -0.00737432 0.05509705
v 0.00124726 -0.00757746 0.05574242
v 0.00123877 -0.00772367 0.05640306
v 0.00123365 -0.00781185 0.05707396
v 0.00123194 -0.00784132 0.05775
v 0.00123365 -0.00781185 0.05842604
v 0.00123877 -0.00772367 0.05909694
v 0.00124726 -0.00757746 0.05975758
v 0.00125906 -0.00737432 0.06040295
v 0.00127407 -0.0071158 0.06102812
v 0.00129219 -0.00680386 0.06162835
v 0.00131327 -0.00644089 0.06219906
v 0.00133715 -0.00602964 0.06273592
v 0.00136366 -0.00557325 0.06323481
v 0.00139258 -0.00507519 0.06369198
v 0.00142371 -0.00453924 0.06410392
v 0.0014568 -0.00396949 0.0644675
v 0.0014916 -0.00337027 0.06477996
v 0.00152784 -0.00274615 0.06503891
v 0.00156526 -0.00210187 0.06524239
v 0.00160356 -0.00144233 0.06538886
v 0.00164246 -0.00077257 0.06547718
v 0.00168165 -9.766E-05 0.0655067
v 0.00172085 0.00057724 0.06547718
v 0.00175974 0.00124701 0.06538886
v 0.00179805 0.00190654 0.06524239
v 0.00183546 0.00255082 0.06503891
v 0.00187171 0.00317495 0.06477996
v 0.00190651 0.00377417 0.0644675
v 0.0019396 0.00434392 0.06410392
v 0.00197072 0.00487986 0.06369198
v 0.00199965 0.00537793 0.06323481
v 0.00202615 0.00583432 0.06273592
v 0.00205003 0.00624557 0.06219906
v 0.00207111 0.00660854 0.06162835
v 0.00208923 0.00692047 0.06102812
v 0.00210424 0.00717899 0.06040295
v 0.00211604 0.00738213 0.05975758
v 0.00212453 0.00752835 0.05909694
v 0.00212965 0.00761653 0.05842604
v 0.00213136 0.00764599 0.05775
v 0.00212965 0.00761653 0.05707396
v 0.00212453 0.00752835 0.05640306
v 0.00211604 0.00738213 0.05574242
v 0.00210424 0.00717899 0.05509705
v 0.00208923 0.00692047 0.05447188
v 0.00207111 0.00660854 0.05387165
v 0.00205003 0.00624557 0.05330094
v 0.00202615 0.00583432 0.05276409
v 0.00199965 0.00537793 0.05226518
v 0.00197072 0.00487986 0.05180802
v 0.0019396 0.00434392 0.05139608
v 0.00190651 0.00377417 0.0510325
v 0.00187171 0.00317495 0.05072004
v 0.00183546 0.00255082 0.05046108
v 0.00179805 0.00190654 0.0502576
v 0.00175974 0.00124701 0.05011114
v 0.00172085 0.00057724 0.05002281
v 0.00168165 -9.766E-05 0.0499933
v 0.00097416 -0.00074384 0.0499077
v 0.00093468 -0.00142359 0.04999734
v 0.00089581 -0.00209295 0.05014599
v 0.00085783 -0.00274682 0.0503525
v 0.00082105 -0.00338025 0.05061531
v 0.00078573 -0.00398839 0.05093243
v 0.00075215 -0.00456663 0.05130143
v 0.00072056 -0.00511056 0.05171951
v 0.0006912 -0.00561604 0.05218348
v 0.0006643 -0.00607924 0.05268981
v 0.00064006 -0.00649661 0.05323466
v 0.00061867 -0.00686499 0.05381387
v 0.00060029 -0.00718157 0.05442304
v 0.00058505 -0.00744394 0.05505753
v 0.00057308 -0.00765011 0.05571251
v 0.00056446 -0.0077985 0.056383
v 0.00055926 -0.00788799 0.05706389
v 0.00055752 -0.0079179 0.05775
v 0.00055926 -0.00788799 0.05843611
v 0.00056446 -0.0077985 0.059117
v 0.00057308 -0.00765011 0.05978749
v 0.00058505 -0.00744394 0.06044247
v 0.00060029 -0.00718157 0.06107696
v 0.00061867 -0.00686499 0.06168613
v 0.00064006 -0.00649661 0.06226534
v 0.0006643 -0.00607924 0.06281019
v 0.0006912 -0.00561604 0.06331652
v 0.00072056 -0.00511056 0.06378049
v 0.00075215 -0.00456663 0.06419858
v 0.00078573 -0.00398839 0.06456757
v 0.00082105 -0.00338025 0.06488468
v 0.00085783 -0.00274682 0.0651475
v 0.00089581 -0.00209295 0.06535401
v 0.00093468 -0.00142359 0.06550266
v 0.00097416 -0.00074384 0.0655923
v 0.00101393 -5.888E-05 0.06562226
v 0.00105371 0.00062607 0.0655923
v 0.00109319 0.00130582 0.06550266
v 0.00113206 0.00197518 0.06535401
v 0.00117004 0.00262906 0.0651475
v 0.00120682 0.00326248 0.06488468
v 0.00124214 0.00387062 0.06456757
v 0.00127572 0.00444886 0.06419858
v 0.00130731 0.00499279 0.06378049
v 0.00133667 0.00549828 0.06331652
v 0.00136357 0.00596147 0.06281019
v 0.0013878 0.00637884 0.06226534
v 0.0014092 0.00674722 0.06168613
v 0.00142758 0.0070638 0.06107696
v 0.00144282 0.00732617 0.06044247
v 0.00145479 0.00753234 0.05978749
v 0.00146341 0.00768073 0.059117
v 0.00146861 0.00777022 0.05843611
v 0.00147035 0.00780013 0.05775
v 0.00146861 0.00777022 0.05706389
v 0.00146341 0.00768073 0.056383
v 0.00145479 0.00753234 0.05571251
v 0.00144282 0.00732617 0.05505753
v 0.00142758 0.0070638 0.05442304
v 0.0014092 0.00674722 0.05381387
v 0.0013878 0.00637884 0.05323466
v 0.00136357 0.00596147 0.05268981
v 0.00133667 0.00549828 0.05218348
v 0.00130731 0.00499279 0.05171951
v 0.00127572 0.00444886 0.05130143
v 0.00124214 0.00387062 0.05093243
v 0.00120682 0.00326248 0.05061531
v 0.00117004 0.00262906 0.0503525
v 0.00113206 0.00197518 0.05014599
v 0.00109319 0.00130582 0.04999734
v 0.00105371 0.00062607 0.0499077
v 0.00101393 -5.888E-05 0.04987775
v 0.00029873 -0.00070968 0.04984993
v 0.00025897 -0.00139443 0.04994024
v 0.00021981 -0.00206872 0.05008997
v 0.00018155 -0.00272742 0.05029801
v 0.0001445 -0.0033655 0.05056276
v 0.00010892 -0.00397813 0.05088221
v 7.509E-05 -0.00456062 0.05125393
v 4.327E-05 -0.00510856 0.05167508
v 1.37E-05 -0.00561777 0.05214247
v -1.34E-05 -0.00608438 0.05265254
v -3.782E-05 -0.00650482 0.0532014
v -5.937E-05 -0.00687591 0.05378488
v -7.789E-05 -0.00719483 0.05439854
v -9.324E-05 -0.00745913 0.0550377
v -0.0001053 -0.00766682 0.0556975
v -0.00011398 -0.0078163 0.05637293
v -0.00011922 -0.00790645 0.05705883
v -0.00012097 -0.00793658 0.05775
v -0.00011922 -0.00790645 0.05844117
v -0.00011398 -0.0078163 0.05912707
v -0.0001053 -0.00766682 0.0598025
v -9.324E-05 -0.00745913 0.0604623
v -7.789E-05 -0.00719483 0.06110147
v -5.937E-05 -0.00687591 0.06171512
v -3.782E-05 -0.00650482 0.0622986
v -1.34E-05 -0.00608438 0.06284746
v 1.37E-05 -0.00561777 0.06335752
v 4.327E-05 -0.00510856 0.06382491
v 7.509E-05 -0.00456062 0.06424607
v 0.00010892 -0.00397813 0.06461779
v 0.0001445 -0.0033655 0.06493724
v 0.00018155 -0.00272742 0.06520199
v 0.00021981 -0.00206872 0.06541003
v 0.00025897 -0.00139443 0.06555976
v 0.00029873 -0.00070968 0.06565007
v 0.0003388 -1.968E-05 0.06568024
v 0.00037888 0.00067033 0.06565007
v 0.00041864 0.00135508 0.06555976
v 0.0004578 0.00202937 0.06541003
v 0.00049606 0.00268806 0.06520199
v 0.00053311 0.00332615 0.06493724
v 0.00056869 0.00393878 0.06461779
v 0.00060252 0.00452127 0.06424607
v 0.00063434 0.00506921 0.06382491
v 0.00066391 0.00557842 0.06335752
v 0.00069101 0.00604502 0.06284746
v 0.00071543 0.00646547 0.0622986
v 0.00073698 0.00683656 0.06171512
v 0.0007555 0.00715547 0.06110147
v 0.00077085 0.00741978 0.0604623
v 0.00078291 0.00762746 0.0598025
v 0.00079159 0.00777695 0.05912707
v 0.00079683 0.0078671 0.05844117
v 0.00079858 0.00789723 0.05775
v 0.00079683 0.0078671 0.05705883
v 0.00079159 0.00777695 0.05637293
v 0.00078291 0.00762746 0.0556975
v 0.00077085 0.00741978 0.0550377
v 0.0007555 0.00715547 0.05439854
v 0.00073698 0.00683656 0.05378488
v 0.00071543 0.00646547 0.0532014
v 0.00069101 0.00604502 0.05265254
v 0.00066391 0.00557842 0.05214247
v 0.00063434 0.00506921 0.05167508
v 0.00060252 0.00452127 0.05125393
v 0.00056869 0.00393878 0.05088221
v 0.00053311 0.00332615 0.05056276
v 0.00049606 0.00268806 0.05029801
v 0.0004578 0.00202937 0.05008997
v 0.00041864 0.00135508 0.04994024
v 0.00037888 0.00067033 0.04984993
v 0.0003388 -1.968E-05 0.04981976
v -0.00037888 -0.00067033 0.04984993
v -0.00041864 -0.00135508 0.04994024
v -0.0004578 -0.00202937 0.05008997
v -0.00049606 -0.00268806 0.05029801
v -0.00053311 -0.00332615 0.05056276
v -0.00056869 -0.00393878 0.05088221
v -0.00060252 -0.00452127 0.05125393
v -0.00063434 -0.00506921 0.05167508
v -0.00066391 -0.00557842 0.05214247
v -0.00069101 -0.00604502 0.05265254
v -0.00071543 -0.00646547 0.0532014
v -0.00073698 -0.00683656 0.05378488
v -0.0007555 -0.00715547 0.05439854
v -0.00077085 -0.00741978 0.0550377
v -0.00078291 -0.00762746 0.0556975
v -0.00079159 -0.00777695 0.05637293
v -0.00079683 -0.0078671 0.05705883
v -0.00079858 -0.00789723 0.05775
v -0.00079683 -0.0078671 0.05844117
v -0.00079159 -0.00777695 0.05912707
v -0.00078291 -0.00762746 0.0598025
v -0.00077085 -0.00741978 0.0604623
v -0.0007555 -0.00715547 0.06110147
v -0.00073698 -0.00683656 0.06171512
v -0.00071543 -0.00646547 0.0622986
v -0.00069101 -0.00604502 0.06284746
v -0.00066391 -0.00557842 0.06335752
v -0.00063434 -0.00506921 0.06382491
v -0.00060252 -0.00452127 0.06424607
v -0.00056869 -0.00393878 0.06461779
v -0.00053311 -0.00332615 0.06493724
v -0.00049606 -0.00268806 0.06520199
v -0.0004578 -0.00202937 0.06541003
v -0.00041864 -0.00135508 0.06555976
v -0.00037888 -0.00067033 0.06565007
v -0.0003388 1.968E-05 0.06568024
v -0.00029873 0.00070968 0.06565007
v -0.00025897 0.00139443 0.06555976
v -0.00021981 0.00206872 0.06541003
v -0.00018155 0.00272742 0.06520199
v -0.0001445 0.0033655 0.06493724
v -0.00010892 0.00397813 0.06461779
v -7.509E-05 0.00456062 0.06424607
v -4.327E-05 0.00510856 0.06382491
v -1.37E-05 0.00561777 0.06335752
v 1.34E-05 0.00608438 0.06284746
v 3.782E-05 0.00650482 0.0622986
v 5.937E-05 0.00687591 0.06171512
v 7.789E-05 0.00719483 0.06110147
v 9.324E-05 0.00745913 0.0604623
v 0.0001053 0.00766682 0.0598025
v 0.00011398 0.0078163 0.05912707
v 0.00011922 0.00790645 0.05844117
v 0.00012097 0.00793658 0.05775
v 0.00011922 0.00790645 0.05705883
v 0.00011398 0.0078163 0.05637293
v 0.0001053 0.00766682 0.0556975
v 9.324E-05 0.00745913 0.0550377
v 7.789E-05 0.00719483 0.05439854
v 5.937E-05 0.00687591 0.05378488
v 3.782E-05 0.00650482 0.0532014
v 1.34E-05 0.00608438 0.05265254
v -1.37E-05 0.00561777 0.05214247
v -4.327E-05 0.00510856 0.05167508
v -7.509E-05 0.00456062 0.05125393
v -0.00010892 0.00397813 0.05088221
v -0.0001445 0.0033655 0.05056276
v -0.00018155 0.00272742 0.05029801
v -0.00021981 0.00206872 0.05008997
v -0.00025897 0.00139443 0.04994024
v -0.00029873 0.00070968 0.04984993
v -0.0003388 1.968E-05 0.04981976
v -0.00105371 -0.00062607 0.0499077
v -0.00109319 -0.00130582 0.04999734
v -0.00113206 -0.00197518 0.05014599
v -0.00117004 -0.00262906 0.0503525
v -0.00120682 -0.00326248 0.05061531
v -0.00124214 -0.00387062 0.05093243
v -0.00127572 -0.00444886 0.05130143
v -0.00130731 -0.00499279 0.05171951
v -0.00133667 -0.00549828 0.05218348
v -0.00136357 -0.00596147 0.05268981
v -0.0013878 -0.00637884 0.05323466
v -0.0014092 -0.00674722 0.05381387
v -0.00142758 -0.0070638 0.05442304
v -0.00144282 -0.00732617 0.05505753
v -0.00145479 -0.00753234 0.05571251
v -0.00146341 -0.00768073 0.056383
v -0.00146861 -0.00777022 0.05706389
v -0.00147035 -0.00780013 0.05775
v -0.00146861 -0.00777022 0.05843611
v -0.00146341 -0.00768073 0.059117
v -0.00145479 -0.00753234 0.05978749
v -0.00144282 -0.00732617 0.06044247
v -0.00142758 -0.0070638 0.06107696
v -0.0014092 -0.00674722 0.06168613
v -0.0013878 -0.00637884 0.06226534
v -0.00136357 -0.00596147 0.06281019
v -0.00133667 -0.00549828 0.06331652
v -0.00130731 -0.00499279 0.06378049
v -0.00127572 -0.00444886 0.06419858
v -0.00124214 -0.00387062 0.06456757
v -0.00120682 -0.00326248 0.06488468
v -0.00117004 -0.00262906 0.0651475
v -0.00113206 -0.00197518 0.06535401
v -0.00109319 -0.00130582 0.06550266
v -0.00105371 -0.00062607 0.0655923
v -0.00101393 5.888E-05 0.06562226
v -0.00097416 0.00074384 0.0655923
v -0.00093468 0.00142359 0.06550266
v -0.00089581 0.00209295 0.06535401
v -0.00085783 0.00274682 0.0651475
v -0.00082105 0.00338025 0.06488468
v -0.00078573 0.00398839 0.06456757
v -0.00075215 0.00456663 0.06419858
v -0.00072056 0.00511056 0.06378049
v -0.0006912 0.00561604 0.06331652
v -0.0006643 0.00607924 0.06281019
v -0.00064006 0.00649661 0.06226534
v -0.00061867 0.00686499 0.06168613
v -0.00060029 0.00718157 0.06107696
v -0.00058505 0.00744394 0.06044247
v -0.00057308 0.00765011 0.05978749
v -0.00056446 0.0077985 0.059117
v -0.00055926 0.00788799 0.05843611
v -0.00055752 0.0079179 0.05775
v -0.00055926 0.00788799 0.05706389
v -0.00056446 0.0077985 0.056383
v -0.00057308 0.00765011 0.05571251
v -0.00058505 0.00744394 0.05505753
v -0.00060029 0.00718157 0.05442304
v -0.00061867 0.00686499 0.05381387
v -0.00064006 0.00649661 0.05323466
v -0.0006643 0.00607924 0.05268981
v -0.0006912 0.00561604 0.05218348
v -0.00072056 0.00511056 0.05171951
v -0.00075215 0.00456663 0.05130143
v -0.00078573 0.00398839 0.05093243
v -0.00082105 0.00338025 0.05061531
v -0.00085783 0.00274682 0.0503525
v -0.00089581 0.00209295 0.05014599
v -0.00093468 0.00142359 0.04999734
v -0.00097416 0.00074384 0.0499077
v -0.00101393 5.888E-05 0.04987775
v -0.00172085 -0.00057724 0.05002281
v -0.00175974 -0.00124701 0.05011114
v -0.00179805 -0.00190654 0.0502576
v -0.00183546 -0.00255082 0.05046108
v -0.00187171 -0.00317495 0.05072004
v -0.00190651 -0.00377417 0.0510325
v -0.0019396 -0.00434392 0.05139608
v -0.00197072 -0.00487986 0.05180802
v -0.00199965 -0.00537793 0.05226518
v -0.00202615 -0.00583432 0.05276409
v -0.00205003 -0.00624557 0.05330094
v -0.00207111 -0.00660854 0.05387165
v -0.00208923 -0.00692047 0.05447188
v -0.00210424 -0.00717899 0.05509705
v -0.00211604 -0.00738213 0.05574242
v -0.00212453 -0.00752835 0.05640306
v -0.00212965 -0.00761653 0.05707396
v -0.00213136 -0.00764599 0.05775
v -0.00212965 -0.00761653 0.05842604
v -0.00212453 -0.00752835 0.05909694
v -0.00211604 -0.00738213 0.05975758
v -0.00210424 -0.00717899 0.06040295
v -0.00208923 -0.00692047 0.06102812
v -0.00207111 -0.00660854 0.06162835
v -0.00205003 -0.00624557 0.06219906
v -0.00202615 -0.00583432 0.06273592
v -0.00199965 -0.00537793 0.06323481
v -0.00197072 -0.00487986 0.06369198
v -0.0019396 -0.00434392 0.06410392
v -0.00190651 -0.00377417 0.0644675
v -0.00187171 -0.00317495 0.06477996
v -0.00183546 -0.00255082 0.06503891
v -0.00179805 -0.00190654 0.06524239
v -0.00175974 -0.00124701 0.06538886
v -0.00172085 -0.00057724 0.06547718
v -0.00168165 9.766E-05 0.0655067
v -0.00164246 0.00077257 0.06547718
v -0.00160356 0.00144233 0.06538886
v -0.00156526 0.00210187 0.06524239
v -0.00152784 0.00274615 0.06503891
v -0.0014916 0.00337027 0.06477996
v -0.0014568 0.00396949 0.0644675
v -0.00142371 0.00453924 0.06410392
v -0.00139258 0.00507519 0.06369198
v -0.00136366 0.00557325 0.06323481
v -0.00133715 0.00602964 0.06273592
v -0.00131327 0.00644089 0.06219906
v -0.00129219 0.00680386 0.06162835
v -0.00127407 0.0071158 0.06102812
v -0.00125906 0.00737432 0.06040295
v -0.00124726 0.00757746 0.05975758
v -0.00123877 0.00772367 0.05909694
v -0.00123365 0.00781185 0.05842604
v -0.00123194 0.00784132 0.05775
v -0.00123365 0.00781185 0.05707396
v -0.00123877 0.00772367 0.05640306
v -0.00124726 0.00757746 0.05574242
v -0.00125906 0.00737432 0.05509705
v -0.00127407 0.0071158 0.05447188
v -0.00129219 0.00680386 0.05387165
v -0.00131327 0.00644089 0.05330094
v -0.00133715 0.00602964 0.05276409
v -0.00136366 0.00557325 0.05226518
v -0.00139258 0.00507519 0.05180802
v -0.00142371 0.00453924 0.05139608
v -0.0014568 0.00396949 0.0510325
v -0.0014916 0.00337027 0.05072004
v -0.00152784 0.00274615 0.05046108
v -0.00156526 0.00210187 0.0502576
v -0.00160356 0.00144233 0.05011114
v -0.00164246 0.00077257 0.05002281
v -0.00168165 9.766E-05 0.0499933
v -0.0023754 -0.00052419 0.05019443
v -0.00241343 -0.00117908 0.05028079
v -0.00245088 -0.00182397 0.050424
v -0.00248747 -0.00245394 0.05062297
v -0.00252291 -0.0030642 0.05087617
v -0.00255693 -0.00365011 0.05118169
v -0.00258929 -0.00420721 0.0515372
v -0.00261972 -0.00473125 0.05193999
v -0.002648 -0.00521826 0.052387
v -0.00267392 -0.00566451 0.05287482
v -0.00269727 -0.00606663 0.05339975
v -0.00271788 -0.00642154 0.05395779
v -0.0027356 -0.00672654 0.05454468
v -0.00275028 -0.00697932 0.05515597
v -0.00276181 -0.00717795 0.055787
v -0.00277011 -0.00732092 0.05643298
v -0.00277512 -0.00740713 0.05708897
v -0.0027768 -0.00743595 0.05775
v -0.00277512 -0.00740713 0.05841103
v -0.00277011 -0.00732092 0.05906702
v -0.00276181 -0.00717795 0.05971299
v -0.00275028 -0.00697932 0.06034403
v -0.0027356 -0.00672654 0.06095532
v -0.00271788 -0.00642154 0.06154222
v -0.00269727 -0.00606663 0.06210025
v -0.00267392 -0.00566451 0.06262518
v -0.002648 -0.00521826 0.063113
v -0.00261972 -0.00473125 0.06356001
v -0.00258929 -0.00420721 0.0639628
v -0.00255693 -0.00365011 0.06431831
v -0.00252291 -0.0030642 0.06462383
v -0.00248747 -0.00245394 0.06487703
v -0.00245088 -0.00182397 0.06507599
v -0.00241343 -0.00117908 0.06521921
v -0.0023754 -0.00052419 0.06530557
v -0.00233707 0.00013573 0.06533443
v -0.00229875 0.00079564 0.06530557
v -0.00226071 0.00145053 0.06521921
v -0.00222326 0.00209542 0.06507599
v -0.00218668 0.00272539 0.06487703
v -0.00215124 0.00333565 0.06462383
v -0.00211721 0.00392156 0.06431831
v -0.00208486 0.00447866 0.0639628
v -0.00205442 0.0050027 0.06356001
v -0.00202614 0.00548971 0.063113
v -0.00200022 0.00593596 0.06262518
v -0.00197687 0.00633808 0.06210025
v -0.00195626 0.00669299 0.06154222
v -0.00193855 0.00699799 0.06095532
v -0.00192387 0.00725077 0.06034403
v -0.00191233 0.0074494 0.05971299
v -0.00190403 0.00759237 0.05906702
v -0.00189902 0.00767859 0.05841103
v -0.00189735 0.0077074 0.05775
v -0.00189902 0.00767859 0.05708897
v -0.00190403 0.00759237 0.05643298
v -0.00191233 0.0074494 0.055787
v -0.00192387 0.00725077 0.05515597
v -0.00193855 0.00699799 0.05454468
v -0.00195626 0.00669299 0.05395779
v -0.00197687 0.00633808 0.05339975
v -0.00200022 0.00593596 0.05287482
v -0.00202614 0.00548971 0.052387
v -0.00205442 0.0050027 0.05193999
v -0.00208486 0.00447866 0.0515372
v -0.00211721 0.00392156 0.05118169
v -0.00215124 0.00333565 0.05087617
v -0.00218668 0.00272539 0.05062297
v -0.00222326 0.00209542 0.050424
v -0.00226071 0.00145053 0.05028079
v -0.00229875 0.00079564 0.05019443
v -0.00233707 0.00013573 0.05016557
v -0.00301258 -0.0004673 0.05042129
v -0.00304947 -0.00110253 0.05050506
v -0.00308579 -0.00172806 0.05064397
v -0.00312128 -0.00233911 0.05083696
v -0.00315566 -0.00293105 0.05108257
v -0.00318866 -0.00349937 0.05137891
v -0.00322004 -0.00403974 0.05172374
v -0.00324956 -0.00454805 0.05211444
v -0.003277 -0.00502043 0.05254803
v -0.00330214 -0.00545328 0.0530212
v -0.00332479 -0.00584332 0.05353037
v -0.00334478 -0.00618758 0.05407165
v -0.00336196 -0.00648342 0.05464092
v -0.0033762 -0.00672861 0.05523386
v -0.00338739 -0.00692128 0.05584595
v -0.00339544 -0.00705995 0.05647252
v -0.0034003 -0.00714358 0.05710882
v -0.00340192 -0.00717153 0.05775
v -0.0034003 -0.00714358 0.05839118
v -0.00339544 -0.00705995 0.05902748
v -0.00338739 -0.00692128 0.05965405
v -0.0033762 -0.00672861 0.06026614
v -0.00336196 -0.00648342 0.06085908
v -0.00334478 -0.00618758 0.06142835
v -0.00332479 -0.00584332 0.06196963
v -0.00330214 -0.00545328 0.0624788
v -0.003277 -0.00502043 0.06295197
v -0.00324956 -0.00454805 0.06338556
v -0.00322004 -0.00403974 0.06377625
v -0.00318866 -0.00349937 0.06412109
v -0.00315566 -0.00293105 0.06441744
v -0.00312128 -0.00233911 0.06466304
v -0.00308579 -0.00172806 0.06485602
v -0.00304947 -0.00110253 0.06499493
v -0.00301258 -0.0004673 0.06507871
v -0.0029754 0.0001728 0.0651067
v -0.00293823 0.0008129 0.06507871
v -0.00290134 0.00144812 0.06499493
v -0.00286501 0.00207365 0.06485602
v -0.00282952 0.0026847 0.06466304
v -0.00279515 0.00327664 0.06441744
v -0.00276214 0.00384496 0.06412109
v -0.00273076 0.00438533 0.06377625
v -0.00270124 0.00489364 0.06338556
v -0.00267381 0.00536602 0.06295197
v -0.00264867 0.00579888 0.0624788
v -0.00262602 0.00618892 0.06196963
v -0.00260602 0.00653317 0.06142835
v -0.00258884 0.00682901 0.06085908
v -0.0025746 0.0070742 0.06026614
v -0.00256341 0.00726687 0.05965405
v -0.00255536 0.00740554 0.05902748
v -0.0025505 0.00748917 0.05839118
v -0.00254888 0.00751712 0.05775
v -0.0025505 0.00748917 0.05710882
v -0.00255536 0.00740554 0.05647252
v -0.00256341 0.00726687 0.05584595
v -0.0025746 0.0070742 0.05523386
v -0.00258884 0.00682901 0.05464092
v -0.00260602 0.00653317 0.05407165
v -0.00262602 0.00618892 0.05353037
v -0.00264867 0.00579888 0.0530212
v -0.00267381 0.00536602 0.05254803
v -0.00270124 0.00489364 0.05211444
v -0.00273076 0.00438533 0.05172374
v -0.00276214 0.00384496 0.05137891
v -0.00279515 0.00327664 0.05108257
v -0.00282952 0.0026847 0.05083696
v -0.00286501 0.00207365 0.05064397
v -0.00290134 0.00144812 0.05050506
v -0.00293823 0.0008129 0.05042129
v -0.0029754 0.0001728 0.0503933
v -0.00362773 -0.000407 0.05070175
v -0.00366321 -0.00101792 0.05078231
v -0.00369814 -0.00161951 0.0509159
v -0.00373227 -0.00220718 0.05110151
v -0.00376533 -0.00277647 0.05133772
v -0.00379708 -0.00332303 0.05162272
v -0.00382726 -0.00384272 0.05195436
v -0.00385565 -0.00433158 0.0523301
v -0.00388203 -0.00478589 0.0527471
v -0.00390621 -0.00520218 0.05320216
v -0.00392799 -0.00557729 0.05369185
v -0.00394722 -0.00590837 0.05421241
v -0.00396374 -0.0061929 0.0547599
v -0.00397744 -0.0064287 0.05533015
v -0.0039882 -0.006614 0.05591881
v -0.00399594 -0.00674736 0.05652141
v -0.00400061 -0.00682779 0.05713336
v -0.00400217 -0.00685467 0.05775
v -0.00400061 -0.00682779 0.05836664
v -0.00399594 -0.00674736 0.05897859
v -0.0039882 -0.006614 0.05958119
v -0.00397744 -0.0064287 0.06016985
v -0.00396374 -0.0061929 0.0607401
v -0.00394722 -0.00590837 0.06128759
v -0.00392799 -0.00557729 0.06180815
v -0.00390621 -0.00520218 0.06229784
v -0.00388203 -0.00478589 0.0627529
v -0.00385565 -0.00433158 0.0631699
v -0.00382726 -0.00384272 0.06354564
v -0.00379708 -0.00332303 0.06387728
v -0.00376533 -0.00277647 0.06416228
v -0.00373227 -0.00220718 0.06439849
v -0.00369814 -0.00161951 0.06458409
v -0.00366321 -0.00101792 0.06471769
v -0.00362773 -0.000407 0.06479825
v -0.00359198 0.0002086 0.06482518
v -0.00355622 0.00082421 0.06479825
v -0.00352075 0.00143513 0.06471769
v -0.00348581 0.00203671 0.06458409
v -0.00345168 0.00262439 0.06439849
v -0.00341862 0.00319367 0.06416228
v -0.00338688 0.00374024 0.06387728
v -0.0033567 0.00425993 0.06354564
v -0.0033283 0.00474879 0.0631699
v -0.00330192 0.00520309 0.0627529
v -0.00327775 0.00561939 0.06229784
v -0.00325596 0.0059945 0.06180815
v -0.00323673 0.00632558 0.06128759
v -0.00322021 0.0066101 0.0607401
v -0.00320651 0.00684591 0.06016985
v -0.00319575 0.0070312 0.05958119
v -0.00318801 0.00716457 0.05897859
v -0.00318334 0.007245 0.05836664
v -0.00318178 0.00727188 0.05775
v -0.00318334 0.007245 0.05713336
v -0.00318801 0.00716457 0.05652141
v -0.00319575 0.0070312 0.05591881
v -0.00320651 0.00684591 0.05533015
v -0.00322021 0.0066101 0.0547599
v -0.00323673 0.00632558 0.05421241
v -0.00325596 0.0059945 0.05369185
v -0.00327775 0.00561939 0.05320216
v -0.00330192 0.00520309 0.0527471
v -0.0033283 0.00474879 0.0523301
v -0.0033567 0.00425993 0.05195436
v -0.00338688 0.00374024 0.05162272
v -0.00341862 0.00319367 0.05133772
v -0.00345168 0.00262439 0.05110151
v -0.00348581 0.00203671 0.0509159
v -0.00352075 0.00143513 0.05078231
v -0.00355622 0.00082421 0.05070175
v -0.00359198 0.0002086 0.05067483
v -0.00421635 -0.00034372 0.05103374
v -0.00425016 -0.00092587 0.05111051
v -0.00428345 -0.00149912 0.05123781
v -0.00431597 -0.00205911 0.05141467
v -0.00434748 -0.00260158 0.05163975
v -0.00437772 -0.0031224 0.05191133
v -0.00440648 -0.00361761 0.05222735
v -0.00443354 -0.00408344 0.05258539
v -0.00445868 -0.00451635 0.05298275
v -0.00448171 -0.00491303 0.05341638
v -0.00450247 -0.00527048 0.053883
v -0.00452079 -0.00558596 0.05437904
v -0.00453654 -0.00585709 0.05490074
v -0.00454959 -0.00608179 0.05544413
v -0.00455984 -0.00625835 0.05600506
v -0.00456722 -0.00638544 0.05657928
v -0.00457167 -0.00646208 0.0571624
v -0.00457316 -0.00648769 0.05775
v -0.00457167 -0.00646208 0.0583376
v -0.00456722 -0.00638544 0.05892072
v -0.00455984 -0.00625835 0.05949493
v -0.00454959 -0.00608179 0.06005587
v -0.00453654 -0.00585709 0.06059926
v -0.00452079 -0.00558596 0.06112096
v -0.00450247 -0.00527048 0.061617
v -0.00448171 -0.00491303 0.06208362
v -0.00445868 -0.00451635 0.06251726
v -0.00443354 -0.00408344 0.06291461
v -0.00440648 -0.00361761 0.06327266
v -0.00437772 -0.0031224 0.06358867
v -0.00434748 -0.00260158 0.06386025
v -0.00431597 -0.00205911 0.06408533
v -0.00428345 -0.00149912 0.06426219
v -0.00425016 -0.00092587 0.06438949
v -0.00421635 -0.00034372 0.06446626
v -0.00418228 0.00024289 0.06449191
v -0.00414822 0.00082949 0.06446626
v -0.00411441 0.00141164 0.06438949
v -0.00408112 0.00198489 0.06426219
v -0.0040486 0.00254488 0.06408533
v -0.00401709 0.00308735 0.06386025
v -0.00398685 0.00360817 0.06358867
v -0.00395809 0.00410338 0.06327266
v -0.00393103 0.00456922 0.06291461
v -0.00390589 0.00500212 0.06251726
v -0.00388285 0.0053988 0.06208362
v -0.0038621 0.00575625 0.061617
v -0.00384377 0.00607173 0.06112096
v -0.00382803 0.00634286 0.06059926
v -0.00381498 0.00656756 0.06005587
v -0.00380473 0.00674412 0.05949493
v -0.00379735 0.00687121 0.05892072
v -0.00379289 0.00694785 0.0583376
v -0.00379141 0.00697346 0.05775
v -0.00379289 0.00694785 0.0571624
v -0.00379735 0.00687121 0.05657928
v -0.00380473 0.00674412 0.05600506
v -0.00381498 0.00656756 0.05544413
v -0.00382803 0.00634286 0.05490074
v -0.00384377 0.00607173 0.05437904
v -0.0038621 0.00575625 0.053883
v -0.00388285 0.0053988 0.05341638
v -0.00390589 0.00500212 0.05298275
v -0.00393103 0.00456922 0.05258539
v -0.00395809 0.00410338 0.05222735
v -0.00398685 0.00360817 0.05191133
v -0.00401709 0.00308735 0.05163975
v -0.0040486 0.00254488 0.05141467
v -0.00408112 0.00198489 0.05123781
v -0.00411441 0.00141164 0.05111051
v -0.00414822 0.00082949 0.05103374
v -0.00418228 0.00024289 0.05100809
v -0.0001311 0.00599857 -0.02875
v -0.00065341 0.00596432 -0.02875
v -0.00117075 0.00588467 -0.02875
v -0.00167918 0.00576024 -0.02875
v -0.00217483 0.00559197 -0.02875
v -0.00265392 0.00538114 -0.02875
v -0.00311282 0.00512936 -0.02875
v -0.00354803 0.00483854 -0.02875
v -0.00395623 0.0045109 -0.02875
v -0.00433433 0.00414892 -0.02875
v -0.00467944 0.00375538 -0.02875
v -0.00498894 0.00333324 -0.02875
v -0.00526046 0.00288575 -0.02875
v -0.00549195 0.00241629 -0.02875
v -0.00568165 0.00192844 -0.02875
v -0.0058281 0.00142591 -0.02875
v -0.0059302 0.00091253 -0.02875
v -0.00598717 0.00039221 -0.02875
v -0.00599857 -0.0001311 -0.02875
v -0.00596432 -0.00065341 -0.02875
v -0.00588467 -0.00117075 -0.02875
v -0.00576024 -0.00167918 -0.02875
v -0.00559197 -0.00217483 -0.02875
v -0.00538114 -0.00265392 -0.02875
v -0.00512936 -0.00311282 -0.02875
v -0.00483854 -0.00354803 -0.02875
v -0.0045109 -0.00395623 -0.02875
v -0.00414892 -0.00433433 -0.02875
v -0.00375538 -0.00467944 -0.02875
v -0.00333324 -0.00498894 -0.02875
v -0.00288575 -0.00526046 -0.02875
v -0.00241629 -0.00549195 -0.02875
v -0.00192844 -0.00568165 -0.02875
v -0.00142591 -0.0058281 -0.02875
v -0.00091253 -0.0059302 -0.02875
v -0.00039221 -0.00598717 -0.02875
v 0.0001311 -0.00599857 -0.02875
v 0.00065341 -0.00596432 -0.02875
v 0.00117075 -0.00588467 -0.02875
v 0.00167918 -0.00576024 -0.02875
v 0.00217483 -0.00559197 -0.02875
v 0.00265392 -0.00538114 -0.02875
v 0.00311282 -0.00512936 -0.02875
v 0.00354803 -0.00483854 -0.02875
v 0.00395623 -0.0045109 -0.02875
v 0.00433433 -0.00414892 -0.02875
v 0.00467944 -0.00375538 -0.02875
v 0.00498894 -0.00333324 -0.02875
v 0.00526046 -0.00288575 -0.02875
v 0.00549195 -0.00241629 -0.02875
v 0.00568165 -0.00192844 -0.02875
v 0.0058281 -0.00142591 -0.02875
v 0.0059302 -0.00091253 -0.02875
v 0.00598717 -0.00039221 -0.02875
v 0.00599857 0.0001311 -0.02875
v 0.00596432 0.00065341 -0.02875
v 0.00588467 0.00117075 -0.02875
v 0.00576024 0.00167918 -0.02875
v 0.00559197 0.00217483 -0.02875
v 0.00538114 0.00265392 -0.02875
v 0.00512936 0.00311282 -0.02875
v 0.00483854 0.00354803 -0.02875
v 0.0045109 0.00395623 -0.02875
v 0.00414892 0.00433433 -0.02875
v 0.00375538 0.00467944 -0.02875
v 0.00333324 0.00498894 -0.02875
v 0.00288575 0.00526046 -0.02875
v 0.00241629 0.00549195 -0.02875
v 0.00192844 0.00568165 -0.02875
v 0.00142591 0.0058281 -0.02875
v 0.00091253 0.0059302 -0.02875
v 0.00039221 0.00598717 -0.02875
vn -0.86437 -0.05668 -0.49964
vn -0.85614 -0.1318 -0.49964
vn -0.85614 -0.1318 -0.49964
vn -0.8414 -0.20592 -0.49964
vn -0.8414 -0.20592 -0.49964
vn -0.82025 -0.27847 -0.49964
vn -0.82025 -0.27847 -0.49964
vn -0.79286 -0.3489 -0.49964
vn -0.79286 -0.3489 -0.49964
vn -0.75943 -0.41667 -0.49964
vn -0.75943 -0.41667 -0.49964
vn -0.72023 -0.48128 -0.49964
vn -0.72023 -0.48128 -0.49964
vn -0.67554 -0.54222 -0.49964
vn -0.67554 -0.54222 -0.49964
vn -0.62571 -0.59903 -0.49964
vn -0.62571 -0.59903 -0.49964
vn -0.57112 -0.65129 -0.49964
vn -0.57112 -0.65129 -0.49964
vn -0.51219 -0.69859 -0.49964
vn -0.51219 -0.69859 -0.49964
vn -0.44935 -0.74057 -0.49964
vn -0.44935 -0.74057 -0.49964
vn -0.3831 -0.77691 -0.49964
vn -0.3831 -0.77691 -0.49964
vn -0.31393 -0.80735 -0.49964
vn -0.31393 -0.80735 -0.49964
vn -0.24237 -0.83163 -0.49964
vn -0.24237 -0.83163 -0.49964
vn -0.16896 -0.84959 -0.49964
vn -0.16896 -0.84959 -0.49964
vn -0.09427 -0.86109 -0.49964
vn -0.09427 -0.86109 -0.49964
vn -0.02832 -0.86568 -0.4998
vn -0.01878 -0.86203 -0.5065
vn 0.00946 -0.86599 -0.49998
vn 0.05668 -0.86437 -0.49964
vn 0.05668 -0.86437 -0.49964
vn 0.1318 -0.85614 -0.49964
vn 0.1318 -0.85614 -0.49964
vn 0.20592 -0.8414 -0.49964
vn 0.20592 -0.8414 -0.49964
vn 0.27847 -0.82025 -0.49964
vn 0.27847 -0.82025 -0.49964
vn 0.3489 -0.79286 -0.49964
vn 0.3489 -0.79286 -0.49964
vn 0.41667 -0.75943 -0.49964
vn 0.41667 -0.75943 -0.49964
vn 0.48128 -0.72023 -0.49964
vn 0.48128 -0.72023 -0.49964
vn 0.54222 -0.67554 -0.49964
vn 0.54222 -0.67554 -0.49964
vn 0.59903 -0.62571 -0.49964
vn 0.59903 -0.62571 -0.49964
vn 0.65129 -0.57112 -0.49964
vn 0.65129 -0.57112 -0.49964
vn 0.69859 -0.51219 -0.49964
vn 0.69859 -0.51219 -0.49964
vn 0.74057 -0.44935 -0.49964
vn 0.74057 -0.44935 -0.49964
vn 0.77691 -0.3831 -0.49964
vn 0.77691 -0.3831 -0.49964
vn 0.80735 -0.31393 -0.49964
vn 0.80735 -0.31393 -0.49964
vn 0.83163 -0.24237 -0.49964
vn 0.83163 -0.24237 -0.49964
vn 0.84959 -0.16896 -0.49964
vn 0.84959 -0.16896 -0.49964
vn 0.86109 -0.09427 -0.49964
vn 0.86109 -0.09427 -0.49964
vn 0.86438 -0.0534 -0.5
vn 0.86438 -0.0534 -0.5
vn 0.86606 -0.01566 -0.4997
vn 0.86606 -0.01566 -0.4997
vn 0.86437 0.05668 -0.49964
vn 0.86437 0.05668 -0.49964
vn 0.85614 0.1318 -0.49964
vn 0.85614 0.1318 -0.49964
vn 0.8414 0.20592 -0.49964
vn 0.8414 0.20592 -0.49964
vn 0.82025 0.27847 -0.49964
vn 0.82025 0.27847 -0.49964
vn 0.79286 0.3489 -0.49964
vn 0.79286 0.3489 -0.49964
vn 0.75943 0.41667 -0.49964
vn 0.75943 0.41667 -0.49964
vn 0.72023 0.48128 -0.49964
vn 0.72023 0.48128 -0.49964
vn 0.67554 0.54222 -0.49964
vn 0.67554 0.54222 -0.49964
vn 0.62571 0.59903 -0.49964
vn 0.62571 0.59903 -0.49964
vn 0.57112 0.65129 -0.49964
vn 0.57112 0.65129 -0.49964
vn 0.51219 0.69859 -0.49964
vn 0.51219 0.69859 -0.49964
vn 0.44935 0.74057 -0.49964
vn 0.44935 0.74057 -0.49964
vn 0.3831 0.77691 -0.49964
vn 0.3831 0.77691 -0.49964
vn 0.31393 0.80735 -0.49964
vn 0.31393 0.80735 -0.49964
vn 0.24237 0.83163 -0.49964
vn 0.24237 0.83163 -0.49964
vn 0.16896 0.84959 -0.49964
vn 0.16896 0.84959 -0.49964
vn 0.09427 0.86109 -0.49964
vn 0.09427 0.86109 -0.49964
vn 0.01887 0.86603 -0.49964
vn 0.01887 0.86603 -0.49964
vn -0.05668 0.86437 -0.49964
vn -0.05668 0.86437 -0.49964
vn -0.1318 0.85614 -0.49964
vn -0.1318 0.85614 -0.49964
vn -0.20592 0.8414 -0.49964
vn -0.20592 0.8414 -0.49964
vn -0.27847 0.82025 -0.49964
vn -0.27847 0.82025 -0.49964
vn -0.3489 0.79286 -0.49964
vn -0.3489 0.79286 -0.49964
vn -0.41667 0.75943 -0.49964
vn -0.41667 0.75943 -0.49964
vn -0.48128 0.72023 -0.49964
vn -0.48128 0.72023 -0.49964
vn -0.54222 0.67554 -0.49964
vn -0.54222 0.67554 -0.49964
vn -0.59903 0.62571 -0.49964
vn -0.59903 0.62571 -0.49964
vn -0.65129 0.57112 -0.49964
vn -0.65129 0.57112 -0.49964
vn -0.69859 0.51219 -0.49964
vn -0.69859 0.51219 -0.49964
vn -0.74057 0.44935 -0.49964
vn -0.74057 0.44935 -0.49964
vn -0.77691 0.3831 -0.49964
vn -0.77691 0.3831 -0.49964
vn -0.80735 0.31393 -0.49964
vn -0.80735 0.31393 -0.49964
vn -0.83163 0.24237 -0.49964
vn -0.83163 0.24237 -0.49964
vn -0.84959 0.16896 -0.49964
vn -0.84959 0.16896 -0.49964
vn -0.86109 0.09427 -0.49964
vn -0.86109 0.09427 -0.49964
vn -0.86438 0.0534 -0.5
vn -0.86761 0.0189 -0.49689
vn -0.86606 0.01566 -0.4997
vn -0.86437 -0.05668 -0.49964
vn 0 0 -1
vn -0.99786 -0.06544 0
vn -0.98836 -0.15216 0
vn -0.97133 -0.23772 0
vn -0.94692 -0.32147 0
vn -0.9153 -0.40278 0
vn -0.87671 -0.48102 0
vn -0.83145 -0.5556 0
vn -0.77986 -0.62595 0
vn -0.72234 -0.69154 0
vn -0.65932 -0.75186 0
vn -0.59128 -0.80647 0
vn -0.51874 -0.85493 0
vn -0.44226 -0.89689 0
vn -0.36241 -0.93202 0
vn -0.27979 -0.96006 0
vn -0.19506 -0.98079 0
vn -0.10883 -0.99406 0
vn -0.0327 -0.99947 0
vn 0.01093 -0.99994 -0.00033
vn -0.02178 -0.99976 -0
vn 0.06544 -0.99786 0
vn 0.15216 -0.98836 0
vn 0.23772 -0.97133 0
vn 0.32147 -0.94692 0
vn 0.40278 -0.9153 0
vn 0.48102 -0.87671 0
vn 0.5556 -0.83145 0
vn 0.62595 -0.77986 0
vn 0.69154 -0.72234 0
vn 0.75186 -0.65932 0
vn 0.80647 -0.59128 0
vn 0.85493 -0.51874 0
vn 0.89689 -0.44226 0
vn 0.93202 -0.36241 0
vn 0.96006 -0.27979 0
vn 0.98079 -0.19506 0
vn 0.99406 -0.10883 0
vn 0.99976 -0.02178 0
vn 0.99786 0.06544 -0
vn 0.98836 0.15216 -0
vn 0.97133 0.23772 -0
vn 0.94692 0.32147 -0
vn 0.9153 0.40278 -0
vn 0.87671 0.48102 -0
vn 0.83145 0.5556 -0
vn 0.77986 0.62595 -0
vn 0.72234 0.69154 -0
vn 0.65932 0.75186 -0
vn 0.59128 0.80647 -0
vn 0.51874 0.85493 -0
vn 0.44226 0.89689 -0
vn 0.36241 0.93202 -0
vn 0.27979 0.96006 -0
vn 0.19506 0.98079 -0
vn 0.10883 0.99406 -0
vn 0.0327 0.99947 0
vn 0.02178 0.99976 8E-05
vn -0.01093 0.99994 -0
vn -0.06544 0.99786 0
vn -0.15216 0.98836 0
vn -0.23772 0.97133 0
vn -0.32147 0.94692 0
vn -0.40278 0.9153 0
vn -0.48102 0.87671 0
vn -0.5556 0.83145 0
vn -0.62595 0.77986 0
vn -0.69154 0.72234 0
vn -0.75186 0.65932 0
vn -0.80647 0.59128 0
vn -0.85493 0.51874 0
vn -0.89689 0.44226 0
vn -0.93202 0.36241 0
vn -0.96006 0.27979 0
vn -0.98079 0.19506 0
vn -0.99406 0.10883 0
vn -0.99976 0.02178 0
vn -0.9981 0.06167 0.00041
vn -0.99984 0.01808 0
vn -0.00946 0.86599 0.49998
vn -0.05668 0.86437 0.49964
vn -0.05668 0.86437 0.49964
vn -0.1318 0.85614 0.49964
vn -0.1318 0.85614 0.49964
vn -0.20592 0.8414 0.49964
vn -0.20592 0.8414 0.49964
vn -0.27847 0.82025 0.49964
vn -0.27847 0.82025 0.49964
vn -0.3489 0.79286 0.49964
vn -0.3489 0.79286 0.49964
vn -0.41667 0.75943 0.49964
vn -0.41667 0.75943 0.49964
vn -0.48128 0.72023 0.49964
vn -0.48128 0.72023 0.49964
vn -0.54222 0.67554 0.49964
vn -0.54222 0.67554 0.49964
vn -0.59903 0.62571 0.49964
vn -0.59903 0.62571 0.49964
vn -0.65129 0.57112 0.49964
vn -0.65129 0.57112 0.49964
vn -0.69859 0.51219 0.49964
vn -0.69859 0.51219 0.49964
vn -0.74057 0.44935 0.49964
vn -0.74057 0.44935 0.49964
vn -0.77691 0.3831 0.49964
vn -0.77691 0.3831 0.49964
vn -0.80735 0.31393 0.49964
vn -0.80735 0.31393 0.49964
vn -0.83163 0.24237 0.49964
vn -0.83163 0.24237 0.49964
vn -0.84959 0.16896 0.49964
vn -0.84959 0.16896 0.49964
vn -0.86109 0.09427 0.49964
vn -0.86109 0.09427 0.49964
vn -0.86603 0.01887 0.49964
vn -0.86603 0.01887 0.49964
vn -0.86437 -0.05668 0.49964
vn -0.86437 -0.05668 0.49964
vn -0.85614 -0.1318 0.49964
vn -0.85614 -0.1318 0.49964
vn -0.8414 -0.20592 0.49964
vn -0.8414 -0.20592 0.49964
vn -0.82025 -0.27847 0.49964
vn -0.82025 -0.27847 0.49964
vn -0.79286 -0.3489 0.49964
vn -0.79286 -0.3489 0.49964
vn -0.75943 -0.41667 0.49964
vn -0.75943 -0.41667 0.49964
vn -0.72023 -0.48128 0.49964
vn -0.72023 -0.48128 0.49964
vn -0.67554 -0.54222 0.49964
vn -0.67554 -0.54222 0.49964
vn -0.62571 -0.59903 0.49964
vn -0.62571 -0.59903 0.49964
vn -0.57112 -0.65129 0.49964
vn -0.57112 -0.65129 0.49964
vn -0.51219 -0.69859 0.49964
vn -0.51219 -0.69859 0.49964
vn -0.44935 -0.74057 0.49964
vn -0.44935 -0.74057 0.49964
vn -0.3831 -0.77691 0.49964
vn -0.3831 -0.77691 0.49964
vn -0.31393 -0.80735 0.49964
vn -0.31393 -0.80735 0.49964
vn -0.24237 -0.83163 0.49964
vn -0.24237 -0.83163 0.49964
vn -0.16896 -0.84959 0.49964
vn -0.16896 -0.84959 0.49964
vn -0.09427 -0.86109 0.49964
vn -0.09427 -0.86109 0.49964
vn -0.01887 -0.86603 0.49964
vn -0.01887 -0.86603 0.49964
vn 0.05668 -0.86437 0.49964
vn 0.05668 -0.86437 0.49964
vn 0.1318 -0.85614 0.49964
vn 0.1318 -0.85614 0.49964
vn 0.20592 -0.8414 0.49964
vn 0.20592 -0.8414 0.49964
vn 0.27847 -0.82025 0.49964
vn 0.27847 -0.82025 0.49964
vn 0.3489 -0.79286 0.49964
vn 0.3489 -0.79286 0.49964
vn 0.41667 -0.75943 0.49964
vn 0.41667 -0.75943 0.49964
vn 0.48128 -0.72023 0.49964
vn 0.48128 -0.72023 0.49964
vn 0.54222 -0.67554 0.49964
vn 0.54222 -0.67554 0.49964
vn 0.59903 -0.62571 0.49964
vn 0.59903 -0.62571 0.49964
vn 0.65129 -0.57112 0.49964
vn 0.65129 -0.57112 0.49964
vn 0.69859 -0.51219 0.49964
vn 0.69859 -0.51219 0.49964
vn 0.74057 -0.44935 0.49964
vn 0.74057 -0.44935 0.49964
vn 0.77691 -0.3831 0.49964
vn 0.77691 -0.3831 0.49964
vn 0.80735 -0.31393 0.49964
vn 0.80735 -0.31393 0.49964
vn 0.83163 -0.24237 0.49964
vn 0.83163 -0.24237 0.49964
vn 0.84959 -0.16896 0.49964
vn 0.84959 -0.16896 0.49964
vn 0.86109 -0.09427 0.49964
vn 0.86109 -0.09427 0.49964
vn 0.86603 -0.01887 0.49964
vn 0.86603 -0.01887 0.49964
vn 0.86437 0.05668 0.49964
vn 0.86437 0.05668 0.49964
vn 0.85614 0.1318 0.49964
vn 0.85614 0.1318 0.49964
vn 0.8414 0.20592 0.49964
vn 0.8414 0.20592 0.49964
vn 0.82025 0.27847 0.49964
vn 0.82025 0.27847 0.49964
vn 0.79286 0.3489 0.49964
vn 0.79286 0.3489 0.49964
vn 0.75943 0.41667 0.49964
vn 0.75943 0.41667 0.49964
vn 0.72023 0.48128 0.49964
vn 0.72023 0.48128 0.49964
vn 0.67554 0.54222 0.49964
vn 0.67554 0.54222 0.49964
vn 0.62571 0.59903 0.49964
vn 0.62571 0.59903 0.49964
vn 0.57112 0.65129 0.49964
vn 0.57112 0.65129 0.49964
vn 0.51219 0.69859 0.49964
vn 0.51219 0.69859 0.49964
vn 0.44935 0.74057 0.49964
vn 0.44935 0.74057 0.49964
vn 0.3831 0.77691 0.49964
vn 0.3831 0.77691 0.49964
vn 0.31393 0.80735 0.49964
vn 0.31393 0.80735 0.49964
vn 0.24237 0.83163 0.49964
vn 0.24237 0.83163 0.49964
vn 0.16896 0.84959 0.49964
vn 0.16896 0.84959 0.49964
vn 0.09427 0.86109 0.49964
vn 0.09427 0.86109 0.49964
vn 0.02832 0.86568 0.4998
vn 0.01878 0.86203 0.5065
vn 0 0 1
vn 0.0327 0.99947 0
vn 0.10883 0.99406 0
vn 0.27979 0.96006 0
vn 0.36241 0.93202 0
vn 0.44226 0.89689 0
vn 0.51874 0.85493 0
vn 0.59128 0.80647 0
vn 0.72234 0.69154 0
vn 0.77986 0.62595 0
vn 0.83145 0.5556 0
vn 0.87671 0.48102 0
vn 0.9153 0.40278 0
vn 0.94692 0.32147 0
vn 0.97133 0.23772 0
vn 0.98836 0.15216 0
vn 0.99786 0.06544 0
vn 0.99976 -0.02178 -0
vn 0.99406 -0.10883 -0
vn 0.96006 -0.27979 -0
vn 0.93202 -0.36241 -0
vn 0.89689 -0.44226 -0
vn 0.85493 -0.51874 -0
vn 0.80647 -0.59128 -0
vn 0.69154 -0.72234 -0
vn 0.62595 -0.77986 -0
vn 0.5556 -0.83145 -0
vn 0.48102 -0.87671 -0
vn 0.40278 -0.9153 -0
vn 0.32147 -0.94692 -0
vn 0.23772 -0.97133 -0
vn 0.15216 -0.98836 -0
vn 0.06544 -0.99786 -0
vn -0.02178 -0.99976 -0
vn -0.10883 -0.99406 -0
vn -0.27979 -0.96006 -0
vn -0.36241 -0.93202 -0
vn -0.44226 -0.89689 -0
vn -0.51874 -0.85493 -0
vn -0.59128 -0.80647 -0
vn -0.72234 -0.69154 -0
vn -0.77986 -0.62595 -0
vn -0.83145 -0.5556 -0
vn -0.87671 -0.48102 -0
vn -0.9153 -0.40278 -0
vn -0.94692 -0.32147 -0
vn -0.97133 -0.23772 -0
vn -0.98836 -0.15216 -0
vn -0.99786 -0.06544 -0
vn -0.99976 0.02178 -0
vn -0.99406 0.10883 -0
vn -0.96006 0.27979 -0
vn -0.93202 0.36241 -0
vn -0.89689 0.44226 -0
vn -0.85493 0.51874 -0
vn -0.80647 0.59128 -0
vn -0.69154 0.72234 -0
vn -0.62595 0.77986 -0
vn -0.5556 0.83145 -0
vn -0.48102 0.87671 -0
vn -0.40278 0.9153 -0
vn -0.32147 0.94692 -0
vn -0.23772 0.97133 -0
vn -0.15216 0.98836 -0
vn -0.06544 0.99786 -0
vn -0.01093 0.99994 -0
vn 0.02178 0.99976 -0.00027
vn 0.48586 0.30468 -0.81921
vn 0.48586 0.30468 -0.81921
vn 0.46013 0.37084 -0.8067
vn 0.46013 0.37084 -0.8067
vn 0.43489 0.43573 -0.78804
vn 0.43489 0.43573 -0.78804
vn 0.41034 0.49887 -0.76338
vn 0.41034 0.49887 -0.76338
vn 0.38666 0.55975 -0.73292
vn 0.38666 0.55975 -0.73292
vn 0.36403 0.61793 -0.69688
vn 0.36403 0.61793 -0.69688
vn 0.34262 0.67297 -0.65553
vn 0.34263 0.67296 -0.65553
vn 0.32261 0.72443 -0.6092
vn 0.32261 0.72443 -0.6092
vn 0.30413 0.77194 -0.55823
vn 0.30413 0.77193 -0.55823
vn 0.28734 0.81512 -0.50301
vn 0.28734 0.81512 -0.50301
vn 0.27235 0.85365 -0.44396
vn 0.27235 0.85365 -0.44396
vn 0.25929 0.88724 -0.38153
vn 0.25929 0.88724 -0.38153
vn 0.24825 0.91563 -0.3162
vn 0.24825 0.91564 -0.3162
vn 0.23931 0.93861 -0.24847
vn 0.23931 0.93861 -0.24847
vn 0.23255 0.956 -0.17884
vn 0.23255 0.956 -0.17884
vn 0.22801 0.96767 -0.10785
vn 0.22801 0.96767 -0.10785
vn 0.22573 0.97352 -0.03604
vn 0.22573 0.97352 -0.03604
vn 0.22573 0.97352 0.03604
vn 0.22573 0.97352 0.03604
vn 0.22801 0.96767 0.10785
vn 0.22801 0.96767 0.10785
vn 0.23255 0.956 0.17884
vn 0.23255 0.956 0.17884
vn 0.23931 0.93861 0.24847
vn 0.23931 0.93861 0.24847
vn 0.24825 0.91563 0.3162
vn 0.24825 0.91563 0.3162
vn 0.25929 0.88724 0.38153
vn 0.25929 0.88724 0.38153
vn 0.27235 0.85365 0.44396
vn 0.27235 0.85365 0.44396
vn 0.28734 0.81512 0.50301
vn 0.28734 0.81512 0.50301
vn 0.30414 0.77194 0.55823
vn 0.30414 0.77193 0.55823
vn 0.32261 0.72443 0.6092
vn 0.32261 0.72443 0.6092
vn 0.34263 0.67296 0.65553
vn 0.34263 0.67296 0.65553
vn 0.36403 0.61794 0.69687
vn 0.36403 0.61793 0.69688
vn 0.38666 0.55975 0.73292
vn 0.38666 0.55975 0.73292
vn 0.41034 0.49886 0.76338
vn 0.41034 0.49886 0.76338
vn 0.43489 0.43573 0.78804
vn 0.43489 0.43574 0.78804
vn 0.46013 0.37085 0.80669
vn 0.46013 0.37084 0.8067
vn 0.48586 0.30468 0.81921
vn 0.48586 0.30468 0.81921
vn 0.51189 0.23776 0.82549
vn 0.51189 0.23775 0.8255
vn 0.53802 0.17057 0.8255
vn 0.53802 0.17058 0.82549
vn 0.56405 0.10365 0.81921
vn 0.56405 0.10365 0.81921
vn 0.58978 0.03748 0.8067
vn 0.58978 0.03749 0.80669
vn 0.61502 -0.0274 0.78804
vn 0.61502 -0.0274 0.78804
vn 0.63957 -0.09053 0.76338
vn 0.63957 -0.09053 0.76338
vn 0.66325 -0.15142 0.73292
vn 0.66325 -0.15143 0.73292
vn 0.68588 -0.20961 0.69688
vn 0.68588 -0.2096 0.69688
vn 0.70728 -0.26463 0.65553
vn 0.70728 -0.26463 0.65553
vn 0.7273 -0.3161 0.6092
vn 0.7273 -0.3161 0.6092
vn 0.74577 -0.36361 0.55823
vn 0.74577 -0.36361 0.55823
vn 0.76257 -0.40679 0.50301
vn 0.76256 -0.40679 0.50301
vn 0.77755 -0.44532 0.44396
vn 0.77755 -0.44532 0.44396
vn 0.79061 -0.47892 0.38153
vn 0.79062 -0.47891 0.38153
vn 0.80166 -0.50731 0.3162
vn 0.80166 -0.50731 0.3162
vn 0.81059 -0.53028 0.24847
vn 0.81059 -0.53029 0.24847
vn 0.81736 -0.54767 0.17884
vn 0.81736 -0.54767 0.17884
vn 0.82189 -0.55934 0.10785
vn 0.82189 -0.55934 0.10785
vn 0.82417 -0.56519 0.03604
vn 0.82417 -0.56519 0.03604
vn 0.82417 -0.56519 -0.03604
vn 0.82417 -0.56519 -0.03604
vn 0.82189 -0.55934 -0.10785
vn 0.82189 -0.55934 -0.10785
vn 0.81736 -0.54767 -0.17884
vn 0.81736 -0.54767 -0.17884
vn 0.81059 -0.53028 -0.24847
vn 0.81059 -0.53028 -0.24847
vn 0.80166 -0.50731 -0.3162
vn 0.80166 -0.50731 -0.3162
vn 0.79062 -0.47891 -0.38153
vn 0.79061 -0.47891 -0.38154
vn 0.77755 -0.44532 -0.44396
vn 0.77755 -0.44532 -0.44396
vn 0.76256 -0.40679 -0.50301
vn 0.76256 -0.40679 -0.50301
vn 0.74577 -0.36361 -0.55823
vn 0.74577 -0.36361 -0.55823
vn 0.72729 -0.3161 -0.6092
vn 0.72729 -0.3161 -0.6092
vn 0.70728 -0.26464 -0.65553
vn 0.70728 -0.26464 -0.65554
vn 0.68587 -0.20961 -0.69688
vn 0.68588 -0.20961 -0.69688
vn 0.66325 -0.15142 -0.73292
vn 0.66325 -0.15142 -0.73292
vn 0.63957 -0.09054 -0.76338
vn 0.63957 -0.09054 -0.76339
vn 0.61501 -0.02741 -0.78804
vn 0.61501 -0.02741 -0.78804
vn 0.58978 0.03748 -0.8067
vn 0.58978 0.03749 -0.8067
vn 0.56404 0.10365 -0.81921
vn 0.56405 0.10365 -0.81921
vn 0.53802 0.17057 -0.82549
vn 0.53801 0.17058 -0.8255
vn 0.51189 0.23776 -0.8255
vn 0.51189 0.23775 -0.82549
vn 0.41604 0.28384 -0.86391
vn 0.41605 0.28384 -0.86391
vn 0.38891 0.35361 -0.85071
vn 0.38891 0.35361 -0.85071
vn 0.3623 0.42205 -0.83103
vn 0.36229 0.42205 -0.83103
vn 0.3364 0.48862 -0.80504
vn 0.3364 0.48862 -0.80504
vn 0.31143 0.55283 -0.77291
vn 0.31143 0.55283 -0.77291
vn 0.28757 0.61419 -0.7349
vn 0.28757 0.61419 -0.7349
vn 0.265 0.67222 -0.6913
vn 0.26499 0.67222 -0.6913
vn 0.24389 0.72649 -0.64244
vn 0.24389 0.72649 -0.64244
vn 0.22441 0.77659 -0.58869
vn 0.22441 0.77659 -0.58869
vn 0.2067 0.82213 -0.53045
vn 0.2067 0.82213 -0.53045
vn 0.19089 0.86277 -0.46818
vn 0.19089 0.86277 -0.46818
vn 0.17711 0.89819 -0.40235
vn 0.17711 0.89819 -0.40235
vn 0.16547 0.92813 -0.33346
vn 0.16547 0.92813 -0.33346
vn 0.15604 0.95236 -0.26202
vn 0.15605 0.95236 -0.26202
vn 0.14891 0.9707 -0.1886
vn 0.14891 0.9707 -0.1886
vn 0.14413 0.983 -0.11374
vn 0.14413 0.983 -0.11374
vn 0.14173 0.98918 -0.03801
vn 0.14173 0.98918 -0.03801
vn 0.14173 0.98918 0.03801
vn 0.14173 0.98918 0.03801
vn 0.14413 0.983 0.11373
vn 0.14413 0.983 0.11374
vn 0.14891 0.9707 0.1886
vn 0.14891 0.9707 0.1886
vn 0.15605 0.95236 0.26202
vn 0.15604 0.95236 0.26202
vn 0.16547 0.92813 0.33346
vn 0.16547 0.92813 0.33346
vn 0.17711 0.89819 0.40235
vn 0.17711 0.89819 0.40235
vn 0.19089 0.86277 0.46818
vn 0.19089 0.86277 0.46818
vn 0.2067 0.82213 0.53045
vn 0.20669 0.82213 0.53045
vn 0.22441 0.77659 0.58869
vn 0.2244 0.77659 0.58869
vn 0.24389 0.72649 0.64244
vn 0.24388 0.72649 0.64244
vn 0.26499 0.67222 0.6913
vn 0.26499 0.67222 0.6913
vn 0.28757 0.61419 0.7349
vn 0.28757 0.61419 0.7349
vn 0.31143 0.55283 0.77291
vn 0.31143 0.55283 0.77291
vn 0.3364 0.48862 0.80504
vn 0.3364 0.48862 0.80503
vn 0.3623 0.42205 0.83103
vn 0.36229 0.42204 0.83104
vn 0.38891 0.35361 0.85071
vn 0.38891 0.35362 0.85071
vn 0.41605 0.28384 0.86391
vn 0.41604 0.28384 0.86391
vn 0.44349 0.21326 0.87054
vn 0.4435 0.21327 0.87053
vn 0.47105 0.14242 0.87053
vn 0.47105 0.14241 0.87054
vn 0.4985 0.07184 0.86391
vn 0.4985 0.07184 0.86391
vn 0.52563 0.00207 0.85071
vn 0.52563 0.00206 0.85071
vn 0.55224 -0.06636 0.83104
vn 0.55225 -0.06636 0.83104
vn 0.57814 -0.13293 0.80504
vn 0.57814 -0.13294 0.80504
vn 0.60311 -0.19715 0.77291
vn 0.60311 -0.19714 0.77291
vn 0.62697 -0.2585 0.7349
vn 0.62697 -0.25851 0.7349
vn 0.64954 -0.31654 0.6913
vn 0.64954 -0.31654 0.6913
vn 0.67065 -0.37081 0.64244
vn 0.67065 -0.37081 0.64244
vn 0.69013 -0.42091 0.58869
vn 0.69013 -0.42091 0.58869
vn 0.70785 -0.46645 0.53045
vn 0.70785 -0.46645 0.53045
vn 0.72365 -0.50708 0.46818
vn 0.72365 -0.50708 0.46818
vn 0.73743 -0.54251 0.40235
vn 0.73743 -0.54251 0.40235
vn 0.74907 -0.57245 0.33346
vn 0.74907 -0.57245 0.33346
vn 0.7585 -0.59668 0.26202
vn 0.7585 -0.59668 0.26202
vn 0.76563 -0.61502 0.1886
vn 0.76563 -0.61502 0.1886
vn 0.77041 -0.62732 0.11374
vn 0.77041 -0.62732 0.11374
vn 0.77281 -0.63349 0.03801
vn 0.77281 -0.63349 0.03801
vn 0.77281 -0.63349 -0.03801
vn 0.77281 -0.63349 -0.03801
vn 0.77041 -0.62732 -0.11374
vn 0.77041 -0.62732 -0.11374
vn 0.76563 -0.61502 -0.1886
vn 0.76563 -0.61502 -0.1886
vn 0.7585 -0.59668 -0.26202
vn 0.7585 -0.59668 -0.26202
vn 0.74907 -0.57245 -0.33346
vn 0.74907 -0.57245 -0.33346
vn 0.73743 -0.54251 -0.40235
vn 0.73743 -0.54251 -0.40235
vn 0.72365 -0.50708 -0.46818
vn 0.72365 -0.50708 -0.46818
vn 0.70785 -0.46645 -0.53045
vn 0.70785 -0.46644 -0.53045
vn 0.69014 -0.42091 -0.58868
vn 0.69014 -0.4209 -0.58869
vn 0.67065 -0.37081 -0.64244
vn 0.67065 -0.37081 -0.64244
vn 0.64954 -0.31654 -0.6913
vn 0.64955 -0.31654 -0.6913
vn 0.62698 -0.2585 -0.7349
vn 0.62697 -0.2585 -0.7349
vn 0.60311 -0.19715 -0.77291
vn 0.60311 -0.19715 -0.77291
vn 0.57814 -0.13294 -0.80504
vn 0.57814 -0.13294 -0.80503
vn 0.55225 -0.06636 -0.83103
vn 0.55225 -0.06636 -0.83103
vn 0.52563 0.00207 -0.85071
vn 0.52563 0.00207 -0.85071
vn 0.4985 0.07184 -0.86391
vn 0.49849 0.07184 -0.86391
vn 0.47104 0.14242 -0.87054
vn 0.47105 0.14242 -0.87053
vn 0.4435 0.21326 -0.87053
vn 0.44349 0.21326 -0.87054
vn 0.3432 0.26093 -0.90229
vn 0.3432 0.26093 -0.90229
vn 0.31486 0.3338 -0.8885
vn 0.31486 0.3338 -0.8885
vn 0.28706 0.40528 -0.86795
vn 0.28706 0.40528 -0.86795
vn 0.26002 0.47481 -0.8408
vn 0.26002 0.47481 -0.8408
vn 0.23394 0.54187 -0.80725
vn 0.23394 0.54187 -0.80725
vn 0.20902 0.60595 -0.76755
vn 0.20901 0.60596 -0.76755
vn 0.18544 0.66657 -0.72201
vn 0.18544 0.66657 -0.72201
vn 0.1634 0.72325 -0.67098
vn 0.1634 0.72325 -0.67098
vn 0.14305 0.77557 -0.61484
vn 0.14305 0.77557 -0.61484
vn 0.12455 0.82313 -0.55402
vn 0.12455 0.82313 -0.55402
vn 0.10804 0.86558 -0.48898
vn 0.10804 0.86558 -0.48898
vn 0.09366 0.90257 -0.42023
vn 0.09366 0.90257 -0.42023
vn 0.08149 0.93384 -0.34827
vn 0.08149 0.93385 -0.34827
vn 0.07165 0.95915 -0.27366
vn 0.07165 0.95915 -0.27367
vn 0.0642 0.9783 -0.19698
vn 0.0642 0.9783 -0.19698
vn 0.0592 0.99115 -0.11879
vn 0.0592 0.99115 -0.11879
vn 0.0567 0.9976 -0.0397
vn 0.0567 0.9976 -0.0397
vn 0.0567 0.9976 0.0397
vn 0.0567 0.9976 0.0397
vn 0.0592 0.99115 0.11879
vn 0.0592 0.99115 0.11879
vn 0.0642 0.9783 0.19698
vn 0.0642 0.9783 0.19698
vn 0.07165 0.95915 0.27366
vn 0.07165 0.95915 0.27366
vn 0.08149 0.93384 0.34827
vn 0.08149 0.93384 0.34827
vn 0.09365 0.90257 0.42023
vn 0.09365 0.90257 0.42023
vn 0.10804 0.86558 0.48898
vn 0.10804 0.86558 0.48898
vn 0.12455 0.82313 0.55402
vn 0.12455 0.82313 0.55402
vn 0.14305 0.77557 0.61484
vn 0.14305 0.77557 0.61484
vn 0.1634 0.72325 0.67098
vn 0.1634 0.72325 0.67098
vn 0.18545 0.66657 0.72201
vn 0.18544 0.66656 0.72201
vn 0.20901 0.60596 0.76755
vn 0.20901 0.60595 0.76755
vn 0.23394 0.54187 0.80725
vn 0.23394 0.54187 0.80724
vn 0.26002 0.47481 0.8408
vn 0.26002 0.47481 0.8408
vn 0.28707 0.40527 0.86796
vn 0.28706 0.40527 0.86796
vn 0.31486 0.33381 0.8885
vn 0.31486 0.3338 0.88851
vn 0.3432 0.26093 0.90229
vn 0.3432 0.26094 0.90229
vn 0.37187 0.18723 0.90921
vn 0.37187 0.18722 0.90921
vn 0.40064 0.11322 0.90921
vn 0.40065 0.11323 0.90921
vn 0.42932 0.03952 0.90229
vn 0.42931 0.03951 0.90229
vn 0.45765 -0.03336 0.8885
vn 0.45766 -0.03336 0.8885
vn 0.48545 -0.10483 0.86796
vn 0.48545 -0.10482 0.86796
vn 0.5125 -0.17437 0.8408
vn 0.5125 -0.17436 0.8408
vn 0.53858 -0.24142 0.80725
vn 0.53858 -0.24143 0.80725
vn 0.5635 -0.30551 0.76755
vn 0.5635 -0.30551 0.76755
vn 0.58707 -0.36612 0.72201
vn 0.58708 -0.36611 0.72201
vn 0.60912 -0.4228 0.67098
vn 0.60912 -0.4228 0.67098
vn 0.62947 -0.47512 0.61484
vn 0.62947 -0.47513 0.61484
vn 0.64797 -0.52269 0.55402
vn 0.64797 -0.52269 0.55402
vn 0.66447 -0.56513 0.48898
vn 0.66447 -0.56513 0.48898
vn 0.67886 -0.60213 0.42023
vn 0.67886 -0.60213 0.42023
vn 0.69102 -0.6334 0.34827
vn 0.69102 -0.6334 0.34827
vn 0.70087 -0.65871 0.27366
vn 0.70087 -0.65871 0.27366
vn 0.70831 -0.67786 0.19698
vn 0.70832 -0.67786 0.19698
vn 0.71331 -0.69071 0.11879
vn 0.71331 -0.69071 0.11879
vn 0.71582 -0.69716 0.0397
vn 0.71582 -0.69716 0.0397
vn 0.71582 -0.69716 -0.0397
vn 0.71582 -0.69716 -0.0397
vn 0.71331 -0.69071 -0.11879
vn 0.71331 -0.69071 -0.11879
vn 0.70832 -0.67786 -0.19698
vn 0.70831 -0.67786 -0.19698
vn 0.70087 -0.65871 -0.27366
vn 0.70087 -0.65871 -0.27367
vn 0.69102 -0.6334 -0.34827
vn 0.69102 -0.6334 -0.34827
vn 0.67886 -0.60213 -0.42023
vn 0.67886 -0.60213 -0.42023
vn 0.66447 -0.56513 -0.48898
vn 0.66447 -0.56513 -0.48898
vn 0.64797 -0.52269 -0.55402
vn 0.64797 -0.52269 -0.55402
vn 0.62947 -0.47512 -0.61484
vn 0.62947 -0.47512 -0.61484
vn 0.60912 -0.4228 -0.67098
vn 0.60912 -0.4228 -0.67098
vn 0.58708 -0.36612 -0.72201
vn 0.58707 -0.36612 -0.72201
vn 0.5635 -0.30551 -0.76755
vn 0.5635 -0.30551 -0.76755
vn 0.53858 -0.24142 -0.80725
vn 0.53858 -0.24142 -0.80725
vn 0.5125 -0.17437 -0.8408
vn 0.5125 -0.17437 -0.8408
vn 0.48546 -0.10483 -0.86795
vn 0.48545 -0.10483 -0.86796
vn 0.45766 -0.03336 -0.8885
vn 0.45766 -0.03336 -0.8885
vn 0.42931 0.03951 -0.90229
vn 0.42932 0.03951 -0.90229
vn 0.40065 0.11323 -0.90921
vn 0.40065 0.11323 -0.90921
vn 0.37187 0.18722 -0.90921
vn 0.37187 0.18722 -0.90921
vn 0.26786 0.23612 -0.93408
vn 0.26786 0.23612 -0.93408
vn 0.23852 0.31156 -0.9198
vn 0.23852 0.31156 -0.9198
vn 0.20974 0.38555 -0.89853
vn 0.20974 0.38555 -0.89853
vn 0.18175 0.45754 -0.87042
vn 0.18175 0.45753 -0.87042
vn 0.15475 0.52696 -0.83569
vn 0.15475 0.52696 -0.83568
vn 0.12895 0.5933 -0.79459
vn 0.12895 0.5933 -0.79459
vn 0.10455 0.65605 -0.74745
vn 0.10454 0.65605 -0.74745
vn 0.08172 0.71472 -0.69462
vn 0.08172 0.71472 -0.69462
vn 0.06066 0.76889 -0.6365
vn 0.06066 0.76889 -0.6365
vn 0.04151 0.81813 -0.57354
vn 0.04151 0.81813 -0.57354
vn 0.02442 0.86207 -0.50621
vn 0.02442 0.86207 -0.50621
vn 0.00952 0.90037 -0.43503
vn 0.00952 0.90036 -0.43503
vn -0.00307 0.93274 -0.36054
vn -0.00307 0.93274 -0.36054
vn -0.01326 0.95894 -0.28331
vn -0.01326 0.95894 -0.28331
vn -0.02097 0.97876 -0.20392
vn -0.02097 0.97876 -0.20392
vn -0.02614 0.99207 -0.12297
vn -0.02614 0.99207 -0.12297
vn -0.02874 0.99874 -0.04109
vn -0.02874 0.99874 -0.0411
vn -0.02874 0.99874 0.04109
vn -0.02874 0.99874 0.0411
vn -0.02614 0.99207 0.12297
vn -0.02614 0.99207 0.12297
vn -0.02097 0.97876 0.20392
vn -0.02097 0.97876 0.20392
vn -0.01326 0.95894 0.2833
vn -0.01326 0.95894 0.28331
vn -0.00307 0.93274 0.36054
vn -0.00307 0.93274 0.36054
vn 0.00952 0.90037 0.43503
vn 0.00952 0.90037 0.43503
vn 0.02442 0.86207 0.50621
vn 0.02442 0.86206 0.50621
vn 0.04151 0.81813 0.57354
vn 0.04151 0.81813 0.57354
vn 0.06065 0.76889 0.6365
vn 0.06065 0.76889 0.6365
vn 0.08172 0.71472 0.69462
vn 0.08172 0.71472 0.69462
vn 0.10454 0.65604 0.74745
vn 0.10454 0.65605 0.74744
vn 0.12895 0.5933 0.79459
vn 0.12894 0.59329 0.79459
vn 0.15474 0.52696 0.83569
vn 0.15474 0.52696 0.83569
vn 0.18174 0.45753 0.87042
vn 0.18175 0.45754 0.87042
vn 0.20974 0.38554 0.89853
vn 0.20975 0.38555 0.89853
vn 0.23852 0.31156 0.9198
vn 0.23853 0.31157 0.9198
vn 0.26787 0.23613 0.93407
vn 0.26786 0.23612 0.93408
vn 0.29754 0.15981 0.94124
vn 0.29754 0.15982 0.94124
vn 0.32733 0.08322 0.94124
vn 0.32733 0.08321 0.94124
vn 0.35701 0.00689 0.93408
vn 0.35701 0.00691 0.93407
vn 0.38635 -0.06853 0.9198
vn 0.38635 -0.06854 0.9198
vn 0.41512 -0.14252 0.89853
vn 0.41512 -0.14252 0.89853
vn 0.44312 -0.21451 0.87042
vn 0.44311 -0.21452 0.87042
vn 0.47011 -0.28394 0.83569
vn 0.47012 -0.28394 0.83569
vn 0.49592 -0.35028 0.79459
vn 0.49592 -0.35027 0.79459
vn 0.52032 -0.41302 0.74745
vn 0.52032 -0.41303 0.74745
vn 0.54314 -0.4717 0.69462
vn 0.54314 -0.4717 0.69462
vn 0.56421 -0.52587 0.6365
vn 0.56421 -0.52587 0.6365
vn 0.58336 -0.5751 0.57354
vn 0.58336 -0.57511 0.57354
vn 0.60045 -0.61904 0.50621
vn 0.60045 -0.61904 0.50621
vn 0.61535 -0.65734 0.43503
vn 0.61535 -0.65734 0.43503
vn 0.62794 -0.68972 0.36054
vn 0.62794 -0.68972 0.36054
vn 0.63813 -0.71592 0.2833
vn 0.63813 -0.71591 0.28331
vn 0.64584 -0.73574 0.20392
vn 0.64584 -0.73574 0.20392
vn 0.65101 -0.74904 0.12297
vn 0.65101 -0.74904 0.12297
vn 0.65361 -0.75572 0.0411
vn 0.65361 -0.75572 0.0411
vn 0.65361 -0.75572 -0.0411
vn 0.65361 -0.75572 -0.0411
vn 0.65101 -0.74904 -0.12297
vn 0.65101 -0.74904 -0.12297
vn 0.64584 -0.73574 -0.20392
vn 0.64584 -0.73574 -0.20392
vn 0.63813 -0.71591 -0.28331
vn 0.63812 -0.71591 -0.28331
vn 0.62794 -0.68972 -0.36054
vn 0.62794 -0.68972 -0.36054
vn 0.61534 -0.65734 -0.43503
vn 0.61534 -0.65734 -0.43503
vn 0.60045 -0.61904 -0.50621
vn 0.60045 -0.61904 -0.50621
vn 0.58336 -0.57511 -0.57354
vn 0.58336 -0.57511 -0.57354
vn 0.56421 -0.52587 -0.6365
vn 0.56421 -0.52587 -0.6365
vn 0.54315 -0.4717 -0.69462
vn 0.54315 -0.4717 -0.69462
vn 0.52032 -0.41302 -0.74745
vn 0.52033 -0.41302 -0.74744
vn 0.49592 -0.35027 -0.79459
vn 0.49592 -0.35027 -0.79459
vn 0.47012 -0.28393 -0.83569
vn 0.47012 -0.28393 -0.83568
vn 0.44312 -0.21451 -0.87042
vn 0.44312 -0.21451 -0.87042
vn 0.41512 -0.14253 -0.89853
vn 0.41512 -0.14253 -0.89853
vn 0.38635 -0.06854 -0.9198
vn 0.38635 -0.06854 -0.9198
vn 0.35701 0.0069 -0.93408
vn 0.35701 0.0069 -0.93408
vn 0.32733 0.08321 -0.94124
vn 0.32733 0.08321 -0.94124
vn 0.29754 0.15981 -0.94124
vn 0.29754 0.15981 -0.94124
vn 0.19057 0.20959 -0.95904
vn 0.19057 0.20959 -0.95904
vn 0.16045 0.28704 -0.94439
vn 0.16045 0.28704 -0.94439
vn 0.1309 0.36301 -0.92254
vn 0.1309 0.36301 -0.92254
vn 0.10216 0.43692 -0.89368
vn 0.10216 0.43692 -0.89368
vn 0.07444 0.5082 -0.85802
vn 0.07443 0.5082 -0.85802
vn 0.04794 0.57631 -0.81582
vn 0.04794 0.57631 -0.81582
vn 0.02289 0.64073 -0.76742
vn 0.02289 0.64073 -0.76742
vn -0.00054 0.70098 -0.71318
vn -0.00054 0.70098 -0.71318
vn -0.02217 0.75659 -0.65351
vn -0.02217 0.7566 -0.65351
vn -0.04183 0.80715 -0.58886
vn -0.04183 0.80715 -0.58886
vn -0.05938 0.85226 -0.51974
vn -0.05938 0.85226 -0.51974
vn -0.07467 0.89158 -0.44666
vn -0.07467 0.89158 -0.44666
vn -0.0876 0.92482 -0.37017
vn -0.0876 0.92482 -0.37018
vn -0.09806 0.95172 -0.29088
vn -0.09806 0.95172 -0.29088
vn -0.10598 0.97208 -0.20936
vn -0.10598 0.97208 -0.20936
vn -0.11129 0.98574 -0.12626
vn -0.11129 0.98574 -0.12626
vn -0.11395 0.99259 -0.04219
vn -0.11395 0.99259 -0.04219
vn -0.11395 0.99259 0.04219
vn -0.11395 0.99259 0.04219
vn -0.11129 0.98573 0.12626
vn -0.11129 0.98573 0.12626
vn -0.10598 0.97208 0.20936
vn -0.10598 0.97208 0.20936
vn -0.09806 0.95172 0.29088
vn -0.09806 0.95172 0.29088
vn -0.0876 0.92482 0.37018
vn -0.0876 0.92482 0.37018
vn -0.07467 0.89158 0.44666
vn -0.07467 0.89158 0.44666
vn -0.05938 0.85226 0.51974
vn -0.05938 0.85226 0.51974
vn -0.04183 0.80715 0.58886
vn -0.04183 0.80715 0.58886
vn -0.02217 0.7566 0.65351
vn -0.02217 0.75659 0.65351
vn -0.00055 0.70098 0.71318
vn -0.00054 0.70099 0.71317
vn 0.02289 0.64074 0.76742
vn 0.02289 0.64073 0.76743
vn 0.04794 0.5763 0.81583
vn 0.04795 0.57631 0.81583
vn 0.07443 0.5082 0.85802
vn 0.07444 0.5082 0.85801
vn 0.10216 0.43692 0.89368
vn 0.10216 0.43691 0.89368
vn 0.1309 0.36301 0.92255
vn 0.1309 0.36301 0.92254
vn 0.16044 0.28705 0.94438
vn 0.16044 0.28704 0.94439
vn 0.19057 0.20958 0.95904
vn 0.19057 0.20959 0.95904
vn 0.22104 0.13124 0.96639
vn 0.22104 0.13124 0.96639
vn 0.25163 0.05259 0.96639
vn 0.25163 0.05259 0.96639
vn 0.2821 -0.02575 0.95904
vn 0.2821 -0.02576 0.95904
vn 0.31222 -0.10322 0.94438
vn 0.31223 -0.10321 0.94438
vn 0.34177 -0.17918 0.92255
vn 0.34177 -0.17918 0.92255
vn 0.37051 -0.25309 0.89368
vn 0.37052 -0.25308 0.89368
vn 0.39824 -0.32436 0.85802
vn 0.39824 -0.32437 0.85802
vn 0.42472 -0.39247 0.81583
vn 0.42472 -0.39248 0.81583
vn 0.44978 -0.45691 0.76742
vn 0.44978 -0.4569 0.76742
vn 0.47322 -0.51715 0.71318
vn 0.47321 -0.51716 0.71318
vn 0.49484 -0.57277 0.65351
vn 0.49484 -0.57276 0.65351
vn 0.51451 -0.62332 0.58886
vn 0.5145 -0.62332 0.58886
vn 0.53205 -0.66843 0.51974
vn 0.53205 -0.66843 0.51974
vn 0.54734 -0.70775 0.44666
vn 0.54734 -0.70775 0.44666
vn 0.56027 -0.74099 0.37018
vn 0.56027 -0.74099 0.37018
vn 0.57073 -0.76789 0.29088
vn 0.57073 -0.76789 0.29088
vn 0.57865 -0.78825 0.20936
vn 0.57865 -0.78825 0.20936
vn 0.58396 -0.8019 0.12626
vn 0.58396 -0.8019 0.12626
vn 0.58663 -0.80876 0.04219
vn 0.58663 -0.80876 0.04219
vn 0.58663 -0.80876 -0.04219
vn 0.58663 -0.80876 -0.04219
vn 0.58396 -0.8019 -0.12626
vn 0.58396 -0.8019 -0.12626
vn 0.57865 -0.78825 -0.20936
vn 0.57865 -0.78825 -0.20936
vn 0.57073 -0.76789 -0.29088
vn 0.57073 -0.76789 -0.29088
vn 0.56027 -0.74099 -0.37017
vn 0.56027 -0.74099 -0.37018
vn 0.54734 -0.70775 -0.44666
vn 0.54734 -0.70775 -0.44666
vn 0.53205 -0.66843 -0.51974
vn 0.53205 -0.66843 -0.51974
vn 0.5145 -0.62332 -0.58886
vn 0.5145 -0.62332 -0.58886
vn 0.49484 -0.57276 -0.65351
vn 0.49485 -0.57276 -0.65351
vn 0.47322 -0.51715 -0.71318
vn 0.47321 -0.51715 -0.71318
vn 0.44978 -0.4569 -0.76742
vn 0.44978 -0.4569 -0.76742
vn 0.42472 -0.39248 -0.81582
vn 0.42473 -0.39248 -0.81582
vn 0.39823 -0.32437 -0.85802
vn 0.39824 -0.32437 -0.85802
vn 0.37051 -0.25309 -0.89368
vn 0.37051 -0.25309 -0.89368
vn 0.34177 -0.17918 -0.92254
vn 0.34177 -0.17918 -0.92254
vn 0.31222 -0.10321 -0.94439
vn 0.31222 -0.10321 -0.94439
vn 0.2821 -0.02576 -0.95904
vn 0.2821 -0.02576 -0.95904
vn 0.25163 0.05259 -0.96639
vn 0.25163 0.05259 -0.96639
vn 0.22104 0.13124 -0.96639
vn 0.22104 0.13124 -0.96639
vn 0.11189 0.18153 -0.977
vn 0.1119 0.18153 -0.977
vn 0.08121 0.26043 -0.96207
vn 0.08121 0.26043 -0.96207
vn 0.05111 0.33782 -0.93982
vn 0.05111 0.33782 -0.93982
vn 0.02182 0.41311 -0.91042
vn 0.02183 0.41311 -0.91042
vn -0.00641 0.48573 -0.87409
vn -0.00642 0.48573 -0.87409
vn -0.0334 0.55512 -0.8311
vn -0.0334 0.55511 -0.8311
vn -0.05892 0.62075 -0.78179
vn -0.05893 0.62075 -0.78179
vn -0.0828 0.68212 -0.72654
vn -0.0828 0.68212 -0.72654
vn -0.10483 0.73878 -0.66575
vn -0.10483 0.73878 -0.66575
vn -0.12486 0.79028 -0.59989
vn -0.12486 0.79028 -0.59989
vn -0.14273 0.83623 -0.52947
vn -0.14273 0.83624 -0.52947
vn -0.15831 0.87629 -0.45502
vn -0.15831 0.87629 -0.45502
vn -0.17148 0.91016 -0.37711
vn -0.17148 0.91016 -0.37711
vn -0.18214 0.93756 -0.29632
vn -0.18214 0.93756 -0.29632
vn -0.1902 0.9583 -0.21329
vn -0.19021 0.9583 -0.21329
vn -0.19562 0.97221 -0.12862
vn -0.19562 0.97221 -0.12862
vn -0.19833 0.97919 -0.04298
vn -0.19833 0.97919 -0.04298
vn -0.19833 0.97919 0.04298
vn -0.19833 0.97919 0.04298
vn -0.19562 0.97221 0.12862
vn -0.19562 0.97221 0.12862
vn -0.1902 0.9583 0.21329
vn -0.1902 0.9583 0.21329
vn -0.18214 0.93756 0.29632
vn -0.18214 0.93756 0.29632
vn -0.17148 0.91016 0.37711
vn -0.17148 0.91016 0.37711
vn -0.15831 0.8763 0.45502
vn -0.15831 0.8763 0.45502
vn -0.14273 0.83624 0.52947
vn -0.14273 0.83623 0.52947
vn -0.12486 0.79028 0.59989
vn -0.12486 0.79028 0.59989
vn -0.10483 0.73877 0.66575
vn -0.10483 0.73878 0.66575
vn -0.08279 0.68213 0.72653
vn -0.0828 0.68212 0.72654
vn -0.05893 0.62074 0.7818
vn -0.05892 0.62075 0.78179
vn -0.03339 0.55512 0.8311
vn -0.03339 0.55512 0.8311
vn -0.00641 0.48573 0.87408
vn -0.00641 0.48573 0.87409
vn 0.02183 0.41311 0.91042
vn 0.02183 0.41311 0.91042
vn 0.05111 0.33782 0.93982
vn 0.05111 0.33783 0.93982
vn 0.08121 0.26044 0.96207
vn 0.08121 0.26044 0.96207
vn 0.1119 0.18153 0.977
vn 0.1119 0.18152 0.977
vn 0.14294 0.10171 0.98449
vn 0.14294 0.10171 0.98449
vn 0.1741 0.02159 0.98449
vn 0.1741 0.02159 0.98449
vn 0.20514 -0.05823 0.977
vn 0.20514 -0.05822 0.977
vn 0.23583 -0.13713 0.96207
vn 0.23583 -0.13713 0.96207
vn 0.26593 -0.21452 0.93982
vn 0.26593 -0.21452 0.93982
vn 0.29521 -0.28981 0.91042
vn 0.29521 -0.28981 0.91042
vn 0.32345 -0.36243 0.87408
vn 0.32346 -0.36242 0.87409
vn 0.35044 -0.43181 0.8311
vn 0.35044 -0.43181 0.8311
vn 0.37597 -0.49744 0.7818
vn 0.37596 -0.49745 0.78179
vn 0.39983 -0.55883 0.72653
vn 0.39983 -0.55882 0.72654
vn 0.42187 -0.61547 0.66575
vn 0.42186 -0.61547 0.66575
vn 0.4419 -0.66698 0.59989
vn 0.4419 -0.66698 0.59989
vn 0.45977 -0.71293 0.52947
vn 0.45977 -0.71293 0.52947
vn 0.47535 -0.75299 0.45502
vn 0.47535 -0.75299 0.45502
vn 0.48852 -0.78685 0.37711
vn 0.48852 -0.78685 0.37711
vn 0.49918 -0.81426 0.29632
vn 0.49918 -0.81426 0.29632
vn 0.50724 -0.83499 0.21329
vn 0.50724 -0.83499 0.21329
vn 0.51265 -0.84891 0.12862
vn 0.51265 -0.84891 0.12862
vn 0.51537 -0.85589 0.04298
vn 0.51537 -0.85589 0.04298
vn 0.51537 -0.85589 -0.04298
vn 0.51537 -0.85589 -0.04298
vn 0.51265 -0.84891 -0.12862
vn 0.51265 -0.84891 -0.12862
vn 0.50724 -0.83499 -0.21329
vn 0.50724 -0.83499 -0.21329
vn 0.49918 -0.81426 -0.29632
vn 0.49918 -0.81426 -0.29632
vn 0.48852 -0.78685 -0.37711
vn 0.48852 -0.78685 -0.37711
vn 0.47535 -0.75299 -0.45502
vn 0.47535 -0.75299 -0.45502
vn 0.45977 -0.71293 -0.52947
vn 0.45977 -0.71293 -0.52947
vn 0.4419 -0.66698 -0.59989
vn 0.44189 -0.66698 -0.59989
vn 0.42187 -0.61548 -0.66575
vn 0.42187 -0.61548 -0.66575
vn 0.39983 -0.55882 -0.72654
vn 0.39983 -0.55882 -0.72654
vn 0.37596 -0.49744 -0.78179
vn 0.37596 -0.49745 -0.78179
vn 0.35044 -0.43181 -0.8311
vn 0.35043 -0.43181 -0.8311
vn 0.32345 -0.36243 -0.87409
vn 0.32345 -0.36243 -0.87409
vn 0.29521 -0.28981 -0.91042
vn 0.29521 -0.28981 -0.91042
vn 0.26592 -0.21452 -0.93982
vn 0.26593 -0.21452 -0.93982
vn 0.23583 -0.13713 -0.96207
vn 0.23583 -0.13713 -0.96207
vn 0.20514 -0.05823 -0.977
vn 0.20514 -0.05823 -0.977
vn 0.1741 0.02159 -0.98449
vn 0.1741 0.02159 -0.98449
vn 0.14294 0.10171 -0.98449
vn 0.14294 0.10171 -0.98449
vn 0.03241 0.15215 -0.98783
vn 0.03241 0.15214 -0.98783
vn 0.00138 0.23192 -0.97273
vn 0.00138 0.23192 -0.97273
vn -0.02905 0.31017 -0.95024
vn -0.02905 0.31017 -0.95024
vn -0.05865 0.38629 -0.92051
vn -0.05866 0.3863 -0.92051
vn -0.08722 0.45972 -0.88377
vn -0.08721 0.45971 -0.88377
vn -0.11449 0.52987 -0.84031
vn -0.1145 0.52987 -0.84031
vn -0.1403 0.59623 -0.79046
vn -0.1403 0.59623 -0.79046
vn -0.16444 0.65829 -0.73459
vn -0.16444 0.65829 -0.73459
vn -0.18672 0.71557 -0.67312
vn -0.18672 0.71557 -0.67312
vn -0.20697 0.76764 -0.60654
vn -0.20697 0.76764 -0.60654
vn -0.22504 0.81411 -0.53534
vn -0.22504 0.81411 -0.53534
vn -0.24079 0.85461 -0.46006
vn -0.2408 0.85461 -0.46006
vn -0.25411 0.88885 -0.38129
vn -0.25411 0.88885 -0.38129
vn -0.26488 0.91655 -0.29961
vn -0.26488 0.91655 -0.29961
vn -0.27304 0.93752 -0.21565
vn -0.27304 0.93752 -0.21565
vn -0.27851 0.95159 -0.13005
vn -0.27851 0.95159 -0.13005
vn -0.28126 0.95865 -0.04346
vn -0.28126 0.95865 -0.04346
vn -0.28126 0.95865 0.04346
vn -0.28126 0.95865 0.04346
vn -0.27851 0.95159 0.13005
vn -0.27851 0.95159 0.13005
vn -0.27304 0.93752 0.21565
vn -0.27304 0.93752 0.21565
vn -0.26488 0.91655 0.29961
vn -0.26488 0.91655 0.29961
vn -0.25411 0.88885 0.38129
vn -0.25411 0.88885 0.38129
vn -0.24079 0.85461 0.46006
vn -0.24079 0.85461 0.46006
vn -0.22504 0.81411 0.53534
vn -0.22504 0.81411 0.53534
vn -0.20697 0.76764 0.60654
vn -0.20697 0.76764 0.60654
vn -0.18672 0.71557 0.67313
vn -0.18672 0.71557 0.67312
vn -0.16444 0.65828 0.73459
vn -0.16444 0.65829 0.73459
vn -0.14031 0.59623 0.79045
vn -0.14031 0.59623 0.79046
vn -0.1145 0.52987 0.84031
vn -0.1145 0.52987 0.84031
vn -0.08721 0.45971 0.88378
vn -0.08721 0.45972 0.88377
vn -0.05865 0.38629 0.92051
vn -0.05865 0.3863 0.92051
vn -0.02905 0.31017 0.95024
vn -0.02905 0.31017 0.95024
vn 0.00138 0.23193 0.97273
vn 0.00138 0.23191 0.97274
vn 0.0324 0.15214 0.98783
vn 0.03241 0.15216 0.98782
vn 0.0638 0.07145 0.9954
vn 0.0638 0.07144 0.9954
vn 0.0953 -0.00957 0.9954
vn 0.09531 -0.00956 0.9954
vn 0.12669 -0.09026 0.98783
vn 0.12668 -0.09028 0.98783
vn 0.15771 -0.17005 0.97273
vn 0.15772 -0.17004 0.97273
vn 0.18815 -0.2483 0.95024
vn 0.18815 -0.24829 0.95024
vn 0.21776 -0.32442 0.92051
vn 0.21776 -0.32442 0.92051
vn 0.24631 -0.39784 0.88377
vn 0.24631 -0.39784 0.88377
vn 0.27359 -0.46799 0.84031
vn 0.27359 -0.468 0.84031
vn 0.2994 -0.53436 0.79045
vn 0.2994 -0.53436 0.79046
vn 0.32354 -0.59641 0.73459
vn 0.32353 -0.59641 0.73459
vn 0.34581 -0.65369 0.67313
vn 0.34581 -0.6537 0.67313
vn 0.36606 -0.70577 0.60654
vn 0.36607 -0.70576 0.60654
vn 0.38414 -0.75223 0.53534
vn 0.38414 -0.75223 0.53534
vn 0.39989 -0.79274 0.46006
vn 0.39989 -0.79273 0.46006
vn 0.41321 -0.82697 0.38129
vn 0.41321 -0.82697 0.38129
vn 0.42398 -0.85468 0.29961
vn 0.42398 -0.85468 0.29961
vn 0.43214 -0.87564 0.21565
vn 0.43214 -0.87564 0.21565
vn 0.43761 -0.88971 0.13005
vn 0.43761 -0.88971 0.13005
vn 0.44035 -0.89677 0.04346
vn 0.44035 -0.89677 0.04346
vn 0.44035 -0.89677 -0.04346
vn 0.44035 -0.89677 -0.04346
vn 0.43761 -0.88971 -0.13005
vn 0.43761 -0.88971 -0.13005
vn 0.43214 -0.87564 -0.21565
vn 0.43214 -0.87564 -0.21565
vn 0.42398 -0.85468 -0.29961
vn 0.42398 -0.85468 -0.29961
vn 0.41321 -0.82697 -0.38129
vn 0.4132 -0.82697 -0.38129
vn 0.39989 -0.79273 -0.46006
vn 0.39989 -0.79273 -0.46006
vn 0.38414 -0.75223 -0.53534
vn 0.38414 -0.75223 -0.53534
vn 0.36607 -0.70576 -0.60654
vn 0.36607 -0.70577 -0.60654
vn 0.34582 -0.65369 -0.67312
vn 0.34582 -0.65369 -0.67312
vn 0.32354 -0.59641 -0.73459
vn 0.32354 -0.59641 -0.73459
vn 0.29941 -0.53435 -0.79046
vn 0.2994 -0.53435 -0.79046
vn 0.27359 -0.46799 -0.84031
vn 0.27359 -0.46799 -0.84031
vn 0.24631 -0.39784 -0.88377
vn 0.2463 -0.39784 -0.88378
vn 0.21775 -0.32442 -0.92051
vn 0.21776 -0.32442 -0.92051
vn 0.18815 -0.2483 -0.95024
vn 0.18815 -0.24829 -0.95024
vn 0.15772 -0.17005 -0.97273
vn 0.15772 -0.17005 -0.97273
vn 0.12669 -0.09027 -0.98783
vn 0.12669 -0.09027 -0.98783
vn 0.0953 -0.00956 -0.9954
vn 0.0953 -0.00956 -0.9954
vn 0.0638 0.07144 -0.9954
vn 0.0638 0.07144 -0.9954
vn -0.04731 0.12165 -0.99144
vn -0.04731 0.12165 -0.99144
vn -0.07845 0.20172 -0.9763
vn -0.07845 0.20172 -0.9763
vn -0.109 0.28026 -0.95372
vn -0.109 0.28026 -0.95372
vn -0.13871 0.35666 -0.92388
vn -0.13871 0.35666 -0.92388
vn -0.16737 0.43035 -0.88701
vn -0.16737 0.43035 -0.88701
vn -0.19476 0.50076 -0.84339
vn -0.19476 0.50076 -0.84339
vn -0.22066 0.56736 -0.79335
vn -0.22066 0.56736 -0.79335
vn -0.24488 0.62965 -0.73728
vn -0.24488 0.62965 -0.73728
vn -0.26724 0.68714 -0.67559
vn -0.26724 0.68714 -0.67559
vn -0.28757 0.7394 -0.60876
vn -0.28757 0.7394 -0.60876
vn -0.30571 0.78604 -0.5373
vn -0.32152 0.82669 -0.46175
vn -0.32152 0.82669 -0.46175
vn -0.33488 0.86105 -0.38269
vn -0.34569 0.88886 -0.30071
vn -0.3457 0.88886 -0.30071
vn -0.35388 0.9099 -0.21644
vn -0.35388 0.9099 -0.21644
vn -0.35937 0.92402 -0.13053
vn -0.36213 0.93111 -0.04362
vn -0.36213 0.93111 -0.04362
vn -0.36213 0.93111 0.04362
vn -0.36213 0.93111 0.04362
vn -0.35937 0.92402 0.13053
vn -0.35388 0.9099 0.21644
vn -0.35388 0.9099 0.21644
vn -0.3457 0.88886 0.30071
vn -0.34569 0.88886 0.30071
vn -0.33488 0.86105 0.38268
vn -0.32152 0.82669 0.46175
vn -0.32152 0.82669 0.46175
vn -0.30571 0.78604 0.5373
vn -0.28757 0.7394 0.60876
vn -0.28757 0.7394 0.60876
vn -0.26724 0.68714 0.67559
vn -0.26724 0.68714 0.67559
vn -0.24488 0.62965 0.73728
vn -0.24488 0.62965 0.73728
vn -0.22066 0.56737 0.79335
vn -0.22066 0.56736 0.79335
vn -0.19476 0.50076 0.84339
vn -0.19476 0.50076 0.84339
vn -0.16737 0.43035 0.88701
vn -0.16737 0.43035 0.88701
vn -0.13871 0.35666 0.92388
vn -0.13871 0.35666 0.92388
vn -0.109 0.28026 0.95372
vn -0.109 0.28026 0.95372
vn -0.07845 0.20172 0.9763
vn -0.07845 0.20172 0.9763
vn -0.04732 0.12166 0.99144
vn -0.04732 0.12166 0.99144
vn -0.01581 0.04065 0.99905
vn 0.01581 -0.04065 0.99905
vn 0.04732 -0.12166 0.99144
vn 0.04732 -0.12166 0.99144
vn 0.07845 -0.20172 0.9763
vn 0.07845 -0.20172 0.9763
vn 0.109 -0.28026 0.95372
vn 0.109 -0.28026 0.95372
vn 0.13871 -0.35666 0.92388
vn 0.13871 -0.35666 0.92388
vn 0.16737 -0.43035 0.88701
vn 0.16737 -0.43035 0.88701
vn 0.19476 -0.50076 0.84339
vn 0.19476 -0.50076 0.84339
vn 0.22066 -0.56736 0.79335
vn 0.22066 -0.56737 0.79335
vn 0.24488 -0.62965 0.73728
vn 0.24488 -0.62965 0.73728
vn 0.26724 -0.68714 0.67559
vn 0.26724 -0.68714 0.67559
vn 0.28757 -0.7394 0.60876
vn 0.28757 -0.7394 0.60876
vn 0.30571 -0.78604 0.5373
vn 0.32152 -0.82669 0.46175
vn 0.32152 -0.82669 0.46175
vn 0.33488 -0.86105 0.38268
vn 0.34569 -0.88886 0.30071
vn 0.3457 -0.88886 0.30071
vn 0.35388 -0.9099 0.21644
vn 0.35388 -0.9099 0.21644
vn 0.35937 -0.92402 0.13053
vn 0.36213 -0.93111 0.04362
vn 0.36213 -0.93111 0.04362
vn 0.36213 -0.93111 -0.04362
vn 0.36213 -0.93111 -0.04362
vn 0.35937 -0.92402 -0.13053
vn 0.35388 -0.9099 -0.21644
vn 0.35388 -0.9099 -0.21644
vn 0.3457 -0.88886 -0.30071
vn 0.34569 -0.88886 -0.30071
vn 0.33488 -0.86105 -0.38269
vn 0.32152 -0.82669 -0.46175
vn 0.32152 -0.82669 -0.46175
vn 0.30571 -0.78604 -0.5373
vn 0.28757 -0.7394 -0.60876
vn 0.28757 -0.7394 -0.60876
vn 0.26724 -0.68714 -0.67559
vn 0.26724 -0.68714 -0.67559
vn 0.24488 -0.62965 -0.73728
vn 0.24488 -0.62965 -0.73728
vn 0.22066 -0.56736 -0.79335
vn 0.22066 -0.56736 -0.79335
vn 0.19476 -0.50076 -0.84339
vn 0.19476 -0.50076 -0.84339
vn 0.16737 -0.43035 -0.88701
vn 0.16737 -0.43035 -0.88701
vn 0.13871 -0.35666 -0.92388
vn 0.13871 -0.35666 -0.92388
vn 0.109 -0.28026 -0.95372
vn 0.109 -0.28026 -0.95372
vn 0.07845 -0.20172 -0.9763
vn 0.07845 -0.20172 -0.9763
vn 0.04731 -0.12165 -0.99144
vn 0.04731 -0.12165 -0.99144
vn 0.01581 -0.04065 -0.99905
vn -0.01581 0.04065 -0.99905
vn -0.12669 0.09027 -0.98783
vn -0.12669 0.09027 -0.98783
vn -0.15772 0.17005 -0.97273
vn -0.15772 0.17005 -0.97273
vn -0.18815 0.24829 -0.95024
vn -0.18815 0.2483 -0.95024
vn -0.21776 0.32442 -0.92051
vn -0.21775 0.32442 -0.92051
vn -0.2463 0.39784 -0.88378
vn -0.24631 0.39784 -0.88377
vn -0.27359 0.46799 -0.84031
vn -0.27359 0.46799 -0.84031
vn -0.2994 0.53435 -0.79046
vn -0.29941 0.53435 -0.79046
vn -0.32354 0.59641 -0.73459
vn -0.32354 0.59641 -0.73459
vn -0.34582 0.65369 -0.67312
vn -0.34582 0.65369 -0.67312
vn -0.36607 0.70577 -0.60654
vn -0.36607 0.70576 -0.60654
vn -0.38414 0.75223 -0.53534
vn -0.38414 0.75223 -0.53534
vn -0.39989 0.79273 -0.46006
vn -0.39989 0.79273 -0.46006
vn -0.4132 0.82697 -0.38129
vn -0.41321 0.82697 -0.38129
vn -0.42398 0.85468 -0.29961
vn -0.42398 0.85468 -0.29961
vn -0.43214 0.87564 -0.21565
vn -0.43214 0.87564 -0.21565
vn -0.43761 0.88971 -0.13005
vn -0.43761 0.88971 -0.13005
vn -0.44035 0.89677 -0.04346
vn -0.44035 0.89677 -0.04346
vn -0.44035 0.89677 0.04346
vn -0.44035 0.89677 0.04346
vn -0.43761 0.88971 0.13005
vn -0.43761 0.88971 0.13005
vn -0.43214 0.87564 0.21565
vn -0.43214 0.87564 0.21565
vn -0.42398 0.85468 0.29961
vn -0.42398 0.85468 0.29961
vn -0.41321 0.82697 0.38129
vn -0.41321 0.82697 0.38129
vn -0.39989 0.79273 0.46006
vn -0.39989 0.79274 0.46006
vn -0.38414 0.75223 0.53534
vn -0.38414 0.75223 0.53534
vn -0.36607 0.70576 0.60654
vn -0.36606 0.70577 0.60654
vn -0.34581 0.6537 0.67313
vn -0.34581 0.65369 0.67313
vn -0.32353 0.59641 0.73459
vn -0.32354 0.59641 0.73459
vn -0.2994 0.53436 0.79046
vn -0.2994 0.53436 0.79045
vn -0.27359 0.468 0.84031
vn -0.27359 0.46799 0.84031
vn -0.24631 0.39784 0.88377
vn -0.24631 0.39784 0.88377
vn -0.21776 0.32442 0.92051
vn -0.21776 0.32442 0.92051
vn -0.18815 0.24829 0.95024
vn -0.18815 0.2483 0.95024
vn -0.15772 0.17004 0.97273
vn -0.15771 0.17005 0.97273
vn -0.12668 0.09028 0.98783
vn -0.12669 0.09026 0.98783
vn -0.09531 0.00956 0.9954
vn -0.0953 0.00957 0.9954
vn -0.0638 -0.07144 0.9954
vn -0.0638 -0.07145 0.9954
vn -0.03241 -0.15216 0.98782
vn -0.0324 -0.15214 0.98783
vn -0.00138 -0.23191 0.97274
vn -0.00138 -0.23193 0.97273
vn 0.02905 -0.31017 0.95024
vn 0.02905 -0.31017 0.95024
vn 0.05865 -0.3863 0.92051
vn 0.05865 -0.38629 0.92051
vn 0.08721 -0.45972 0.88377
vn 0.08721 -0.45971 0.88378
vn 0.1145 -0.52987 0.84031
vn 0.1145 -0.52987 0.84031
vn 0.14031 -0.59623 0.79046
vn 0.14031 -0.59623 0.79045
vn 0.16444 -0.65829 0.73459
vn 0.16444 -0.65828 0.73459
vn 0.18672 -0.71557 0.67312
vn 0.18672 -0.71557 0.67313
vn 0.20697 -0.76764 0.60654
vn 0.20697 -0.76764 0.60654
vn 0.22504 -0.81411 0.53534
vn 0.22504 -0.81411 0.53534
vn 0.24079 -0.85461 0.46006
vn 0.24079 -0.85461 0.46006
vn 0.25411 -0.88885 0.38129
vn 0.25411 -0.88885 0.38129
vn 0.26488 -0.91655 0.29961
vn 0.26488 -0.91655 0.29961
vn 0.27304 -0.93752 0.21565
vn 0.27304 -0.93752 0.21565
vn 0.27851 -0.95159 0.13005
vn 0.27851 -0.95159 0.13005
vn 0.28126 -0.95865 0.04346
vn 0.28126 -0.95865 0.04346
vn 0.28126 -0.95865 -0.04346
vn 0.28126 -0.95865 -0.04346
vn 0.27851 -0.95159 -0.13005
vn 0.27851 -0.95159 -0.13005
vn 0.27304 -0.93752 -0.21565
vn 0.27304 -0.93752 -0.21565
vn 0.26488 -0.91655 -0.29961
vn 0.26488 -0.91655 -0.29961
vn 0.25411 -0.88885 -0.38129
vn 0.25411 -0.88885 -0.38129
vn 0.2408 -0.85461 -0.46006
vn 0.24079 -0.85461 -0.46006
vn 0.22504 -0.81411 -0.53534
vn 0.22504 -0.81411 -0.53534
vn 0.20697 -0.76764 -0.60654
vn 0.20697 -0.76764 -0.60654
vn 0.18672 -0.71557 -0.67312
vn 0.18672 -0.71557 -0.67312
vn 0.16444 -0.65829 -0.73459
vn 0.16444 -0.65829 -0.73459
vn 0.1403 -0.59623 -0.79046
vn 0.1403 -0.59623 -0.79046
vn 0.1145 -0.52987 -0.84031
vn 0.11449 -0.52987 -0.84031
vn 0.08721 -0.45971 -0.88377
vn 0.08722 -0.45972 -0.88377
vn 0.05866 -0.3863 -0.92051
vn 0.05865 -0.38629 -0.92051
vn 0.02905 -0.31017 -0.95024
vn 0.02905 -0.31017 -0.95024
vn -0.00138 -0.23192 -0.97273
vn -0.00138 -0.23192 -0.97273
vn -0.03241 -0.15214 -0.98783
vn -0.03241 -0.15215 -0.98783
vn -0.0638 -0.07144 -0.9954
vn -0.0638 -0.07144 -0.9954
vn -0.0953 0.00956 -0.9954
vn -0.0953 0.00956 -0.9954
vn -0.20514 0.05823 -0.977
vn -0.20514 0.05823 -0.977
vn -0.23583 0.13713 -0.96207
vn -0.23583 0.13713 -0.96207
vn -0.26593 0.21452 -0.93982
vn -0.26592 0.21452 -0.93982
vn -0.29521 0.28981 -0.91042
vn -0.29521 0.28981 -0.91042
vn -0.32345 0.36243 -0.87409
vn -0.32345 0.36243 -0.87409
vn -0.35043 0.43181 -0.8311
vn -0.35044 0.43181 -0.8311
vn -0.37596 0.49745 -0.78179
vn -0.37596 0.49744 -0.78179
vn -0.39983 0.55882 -0.72654
vn -0.39983 0.55882 -0.72654
vn -0.42187 0.61548 -0.66575
vn -0.42187 0.61548 -0.66575
vn -0.44189 0.66698 -0.59989
vn -0.4419 0.66698 -0.59989
vn -0.45977 0.71293 -0.52947
vn -0.45977 0.71293 -0.52947
vn -0.47535 0.75299 -0.45502
vn -0.47535 0.75299 -0.45502
vn -0.48852 0.78685 -0.37711
vn -0.48852 0.78685 -0.37711
vn -0.49918 0.81426 -0.29632
vn -0.49918 0.81426 -0.29632
vn -0.50724 0.83499 -0.21329
vn -0.50724 0.83499 -0.21329
vn -0.51265 0.84891 -0.12862
vn -0.51265 0.84891 -0.12862
vn -0.51537 0.85589 -0.04298
vn -0.51537 0.85589 -0.04298
vn -0.51537 0.85589 0.04298
vn -0.51537 0.85589 0.04298
vn -0.51265 0.84891 0.12862
vn -0.51265 0.84891 0.12862
vn -0.50724 0.83499 0.21329
vn -0.50724 0.83499 0.21329
vn -0.49918 0.81426 0.29632
vn -0.49918 0.81426 0.29632
vn -0.48852 0.78685 0.37711
vn -0.48852 0.78685 0.37711
vn -0.47535 0.75299 0.45502
vn -0.47535 0.75299 0.45502
vn -0.45977 0.71293 0.52947
vn -0.45977 0.71293 0.52947
vn -0.4419 0.66698 0.59989
vn -0.4419 0.66698 0.59989
vn -0.42186 0.61547 0.66575
vn -0.42187 0.61547 0.66575
vn -0.39983 0.55882 0.72654
vn -0.39983 0.55883 0.72653
vn -0.37596 0.49745 0.78179
vn -0.37597 0.49744 0.7818
vn -0.35044 0.43181 0.8311
vn -0.35044 0.43181 0.8311
vn -0.32346 0.36242 0.87409
vn -0.32345 0.36243 0.87408
vn -0.29521 0.28981 0.91042
vn -0.29521 0.28981 0.91042
vn -0.26593 0.21452 0.93982
vn -0.26593 0.21452 0.93982
vn -0.23583 0.13713 0.96207
vn -0.23583 0.13713 0.96207
vn -0.20514 0.05822 0.977
vn -0.20514 0.05823 0.977
vn -0.1741 -0.02159 0.98449
vn -0.1741 -0.02159 0.98449
vn -0.14294 -0.10171 0.98449
vn -0.14294 -0.10171 0.98449
vn -0.1119 -0.18152 0.977
vn -0.1119 -0.18153 0.977
vn -0.08121 -0.26044 0.96207
vn -0.08121 -0.26044 0.96207
vn -0.05111 -0.33783 0.93982
vn -0.05111 -0.33782 0.93982
vn -0.02183 -0.41311 0.91042
vn -0.02183 -0.41311 0.91042
vn 0.00641 -0.48573 0.87409
vn 0.00641 -0.48573 0.87408
vn 0.03339 -0.55512 0.8311
vn 0.03339 -0.55512 0.8311
vn 0.05892 -0.62075 0.78179
vn 0.05893 -0.62074 0.7818
vn 0.0828 -0.68212 0.72654
vn 0.08279 -0.68213 0.72653
vn 0.10483 -0.73878 0.66575
vn 0.10483 -0.73877 0.66575
vn 0.12486 -0.79028 0.59989
vn 0.12486 -0.79028 0.59989
vn 0.14273 -0.83623 0.52947
vn 0.14273 -0.83624 0.52947
vn 0.15831 -0.8763 0.45502
vn 0.15831 -0.8763 0.45502
vn 0.17148 -0.91016 0.37711
vn 0.17148 -0.91016 0.37711
vn 0.18214 -0.93756 0.29632
vn 0.18214 -0.93756 0.29632
vn 0.1902 -0.9583 0.21329
vn 0.1902 -0.9583 0.21329
vn 0.19562 -0.97221 0.12862
vn 0.19562 -0.97221 0.12862
vn 0.19833 -0.97919 0.04298
vn 0.19833 -0.97919 0.04298
vn 0.19833 -0.97919 -0.04298
vn 0.19833 -0.97919 -0.04298
vn 0.19562 -0.97221 -0.12862
vn 0.19562 -0.97221 -0.12862
vn 0.19021 -0.9583 -0.21329
vn 0.1902 -0.9583 -0.21329
vn 0.18214 -0.93756 -0.29632
vn 0.18214 -0.93756 -0.29632
vn 0.17148 -0.91016 -0.37711
vn 0.17148 -0.91016 -0.37711
vn 0.15831 -0.87629 -0.45502
vn 0.15831 -0.87629 -0.45502
vn 0.14273 -0.83624 -0.52947
vn 0.14273 -0.83623 -0.52947
vn 0.12486 -0.79028 -0.59989
vn 0.12486 -0.79028 -0.59989
vn 0.10483 -0.73878 -0.66575
vn 0.10483 -0.73878 -0.66575
vn 0.0828 -0.68212 -0.72654
vn 0.0828 -0.68212 -0.72654
vn 0.05893 -0.62075 -0.78179
vn 0.05892 -0.62075 -0.78179
vn 0.0334 -0.55511 -0.8311
vn 0.0334 -0.55512 -0.8311
vn 0.00642 -0.48573 -0.87409
vn 0.00641 -0.48573 -0.87409
vn -0.02183 -0.41311 -0.91042
vn -0.02182 -0.41311 -0.91042
vn -0.05111 -0.33782 -0.93982
vn -0.05111 -0.33782 -0.93982
vn -0.08121 -0.26043 -0.96207
vn -0.08121 -0.26043 -0.96207
vn -0.1119 -0.18153 -0.977
vn -0.11189 -0.18153 -0.977
vn -0.14294 -0.10171 -0.98449
vn -0.14294 -0.10171 -0.98449
vn -0.1741 -0.02159 -0.98449
vn -0.1741 -0.02159 -0.98449
vn -0.2821 0.02576 -0.95904
vn -0.2821 0.02576 -0.95904
vn -0.31222 0.10321 -0.94439
vn -0.31222 0.10321 -0.94439
vn -0.34177 0.17918 -0.92254
vn -0.34177 0.17918 -0.92254
vn -0.37051 0.25309 -0.89368
vn -0.37051 0.25309 -0.89368
vn -0.39824 0.32437 -0.85802
vn -0.39823 0.32437 -0.85802
vn -0.42473 0.39248 -0.81582
vn -0.42472 0.39248 -0.81582
vn -0.44978 0.4569 -0.76742
vn -0.44978 0.4569 -0.76742
vn -0.47321 0.51715 -0.71318
vn -0.47322 0.51715 -0.71318
vn -0.49485 0.57276 -0.65351
vn -0.49484 0.57276 -0.65351
vn -0.5145 0.62332 -0.58886
vn -0.5145 0.62332 -0.58886
vn -0.53205 0.66843 -0.51974
vn -0.53205 0.66843 -0.51974
vn -0.54734 0.70775 -0.44666
vn -0.54734 0.70775 -0.44666
vn -0.56027 0.74099 -0.37018
vn -0.56027 0.74099 -0.37017
vn -0.57073 0.76789 -0.29088
vn -0.57073 0.76789 -0.29088
vn -0.57865 0.78825 -0.20936
vn -0.57865 0.78825 -0.20936
vn -0.58396 0.8019 -0.12626
vn -0.58396 0.8019 -0.12626
vn -0.58663 0.80876 -0.04219
vn -0.58663 0.80876 -0.04219
vn -0.58663 0.80876 0.04219
vn -0.58663 0.80876 0.04219
vn -0.58396 0.8019 0.12626
vn -0.58396 0.8019 0.12626
vn -0.57865 0.78825 0.20936
vn -0.57865 0.78825 0.20936
vn -0.57073 0.76789 0.29088
vn -0.57073 0.76789 0.29088
vn -0.56027 0.74099 0.37018
vn -0.56027 0.74099 0.37018
vn -0.54734 0.70775 0.44666
vn -0.54734 0.70775 0.44666
vn -0.53205 0.66843 0.51974
vn -0.53205 0.66843 0.51974
vn -0.5145 0.62332 0.58886
vn -0.51451 0.62332 0.58886
vn -0.49484 0.57276 0.65351
vn -0.49484 0.57277 0.65351
vn -0.47321 0.51716 0.71318
vn -0.47322 0.51715 0.71318
vn -0.44978 0.4569 0.76742
vn -0.44978 0.45691 0.76742
vn -0.42472 0.39248 0.81583
vn -0.42472 0.39247 0.81583
vn -0.39824 0.32437 0.85802
vn -0.39824 0.32436 0.85802
vn -0.37052 0.25308 0.89368
vn -0.37051 0.25309 0.89368
vn -0.34177 0.17918 0.92255
vn -0.34177 0.17918 0.92255
vn -0.31223 0.10321 0.94438
vn -0.31222 0.10322 0.94438
vn -0.2821 0.02576 0.95904
vn -0.2821 0.02575 0.95904
vn -0.25163 -0.05259 0.96639
vn -0.25163 -0.05259 0.96639
vn -0.22104 -0.13124 0.96639
vn -0.22104 -0.13124 0.96639
vn -0.19057 -0.20959 0.95904
vn -0.19057 -0.20958 0.95904
vn -0.16044 -0.28704 0.94439
vn -0.16044 -0.28705 0.94438
vn -0.1309 -0.36301 0.92254
vn -0.1309 -0.36301 0.92255
vn -0.10216 -0.43691 0.89368
vn -0.10216 -0.43692 0.89368
vn -0.07444 -0.5082 0.85801
vn -0.07443 -0.5082 0.85802
vn -0.04795 -0.57631 0.81583
vn -0.04794 -0.5763 0.81583
vn -0.02289 -0.64073 0.76743
vn -0.02289 -0.64074 0.76742
vn 0.00054 -0.70099 0.71317
vn 0.00055 -0.70098 0.71318
vn 0.02217 -0.75659 0.65351
vn 0.02217 -0.7566 0.65351
vn 0.04183 -0.80715 0.58886
vn 0.04183 -0.80715 0.58886
vn 0.05938 -0.85226 0.51974
vn 0.05938 -0.85226 0.51974
vn 0.07467 -0.89158 0.44666
vn 0.07467 -0.89158 0.44666
vn 0.0876 -0.92482 0.37018
vn 0.0876 -0.92482 0.37018
vn 0.09806 -0.95172 0.29088
vn 0.09806 -0.95172 0.29088
vn 0.10598 -0.97208 0.20936
vn 0.10598 -0.97208 0.20936
vn 0.11129 -0.98573 0.12626
vn 0.11129 -0.98573 0.12626
vn 0.11395 -0.99259 0.04219
vn 0.11395 -0.99259 0.04219
vn 0.11395 -0.99259 -0.04219
vn 0.11395 -0.99259 -0.04219
vn 0.11129 -0.98574 -0.12626
vn 0.11129 -0.98574 -0.12626
vn 0.10598 -0.97208 -0.20936
vn 0.10598 -0.97208 -0.20936
vn 0.09806 -0.95172 -0.29088
vn 0.09806 -0.95172 -0.29088
vn 0.0876 -0.92482 -0.37018
vn 0.0876 -0.92482 -0.37017
vn 0.07467 -0.89158 -0.44666
vn 0.07467 -0.89158 -0.44666
vn 0.05938 -0.85226 -0.51974
vn 0.05938 -0.85226 -0.51974
vn 0.04183 -0.80715 -0.58886
vn 0.04183 -0.80715 -0.58886
vn 0.02217 -0.7566 -0.65351
vn 0.02217 -0.75659 -0.65351
vn 0.00054 -0.70098 -0.71318
vn 0.00054 -0.70098 -0.71318
vn -0.02289 -0.64073 -0.76742
vn -0.02289 -0.64073 -0.76742
vn -0.04794 -0.57631 -0.81582
vn -0.04794 -0.57631 -0.81582
vn -0.07443 -0.5082 -0.85802
vn -0.07444 -0.5082 -0.85802
vn -0.10216 -0.43692 -0.89368
vn -0.10216 -0.43692 -0.89368
vn -0.1309 -0.36301 -0.92254
vn -0.1309 -0.36301 -0.92254
vn -0.16045 -0.28704 -0.94439
vn -0.16045 -0.28704 -0.94439
vn -0.19057 -0.20959 -0.95904
vn -0.19057 -0.20959 -0.95904
vn -0.22104 -0.13124 -0.96639
vn -0.22104 -0.13124 -0.96639
vn -0.25163 -0.05259 -0.96639
vn -0.25163 -0.05259 -0.96639
vn -0.35701 -0.0069 -0.93408
vn -0.35701 -0.0069 -0.93408
vn -0.38635 0.06854 -0.9198
vn -0.38635 0.06854 -0.9198
vn -0.41512 0.14253 -0.89853
vn -0.41512 0.14253 -0.89853
vn -0.44312 0.21451 -0.87042
vn -0.44312 0.21451 -0.87042
vn -0.47012 0.28393 -0.83568
vn -0.47012 0.28393 -0.83569
vn -0.49592 0.35027 -0.79459
vn -0.49592 0.35027 -0.79459
vn -0.52033 0.41302 -0.74744
vn -0.52032 0.41302 -0.74745
vn -0.54315 0.4717 -0.69462
vn -0.54315 0.4717 -0.69462
vn -0.56421 0.52587 -0.6365
vn -0.56421 0.52587 -0.6365
vn -0.58336 0.57511 -0.57354
vn -0.58336 0.57511 -0.57354
vn -0.60045 0.61904 -0.50621
vn -0.60045 0.61904 -0.50621
vn -0.61534 0.65734 -0.43503
vn -0.61534 0.65734 -0.43503
vn -0.62794 0.68972 -0.36054
vn -0.62794 0.68972 -0.36054
vn -0.63812 0.71591 -0.28331
vn -0.63813 0.71591 -0.28331
vn -0.64584 0.73574 -0.20392
vn -0.64584 0.73574 -0.20392
vn -0.65101 0.74904 -0.12297
vn -0.65101 0.74904 -0.12297
vn -0.65361 0.75572 -0.0411
vn -0.65361 0.75572 -0.0411
vn -0.65361 0.75572 0.0411
vn -0.65361 0.75572 0.0411
vn -0.65101 0.74904 0.12297
vn -0.65101 0.74904 0.12297
vn -0.64584 0.73574 0.20392
vn -0.64584 0.73574 0.20392
vn -0.63813 0.71591 0.28331
vn -0.63813 0.71592 0.2833
vn -0.62794 0.68972 0.36054
vn -0.62794 0.68972 0.36054
vn -0.61535 0.65734 0.43503
vn -0.61535 0.65734 0.43503
vn -0.60045 0.61904 0.50621
vn -0.60045 0.61904 0.50621
vn -0.58336 0.57511 0.57354
vn -0.58336 0.5751 0.57354
vn -0.56421 0.52587 0.6365
vn -0.56421 0.52587 0.6365
vn -0.54314 0.4717 0.69462
vn -0.54314 0.4717 0.69462
vn -0.52032 0.41303 0.74745
vn -0.52032 0.41302 0.74745
vn -0.49592 0.35027 0.79459
vn -0.49592 0.35028 0.79459
vn -0.47012 0.28394 0.83569
vn -0.47011 0.28394 0.83569
vn -0.44311 0.21452 0.87042
vn -0.44312 0.21451 0.87042
vn -0.41512 0.14252 0.89853
vn -0.41512 0.14252 0.89853
vn -0.38635 0.06854 0.9198
vn -0.38635 0.06853 0.9198
vn -0.35701 -0.00691 0.93407
vn -0.35701 -0.00689 0.93408
vn -0.32733 -0.08321 0.94124
vn -0.32733 -0.08322 0.94124
vn -0.29754 -0.15982 0.94124
vn -0.29754 -0.15981 0.94124
vn -0.26786 -0.23612 0.93408
vn -0.26787 -0.23613 0.93407
vn -0.23853 -0.31157 0.9198
vn -0.23852 -0.31156 0.9198
vn -0.20975 -0.38555 0.89853
vn -0.20974 -0.38554 0.89853
vn -0.18175 -0.45754 0.87042
vn -0.18174 -0.45753 0.87042
vn -0.15474 -0.52696 0.83569
vn -0.15474 -0.52696 0.83569
vn -0.12894 -0.59329 0.79459
vn -0.12895 -0.5933 0.79459
vn -0.10454 -0.65605 0.74744
vn -0.10454 -0.65604 0.74745
vn -0.08172 -0.71472 0.69462
vn -0.08172 -0.71472 0.69462
vn -0.06065 -0.76889 0.6365
vn -0.06065 -0.76889 0.6365
vn -0.04151 -0.81813 0.57354
vn -0.04151 -0.81813 0.57354
vn -0.02442 -0.86206 0.50621
vn -0.02442 -0.86207 0.50621
vn -0.00952 -0.90037 0.43503
vn -0.00952 -0.90037 0.43503
vn 0.00307 -0.93274 0.36054
vn 0.00307 -0.93274 0.36054
vn 0.01326 -0.95894 0.28331
vn 0.01326 -0.95894 0.2833
vn 0.02097 -0.97876 0.20392
vn 0.02097 -0.97876 0.20392
vn 0.02614 -0.99207 0.12297
vn 0.02614 -0.99207 0.12297
vn 0.02874 -0.99874 0.0411
vn 0.02874 -0.99874 0.04109
vn 0.02874 -0.99874 -0.0411
vn 0.02874 -0.99874 -0.04109
vn 0.02614 -0.99207 -0.12297
vn 0.02614 -0.99207 -0.12297
vn 0.02097 -0.97876 -0.20392
vn 0.02097 -0.97876 -0.20392
vn 0.01326 -0.95894 -0.28331
vn 0.01326 -0.95894 -0.28331
vn 0.00307 -0.93274 -0.36054
vn 0.00307 -0.93274 -0.36054
vn -0.00952 -0.90036 -0.43503
vn -0.00952 -0.90037 -0.43503
vn -0.02442 -0.86207 -0.50621
vn -0.02442 -0.86207 -0.50621
vn -0.04151 -0.81813 -0.57354
vn -0.04151 -0.81813 -0.57354
vn -0.06066 -0.76889 -0.6365
vn -0.06066 -0.76889 -0.6365
vn -0.08172 -0.71472 -0.69462
vn -0.08172 -0.71472 -0.69462
vn -0.10454 -0.65605 -0.74745
vn -0.10455 -0.65605 -0.74745
vn -0.12895 -0.5933 -0.79459
vn -0.12895 -0.5933 -0.79459
vn -0.15475 -0.52696 -0.83568
vn -0.15475 -0.52696 -0.83569
vn -0.18175 -0.45753 -0.87042
vn -0.18175 -0.45754 -0.87042
vn -0.20974 -0.38555 -0.89853
vn -0.20974 -0.38555 -0.89853
vn -0.23852 -0.31156 -0.9198
vn -0.23852 -0.31156 -0.9198
vn -0.26786 -0.23612 -0.93408
vn -0.26786 -0.23612 -0.93408
vn -0.29754 -0.15981 -0.94124
vn -0.29754 -0.15981 -0.94124
vn -0.32733 -0.08321 -0.94124
vn -0.32733 -0.08321 -0.94124
vn -0.42932 -0.03951 -0.90229
vn -0.42931 -0.03951 -0.90229
vn -0.45766 0.03336 -0.8885
vn -0.45766 0.03336 -0.8885
vn -0.48545 0.10483 -0.86796
vn -0.48546 0.10483 -0.86795
vn -0.5125 0.17437 -0.8408
vn -0.5125 0.17437 -0.8408
vn -0.53858 0.24142 -0.80725
vn -0.53858 0.24142 -0.80725
vn -0.5635 0.30551 -0.76755
vn -0.5635 0.30551 -0.76755
vn -0.58707 0.36612 -0.72201
vn -0.58708 0.36612 -0.72201
vn -0.60912 0.4228 -0.67098
vn -0.60912 0.4228 -0.67098
vn -0.62947 0.47512 -0.61484
vn -0.62947 0.47512 -0.61484
vn -0.64797 0.52269 -0.55402
vn -0.64797 0.52269 -0.55402
vn -0.66447 0.56513 -0.48898
vn -0.66447 0.56513 -0.48898
vn -0.67886 0.60213 -0.42023
vn -0.67886 0.60213 -0.42023
vn -0.69102 0.6334 -0.34827
vn -0.69102 0.6334 -0.34827
vn -0.70087 0.65871 -0.27367
vn -0.70087 0.65871 -0.27366
vn -0.70831 0.67786 -0.19698
vn -0.70832 0.67786 -0.19698
vn -0.71331 0.69071 -0.11879
vn -0.71331 0.69071 -0.11879
vn -0.71582 0.69716 -0.0397
vn -0.71582 0.69716 -0.0397
vn -0.71582 0.69716 0.0397
vn -0.71582 0.69716 0.0397
vn -0.71331 0.69071 0.11879
vn -0.71331 0.69071 0.11879
vn -0.70832 0.67786 0.19698
vn -0.70831 0.67786 0.19698
vn -0.70087 0.65871 0.27366
vn -0.70087 0.65871 0.27366
vn -0.69102 0.6334 0.34827
vn -0.69102 0.6334 0.34827
vn -0.67886 0.60213 0.42023
vn -0.67886 0.60213 0.42023
vn -0.66447 0.56513 0.48898
vn -0.66447 0.56513 0.48898
vn -0.64797 0.52269 0.55402
vn -0.64797 0.52269 0.55402
vn -0.62947 0.47513 0.61484
vn -0.62947 0.47512 0.61484
vn -0.60912 0.4228 0.67098
vn -0.60912 0.4228 0.67098
vn -0.58708 0.36611 0.72201
vn -0.58707 0.36612 0.72201
vn -0.5635 0.30551 0.76755
vn -0.5635 0.30551 0.76755
vn -0.53858 0.24143 0.80725
vn -0.53858 0.24142 0.80725
vn -0.5125 0.17436 0.8408
vn -0.5125 0.17437 0.8408
vn -0.48545 0.10482 0.86796
vn -0.48545 0.10483 0.86796
vn -0.45766 0.03336 0.8885
vn -0.45765 0.03336 0.8885
vn -0.42931 -0.03951 0.90229
vn -0.42932 -0.03952 0.90229
vn -0.40065 -0.11323 0.90921
vn -0.40064 -0.11322 0.90921
vn -0.37187 -0.18722 0.90921
vn -0.37187 -0.18723 0.90921
vn -0.3432 -0.26094 0.90229
vn -0.3432 -0.26093 0.90229
vn -0.31486 -0.3338 0.88851
vn -0.31486 -0.33381 0.8885
vn -0.28706 -0.40527 0.86796
vn -0.28707 -0.40527 0.86796
vn -0.26002 -0.47481 0.8408
vn -0.26002 -0.47481 0.8408
vn -0.23394 -0.54187 0.80724
vn -0.23394 -0.54187 0.80725
vn -0.20901 -0.60595 0.76755
vn -0.20901 -0.60596 0.76755
vn -0.18544 -0.66656 0.72201
vn -0.18545 -0.66657 0.72201
vn -0.1634 -0.72325 0.67098
vn -0.1634 -0.72325 0.67098
vn -0.14305 -0.77557 0.61484
vn -0.14305 -0.77557 0.61484
vn -0.12455 -0.82313 0.55402
vn -0.12455 -0.82313 0.55402
vn -0.10804 -0.86558 0.48898
vn -0.10804 -0.86558 0.48898
vn -0.09365 -0.90257 0.42023
vn -0.09365 -0.90257 0.42023
vn -0.08149 -0.93384 0.34827
vn -0.08149 -0.93384 0.34827
vn -0.07165 -0.95915 0.27366
vn -0.07165 -0.95915 0.27366
vn -0.0642 -0.9783 0.19698
vn -0.0642 -0.9783 0.19698
vn -0.0592 -0.99115 0.11879
vn -0.0592 -0.99115 0.11879
vn -0.0567 -0.9976 0.0397
vn -0.0567 -0.9976 0.0397
vn -0.0567 -0.9976 -0.0397
vn -0.0567 -0.9976 -0.0397
vn -0.0592 -0.99115 -0.11879
vn -0.0592 -0.99115 -0.11879
vn -0.0642 -0.9783 -0.19698
vn -0.0642 -0.9783 -0.19698
vn -0.07165 -0.95915 -0.27367
vn -0.07165 -0.95915 -0.27366
vn -0.08149 -0.93385 -0.34827
vn -0.08149 -0.93384 -0.34827
vn -0.09366 -0.90257 -0.42023
vn -0.09366 -0.90257 -0.42023
vn -0.10804 -0.86558 -0.48898
vn -0.10804 -0.86558 -0.48898
vn -0.12455 -0.82313 -0.55402
vn -0.12455 -0.82313 -0.55402
vn -0.14305 -0.77557 -0.61484
vn -0.14305 -0.77557 -0.61484
vn -0.1634 -0.72325 -0.67098
vn -0.1634 -0.72325 -0.67098
vn -0.18544 -0.66657 -0.72201
vn -0.18544 -0.66657 -0.72201
vn -0.20901 -0.60596 -0.76755
vn -0.20902 -0.60595 -0.76755
vn -0.23394 -0.54187 -0.80725
vn -0.23394 -0.54187 -0.80725
vn -0.26002 -0.47481 -0.8408
vn -0.26002 -0.47481 -0.8408
vn -0.28706 -0.40528 -0.86795
vn -0.28706 -0.40528 -0.86795
vn -0.31486 -0.3338 -0.8885
vn -0.31486 -0.3338 -0.8885
vn -0.3432 -0.26093 -0.90229
vn -0.3432 -0.26093 -0.90229
vn -0.37187 -0.18722 -0.90921
vn -0.37187 -0.18722 -0.90921
vn -0.40065 -0.11323 -0.90921
vn -0.40065 -0.11323 -0.90921
vn -0.49849 -0.07184 -0.86391
vn -0.4985 -0.07184 -0.86391
vn -0.52563 -0.00207 -0.85071
vn -0.52563 -0.00207 -0.85071
vn -0.55225 0.06636 -0.83103
vn -0.55225 0.06636 -0.83103
vn -0.57814 0.13294 -0.80503
vn -0.57814 0.13294 -0.80504
vn -0.60311 0.19715 -0.77291
vn -0.60311 0.19715 -0.77291
vn -0.62697 0.2585 -0.7349
vn -0.62698 0.2585 -0.7349
vn -0.64955 0.31654 -0.6913
vn -0.64954 0.31654 -0.6913
vn -0.67065 0.37081 -0.64244
vn -0.67065 0.37081 -0.64244
vn -0.69014 0.4209 -0.58869
vn -0.69014 0.42091 -0.58868
vn -0.70785 0.46644 -0.53045
vn -0.70785 0.46645 -0.53045
vn -0.72365 0.50708 -0.46818
vn -0.72365 0.50708 -0.46818
vn -0.73743 0.54251 -0.40235
vn -0.73743 0.54251 -0.40235
vn -0.74907 0.57245 -0.33346
vn -0.74907 0.57245 -0.33346
vn -0.7585 0.59668 -0.26202
vn -0.7585 0.59668 -0.26202
vn -0.76563 0.61502 -0.1886
vn -0.76563 0.61502 -0.1886
vn -0.77041 0.62732 -0.11374
vn -0.77041 0.62732 -0.11374
vn -0.77281 0.63349 -0.03801
vn -0.77281 0.63349 -0.03801
vn -0.77281 0.63349 0.03801
vn -0.77281 0.63349 0.03801
vn -0.77041 0.62732 0.11374
vn -0.77041 0.62732 0.11374
vn -0.76563 0.61502 0.1886
vn -0.76563 0.61502 0.1886
vn -0.7585 0.59668 0.26202
vn -0.7585 0.59668 0.26202
vn -0.74907 0.57245 0.33346
vn -0.74907 0.57245 0.33346
vn -0.73743 0.54251 0.40235
vn -0.73743 0.54251 0.40235
vn -0.72365 0.50708 0.46818
vn -0.72365 0.50708 0.46818
vn -0.70785 0.46645 0.53045
vn -0.70785 0.46645 0.53045
vn -0.69013 0.42091 0.58869
vn -0.69013 0.42091 0.58869
vn -0.67065 0.37081 0.64244
vn -0.67065 0.37081 0.64244
vn -0.64954 0.31654 0.6913
vn -0.64954 0.31654 0.6913
vn -0.62697 0.25851 0.7349
vn -0.62697 0.2585 0.7349
vn -0.60311 0.19714 0.77291
vn -0.60311 0.19715 0.77291
vn -0.57814 0.13294 0.80504
vn -0.57814 0.13293 0.80504
vn -0.55225 0.06636 0.83104
vn -0.55224 0.06636 0.83104
vn -0.52563 -0.00206 0.85071
vn -0.52563 -0.00207 0.85071
vn -0.4985 -0.07184 0.86391
vn -0.4985 -0.07184 0.86391
vn -0.47105 -0.14241 0.87054
vn -0.47105 -0.14242 0.87053
vn -0.4435 -0.21327 0.87053
vn -0.44349 -0.21326 0.87054
vn -0.41604 -0.28384 0.86391
vn -0.41605 -0.28384 0.86391
vn -0.38891 -0.35362 0.85071
vn -0.38891 -0.35361 0.85071
vn -0.36229 -0.42204 0.83104
vn -0.3623 -0.42205 0.83103
vn -0.3364 -0.48862 0.80503
vn -0.3364 -0.48862 0.80504
vn -0.31143 -0.55283 0.77291
vn -0.31143 -0.55283 0.77291
vn -0.28757 -0.61419 0.7349
vn -0.28757 -0.61419 0.7349
vn -0.26499 -0.67222 0.6913
vn -0.26499 -0.67222 0.6913
vn -0.24388 -0.72649 0.64244
vn -0.24389 -0.72649 0.64244
vn -0.2244 -0.77659 0.58869
vn -0.22441 -0.77659 0.58869
vn -0.20669 -0.82213 0.53045
vn -0.2067 -0.82213 0.53045
vn -0.19089 -0.86277 0.46818
vn -0.19089 -0.86277 0.46818
vn -0.17711 -0.89819 0.40235
vn -0.17711 -0.89819 0.40235
vn -0.16547 -0.92813 0.33346
vn -0.16547 -0.92813 0.33346
vn -0.15604 -0.95236 0.26202
vn -0.15605 -0.95236 0.26202
vn -0.14891 -0.9707 0.1886
vn -0.14891 -0.9707 0.1886
vn -0.14413 -0.983 0.11374
vn -0.14413 -0.983 0.11373
vn -0.14173 -0.98918 0.03801
vn -0.14173 -0.98918 0.03801
vn -0.14173 -0.98918 -0.03801
vn -0.14173 -0.98918 -0.03801
vn -0.14413 -0.983 -0.11374
vn -0.14413 -0.983 -0.11374
vn -0.14891 -0.9707 -0.1886
vn -0.14891 -0.9707 -0.1886
vn -0.15605 -0.95236 -0.26202
vn -0.15604 -0.95236 -0.26202
vn -0.16547 -0.92813 -0.33346
vn -0.16547 -0.92813 -0.33346
vn -0.17711 -0.89819 -0.40235
vn -0.17711 -0.89819 -0.40235
vn -0.19089 -0.86277 -0.46818
vn -0.19089 -0.86277 -0.46818
vn -0.2067 -0.82213 -0.53045
vn -0.2067 -0.82213 -0.53045
vn -0.22441 -0.77659 -0.58869
vn -0.22441 -0.77659 -0.58869
vn -0.24389 -0.72649 -0.64244
vn -0.24389 -0.72649 -0.64244
vn -0.26499 -0.67222 -0.6913
vn -0.265 -0.67222 -0.6913
vn -0.28757 -0.61419 -0.7349
vn -0.28757 -0.61419 -0.7349
vn -0.31143 -0.55283 -0.77291
vn -0.31143 -0.55283 -0.77291
vn -0.3364 -0.48862 -0.80504
vn -0.3364 -0.48862 -0.80504
vn -0.36229 -0.42205 -0.83103
vn -0.3623 -0.42205 -0.83103
vn -0.38891 -0.35361 -0.85071
vn -0.38891 -0.35361 -0.85071
vn -0.41605 -0.28384 -0.86391
vn -0.41604 -0.28384 -0.86391
vn -0.44349 -0.21326 -0.87054
vn -0.4435 -0.21326 -0.87053
vn -0.47105 -0.14242 -0.87053
vn -0.47104 -0.14242 -0.87054
vn -0.56405 -0.10365 -0.81921
vn -0.56404 -0.10365 -0.81921
vn -0.58978 -0.03749 -0.8067
vn -0.58978 -0.03748 -0.8067
vn -0.61501 0.02741 -0.78804
vn -0.61501 0.02741 -0.78804
vn -0.63957 0.09054 -0.76339
vn -0.63957 0.09054 -0.76338
vn -0.66325 0.15142 -0.73292
vn -0.66325 0.15142 -0.73292
vn -0.68588 0.20961 -0.69688
vn -0.68587 0.20961 -0.69688
vn -0.70728 0.26464 -0.65554
vn -0.70728 0.26464 -0.65553
vn -0.72729 0.3161 -0.6092
vn -0.72729 0.3161 -0.6092
vn -0.74577 0.36361 -0.55823
vn -0.74577 0.36361 -0.55823
vn -0.76256 0.40679 -0.50301
vn -0.76256 0.40679 -0.50301
vn -0.77755 0.44532 -0.44396
vn -0.77755 0.44532 -0.44396
vn -0.79061 0.47891 -0.38154
vn -0.79062 0.47891 -0.38153
vn -0.80166 0.50731 -0.3162
vn -0.80166 0.50731 -0.3162
vn -0.81059 0.53028 -0.24847
vn -0.81059 0.53028 -0.24847
vn -0.81736 0.54767 -0.17884
vn -0.81736 0.54767 -0.17884
vn -0.82189 0.55934 -0.10785
vn -0.82189 0.55934 -0.10785
vn -0.82417 0.56519 -0.03604
vn -0.82417 0.56519 -0.03604
vn -0.82417 0.56519 0.03604
vn -0.82417 0.56519 0.03604
vn -0.82189 0.55934 0.10785
vn -0.82189 0.55934 0.10785
vn -0.81736 0.54767 0.17884
vn -0.81736 0.54767 0.17884
vn -0.81059 0.53029 0.24847
vn -0.81059 0.53028 0.24847
vn -0.80166 0.50731 0.3162
vn -0.80166 0.50731 0.3162
vn -0.79062 0.47891 0.38153
vn -0.79061 0.47892 0.38153
vn -0.77755 0.44532 0.44396
vn -0.77755 0.44532 0.44396
vn -0.76256 0.40679 0.50301
vn -0.76257 0.40679 0.50301
vn -0.74577 0.36361 0.55823
vn -0.74577 0.36361 0.55823
vn -0.7273 0.3161 0.6092
vn -0.7273 0.3161 0.6092
vn -0.70728 0.26463 0.65553
vn -0.70728 0.26463 0.65553
vn -0.68588 0.2096 0.69688
vn -0.68588 0.20961 0.69688
vn -0.66325 0.15143 0.73292
vn -0.66325 0.15142 0.73292
vn -0.63957 0.09053 0.76338
vn -0.63957 0.09053 0.76338
vn -0.61502 0.0274 0.78804
vn -0.61502 0.0274 0.78804
vn -0.58978 -0.03749 0.80669
vn -0.58978 -0.03748 0.8067
vn -0.56405 -0.10365 0.81921
vn -0.56405 -0.10365 0.81921
vn -0.53802 -0.17058 0.82549
vn -0.53802 -0.17057 0.8255
vn -0.51189 -0.23775 0.8255
vn -0.51189 -0.23776 0.82549
vn -0.48586 -0.30468 0.81921
vn -0.48586 -0.30468 0.81921
vn -0.46013 -0.37084 0.8067
vn -0.46013 -0.37085 0.80669
vn -0.43489 -0.43574 0.78804
vn -0.43489 -0.43573 0.78804
vn -0.41034 -0.49886 0.76338
vn -0.41034 -0.49886 0.76338
vn -0.38666 -0.55975 0.73292
vn -0.38666 -0.55975 0.73292
vn -0.36403 -0.61793 0.69688
vn -0.36403 -0.61794 0.69687
vn -0.34263 -0.67296 0.65553
vn -0.34263 -0.67296 0.65553
vn -0.32261 -0.72443 0.6092
vn -0.32261 -0.72443 0.6092
vn -0.30414 -0.77193 0.55823
vn -0.30414 -0.77194 0.55823
vn -0.28734 -0.81512 0.50301
vn -0.28734 -0.81512 0.50301
vn -0.27235 -0.85365 0.44396
vn -0.27235 -0.85365 0.44396
vn -0.25929 -0.88724 0.38153
vn -0.25929 -0.88724 0.38153
vn -0.24825 -0.91563 0.3162
vn -0.24825 -0.91563 0.3162
vn -0.23931 -0.93861 0.24847
vn -0.23931 -0.93861 0.24847
vn -0.23255 -0.956 0.17884
vn -0.23255 -0.956 0.17884
vn -0.22801 -0.96767 0.10785
vn -0.22801 -0.96767 0.10785
vn -0.22573 -0.97352 0.03604
vn -0.22573 -0.97352 0.03604
vn -0.22573 -0.97352 -0.03604
vn -0.22573 -0.97352 -0.03604
vn -0.22801 -0.96767 -0.10785
vn -0.22801 -0.96767 -0.10785
vn -0.23255 -0.956 -0.17884
vn -0.23255 -0.956 -0.17884
vn -0.23931 -0.93861 -0.24847
vn -0.23931 -0.93861 -0.24847
vn -0.24825 -0.91564 -0.3162
vn -0.24825 -0.91563 -0.3162
vn -0.25929 -0.88724 -0.38153
vn -0.25929 -0.88724 -0.38153
vn -0.27235 -0.85365 -0.44396
vn -0.27235 -0.85365 -0.44396
vn -0.28734 -0.81512 -0.50301
vn -0.28734 -0.81512 -0.50301
vn -0.30413 -0.77193 -0.55823
vn -0.30413 -0.77194 -0.55823
vn -0.32261 -0.72443 -0.6092
vn -0.32261 -0.72443 -0.6092
vn -0.34263 -0.67296 -0.65553
vn -0.34262 -0.67297 -0.65553
vn -0.36403 -0.61793 -0.69688
vn -0.36403 -0.61793 -0.69688
vn -0.38666 -0.55975 -0.73292
vn -0.38666 -0.55975 -0.73292
vn -0.41034 -0.49887 -0.76338
vn -0.41034 -0.49887 -0.76338
vn -0.43489 -0.43573 -0.78804
vn -0.43489 -0.43573 -0.78804
vn -0.46013 -0.37084 -0.8067
vn -0.46013 -0.37084 -0.8067
vn -0.48586 -0.30468 -0.81921
vn -0.48586 -0.30468 -0.81921
vn -0.51189 -0.23775 -0.82549
vn -0.51189 -0.23776 -0.8255
vn -0.53801 -0.17058 -0.8255
vn -0.53802 -0.17057 -0.82549
vn 0.932 0.36247 0
vn 0.932 0.36247 -0
vn 0.93199 0.36247 0
vn 0.932 0.36247 -0
vn 0.932 0.36247 0
vn 0.93199 0.36247 0
vn 0.93199 0.36247 0
vn 0.932 0.36247 -0
vn 0.932 0.36247 -0
vn 0.932 0.36247 0
vn 0.932 0.36247 -0
vn 0.932 0.36247 -0
vn 0.932 0.36247 -0
vn 0.932 0.36247 0
vn 0.93199 0.36247 0
vn 0.932 0.36247 -0
vn 0.932 0.36247 -0
vn 0.93199 0.36247 0
vn 0.932 0.36247 -0
vn 0.932 0.36247 -0
vn 0.932 0.36247 -0
vn 0.932 0.36247 0
vn 0.932 0.36247 0
vn 0.932 0.36247 0
vn 0.932 0.36247 -0
vn 0.932 0.36247 0
vn 0.932 0.36247 -0
vn 0.932 0.36247 0
vn 0.932 0.36247 0
vn 0.93199 0.36247 0
vn 0.932 0.36247 -0
vn 0.932 0.36247 -0
vn 0.932 0.36247 0
vn 0.932 0.36247 0
vn 0.932 0.36247 0
vn 0.932 0.36247 0
vn 0.932 0.36247 0
vn 0.932 0.36247 -0
vn 0.932 0.36247 -0
vn 0.93199 0.36247 0
vn 0.932 0.36247 -0
vn 0.932 0.36247 -0
vn 0.93199 0.36247 0
vn 0.932 0.36247 -0
vn 0.932 0.36247 -0
vn 0.932 0.36247 -0
vn 0.93199 0.36247 0
vn 0.93199 0.36247 0
vn 0.93199 0.36247 0
vn 0.932 0.36247 -0
vn 0.932 0.36247 -0
vn 0.93199 0.36247 0
vn 0.93199 0.36247 0
vn 0.932 0.36247 -0
vn 0.932 0.36247 -0
vn 0.932 0.36247 0
vn 0.932 0.36247 -0
vn 0.932 0.36247 -0
vn 0.932 0.36247 0
vn 0.932 0.36247 -0
vn 0.932 0.36247 0
vn 0.932 0.36247 0
vn 0.932 0.36247 -0
vn 0.932 0.36247 -0
vn 0.932 0.36247 0
vn 0.932 0.36247 0
vn 0.932 0.36247 -0
vn 0.932 0.36247 0
vn 0.932 0.36247 -0
vn 0.932 0.36247 0
vn 0.932 0.36247 0
vn 0.932 0.36247 0
vn 0.932 0.36247 0
vn 0.932 0.36247 0
vn 0.93199 0.36247 -0
vn 0.932 0.36247 -0
vn 0.932 0.36247 0
vn 0.932 0.36247 -0
vn 0.932 0.36247 0
vn 0.932 0.36247 -0
vn 0.932 0.36247 -0
vn 0.932 0.36247 -0
vn 0.932 0.36247 0
vn 0.932 0.36247 0
vn 0.932 0.36247 0
vn 0.932 0.36247 0
vn 0.932 0.36247 -0
vn 0.932 0.36247 0
vn 0.93199 0.36247 0
vn 0.932 0.36247 -0
vn 0.932 0.36247 -0
vn 0.932 0.36247 -0
vn 0.932 0.36247 0
vn 0.932 0.36247 0
vn 0.932 0.36247 -0
vn 0.932 0.36247 -0
vn 0.932 0.36247 -0
vn 0.932 0.36247 -0
vn 0.932 0.36247 0
vn 0.932 0.36247 -0
vn 0.932 0.36247 -0
vn 0.932 0.36247 0
vn 0.932 0.36247 0
vn 0.932 0.36247 0
vn 0.93199 0.36247 -0
vn 0.93199 0.36247 -0
vn 0.932 0.36247 0
vn 0.932 0.36247 0
vn 0.932 0.36247 0
vn 0.932 0.36247 -0
vn 0.93199 0.36247 -0
vn 0.93199 0.36247 -0
vn 0.932 0.36247 0
vn 0.932 0.36247 -0
vn 0.93199 0.36247 -0
vn 0.932 0.36247 -0
vn 0.932 0.36247 -0
vn 0.932 0.36247 0
vn 0.932 0.36247 0
vn 0.93199 0.36247 -0
vn 0.932 0.36247 0
vn 0.932 0.36247 -0
vn 0.93199 0.36247 -0
vn 0.93199 0.36247 -0
vn 0.932 0.36247 -0
vn -0.93199 -0.36247 0
vn -0.932 -0.36247 -0
vn -0.932 -0.36247 0
vn -0.932 -0.36247 -0
vn -0.93199 -0.36247 0
vn -0.932 -0.36247 -0
vn -0.932 -0.36247 -0
vn -0.932 -0.36247 0
vn -0.932 -0.36247 -0
vn -0.932 -0.36247 0
vn -0.932 -0.36247 -0
vn -0.932 -0.36247 -0
vn -0.93199 -0.36247 0
vn -0.93199 -0.36247 0
vn -0.932 -0.36247 -0
vn -0.932 -0.36247 -0
vn -0.932 -0.36247 0
vn -0.932 -0.36247 0
vn -0.932 -0.36247 0
vn -0.932 -0.36247 -0
vn -0.932 -0.36247 0
vn -0.932 -0.36247 0
vn -0.93199 -0.36247 0
vn -0.932 -0.36247 -0
vn -0.932 -0.36247 -0
vn -0.932 -0.36247 0
vn -0.932 -0.36247 0
vn -0.932 -0.36247 0
vn -0.932 -0.36247 0
vn -0.932 -0.36247 0
vn -0.932 -0.36247 -0
vn -0.932 -0.36247 -0
vn -0.93199 -0.36247 0
vn -0.932 -0.36247 -0
vn -0.932 -0.36247 -0
vn -0.93199 -0.36247 0
vn -0.932 -0.36247 -0
vn -0.932 -0.36247 -0
vn -0.932 -0.36247 -0
vn -0.93199 -0.36247 0
vn -0.93199 -0.36247 0
vn -0.93199 -0.36247 0
vn -0.932 -0.36247 -0
vn -0.932 -0.36247 -0
vn -0.93199 -0.36247 0
vn -0.93199 -0.36247 0
vn -0.932 -0.36247 -0
vn -0.932 -0.36247 -0
vn -0.932 -0.36247 0
vn -0.932 -0.36247 -0
vn -0.932 -0.36247 -0
vn -0.932 -0.36247 0
vn -0.932 -0.36247 -0
vn -0.932 -0.36247 0
vn -0.932 -0.36247 0
vn -0.932 -0.36247 -0
vn -0.932 -0.36247 -0
vn -0.932 -0.36247 0
vn -0.932 -0.36247 0
vn -0.932 -0.36247 -0
vn -0.932 -0.36247 0
vn -0.932 -0.36247 -0
vn -0.932 -0.36247 0
vn -0.932 -0.36247 0
vn -0.932 -0.36247 0
vn -0.932 -0.36247 0
vn -0.932 -0.36247 0
vn -0.93199 -0.36247 -0
vn -0.932 -0.36247 -0
vn -0.932 -0.36247 0
vn -0.932 -0.36247 -0
vn -0.932 -0.36247 -0
vn -0.932 -0.36247 -0
vn -0.932 -0.36247 0
vn -0.93199 -0.36247 0
vn -0.932 -0.36247 -0
vn -0.932 -0.36247 0
vn -0.932 -0.36247 -0
vn -0.932 -0.36247 -0
vn -0.932 -0.36247 -0
vn -0.932 -0.36247 0
vn -0.932 -0.36247 0
vn -0.932 -0.36247 0
vn -0.932 -0.36247 0
vn -0.932 -0.36247 -0
vn -0.932 -0.36247 0
vn -0.93199 -0.36247 0
vn -0.932 -0.36247 -0
vn -0.932 -0.36247 -0
vn -0.932 -0.36247 -0
vn -0.932 -0.36247 0
vn -0.932 -0.36247 0
vn -0.932 -0.36247 -0
vn -0.932 -0.36247 -0
vn -0.932 -0.36247 -0
vn -0.932 -0.36247 -0
vn -0.932 -0.36247 0
vn -0.932 -0.36247 -0
vn -0.932 -0.36247 -0
vn -0.932 -0.36247 0
vn -0.932 -0.36247 0
vn -0.932 -0.36247 0
vn -0.93199 -0.36247 -0
vn -0.93199 -0.36247 -0
vn -0.932 -0.36247 0
vn -0.932 -0.36247 0
vn -0.932 -0.36247 0
vn -0.932 -0.36247 -0
vn -0.93199 -0.36247 -0
vn -0.93199 -0.36247 -0
vn -0.932 -0.36247 0
vn -0.932 -0.36247 -0
vn -0.93199 -0.36247 -0
vn -0.932 -0.36247 -0
vn -0.932 -0.36247 -0
vn -0.932 -0.36247 0
vn -0.932 -0.36247 0
vn -0.93199 -0.36247 -0
vn -0.932 -0.36247 0
vn -0.932 -0.36247 -0
vn -0.93199 -0.36247 -0
vn -0.93199 -0.36247 -0
vn -0.932 -0.36247 -0
vn -0.932 -0.36247 -0
vn -0.932 -0.36247 0
vn 0.30985 -0.79671 0.51889
vn 0.30985 -0.79671 0.51889
vn -0.31769 0.81684 0.4815
vn -0.31769 0.81684 0.4815
vn -0.33156 0.85251 0.40409
vn -0.33156 0.85251 0.40409
vn -0.34296 0.88183 0.32367
vn -0.34296 0.88183 0.32367
vn -0.3518 0.90456 0.24083
vn -0.3518 0.90456 0.24083
vn -0.35802 0.92056 0.1562
vn -0.35802 0.92056 0.1562
vn -0.36157 0.92968 0.0704
vn -0.36157 0.92968 0.0704
vn -0.36243 0.93188 -0.01592
vn -0.36243 0.93188 -0.01592
vn -0.36058 0.92712 -0.10213
vn -0.36058 0.92712 -0.10213
vn -0.35604 0.91545 -0.18757
vn -0.35604 0.91545 -0.18757
vn -0.34884 0.89696 -0.27161
vn -0.34884 0.89696 -0.27161
vn -0.33905 0.87177 -0.35363
vn -0.33905 0.87177 -0.35363
vn -0.32673 0.84009 -0.43301
vn -0.32673 0.84009 -0.43301
vn -0.31197 0.80214 -0.50917
vn -0.31197 0.80214 -0.50917
vn -0.29488 0.75821 -0.58152
vn -0.29488 0.75821 -0.58152
vn -0.2756 0.70862 -0.64954
vn -0.2756 0.70862 -0.64954
vn -0.25426 0.65375 -0.71272
vn -0.25426 0.65375 -0.71272
vn -0.23102 0.59401 -0.77057
vn -0.23102 0.59401 -0.77057
vn -0.20606 0.52983 -0.82269
vn -0.20606 0.52983 -0.82269
vn -0.17957 0.46171 -0.86867
vn -0.17957 0.46171 -0.86867
vn -0.15173 0.39014 -0.90817
vn -0.15173 0.39014 -0.90817
vn -0.12277 0.31566 -0.9409
vn -0.12277 0.31566 -0.9409
vn -0.09288 0.23883 -0.96661
vn -0.09288 0.23883 -0.96661
vn -0.06231 0.16021 -0.98511
vn -0.06231 0.16021 -0.98511
vn -0.03127 0.08041 -0.99627
vn -0.03127 0.08041 -0.99627
vn 0.03127 -0.08041 -0.99627
vn 0.03127 -0.08041 -0.99627
vn 0.06231 -0.16021 -0.98511
vn 0.06231 -0.16021 -0.98511
vn 0.09288 -0.23883 -0.96661
vn 0.09288 -0.23883 -0.96661
vn 0.12277 -0.31566 -0.9409
vn 0.12277 -0.31566 -0.9409
vn 0.15173 -0.39014 -0.90817
vn 0.15173 -0.39014 -0.90817
vn 0.17957 -0.46171 -0.86867
vn 0.17957 -0.46171 -0.86867
vn 0.20606 -0.52983 -0.82269
vn 0.20606 -0.52983 -0.82269
vn 0.23102 -0.59401 -0.77057
vn 0.23102 -0.59401 -0.77057
vn 0.25426 -0.65375 -0.71272
vn 0.25426 -0.65375 -0.71272
vn 0.2756 -0.70862 -0.64954
vn 0.2756 -0.70862 -0.64954
vn 0.29488 -0.75821 -0.58152
vn 0.29488 -0.75821 -0.58152
vn 0.31197 -0.80214 -0.50917
vn 0.31197 -0.80214 -0.50917
vn 0.32673 -0.84009 -0.43301
vn 0.32673 -0.84009 -0.43301
vn 0.33905 -0.87177 -0.35363
vn 0.33905 -0.87177 -0.35363
vn 0.34884 -0.89696 -0.27161
vn 0.34884 -0.89696 -0.27161
vn 0.35604 -0.91545 -0.18757
vn 0.35604 -0.91545 -0.18757
vn 0.36058 -0.92712 -0.10213
vn 0.36058 -0.92712 -0.10213
vn 0.36243 -0.93188 -0.01592
vn 0.36243 -0.93188 -0.01592
vn 0.36157 -0.92968 0.0704
vn 0.36157 -0.92968 0.0704
vn 0.35802 -0.92056 0.1562
vn 0.35802 -0.92056 0.1562
vn 0.3518 -0.90456 0.24083
vn 0.3518 -0.90456 0.24083
vn 0.34296 -0.88183 0.32367
vn 0.34296 -0.88183 0.32367
vn 0.33156 -0.85251 0.40409
vn 0.33156 -0.85251 0.40409
vn 0.31769 -0.81684 0.4815
vn 0.31769 -0.81684 0.4815
vn -0.30985 0.79671 0.51889
vn -0.30985 0.79671 0.51889
vn -0.36247 0.932 0
vn -0.36247 0.932 -0
vn -0.36247 0.932 0
vn 0.04956 0.8534 -0.51889
vn 0.04956 0.8534 -0.51889
vn 0.05798 0.99832 -0
vn 0.05798 0.99832 0
vn 0.05798 0.99832 0
vn -0.01463 0.99989 0
vn -0.07283 0.99734 -0
vn -0.15947 0.9872 -0
vn -0.24491 0.96955 -0
vn -0.32848 0.94451 -0
vn -0.40955 0.91229 -0
vn -0.4875 0.87312 -0
vn -0.56174 0.82731 -0
vn -0.63171 0.77521 -0
vn -0.69687 0.7172 -0
vn -0.75672 0.65373 -0
vn -0.81082 0.58529 -0
vn -0.85875 0.5124 -0
vn -0.90014 0.4356 -0
vn -0.93468 0.35549 -0
vn -0.96211 0.27268 -0
vn -0.98221 0.18779 -0
vn -0.99484 0.10147 -0
vn -0.9999 0.01438 -0
vn -0.99734 -0.07283 0
vn -0.9872 -0.15947 0
vn -0.96955 -0.24491 0
vn -0.94451 -0.32848 0
vn -0.91229 -0.40955 0
vn -0.87312 -0.4875 0
vn -0.82731 -0.56174 0
vn -0.77521 -0.63171 0
vn -0.7172 -0.69687 0
vn -0.65373 -0.75672 0
vn -0.58529 -0.81082 0
vn -0.5124 -0.85875 0
vn -0.4356 -0.90014 0
vn -0.35549 -0.93468 0
vn -0.27268 -0.96211 0
vn -0.18779 -0.98221 0
vn -0.10147 -0.99484 0
vn -0.01438 -0.9999 0
vn 0.07283 -0.99734 -0
vn 0.15947 -0.9872 -0
vn 0.24491 -0.96955 -0
vn 0.32848 -0.94451 -0
vn 0.40955 -0.91229 -0
vn 0.4875 -0.87312 -0
vn 0.56174 -0.82731 -0
vn 0.63171 -0.77521 -0
vn 0.69687 -0.7172 -0
vn 0.75672 -0.65373 -0
vn 0.81082 -0.58529 -0
vn 0.85875 -0.5124 -0
vn 0.90014 -0.4356 -0
vn 0.93468 -0.35549 -0
vn 0.96211 -0.27268 -0
vn 0.98221 -0.18779 -0
vn 0.99484 -0.10147 -0
vn 0.9999 -0.01438 -0
vn 0.99734 0.07283 -0
vn 0.9872 0.15947 -0
vn 0.96955 0.24491 -0
vn 0.94451 0.32848 -0
vn 0.91229 0.40955 -0
vn 0.87312 0.4875 -0
vn 0.82731 0.56174 -0
vn 0.77521 0.63171 -0
vn 0.7172 0.69687 -0
vn 0.65373 0.75672 -0
vn 0.58529 0.81082 -0
vn 0.5124 0.85875 -0
vn 0.4356 0.90014 -0
vn 0.35549 0.93468 -0
vn 0.27268 0.96211 -0
vn 0.18779 0.98221 -0
vn 0.10147 0.99484 -0
vn 0.029 0.99958 -0
vn 0.01438 0.9999 0.00032
vn -0.05798 -0.99832 0
vn -0.05798 -0.99832 0
vn -0.05798 -0.99832 0
vn 0.05081 0.87497 -0.4815
vn 0.05081 0.87497 -0.4815
vn 0.05303 0.91318 -0.40409
vn 0.05303 0.91318 -0.40409
vn 0.05486 0.94458 -0.32367
vn 0.05627 0.96893 -0.24083
vn 0.05727 0.98606 -0.1562
vn 0.05783 0.99584 -0.0704
vn 0.05797 0.99819 0.01592
vn 0.05767 0.9931 0.10213
vn 0.05695 0.9806 0.18757
vn 0.0558 0.96079 0.27161
vn 0.05423 0.93381 0.35363
vn 0.05226 0.89987 0.43301
vn 0.05226 0.89987 0.43301
vn 0.0499 0.85922 0.50917
vn 0.0499 0.85922 0.50917
vn 0.04717 0.81216 0.58152
vn 0.04408 0.75905 0.64954
vn 0.04408 0.75905 0.64954
vn 0.04067 0.70027 0.71272
vn 0.04067 0.70027 0.71272
vn 0.03695 0.63628 0.77057
vn 0.03296 0.56754 0.82269
vn 0.02872 0.49456 0.86867
vn 0.02872 0.49456 0.86867
vn 0.02427 0.4179 0.90817
vn 0.01964 0.33813 0.9409
vn 0.01964 0.33813 0.9409
vn 0.01486 0.25582 0.96661
vn 0.00997 0.17161 0.98511
vn 0.00997 0.17161 0.98511
vn 0.005 0.08613 0.99627
vn 0.005 0.08613 0.99627
vn -0.005 -0.08613 0.99627
vn -0.005 -0.08613 0.99627
vn -0.00997 -0.17161 0.98511
vn -0.00997 -0.17161 0.98511
vn -0.01486 -0.25582 0.96661
vn -0.01964 -0.33813 0.9409
vn -0.01964 -0.33813 0.9409
vn -0.02427 -0.4179 0.90817
vn -0.02872 -0.49456 0.86867
vn -0.02872 -0.49456 0.86867
vn -0.03296 -0.56754 0.82269
vn -0.03695 -0.63628 0.77057
vn -0.04067 -0.70027 0.71272
vn -0.04067 -0.70027 0.71272
vn -0.04408 -0.75905 0.64954
vn -0.04408 -0.75905 0.64954
vn -0.04717 -0.81216 0.58152
vn -0.0499 -0.85922 0.50917
vn -0.0499 -0.85922 0.50917
vn -0.05226 -0.89987 0.43301
vn -0.05226 -0.89987 0.43301
vn -0.05423 -0.93381 0.35363
vn -0.0558 -0.96079 0.27161
vn -0.05695 -0.9806 0.18757
vn -0.05767 -0.9931 0.10213
vn -0.05797 -0.99819 0.01592
vn -0.05783 -0.99584 -0.0704
vn -0.05727 -0.98606 -0.1562
vn -0.05627 -0.96893 -0.24083
vn -0.05486 -0.94458 -0.32367
vn -0.05303 -0.91318 -0.40409
vn -0.05303 -0.91318 -0.40409
vn -0.05081 -0.87497 -0.4815
vn -0.05081 -0.87497 -0.4815
vn -0.04956 -0.8534 -0.51889
vn -0.04956 -0.8534 -0.51889
vn 0.36247 -0.932 0
vn 0.36247 -0.932 -0
vn 0.36247 -0.932 0
vn 0.99832 -0.05798 0
vn 0.99832 -0.05798 -0
vn 0.99832 -0.05798 -0
vn 0.99832 -0.05798 -0
vn 0.99832 -0.05798 -0
vn 0.99832 -0.05798 -0
vn 0.99832 -0.05798 0
vn 0.99832 -0.05798 0
vn 0.99832 -0.05798 0
vn 0.99832 -0.05798 0
vn 0.99832 -0.05798 -0
vn 0.99832 -0.05798 0
vn 0.99832 -0.05798 -0
vn 0.99832 -0.05798 0
vn 0.99832 -0.05798 0
vn 0.99832 -0.05798 -0
vn 0.99832 -0.05798 -0
vn 0.99832 -0.05798 0
vn 0.99832 -0.05798 0
vn 0.99832 -0.05798 -0
vn 0.99832 -0.05798 0
vn 0.99832 -0.05798 -0
vn 0.99832 -0.05798 0
vn 0.99832 -0.05798 0
vn 0.99832 -0.05798 -0
vn 0.99832 -0.05798 0
vn 0.99832 -0.05798 -0
vn 0.99832 -0.05798 -0
vn 0.99832 -0.05798 0
vn 0.99832 -0.05798 0
vn 0.99832 -0.05798 0
vn 0.99832 -0.05798 -0
vn 0.99832 -0.05798 -0
vn 0.99832 -0.05798 -0
vn 0.99832 -0.05798 0
vn 0.99832 -0.05798 -0
vn 0.99832 -0.05798 0
vn 0.99832 -0.05798 0
vn 0.99832 -0.05798 -0
vn 0.99832 -0.05798 -0
vn 0.99832 -0.05798 -0
vn 0.99832 -0.05798 -0
vn 0.99832 -0.05798 0
vn 0.99832 -0.05798 -0
vn 0.99832 -0.05798 -0
vn 0.99832 -0.05798 0
vn 0.99832 -0.05798 0
vn 0.99832 -0.05798 0
vn 0.99832 -0.05798 -0
vn 0.99832 -0.05798 -0
vn 0.99832 -0.05798 0
vn 0.99832 -0.05798 -0
vn 0.99832 -0.05798 0
vn 0.99832 -0.05798 0
vn 0.99832 -0.05798 0
vn 0.99832 -0.05798 -0
vn 0.99832 -0.05798 0
vn 0.99832 -0.05798 0
vn 0.99832 -0.05798 -0
vn 0.99832 -0.05798 -0
vn 0.99832 -0.05798 -0
vn 0.99832 -0.05798 -0
vn 0.99832 -0.05798 0
vn 0.99832 -0.05798 -0
vn 0.99832 -0.05798 0
vn 0.99832 -0.05798 -0
vn 0.99832 -0.05798 0
vn 0.99832 -0.05798 0
vn 0.99832 -0.05798 0
vn 0.99832 -0.05798 -0
vn 0.99832 -0.05798 -0
vn 0.99832 -0.05798 -0
vn 0.99832 -0.05798 0
vn 0.99832 -0.05798 0
vn 0.99832 -0.05798 0
vn 0.99832 -0.05798 0
vn 0.99832 -0.05798 0
vn 0.99832 -0.05798 -0
vn 0.99832 -0.05798 0
vn 0.99832 -0.05798 -0
vn 0.99832 -0.05798 -0
vn 0.99832 -0.05798 0
vn 0.99832 -0.05798 0
vn 0.99832 -0.05798 0
vn 0.99832 -0.05798 0
vn 0.99832 -0.05798 -0
vn 0.99832 -0.05798 -0
vn 0.99832 -0.05798 -0
vn 0.99832 -0.05798 -0
vn 0.99832 -0.05798 0
vn 0.99832 -0.05798 0
vn 0.99832 -0.05798 0
vn 0.99832 -0.05798 -0
vn 0.99832 -0.05798 0
vn 0.99832 -0.05798 0
vn 0.99832 -0.05798 0
vn 0.99832 -0.05798 0
vn 0.99832 -0.05798 -0
vn 0.99832 -0.05798 -0
vn 0.99832 -0.05798 -0
vn 0.99832 -0.05798 0
vn 0.99832 -0.05798 0
vn 0.99832 -0.05798 0
vn 0.99832 -0.05798 -0
vn 0.99832 -0.05798 -0
vn 0.99832 -0.05798 0
vn 0.99832 -0.05798 -0
vn 0.99832 -0.05798 -0
vn 0.99832 -0.05798 0
vn 0.99832 -0.05798 -0
vn 0.99832 -0.05798 0
vn 0.99832 -0.05798 0
vn 0.99832 -0.05798 -0
vn 0.99832 -0.05798 0
vn 0.99832 -0.05798 -0
vn 0.99832 -0.05798 -0
vn 0.99832 -0.05798 -0
vn 0.99832 -0.05798 0
vn 0.99832 -0.05798 0
vn 0.99832 -0.05798 -0
vn 0.99832 -0.05798 0
vn 0.99832 -0.05798 0
vn 0.99832 -0.05798 -0
vn 0.99832 -0.05798 0
vn 0.99832 -0.05798 -0
vn -0.99832 0.05798 0
vn -0.99832 0.05798 -0
vn -0.99832 0.05798 0
vn -0.99832 0.05798 -0
vn -0.99832 0.05798 -0
vn -0.99832 0.05798 0
vn -0.99832 0.05798 0
vn -0.99832 0.05798 -0
vn -0.99832 0.05798 -0
vn -0.99832 0.05798 0
vn -0.99832 0.05798 0
vn -0.99832 0.05798 0
vn -0.99832 0.05798 0
vn -0.99832 0.05798 0
vn -0.99832 0.05798 -0
vn -0.99832 0.05798 -0
vn -0.99832 0.05798 -0
vn -0.99832 0.05798 -0
vn -0.99832 0.05798 0
vn -0.99832 0.05798 0
vn -0.99832 0.05798 -0
vn -0.99832 0.05798 -0
vn -0.99832 0.05798 0
vn -0.99832 0.05798 0
vn -0.99832 0.05798 0
vn -0.99832 0.05798 -0
vn -0.99832 0.05798 0
vn -0.99832 0.05798 -0
vn -0.99832 0.05798 -0
vn -0.99832 0.05798 0
vn -0.99832 0.05798 0
vn -0.99832 0.05798 0
vn -0.99832 0.05798 -0
vn -0.99832 0.05798 -0
vn -0.99832 0.05798 0
vn -0.99832 0.05798 -0
vn -0.99832 0.05798 -0
vn -0.99832 0.05798 -0
vn -0.99832 0.05798 -0
vn -0.99832 0.05798 0
vn -0.99832 0.05798 0
vn -0.99832 0.05798 -0
vn -0.99832 0.05798 0
vn -0.99832 0.05798 -0
vn -0.99832 0.05798 -0
vn -0.99832 0.05798 -0
vn -0.99832 0.05798 0
vn -0.99832 0.05798 0
vn -0.99832 0.05798 0
vn -0.99832 0.05798 -0
vn -0.99832 0.05798 -0
vn -0.99832 0.05798 0
vn -0.99832 0.05798 -0
vn -0.99832 0.05798 0
vn -0.99832 0.05798 0
vn -0.99832 0.05798 -0
vn -0.99832 0.05798 0
vn -0.99832 0.05798 -0
vn -0.99832 0.05798 0
vn -0.99832 0.05798 0
vn -0.99832 0.05798 -0
vn -0.99832 0.05798 -0
vn -0.99832 0.05798 0
vn -0.99832 0.05798 0
vn -0.99832 0.05798 -0
vn -0.99832 0.05798 0
vn -0.99832 0.05798 -0
vn -0.99832 0.05798 -0
vn -0.99832 0.05798 0
vn -0.99832 0.05798 -0
vn -0.99832 0.05798 -0
vn -0.99832 0.05798 -0
vn -0.99832 0.05798 -0
vn -0.99832 0.05798 -0
vn -0.99832 0.05798 0
vn -0.99832 0.05798 0
vn -0.99832 0.05798 0
vn -0.99832 0.05798 -0
vn -0.99832 0.05798 0
vn -0.99832 0.05798 -0
vn -0.99832 0.05798 -0
vn -0.99832 0.05798 0
vn -0.99832 0.05798 0
vn -0.99832 0.05798 0
vn -0.99832 0.05798 0
vn -0.99832 0.05798 -0
vn -0.99832 0.05798 -0
vn -0.99832 0.05798 -0
vn -0.99832 0.05798 -0
vn -0.99832 0.05798 0
vn -0.99832 0.05798 0
vn -0.99832 0.05798 0
vn -0.99832 0.05798 -0
vn -0.99832 0.05798 0
vn -0.99832 0.05798 0
vn -0.99832 0.05798 0
vn -0.99832 0.05798 0
vn -0.99832 0.05798 -0
vn -0.99832 0.05798 -0
vn -0.99832 0.05798 -0
vn -0.99832 0.05798 0
vn -0.99832 0.05798 0
vn -0.99832 0.05798 0
vn -0.99832 0.05798 -0
vn -0.99832 0.05798 -0
vn -0.99832 0.05798 0
vn -0.99832 0.05798 -0
vn -0.99832 0.05798 -0
vn -0.99832 0.05798 0
vn -0.99832 0.05798 -0
vn -0.99832 0.05798 0
vn -0.99832 0.05798 0
vn -0.99832 0.05798 -0
vn -0.99832 0.05798 0
vn -0.99832 0.05798 -0
vn -0.99832 0.05798 -0
vn -0.99832 0.05798 -0
vn -0.99832 0.05798 0
vn -0.99832 0.05798 0
vn -0.99832 0.05798 -0
vn -0.99832 0.05798 0
vn -0.99832 0.05798 0
vn -0.99832 0.05798 -0
vn -0.99832 0.05798 0
vn -0.99832 0.05798 -0
vn -0.55606 0.14032 0.81921
vn -0.55606 0.14033 0.81921
vn -0.55194 0.2112 0.8067
vn -0.55194 0.2112 0.8067
vn -0.5479 0.28071 0.78804
vn -0.5479 0.28071 0.78804
vn -0.54398 0.34833 0.76338
vn -0.54398 0.34833 0.76338
vn -0.54019 0.41355 0.73292
vn -0.54019 0.41355 0.73292
vn -0.53657 0.47587 0.69688
vn -0.53657 0.47587 0.69688
vn -0.53314 0.53482 0.65553
vn -0.53315 0.53482 0.65553
vn -0.52995 0.58994 0.6092
vn -0.52994 0.58995 0.6092
vn -0.52699 0.64083 0.55823
vn -0.52699 0.64083 0.55823
vn -0.5243 0.68709 0.50301
vn -0.5243 0.68709 0.50301
vn -0.52191 0.72836 0.44396
vn -0.52191 0.72836 0.44396
vn -0.51982 0.76434 0.38153
vn -0.51982 0.76434 0.38153
vn -0.51805 0.79476 0.3162
vn -0.51805 0.79476 0.3162
vn -0.51662 0.81937 0.24847
vn -0.51662 0.81937 0.24847
vn -0.51554 0.83799 0.17884
vn -0.51554 0.838 0.17884
vn -0.51481 0.85049 0.10785
vn -0.51481 0.85049 0.10785
vn -0.51445 0.85676 0.03604
vn -0.51445 0.85676 0.03604
vn -0.51445 0.85676 -0.03604
vn -0.51445 0.85676 -0.03604
vn -0.51481 0.85049 -0.10785
vn -0.51481 0.85049 -0.10785
vn -0.51554 0.83799 -0.17884
vn -0.51554 0.838 -0.17884
vn -0.51662 0.81937 -0.24847
vn -0.51662 0.81937 -0.24847
vn -0.51805 0.79476 -0.3162
vn -0.51805 0.79476 -0.3162
vn -0.51982 0.76434 -0.38153
vn -0.51982 0.76434 -0.38154
vn -0.52191 0.72836 -0.44396
vn -0.52191 0.72836 -0.44396
vn -0.5243 0.68709 -0.50301
vn -0.5243 0.68709 -0.50301
vn -0.52699 0.64083 -0.55823
vn -0.52699 0.64083 -0.55823
vn -0.52995 0.58994 -0.6092
vn -0.52995 0.58995 -0.6092
vn -0.53315 0.53481 -0.65553
vn -0.53315 0.53482 -0.65553
vn -0.53657 0.47588 -0.69687
vn -0.53657 0.47587 -0.69688
vn -0.54019 0.41354 -0.73292
vn -0.54019 0.41355 -0.73292
vn -0.54398 0.34833 -0.76338
vn -0.54398 0.34832 -0.76338
vn -0.54791 0.2807 -0.78804
vn -0.54791 0.28071 -0.78804
vn -0.55194 0.2112 -0.80669
vn -0.55194 0.2112 -0.8067
vn -0.55606 0.14032 -0.81921
vn -0.55606 0.14033 -0.81921
vn -0.56022 0.06864 -0.82549
vn -0.56022 0.06863 -0.8255
vn -0.5644 -0.00333 -0.8255
vn -0.5644 -0.00332 -0.82549
vn -0.56856 -0.07501 -0.81921
vn -0.56856 -0.07502 -0.81921
vn -0.57268 -0.14589 -0.8067
vn -0.57268 -0.14588 -0.80669
vn -0.57672 -0.21539 -0.78804
vn -0.57672 -0.21539 -0.78804
vn -0.58064 -0.28301 -0.76338
vn -0.58065 -0.28301 -0.76338
vn -0.58443 -0.34823 -0.73292
vn -0.58443 -0.34824 -0.73292
vn -0.58805 -0.41056 -0.69688
vn -0.58805 -0.41056 -0.69688
vn -0.59148 -0.4695 -0.65553
vn -0.59148 -0.4695 -0.65553
vn -0.59468 -0.52463 -0.6092
vn -0.59468 -0.52463 -0.6092
vn -0.59763 -0.57552 -0.55823
vn -0.59763 -0.57552 -0.55823
vn -0.60032 -0.62177 -0.50301
vn -0.60032 -0.62178 -0.50301
vn -0.60271 -0.66305 -0.44396
vn -0.60271 -0.66305 -0.44396
vn -0.6048 -0.69903 -0.38153
vn -0.6048 -0.69903 -0.38153
vn -0.60657 -0.72944 -0.3162
vn -0.60657 -0.72944 -0.3162
vn -0.608 -0.75406 -0.24847
vn -0.608 -0.75406 -0.24847
vn -0.60908 -0.77268 -0.17884
vn -0.60908 -0.77268 -0.17884
vn -0.60981 -0.78518 -0.10785
vn -0.6098 -0.78518 -0.10785
vn -0.61017 -0.79145 -0.03604
vn -0.61017 -0.79145 -0.03604
vn -0.61017 -0.79145 0.03604
vn -0.61017 -0.79145 0.03604
vn -0.6098 -0.78518 0.10785
vn -0.6098 -0.78518 0.10785
vn -0.60908 -0.77268 0.17884
vn -0.60908 -0.77268 0.17884
vn -0.608 -0.75406 0.24847
vn -0.608 -0.75406 0.24847
vn -0.60657 -0.72944 0.3162
vn -0.60657 -0.72944 0.3162
vn -0.6048 -0.69903 0.38153
vn -0.6048 -0.69903 0.38153
vn -0.60271 -0.66305 0.44396
vn -0.60271 -0.66305 0.44396
vn -0.60032 -0.62178 0.50301
vn -0.60031 -0.62177 0.50301
vn -0.59763 -0.57552 0.55823
vn -0.59763 -0.57552 0.55823
vn -0.59467 -0.52463 0.6092
vn -0.59467 -0.52463 0.6092
vn -0.59147 -0.46951 0.65553
vn -0.59147 -0.46951 0.65554
vn -0.58805 -0.41056 0.69688
vn -0.58805 -0.41056 0.69688
vn -0.58443 -0.34824 0.73292
vn -0.58443 -0.34824 0.73292
vn -0.58064 -0.28302 0.76338
vn -0.58064 -0.28302 0.76339
vn -0.57671 -0.21539 0.78804
vn -0.57671 -0.21539 0.78804
vn -0.57268 -0.14588 0.8067
vn -0.57268 -0.14588 0.8067
vn -0.56856 -0.07501 0.81921
vn -0.56856 -0.07502 0.81921
vn -0.5644 -0.00333 0.82549
vn -0.5644 -0.00332 0.8255
vn -0.56022 0.06864 0.8255
vn -0.56022 0.06863 0.82549
vn -0.48322 0.14199 0.86391
vn -0.48322 0.14199 0.86391
vn -0.47888 0.21673 0.85071
vn -0.47888 0.21673 0.85071
vn -0.47462 0.29003 0.83103
vn -0.47462 0.29003 0.83103
vn -0.47048 0.36134 0.80503
vn -0.47048 0.36134 0.80503
vn -0.46648 0.43012 0.77291
vn -0.46649 0.43012 0.77291
vn -0.46267 0.49584 0.7349
vn -0.46267 0.49584 0.7349
vn -0.45906 0.558 0.6913
vn -0.45906 0.55801 0.6913
vn -0.45568 0.61614 0.64244
vn -0.45568 0.61614 0.64244
vn -0.45256 0.6698 0.58868
vn -0.45257 0.6698 0.58869
vn -0.44973 0.71858 0.53045
vn -0.44973 0.71858 0.53045
vn -0.4472 0.76211 0.46818
vn -0.4472 0.76211 0.46818
vn -0.445 0.80006 0.40235
vn -0.445 0.80006 0.40235
vn -0.44314 0.83213 0.33346
vn -0.44314 0.83213 0.33346
vn -0.44163 0.85808 0.26202
vn -0.44163 0.85808 0.26202
vn -0.44049 0.87772 0.1886
vn -0.44049 0.87772 0.1886
vn -0.43972 0.8909 0.11374
vn -0.43972 0.8909 0.11374
vn -0.43934 0.89752 0.03801
vn -0.43934 0.89752 0.03801
vn -0.43934 0.89752 -0.03801
vn -0.43934 0.89752 -0.03801
vn -0.43972 0.8909 -0.11374
vn -0.43972 0.8909 -0.11374
vn -0.44049 0.87772 -0.1886
vn -0.44049 0.87772 -0.1886
vn -0.44163 0.85808 -0.26202
vn -0.44163 0.85808 -0.26202
vn -0.44314 0.83213 -0.33346
vn -0.44314 0.83213 -0.33346
vn -0.445 0.80006 -0.40235
vn -0.445 0.80006 -0.40235
vn -0.44721 0.76211 -0.46818
vn -0.4472 0.76211 -0.46818
vn -0.44973 0.71858 -0.53045
vn -0.44973 0.71858 -0.53045
vn -0.45256 0.6698 -0.58868
vn -0.45256 0.6698 -0.58869
vn -0.45568 0.61614 -0.64244
vn -0.45568 0.61614 -0.64244
vn -0.45905 0.55801 -0.6913
vn -0.45906 0.55801 -0.6913
vn -0.46267 0.49584 -0.7349
vn -0.46267 0.49584 -0.7349
vn -0.46649 0.43012 -0.77291
vn -0.46648 0.43012 -0.77291
vn -0.47047 0.36134 -0.80504
vn -0.47048 0.36134 -0.80503
vn -0.47462 0.29003 -0.83103
vn -0.47462 0.29003 -0.83104
vn -0.47887 0.21673 -0.85071
vn -0.47888 0.21673 -0.85071
vn -0.48322 0.14199 -0.86391
vn -0.48322 0.14199 -0.86391
vn -0.48761 0.06639 -0.87054
vn -0.48761 0.06639 -0.87053
vn -0.49202 -0.00949 -0.87053
vn -0.49201 -0.0095 -0.87054
vn -0.4964 -0.0851 -0.86391
vn -0.49641 -0.0851 -0.86391
vn -0.50075 -0.15984 -0.85071
vn -0.50074 -0.15984 -0.85071
vn -0.505 -0.23314 -0.83104
vn -0.505 -0.23313 -0.83104
vn -0.50914 -0.30445 -0.80504
vn -0.50914 -0.30445 -0.80504
vn -0.51313 -0.37323 -0.77291
vn -0.51314 -0.37322 -0.77291
vn -0.51696 -0.43895 -0.7349
vn -0.51695 -0.43895 -0.7349
vn -0.52056 -0.50111 -0.6913
vn -0.52056 -0.50112 -0.6913
vn -0.52394 -0.55925 -0.64244
vn -0.52394 -0.55925 -0.64244
vn -0.52706 -0.61291 -0.58869
vn -0.52706 -0.61291 -0.58869
vn -0.52989 -0.66169 -0.53045
vn -0.52989 -0.66169 -0.53045
vn -0.53242 -0.70522 -0.46818
vn -0.53242 -0.70522 -0.46818
vn -0.53462 -0.74316 -0.40235
vn -0.53462 -0.74316 -0.40235
vn -0.53648 -0.77524 -0.33346
vn -0.53648 -0.77524 -0.33346
vn -0.53799 -0.80119 -0.26202
vn -0.53799 -0.80119 -0.26202
vn -0.53913 -0.82083 -0.1886
vn -0.53913 -0.82083 -0.1886
vn -0.5399 -0.83401 -0.11373
vn -0.5399 -0.83401 -0.11374
vn -0.54028 -0.84062 -0.03801
vn -0.54028 -0.84062 -0.03801
vn -0.54028 -0.84062 0.03801
vn -0.54028 -0.84062 0.03801
vn -0.5399 -0.83401 0.11374
vn -0.5399 -0.83401 0.11374
vn -0.53913 -0.82083 0.1886
vn -0.53913 -0.82083 0.1886
vn -0.53799 -0.80119 0.26202
vn -0.53799 -0.80119 0.26202
vn -0.53648 -0.77524 0.33346
vn -0.53648 -0.77524 0.33346
vn -0.53462 -0.74316 0.40235
vn -0.53462 -0.74316 0.40235
vn -0.53242 -0.70522 0.46819
vn -0.53242 -0.70522 0.46818
vn -0.52989 -0.66169 0.53045
vn -0.52989 -0.66169 0.53045
vn -0.52706 -0.61291 0.58868
vn -0.52706 -0.61291 0.58869
vn -0.52394 -0.55925 0.64244
vn -0.52394 -0.55925 0.64244
vn -0.52056 -0.50111 0.6913
vn -0.52057 -0.50112 0.6913
vn -0.51696 -0.43895 0.7349
vn -0.51696 -0.43895 0.7349
vn -0.51314 -0.37323 0.77291
vn -0.51314 -0.37323 0.77291
vn -0.50914 -0.30445 0.80504
vn -0.50914 -0.30445 0.80503
vn -0.505 -0.23314 0.83103
vn -0.505 -0.23314 0.83103
vn -0.50075 -0.15984 0.85071
vn -0.50075 -0.15983 0.85071
vn -0.49641 -0.0851 0.86391
vn -0.4964 -0.0851 0.86391
vn -0.49201 -0.00949 0.87054
vn -0.49202 -0.0095 0.87053
vn -0.48761 0.06639 0.87053
vn -0.48761 0.06639 0.87054
vn -0.40686 0.14261 0.90229
vn -0.40686 0.14262 0.90229
vn -0.40232 0.22067 0.8885
vn -0.40232 0.22067 0.8885
vn -0.39788 0.29723 0.86795
vn -0.39788 0.29723 0.86795
vn -0.39355 0.37172 0.8408
vn -0.39355 0.37172 0.8408
vn -0.38938 0.44355 0.80725
vn -0.38938 0.44354 0.80725
vn -0.3854 0.51219 0.76755
vn -0.38539 0.51219 0.76755
vn -0.38162 0.57712 0.72201
vn -0.38163 0.57712 0.72201
vn -0.3781 0.63783 0.67098
vn -0.3781 0.63783 0.67098
vn -0.37484 0.69388 0.61484
vn -0.37484 0.69388 0.61484
vn -0.37188 0.74483 0.55402
vn -0.37189 0.74482 0.55402
vn -0.36925 0.79029 0.48898
vn -0.36925 0.79029 0.48898
vn -0.36694 0.82992 0.42023
vn -0.36694 0.82992 0.42023
vn -0.365 0.86341 0.34827
vn -0.365 0.86342 0.34827
vn -0.36342 0.89052 0.27366
vn -0.36342 0.89052 0.27367
vn -0.36223 0.91104 0.19698
vn -0.36223 0.91104 0.19698
vn -0.36143 0.9248 0.11879
vn -0.36143 0.9248 0.11879
vn -0.36103 0.93171 0.0397
vn -0.36103 0.93171 0.0397
vn -0.36103 0.93171 -0.0397
vn -0.36103 0.93171 -0.0397
vn -0.36143 0.9248 -0.11879
vn -0.36143 0.9248 -0.11879
vn -0.36223 0.91104 -0.19698
vn -0.36223 0.91104 -0.19698
vn -0.36342 0.89052 -0.27366
vn -0.36342 0.89052 -0.27366
vn -0.365 0.86341 -0.34827
vn -0.365 0.86341 -0.34827
vn -0.36694 0.82992 -0.42022
vn -0.36694 0.82992 -0.42023
vn -0.36924 0.79029 -0.48898
vn -0.36925 0.79029 -0.48898
vn -0.37189 0.74483 -0.55402
vn -0.37188 0.74482 -0.55402
vn -0.37484 0.69388 -0.61484
vn -0.37485 0.69388 -0.61484
vn -0.3781 0.63783 -0.67098
vn -0.3781 0.63783 -0.67098
vn -0.38163 0.57712 -0.72201
vn -0.38162 0.57711 -0.72201
vn -0.38539 0.51219 -0.76755
vn -0.38539 0.51219 -0.76755
vn -0.38938 0.44354 -0.80725
vn -0.38939 0.44355 -0.80724
vn -0.39356 0.37172 -0.8408
vn -0.39355 0.37171 -0.8408
vn -0.39788 0.29723 -0.86796
vn -0.39788 0.29723 -0.86796
vn -0.40232 0.22068 -0.8885
vn -0.40232 0.22067 -0.88851
vn -0.40685 0.14261 -0.90229
vn -0.40686 0.14262 -0.90229
vn -0.41145 0.06366 -0.90921
vn -0.41144 0.06365 -0.90921
vn -0.41604 -0.01561 -0.90921
vn -0.41605 -0.0156 -0.90921
vn -0.42063 -0.09456 -0.90229
vn -0.42063 -0.09457 -0.90229
vn -0.42516 -0.17262 -0.8885
vn -0.42516 -0.17262 -0.8885
vn -0.42961 -0.24917 -0.86796
vn -0.42961 -0.24917 -0.86796
vn -0.43394 -0.32366 -0.8408
vn -0.43394 -0.32365 -0.8408
vn -0.43811 -0.39548 -0.80725
vn -0.43811 -0.39549 -0.80725
vn -0.44209 -0.46414 -0.76755
vn -0.44209 -0.46413 -0.76755
vn -0.44586 -0.52906 -0.72201
vn -0.44587 -0.52905 -0.72201
vn -0.4494 -0.58977 -0.67098
vn -0.4494 -0.58977 -0.67098
vn -0.45265 -0.64582 -0.61484
vn -0.45265 -0.64582 -0.61484
vn -0.4556 -0.69677 -0.55402
vn -0.45561 -0.69677 -0.55402
vn -0.45825 -0.74223 -0.48898
vn -0.45824 -0.74223 -0.48898
vn -0.46055 -0.78186 -0.42023
vn -0.46055 -0.78186 -0.42023
vn -0.46249 -0.81536 -0.34827
vn -0.46249 -0.81536 -0.34827
vn -0.46407 -0.84247 -0.27367
vn -0.46407 -0.84247 -0.27366
vn -0.46526 -0.86298 -0.19698
vn -0.46526 -0.86298 -0.19698
vn -0.46606 -0.87674 -0.11879
vn -0.46606 -0.87674 -0.11879
vn -0.46646 -0.88365 -0.0397
vn -0.46646 -0.88365 -0.0397
vn -0.46646 -0.88365 0.0397
vn -0.46646 -0.88365 0.0397
vn -0.46606 -0.87674 0.11879
vn -0.46606 -0.87674 0.11879
vn -0.46526 -0.86298 0.19698
vn -0.46526 -0.86298 0.19698
vn -0.46407 -0.84247 0.27367
vn -0.46407 -0.84247 0.27367
vn -0.46249 -0.81536 0.34827
vn -0.46249 -0.81536 0.34827
vn -0.46055 -0.78186 0.42023
vn -0.46055 -0.78186 0.42023
vn -0.45825 -0.74223 0.48898
vn -0.45825 -0.74223 0.48898
vn -0.45561 -0.69677 0.55402
vn -0.4556 -0.69677 0.55402
vn -0.45265 -0.64582 0.61484
vn -0.45265 -0.64582 0.61484
vn -0.44939 -0.58978 0.67098
vn -0.44939 -0.58978 0.67098
vn -0.44587 -0.52906 0.72201
vn -0.44586 -0.52906 0.72201
vn -0.44209 -0.46413 0.76755
vn -0.4421 -0.46413 0.76755
vn -0.43811 -0.39549 0.80725
vn -0.43811 -0.39549 0.80725
vn -0.43394 -0.32366 0.8408
vn -0.43394 -0.32366 0.8408
vn -0.42961 -0.24918 0.86795
vn -0.42961 -0.24918 0.86796
vn -0.42516 -0.17262 0.8885
vn -0.42516 -0.17262 0.8885
vn -0.42063 -0.09456 0.90229
vn -0.42063 -0.09456 0.90229
vn -0.41605 -0.0156 0.90921
vn -0.41605 -0.0156 0.90921
vn -0.41144 0.06366 0.90921
vn -0.41145 0.06365 0.90921
vn -0.32754 0.1422 0.93408
vn -0.32754 0.1422 0.93408
vn -0.32284 0.22301 0.9198
vn -0.32285 0.22301 0.9198
vn -0.31824 0.30226 0.89853
vn -0.31824 0.30227 0.89853
vn -0.31376 0.37937 0.87042
vn -0.31377 0.37937 0.87042
vn -0.30945 0.45373 0.83569
vn -0.30945 0.45373 0.83568
vn -0.30532 0.5248 0.79459
vn -0.30532 0.52479 0.79459
vn -0.30142 0.59201 0.74745
vn -0.30142 0.59201 0.74745
vn -0.29777 0.65486 0.69462
vn -0.29776 0.65486 0.69462
vn -0.2944 0.71288 0.6365
vn -0.29439 0.71288 0.6365
vn -0.29133 0.76562 0.57354
vn -0.29133 0.76563 0.57354
vn -0.2886 0.81269 0.50621
vn -0.2886 0.81269 0.50621
vn -0.28622 0.85371 0.43503
vn -0.28622 0.85371 0.43503
vn -0.2842 0.88839 0.36054
vn -0.2842 0.88839 0.36054
vn -0.28257 0.91646 0.28331
vn -0.28257 0.91645 0.28331
vn -0.28134 0.93769 0.20392
vn -0.28134 0.93769 0.20392
vn -0.28051 0.95194 0.12297
vn -0.28051 0.95194 0.12297
vn -0.2801 0.95909 0.0411
vn -0.2801 0.95909 0.0411
vn -0.2801 0.95909 -0.0411
vn -0.2801 0.95909 -0.0411
vn -0.28051 0.95194 -0.12297
vn -0.28051 0.95194 -0.12297
vn -0.28134 0.93769 -0.20392
vn -0.28134 0.93769 -0.20392
vn -0.28257 0.91646 -0.2833
vn -0.28257 0.91646 -0.28331
vn -0.2842 0.88839 -0.36054
vn -0.2842 0.88839 -0.36054
vn -0.28622 0.85371 -0.43503
vn -0.28622 0.85371 -0.43503
vn -0.2886 0.81269 -0.50621
vn -0.2886 0.81269 -0.50621
vn -0.29133 0.76562 -0.57354
vn -0.29133 0.76562 -0.57354
vn -0.29439 0.71288 -0.6365
vn -0.2944 0.71288 -0.6365
vn -0.29776 0.65486 -0.69462
vn -0.29776 0.65486 -0.69462
vn -0.30141 0.592 -0.74745
vn -0.30142 0.59201 -0.74744
vn -0.30532 0.5248 -0.79459
vn -0.30532 0.52479 -0.79459
vn -0.30944 0.45374 -0.83569
vn -0.30944 0.45373 -0.83569
vn -0.31376 0.37937 -0.87042
vn -0.31376 0.37937 -0.87042
vn -0.31824 0.30226 -0.89853
vn -0.31824 0.30226 -0.89853
vn -0.32285 0.22301 -0.9198
vn -0.32285 0.22302 -0.9198
vn -0.32755 0.14221 -0.93407
vn -0.32754 0.1422 -0.93408
vn -0.33228 0.06046 -0.94124
vn -0.33229 0.06047 -0.94124
vn -0.33705 -0.02159 -0.94124
vn -0.33705 -0.02159 -0.94124
vn -0.3418 -0.10334 -0.93408
vn -0.34181 -0.10332 -0.93407
vn -0.3465 -0.18414 -0.9198
vn -0.34649 -0.18415 -0.9198
vn -0.35109 -0.26339 -0.89853
vn -0.35109 -0.26339 -0.89853
vn -0.35557 -0.3405 -0.87042
vn -0.35556 -0.3405 -0.87042
vn -0.35988 -0.41487 -0.83569
vn -0.35989 -0.41486 -0.83569
vn -0.36401 -0.48592 -0.79459
vn -0.36402 -0.48592 -0.79459
vn -0.36792 -0.55313 -0.74745
vn -0.36792 -0.55314 -0.74745
vn -0.37157 -0.61599 -0.69462
vn -0.37157 -0.61599 -0.69462
vn -0.37494 -0.67401 -0.6365
vn -0.37494 -0.67401 -0.6365
vn -0.378 -0.72675 -0.57354
vn -0.378 -0.72675 -0.57354
vn -0.38073 -0.77382 -0.50621
vn -0.38074 -0.77382 -0.50621
vn -0.38312 -0.81484 -0.43503
vn -0.38312 -0.81484 -0.43503
vn -0.38513 -0.84952 -0.36054
vn -0.38513 -0.84952 -0.36054
vn -0.38676 -0.87758 -0.28331
vn -0.38676 -0.87758 -0.28331
vn -0.38799 -0.89882 -0.20392
vn -0.38799 -0.89882 -0.20392
vn -0.38882 -0.91307 -0.12297
vn -0.38882 -0.91307 -0.12297
vn -0.38924 -0.92022 -0.0411
vn -0.38924 -0.92022 -0.0411
vn -0.38924 -0.92022 0.0411
vn -0.38924 -0.92022 0.0411
vn -0.38882 -0.91307 0.12297
vn -0.38882 -0.91307 0.12297
vn -0.38799 -0.89882 0.20392
vn -0.38799 -0.89882 0.20392
vn -0.38676 -0.87758 0.28331
vn -0.38676 -0.87758 0.28331
vn -0.38513 -0.84952 0.36054
vn -0.38513 -0.84952 0.36054
vn -0.38312 -0.81484 0.43503
vn -0.38312 -0.81484 0.43503
vn -0.38073 -0.77382 0.50621
vn -0.38073 -0.77382 0.50621
vn -0.378 -0.72675 0.57354
vn -0.378 -0.72675 0.57354
vn -0.37494 -0.67401 0.6365
vn -0.37494 -0.67401 0.6365
vn -0.37157 -0.61599 0.69462
vn -0.37157 -0.61599 0.69462
vn -0.36792 -0.55314 0.74745
vn -0.36792 -0.55314 0.74744
vn -0.36402 -0.48592 0.79459
vn -0.36402 -0.48592 0.79459
vn -0.35989 -0.41486 0.83569
vn -0.35989 -0.41486 0.83568
vn -0.35557 -0.3405 0.87042
vn -0.35557 -0.3405 0.87042
vn -0.35109 -0.26339 0.89853
vn -0.35109 -0.26339 0.89853
vn -0.34649 -0.18414 0.9198
vn -0.34649 -0.18414 0.9198
vn -0.3418 -0.10333 0.93408
vn -0.3418 -0.10333 0.93408
vn -0.33705 -0.02159 0.94124
vn -0.33705 -0.02159 0.94124
vn -0.33229 0.06046 0.94124
vn -0.33228 0.06046 0.94124
vn -0.24584 0.14075 0.95904
vn -0.24583 0.14075 0.95904
vn -0.24101 0.22371 0.94439
vn -0.24102 0.22371 0.94439
vn -0.23629 0.30509 0.92254
vn -0.23629 0.30509 0.92254
vn -0.23169 0.38425 0.89368
vn -0.23169 0.38425 0.89368
vn -0.22726 0.46061 0.85802
vn -0.22726 0.46061 0.85802
vn -0.22302 0.53357 0.81582
vn -0.22302 0.53357 0.81582
vn -0.21901 0.60258 0.76742
vn -0.21901 0.60257 0.76742
vn -0.21527 0.66711 0.71318
vn -0.21527 0.66711 0.71318
vn -0.21181 0.72668 0.65351
vn -0.21181 0.72668 0.65351
vn -0.20866 0.78083 0.58886
vn -0.20866 0.78083 0.58886
vn -0.20585 0.82916 0.51974
vn -0.20586 0.82915 0.51974
vn -0.20341 0.87128 0.44666
vn -0.20341 0.87128 0.44666
vn -0.20134 0.90688 0.37017
vn -0.20134 0.90688 0.37018
vn -0.19967 0.93569 0.29088
vn -0.19967 0.93569 0.29088
vn -0.1984 0.9575 0.20937
vn -0.1984 0.9575 0.20936
vn -0.19755 0.97213 0.12626
vn -0.19755 0.97213 0.12626
vn -0.19713 0.97947 0.04219
vn -0.19713 0.97947 0.04219
vn -0.19713 0.97947 -0.04219
vn -0.19712 0.97947 -0.04219
vn -0.19755 0.97213 -0.12626
vn -0.19755 0.97213 -0.12626
vn -0.1984 0.9575 -0.20937
vn -0.1984 0.9575 -0.20936
vn -0.19967 0.93569 -0.29088
vn -0.19967 0.93569 -0.29088
vn -0.20134 0.90688 -0.37018
vn -0.20134 0.90688 -0.37018
vn -0.20341 0.87128 -0.44666
vn -0.20341 0.87128 -0.44666
vn -0.20585 0.82915 -0.51974
vn -0.20585 0.82915 -0.51974
vn -0.20866 0.78083 -0.58886
vn -0.20866 0.78084 -0.58886
vn -0.21181 0.72668 -0.65351
vn -0.2118 0.72668 -0.65351
vn -0.21526 0.66711 -0.71318
vn -0.21527 0.66711 -0.71317
vn -0.21902 0.60258 -0.76742
vn -0.21901 0.60257 -0.76743
vn -0.22302 0.53356 -0.81583
vn -0.22302 0.53356 -0.81583
vn -0.22726 0.46061 -0.85802
vn -0.22726 0.46061 -0.85801
vn -0.2317 0.38426 -0.89368
vn -0.23169 0.38425 -0.89368
vn -0.23629 0.30508 -0.92255
vn -0.23629 0.30509 -0.92254
vn -0.24102 0.22372 -0.94438
vn -0.24101 0.22372 -0.94439
vn -0.24583 0.14074 -0.95904
vn -0.24584 0.14075 -0.95904
vn -0.25071 0.05683 -0.96639
vn -0.25071 0.05683 -0.96639
vn -0.2556 -0.02742 -0.96639
vn -0.2556 -0.02742 -0.96639
vn -0.26048 -0.11134 -0.95904
vn -0.26047 -0.11135 -0.95904
vn -0.26529 -0.19432 -0.94438
vn -0.26529 -0.19431 -0.94438
vn -0.27002 -0.27568 -0.92255
vn -0.27001 -0.27569 -0.92255
vn -0.27461 -0.35486 -0.89368
vn -0.27462 -0.35485 -0.89368
vn -0.27905 -0.4312 -0.85802
vn -0.27905 -0.43121 -0.85802
vn -0.28329 -0.50416 -0.81583
vn -0.28328 -0.50416 -0.81583
vn -0.28729 -0.57317 -0.76742
vn -0.2873 -0.57317 -0.76742
vn -0.29105 -0.6377 -0.71318
vn -0.29104 -0.63771 -0.71318
vn -0.2945 -0.69728 -0.65351
vn -0.29451 -0.69727 -0.65351
vn -0.29765 -0.75143 -0.58886
vn -0.29765 -0.75143 -0.58886
vn -0.30045 -0.79975 -0.51974
vn -0.30045 -0.79975 -0.51974
vn -0.3029 -0.84187 -0.44666
vn -0.3029 -0.84187 -0.44666
vn -0.30497 -0.87748 -0.37018
vn -0.30497 -0.87748 -0.37018
vn -0.30664 -0.90629 -0.29088
vn -0.30664 -0.90629 -0.29088
vn -0.30791 -0.92809 -0.20937
vn -0.30791 -0.92809 -0.20936
vn -0.30876 -0.94272 -0.12626
vn -0.30876 -0.94272 -0.12626
vn -0.30918 -0.95007 -0.04219
vn -0.30918 -0.95007 -0.04219
vn -0.30918 -0.95007 0.04219
vn -0.30918 -0.95007 0.04219
vn -0.30876 -0.94272 0.12626
vn -0.30876 -0.94272 0.12626
vn -0.30791 -0.92809 0.20937
vn -0.30791 -0.92809 0.20936
vn -0.30664 -0.90629 0.29088
vn -0.30664 -0.90629 0.29088
vn -0.30497 -0.87748 0.37017
vn -0.30497 -0.87748 0.37018
vn -0.3029 -0.84187 0.44666
vn -0.3029 -0.84187 0.44666
vn -0.30045 -0.79975 0.51974
vn -0.30045 -0.79975 0.51974
vn -0.29765 -0.75143 0.58886
vn -0.29765 -0.75143 0.58886
vn -0.2945 -0.69728 0.65351
vn -0.29451 -0.69728 0.65351
vn -0.29105 -0.63771 0.71318
vn -0.29104 -0.63771 0.71318
vn -0.2873 -0.57317 0.76742
vn -0.28729 -0.57317 0.76742
vn -0.28328 -0.50416 0.81582
vn -0.28329 -0.50416 0.81582
vn -0.27905 -0.4312 0.85802
vn -0.27905 -0.4312 0.85802
vn -0.27462 -0.35485 0.89368
vn -0.27462 -0.35485 0.89368
vn -0.27002 -0.27569 0.92254
vn -0.27002 -0.27569 0.92254
vn -0.26529 -0.19431 0.94439
vn -0.26529 -0.19431 0.94439
vn -0.26047 -0.11135 0.95904
vn -0.26048 -0.11135 0.95904
vn -0.2556 -0.02742 0.96639
vn -0.2556 -0.02742 0.96639
vn -0.25071 0.05682 0.96639
vn -0.25071 0.05682 0.96639
vn -0.16234 0.13827 0.977
vn -0.16234 0.13827 0.977
vn -0.15743 0.22279 0.96207
vn -0.15743 0.22279 0.96207
vn -0.15262 0.30569 0.93982
vn -0.15262 0.30569 0.93982
vn -0.14793 0.38633 0.91042
vn -0.14794 0.38633 0.91042
vn -0.14342 0.46412 0.87409
vn -0.14342 0.46412 0.87409
vn -0.1391 0.53844 0.8311
vn -0.1391 0.53844 0.8311
vn -0.13502 0.60874 0.78179
vn -0.13502 0.60874 0.78179
vn -0.1312 0.67449 0.72654
vn -0.1312 0.67449 0.72654
vn -0.12768 0.73517 0.66575
vn -0.12768 0.73517 0.66575
vn -0.12447 0.79034 0.59989
vn -0.12448 0.79034 0.59989
vn -0.12162 0.83957 0.52947
vn -0.12161 0.83957 0.52947
vn -0.11912 0.88248 0.45502
vn -0.11912 0.88248 0.45502
vn -0.11702 0.91875 0.37711
vn -0.11702 0.91875 0.37711
vn -0.11531 0.9481 0.29632
vn -0.11531 0.9481 0.29632
vn -0.11402 0.97031 0.21329
vn -0.11402 0.97031 0.21329
vn -0.11316 0.98522 0.12862
vn -0.11316 0.98522 0.12862
vn -0.11272 0.9927 0.04298
vn -0.11272 0.9927 0.04298
vn -0.11272 0.9927 -0.04298
vn -0.11272 0.9927 -0.04298
vn -0.11316 0.98522 -0.12862
vn -0.11316 0.98522 -0.12862
vn -0.11402 0.97031 -0.21329
vn -0.11402 0.97031 -0.21329
vn -0.11531 0.9481 -0.29632
vn -0.11531 0.9481 -0.29632
vn -0.11702 0.91875 -0.37711
vn -0.11702 0.91875 -0.37711
vn -0.11912 0.88248 -0.45502
vn -0.11912 0.88248 -0.45502
vn -0.12162 0.83957 -0.52947
vn -0.12162 0.83957 -0.52947
vn -0.12448 0.79034 -0.59989
vn -0.12447 0.79034 -0.59989
vn -0.12768 0.73517 -0.66575
vn -0.12768 0.73517 -0.66575
vn -0.1312 0.67449 -0.72653
vn -0.1312 0.67449 -0.72654
vn -0.13501 0.60874 -0.7818
vn -0.13502 0.60875 -0.78179
vn -0.13911 0.53844 -0.8311
vn -0.13911 0.53844 -0.8311
vn -0.14342 0.46412 -0.87408
vn -0.14342 0.46411 -0.87409
vn -0.14794 0.38633 -0.91042
vn -0.14794 0.38633 -0.91042
vn -0.15262 0.30569 -0.93982
vn -0.15262 0.30569 -0.93982
vn -0.15744 0.22279 -0.96207
vn -0.15744 0.22279 -0.96207
vn -0.16235 0.13827 -0.977
vn -0.16234 0.13826 -0.977
vn -0.16731 0.05278 -0.98449
vn -0.16731 0.05278 -0.98449
vn -0.17229 -0.03305 -0.98449
vn -0.17229 -0.03305 -0.98449
vn -0.17726 -0.11855 -0.977
vn -0.17726 -0.11854 -0.977
vn -0.18217 -0.20307 -0.96207
vn -0.18217 -0.20307 -0.96207
vn -0.18698 -0.28596 -0.93982
vn -0.18698 -0.28597 -0.93982
vn -0.19166 -0.36661 -0.91042
vn -0.19166 -0.36661 -0.91042
vn -0.19618 -0.4444 -0.87408
vn -0.19619 -0.44439 -0.87409
vn -0.2005 -0.51872 -0.8311
vn -0.2005 -0.51872 -0.8311
vn -0.20458 -0.58902 -0.7818
vn -0.20457 -0.58903 -0.78179
vn -0.20839 -0.65477 -0.72653
vn -0.2084 -0.65476 -0.72654
vn -0.21192 -0.71545 -0.66575
vn -0.21192 -0.71545 -0.66575
vn -0.21512 -0.77062 -0.59989
vn -0.21513 -0.77062 -0.59989
vn -0.21799 -0.81984 -0.52947
vn -0.21799 -0.81984 -0.52947
vn -0.22048 -0.86275 -0.45502
vn -0.22048 -0.86276 -0.45502
vn -0.22258 -0.89903 -0.37711
vn -0.22258 -0.89903 -0.37711
vn -0.22429 -0.92838 -0.29632
vn -0.22429 -0.92838 -0.29632
vn -0.22558 -0.95059 -0.21329
vn -0.22558 -0.95059 -0.21329
vn -0.22644 -0.96549 -0.12862
vn -0.22644 -0.96549 -0.12862
vn -0.22688 -0.97297 -0.04298
vn -0.22688 -0.97297 -0.04298
vn -0.22688 -0.97297 0.04298
vn -0.22688 -0.97297 0.04298
vn -0.22644 -0.96549 0.12862
vn -0.22644 -0.96549 0.12862
vn -0.22558 -0.95059 0.21329
vn -0.22558 -0.95059 0.21329
vn -0.22429 -0.92838 0.29632
vn -0.22429 -0.92838 0.29632
vn -0.22258 -0.89903 0.37711
vn -0.22258 -0.89903 0.37711
vn -0.22048 -0.86275 0.45502
vn -0.22048 -0.86275 0.45502
vn -0.21798 -0.81984 0.52947
vn -0.21799 -0.81984 0.52947
vn -0.21513 -0.77062 0.59989
vn -0.21512 -0.77062 0.59989
vn -0.21192 -0.71545 0.66575
vn -0.21192 -0.71545 0.66575
vn -0.2084 -0.65476 0.72654
vn -0.2084 -0.65476 0.72654
vn -0.20458 -0.58902 0.78179
vn -0.20458 -0.58902 0.78179
vn -0.2005 -0.51872 0.8311
vn -0.20049 -0.51872 0.8311
vn -0.19618 -0.44439 0.87409
vn -0.19618 -0.4444 0.87409
vn -0.19166 -0.36661 0.91042
vn -0.19166 -0.36661 0.91042
vn -0.18698 -0.28596 0.93982
vn -0.18698 -0.28597 0.93982
vn -0.18216 -0.20306 0.96207
vn -0.18216 -0.20307 0.96207
vn -0.17726 -0.11855 0.977
vn -0.17726 -0.11855 0.977
vn -0.17229 -0.03305 0.98449
vn -0.17229 -0.03305 0.98449
vn -0.16731 0.05277 0.98449
vn -0.16731 0.05277 0.98449
vn -0.07767 0.13478 0.98783
vn -0.07767 0.13478 0.98783
vn -0.07271 0.22023 0.97273
vn -0.07271 0.22024 0.97273
vn -0.06784 0.30405 0.95024
vn -0.06784 0.30405 0.95024
vn -0.06311 0.38559 0.92051
vn -0.0631 0.3856 0.92051
vn -0.05853 0.46424 0.88377
vn -0.05854 0.46424 0.88377
vn -0.05417 0.53939 0.84031
vn -0.05417 0.53939 0.84031
vn -0.05004 0.61047 0.79046
vn -0.05005 0.61047 0.79046
vn -0.04619 0.67694 0.73459
vn -0.04618 0.67694 0.73459
vn -0.04262 0.7383 0.67312
vn -0.04262 0.7383 0.67312
vn -0.03938 0.79408 0.60654
vn -0.03938 0.79408 0.60654
vn -0.03649 0.84385 0.53534
vn -0.03649 0.84385 0.53534
vn -0.03397 0.88724 0.46006
vn -0.03397 0.88724 0.46006
vn -0.03184 0.92391 0.38129
vn -0.03184 0.92391 0.38129
vn -0.03012 0.95359 0.29961
vn -0.03012 0.95359 0.29961
vn -0.02881 0.97605 0.21565
vn -0.02881 0.97605 0.21565
vn -0.02794 0.99111 0.13005
vn -0.02794 0.99111 0.13005
vn -0.0275 0.99868 0.04346
vn -0.0275 0.99868 0.04346
vn -0.0275 0.99868 -0.04346
vn -0.0275 0.99868 -0.04346
vn -0.02794 0.99111 -0.13005
vn -0.02794 0.99111 -0.13005
vn -0.02881 0.97605 -0.21565
vn -0.02881 0.97605 -0.21565
vn -0.03012 0.95359 -0.29961
vn -0.03012 0.95359 -0.29961
vn -0.03184 0.92391 -0.38129
vn -0.03184 0.92391 -0.38129
vn -0.03397 0.88724 -0.46006
vn -0.03397 0.88724 -0.46006
vn -0.03649 0.84385 -0.53534
vn -0.03649 0.84385 -0.53534
vn -0.03938 0.79408 -0.60654
vn -0.03938 0.79408 -0.60654
vn -0.04261 0.7383 -0.67313
vn -0.04262 0.7383 -0.67312
vn -0.04618 0.67694 -0.73459
vn -0.04618 0.67694 -0.73459
vn -0.05004 0.61047 -0.79045
vn -0.05004 0.61047 -0.79046
vn -0.05417 0.53939 -0.84032
vn -0.05417 0.53939 -0.84031
vn -0.05853 0.46424 -0.88377
vn -0.05854 0.46424 -0.88377
vn -0.06311 0.38559 -0.92051
vn -0.06311 0.38559 -0.92051
vn -0.06784 0.30405 -0.95024
vn -0.06784 0.30405 -0.95024
vn -0.07271 0.22024 -0.97273
vn -0.0727 0.22023 -0.97274
vn -0.07766 0.13477 -0.98783
vn -0.07768 0.13479 -0.98782
vn -0.0827 0.04834 -0.9954
vn -0.08269 0.04833 -0.9954
vn -0.08773 -0.03844 -0.9954
vn -0.08774 -0.03844 -0.9954
vn -0.09276 -0.12488 -0.98783
vn -0.09274 -0.12489 -0.98783
vn -0.0977 -0.21034 -0.97273
vn -0.09771 -0.21033 -0.97273
vn -0.10258 -0.29416 -0.95024
vn -0.10258 -0.29415 -0.95024
vn -0.10732 -0.37569 -0.92051
vn -0.10732 -0.3757 -0.92051
vn -0.11188 -0.45434 -0.88377
vn -0.11188 -0.45434 -0.88377
vn -0.11624 -0.52949 -0.84031
vn -0.11624 -0.52949 -0.84031
vn -0.12037 -0.60058 -0.79045
vn -0.12037 -0.60057 -0.79046
vn -0.12423 -0.66704 -0.73459
vn -0.12423 -0.66704 -0.73459
vn -0.1278 -0.7284 -0.67313
vn -0.12779 -0.7284 -0.67313
vn -0.13103 -0.78418 -0.60654
vn -0.13104 -0.78418 -0.60654
vn -0.13393 -0.83395 -0.53534
vn -0.13393 -0.83395 -0.53534
vn -0.13645 -0.87734 -0.46006
vn -0.13645 -0.87734 -0.46006
vn -0.13858 -0.91401 -0.38129
vn -0.13858 -0.91401 -0.38129
vn -0.1403 -0.94369 -0.29961
vn -0.1403 -0.94369 -0.29961
vn -0.14161 -0.96615 -0.21565
vn -0.14161 -0.96615 -0.21565
vn -0.14248 -0.98122 -0.13005
vn -0.14248 -0.98122 -0.13005
vn -0.14292 -0.98878 -0.04346
vn -0.14292 -0.98878 -0.04346
vn -0.14292 -0.98878 0.04346
vn -0.14292 -0.98878 0.04346
vn -0.14248 -0.98122 0.13005
vn -0.14248 -0.98122 0.13005
vn -0.14161 -0.96615 0.21565
vn -0.14161 -0.96615 0.21565
vn -0.1403 -0.94369 0.29961
vn -0.1403 -0.94369 0.29961
vn -0.13858 -0.91401 0.38129
vn -0.13858 -0.91401 0.38129
vn -0.13645 -0.87734 0.46006
vn -0.13645 -0.87734 0.46006
vn -0.13393 -0.83395 0.53534
vn -0.13393 -0.83395 0.53534
vn -0.13104 -0.78418 0.60654
vn -0.13104 -0.78418 0.60654
vn -0.1278 -0.7284 0.67312
vn -0.1278 -0.7284 0.67312
vn -0.12424 -0.66704 0.73459
vn -0.12424 -0.66704 0.73459
vn -0.12038 -0.60057 0.79046
vn -0.12037 -0.60057 0.79046
vn -0.11625 -0.52949 0.84031
vn -0.11625 -0.52949 0.84031
vn -0.11188 -0.45434 0.88377
vn -0.11188 -0.45434 0.88378
vn -0.10731 -0.37569 0.92051
vn -0.10732 -0.3757 0.92051
vn -0.10258 -0.29416 0.95024
vn -0.10258 -0.29416 0.95024
vn -0.09771 -0.21034 0.97273
vn -0.09771 -0.21034 0.97273
vn -0.09275 -0.12488 0.98783
vn -0.09275 -0.12488 0.98783
vn -0.08773 -0.03844 0.9954
vn -0.08773 -0.03844 0.9954
vn -0.08269 0.04833 0.9954
vn -0.08269 0.04833 0.9954
vn 0.00757 0.13031 0.99144
vn 0.01255 0.21608 0.9763
vn 0.01255 0.21608 0.9763
vn 0.01743 0.3002 0.95372
vn 0.01743 0.3002 0.95372
vn 0.02219 0.38204 0.92388
vn 0.02219 0.38204 0.92388
vn 0.02677 0.46097 0.88701
vn 0.02677 0.46097 0.88701
vn 0.03115 0.5364 0.84339
vn 0.03115 0.5364 0.84339
vn 0.03529 0.60774 0.79335
vn 0.03917 0.67445 0.73728
vn 0.03917 0.67445 0.73728
vn 0.04275 0.73604 0.67559
vn 0.046 0.79202 0.60876
vn 0.0489 0.84197 0.5373
vn 0.05143 0.88552 0.46175
vn 0.05143 0.88552 0.46175
vn 0.05356 0.92232 0.38269
vn 0.05356 0.92232 0.38268
vn 0.05529 0.95211 0.30071
vn 0.0566 0.97465 0.21644
vn 0.0566 0.97465 0.21644
vn 0.05748 0.98978 0.13053
vn 0.05792 0.99737 0.04362
vn 0.05792 0.99737 0.04362
vn 0.05792 0.99737 -0.04362
vn 0.05792 0.99737 -0.04362
vn 0.05748 0.98978 -0.13053
vn 0.05748 0.98978 -0.13053
vn 0.0566 0.97465 -0.21644
vn 0.0566 0.97465 -0.21644
vn 0.05529 0.95211 -0.30071
vn 0.05356 0.92233 -0.38268
vn 0.05356 0.92233 -0.38268
vn 0.05143 0.88552 -0.46175
vn 0.05143 0.88552 -0.46175
vn 0.0489 0.84197 -0.5373
vn 0.046 0.79202 -0.60876
vn 0.04275 0.73604 -0.67559
vn 0.03917 0.67445 -0.73728
vn 0.03917 0.67445 -0.73728
vn 0.03529 0.60774 -0.79335
vn 0.03115 0.5364 -0.84339
vn 0.03115 0.5364 -0.84339
vn 0.02677 0.46097 -0.88701
vn 0.02677 0.46097 -0.88701
vn 0.02219 0.38204 -0.92388
vn 0.02219 0.38204 -0.92388
vn 0.01743 0.3002 -0.95372
vn 0.01743 0.3002 -0.95372
vn 0.01255 0.21607 -0.9763
vn 0.01255 0.21607 -0.9763
vn 0.00757 0.13032 -0.99144
vn 0.00253 0.04354 -0.99905
vn 0.00253 0.04354 -0.99905
vn -0.00253 -0.04354 -0.99905
vn -0.00253 -0.04354 -0.99905
vn -0.00757 -0.13032 -0.99144
vn -0.01255 -0.21607 -0.9763
vn -0.01255 -0.21607 -0.9763
vn -0.01743 -0.3002 -0.95372
vn -0.01743 -0.3002 -0.95372
vn -0.02219 -0.38204 -0.92388
vn -0.02219 -0.38204 -0.92388
vn -0.02677 -0.46097 -0.88701
vn -0.02677 -0.46097 -0.88701
vn -0.03115 -0.5364 -0.84339
vn -0.03115 -0.5364 -0.84339
vn -0.03529 -0.60774 -0.79335
vn -0.03917 -0.67445 -0.73728
vn -0.03917 -0.67445 -0.73728
vn -0.04275 -0.73604 -0.67559
vn -0.046 -0.79202 -0.60876
vn -0.0489 -0.84197 -0.5373
vn -0.05143 -0.88552 -0.46175
vn -0.05143 -0.88552 -0.46175
vn -0.05356 -0.92233 -0.38268
vn -0.05356 -0.92233 -0.38268
vn -0.05529 -0.95211 -0.30071
vn -0.0566 -0.97465 -0.21644
vn -0.0566 -0.97465 -0.21644
vn -0.05748 -0.98978 -0.13053
vn -0.05748 -0.98978 -0.13053
vn -0.05792 -0.99737 -0.04362
vn -0.05792 -0.99737 -0.04362
vn -0.05792 -0.99737 0.04362
vn -0.05792 -0.99737 0.04362
vn -0.05748 -0.98978 0.13053
vn -0.0566 -0.97465 0.21644
vn -0.0566 -0.97465 0.21644
vn -0.05529 -0.95211 0.30071
vn -0.05356 -0.92232 0.38268
vn -0.05356 -0.92232 0.38269
vn -0.05143 -0.88552 0.46175
vn -0.05143 -0.88552 0.46175
vn -0.0489 -0.84197 0.5373
vn -0.046 -0.79202 0.60876
vn -0.04275 -0.73604 0.67559
vn -0.03917 -0.67445 0.73728
vn -0.03917 -0.67445 0.73728
vn -0.03529 -0.60774 0.79335
vn -0.03115 -0.5364 0.84339
vn -0.03115 -0.5364 0.84339
vn -0.02677 -0.46097 0.88701
vn -0.02677 -0.46097 0.88701
vn -0.02219 -0.38204 0.92388
vn -0.02219 -0.38204 0.92388
vn -0.01743 -0.3002 0.95372
vn -0.01743 -0.3002 0.95372
vn -0.01255 -0.21608 0.9763
vn -0.01255 -0.21608 0.9763
vn -0.00757 -0.13031 0.99144
vn -0.00253 -0.04354 0.99905
vn -0.00253 -0.04354 0.99905
vn 0.00253 0.04354 0.99905
vn 0.00253 0.04354 0.99905
vn 0.09275 0.12488 0.98783
vn 0.09275 0.12488 0.98783
vn 0.09771 0.21034 0.97273
vn 0.09771 0.21034 0.97273
vn 0.10258 0.29416 0.95024
vn 0.10258 0.29416 0.95024
vn 0.10732 0.3757 0.92051
vn 0.10731 0.37569 0.92051
vn 0.11188 0.45434 0.88378
vn 0.11188 0.45434 0.88377
vn 0.11625 0.52949 0.84031
vn 0.11625 0.52949 0.84031
vn 0.12037 0.60057 0.79046
vn 0.12038 0.60057 0.79046
vn 0.12424 0.66704 0.73459
vn 0.12424 0.66704 0.73459
vn 0.1278 0.7284 0.67312
vn 0.1278 0.7284 0.67312
vn 0.13104 0.78418 0.60654
vn 0.13104 0.78418 0.60654
vn 0.13393 0.83395 0.53534
vn 0.13393 0.83395 0.53534
vn 0.13645 0.87734 0.46006
vn 0.13645 0.87734 0.46006
vn 0.13858 0.91401 0.38129
vn 0.13858 0.91401 0.38129
vn 0.1403 0.94369 0.29961
vn 0.1403 0.94369 0.29961
vn 0.14161 0.96615 0.21565
vn 0.14161 0.96615 0.21565
vn 0.14248 0.98122 0.13005
vn 0.14248 0.98122 0.13005
vn 0.14292 0.98878 0.04346
vn 0.14292 0.98878 0.04346
vn 0.14292 0.98878 -0.04346
vn 0.14292 0.98878 -0.04346
vn 0.14248 0.98122 -0.13005
vn 0.14248 0.98122 -0.13005
vn 0.14161 0.96615 -0.21565
vn 0.14161 0.96615 -0.21565
vn 0.1403 0.94369 -0.29961
vn 0.1403 0.94369 -0.29961
vn 0.13858 0.91401 -0.38129
vn 0.13858 0.91401 -0.38129
vn 0.13645 0.87734 -0.46006
vn 0.13645 0.87734 -0.46006
vn 0.13393 0.83395 -0.53534
vn 0.13393 0.83395 -0.53534
vn 0.13104 0.78418 -0.60654
vn 0.13103 0.78418 -0.60654
vn 0.12779 0.7284 -0.67313
vn 0.1278 0.7284 -0.67313
vn 0.12423 0.66704 -0.73459
vn 0.12423 0.66704 -0.73459
vn 0.12037 0.60057 -0.79046
vn 0.12037 0.60058 -0.79045
vn 0.11624 0.52949 -0.84031
vn 0.11624 0.52949 -0.84031
vn 0.11188 0.45434 -0.88377
vn 0.11188 0.45434 -0.88377
vn 0.10732 0.3757 -0.92051
vn 0.10732 0.37569 -0.92051
vn 0.10258 0.29415 -0.95024
vn 0.10258 0.29416 -0.95024
vn 0.09771 0.21033 -0.97273
vn 0.0977 0.21034 -0.97273
vn 0.09274 0.12489 -0.98783
vn 0.09276 0.12488 -0.98783
vn 0.08774 0.03844 -0.9954
vn 0.08773 0.03844 -0.9954
vn 0.08269 -0.04833 -0.9954
vn 0.0827 -0.04834 -0.9954
vn 0.07768 -0.13479 -0.98782
vn 0.07766 -0.13477 -0.98783
vn 0.0727 -0.22023 -0.97274
vn 0.07271 -0.22024 -0.97273
vn 0.06784 -0.30405 -0.95024
vn 0.06784 -0.30405 -0.95024
vn 0.06311 -0.38559 -0.92051
vn 0.06311 -0.38559 -0.92051
vn 0.05854 -0.46424 -0.88377
vn 0.05853 -0.46424 -0.88377
vn 0.05417 -0.53939 -0.84031
vn 0.05417 -0.53939 -0.84032
vn 0.05004 -0.61047 -0.79046
vn 0.05004 -0.61047 -0.79045
vn 0.04618 -0.67694 -0.73459
vn 0.04618 -0.67694 -0.73459
vn 0.04262 -0.7383 -0.67312
vn 0.04261 -0.7383 -0.67313
vn 0.03938 -0.79408 -0.60654
vn 0.03938 -0.79408 -0.60654
vn 0.03649 -0.84385 -0.53534
vn 0.03649 -0.84385 -0.53534
vn 0.03397 -0.88724 -0.46006
vn 0.03397 -0.88724 -0.46006
vn 0.03184 -0.92391 -0.38129
vn 0.03184 -0.92391 -0.38129
vn 0.03012 -0.95359 -0.29961
vn 0.03012 -0.95359 -0.29961
vn 0.02881 -0.97605 -0.21565
vn 0.02881 -0.97605 -0.21565
vn 0.02794 -0.99111 -0.13005
vn 0.02794 -0.99111 -0.13005
vn 0.0275 -0.99868 -0.04346
vn 0.0275 -0.99868 -0.04346
vn 0.0275 -0.99868 0.04346
vn 0.0275 -0.99868 0.04346
vn 0.02794 -0.99111 0.13005
vn 0.02794 -0.99111 0.13005
vn 0.02881 -0.97605 0.21565
vn 0.02881 -0.97605 0.21565
vn 0.03012 -0.95359 0.29961
vn 0.03012 -0.95359 0.29961
vn 0.03184 -0.92391 0.38129
vn 0.03184 -0.92391 0.38129
vn 0.03397 -0.88724 0.46006
vn 0.03397 -0.88724 0.46006
vn 0.03649 -0.84385 0.53534
vn 0.03649 -0.84385 0.53534
vn 0.03938 -0.79408 0.60654
vn 0.03938 -0.79408 0.60654
vn 0.04262 -0.7383 0.67312
vn 0.04262 -0.7383 0.67312
vn 0.04618 -0.67694 0.73459
vn 0.04619 -0.67694 0.73459
vn 0.05005 -0.61047 0.79046
vn 0.05004 -0.61047 0.79046
vn 0.05417 -0.53939 0.84031
vn 0.05417 -0.53939 0.84031
vn 0.05854 -0.46424 0.88377
vn 0.05853 -0.46424 0.88377
vn 0.0631 -0.3856 0.92051
vn 0.06311 -0.38559 0.92051
vn 0.06784 -0.30405 0.95024
vn 0.06784 -0.30405 0.95024
vn 0.07271 -0.22024 0.97273
vn 0.07271 -0.22023 0.97273
vn 0.07767 -0.13478 0.98783
vn 0.07767 -0.13478 0.98783
vn 0.08269 -0.04833 0.9954
vn 0.08269 -0.04833 0.9954
vn 0.08773 0.03844 0.9954
vn 0.08773 0.03844 0.9954
vn 0.17726 0.11855 0.977
vn 0.17726 0.11855 0.977
vn 0.18216 0.20307 0.96207
vn 0.18216 0.20306 0.96207
vn 0.18698 0.28597 0.93982
vn 0.18698 0.28596 0.93982
vn 0.19166 0.36661 0.91042
vn 0.19166 0.36661 0.91042
vn 0.19618 0.4444 0.87409
vn 0.19618 0.44439 0.87409
vn 0.20049 0.51872 0.8311
vn 0.2005 0.51872 0.8311
vn 0.20458 0.58902 0.78179
vn 0.20458 0.58902 0.78179
vn 0.2084 0.65476 0.72654
vn 0.2084 0.65476 0.72654
vn 0.21192 0.71545 0.66575
vn 0.21192 0.71545 0.66575
vn 0.21512 0.77062 0.59989
vn 0.21513 0.77062 0.59989
vn 0.21799 0.81984 0.52947
vn 0.21798 0.81984 0.52947
vn 0.22048 0.86275 0.45502
vn 0.22048 0.86275 0.45502
vn 0.22258 0.89903 0.37711
vn 0.22258 0.89903 0.37711
vn 0.22429 0.92838 0.29632
vn 0.22429 0.92838 0.29632
vn 0.22558 0.95059 0.21329
vn 0.22558 0.95059 0.21329
vn 0.22644 0.96549 0.12862
vn 0.22644 0.96549 0.12862
vn 0.22688 0.97297 0.04298
vn 0.22688 0.97297 0.04298
vn 0.22688 0.97297 -0.04298
vn 0.22688 0.97297 -0.04298
vn 0.22644 0.96549 -0.12862
vn 0.22644 0.96549 -0.12862
vn 0.22558 0.95059 -0.21329
vn 0.22558 0.95059 -0.21329
vn 0.22429 0.92838 -0.29632
vn 0.22429 0.92838 -0.29632
vn 0.22258 0.89903 -0.37711
vn 0.22258 0.89903 -0.37711
vn 0.22048 0.86276 -0.45502
vn 0.22048 0.86275 -0.45502
vn 0.21799 0.81984 -0.52947
vn 0.21799 0.81984 -0.52947
vn 0.21513 0.77062 -0.59989
vn 0.21512 0.77062 -0.59989
vn 0.21192 0.71545 -0.66575
vn 0.21192 0.71545 -0.66575
vn 0.2084 0.65476 -0.72654
vn 0.20839 0.65477 -0.72653
vn 0.20457 0.58903 -0.78179
vn 0.20458 0.58902 -0.7818
vn 0.2005 0.51872 -0.8311
vn 0.2005 0.51872 -0.8311
vn 0.19619 0.44439 -0.87409
vn 0.19618 0.4444 -0.87408
vn 0.19166 0.36661 -0.91042
vn 0.19166 0.36661 -0.91042
vn 0.18698 0.28597 -0.93982
vn 0.18698 0.28596 -0.93982
vn 0.18217 0.20307 -0.96207
vn 0.18217 0.20307 -0.96207
vn 0.17726 0.11854 -0.977
vn 0.17726 0.11855 -0.977
vn 0.17229 0.03305 -0.98449
vn 0.17229 0.03305 -0.98449
vn 0.16731 -0.05278 -0.98449
vn 0.16731 -0.05278 -0.98449
vn 0.16234 -0.13826 -0.977
vn 0.16235 -0.13827 -0.977
vn 0.15744 -0.22279 -0.96207
vn 0.15744 -0.22279 -0.96207
vn 0.15262 -0.30569 -0.93982
vn 0.15262 -0.30569 -0.93982
vn 0.14794 -0.38633 -0.91042
vn 0.14794 -0.38633 -0.91042
vn 0.14342 -0.46411 -0.87409
vn 0.14342 -0.46412 -0.87408
vn 0.13911 -0.53844 -0.8311
vn 0.13911 -0.53844 -0.8311
vn 0.13502 -0.60875 -0.78179
vn 0.13501 -0.60874 -0.7818
vn 0.1312 -0.67449 -0.72654
vn 0.1312 -0.67449 -0.72653
vn 0.12768 -0.73517 -0.66575
vn 0.12768 -0.73517 -0.66575
vn 0.12447 -0.79034 -0.59989
vn 0.12448 -0.79034 -0.59989
vn 0.12162 -0.83957 -0.52947
vn 0.12162 -0.83957 -0.52947
vn 0.11912 -0.88248 -0.45502
vn 0.11912 -0.88248 -0.45502
vn 0.11702 -0.91875 -0.37711
vn 0.11702 -0.91875 -0.37711
vn 0.11531 -0.9481 -0.29632
vn 0.11531 -0.9481 -0.29632
vn 0.11402 -0.97031 -0.21329
vn 0.11402 -0.97031 -0.21329
vn 0.11316 -0.98522 -0.12862
vn 0.11316 -0.98522 -0.12862
vn 0.11272 -0.9927 -0.04298
vn 0.11272 -0.9927 -0.04298
vn 0.11272 -0.9927 0.04298
vn 0.11272 -0.9927 0.04298
vn 0.11316 -0.98522 0.12862
vn 0.11316 -0.98522 0.12862
vn 0.11402 -0.97031 0.21329
vn 0.11402 -0.97031 0.21329
vn 0.11531 -0.9481 0.29632
vn 0.11531 -0.9481 0.29632
vn 0.11702 -0.91875 0.37711
vn 0.11702 -0.91875 0.37711
vn 0.11912 -0.88248 0.45502
vn 0.11912 -0.88248 0.45502
vn 0.12161 -0.83957 0.52947
vn 0.12162 -0.83957 0.52947
vn 0.12448 -0.79034 0.59989
vn 0.12447 -0.79034 0.59989
vn 0.12768 -0.73517 0.66575
vn 0.12768 -0.73517 0.66575
vn 0.1312 -0.67449 0.72654
vn 0.1312 -0.67449 0.72654
vn 0.13502 -0.60874 0.78179
vn 0.13502 -0.60874 0.78179
vn 0.1391 -0.53844 0.8311
vn 0.1391 -0.53844 0.8311
vn 0.14342 -0.46412 0.87409
vn 0.14342 -0.46412 0.87409
vn 0.14794 -0.38633 0.91042
vn 0.14793 -0.38633 0.91042
vn 0.15262 -0.30569 0.93982
vn 0.15262 -0.30569 0.93982
vn 0.15743 -0.22279 0.96207
vn 0.15743 -0.22279 0.96207
vn 0.16234 -0.13827 0.977
vn 0.16234 -0.13827 0.977
vn 0.16731 -0.05277 0.98449
vn 0.16731 -0.05277 0.98449
vn 0.17229 0.03305 0.98449
vn 0.17229 0.03305 0.98449
vn 0.26048 0.11135 0.95904
vn 0.26047 0.11135 0.95904
vn 0.26529 0.19431 0.94439
vn 0.26529 0.19431 0.94439
vn 0.27002 0.27569 0.92254
vn 0.27002 0.27569 0.92254
vn 0.27462 0.35485 0.89368
vn 0.27462 0.35485 0.89368
vn 0.27905 0.4312 0.85802
vn 0.27905 0.4312 0.85802
vn 0.28329 0.50416 0.81582
vn 0.28328 0.50416 0.81582
vn 0.28729 0.57317 0.76742
vn 0.2873 0.57317 0.76742
vn 0.29104 0.63771 0.71318
vn 0.29105 0.63771 0.71318
vn 0.29451 0.69728 0.65351
vn 0.2945 0.69728 0.65351
vn 0.29765 0.75143 0.58886
vn 0.29765 0.75143 0.58886
vn 0.30045 0.79975 0.51974
vn 0.30045 0.79975 0.51974
vn 0.3029 0.84187 0.44666
vn 0.3029 0.84187 0.44666
vn 0.30497 0.87748 0.37018
vn 0.30497 0.87748 0.37017
vn 0.30664 0.90629 0.29088
vn 0.30664 0.90629 0.29088
vn 0.30791 0.92809 0.20936
vn 0.30791 0.92809 0.20937
vn 0.30876 0.94272 0.12626
vn 0.30876 0.94272 0.12626
vn 0.30918 0.95007 0.04219
vn 0.30918 0.95007 0.04219
vn 0.30918 0.95007 -0.04219
vn 0.30918 0.95007 -0.04219
vn 0.30876 0.94272 -0.12626
vn 0.30876 0.94272 -0.12626
vn 0.30791 0.92809 -0.20936
vn 0.30791 0.92809 -0.20937
vn 0.30664 0.90629 -0.29088
vn 0.30664 0.90629 -0.29088
vn 0.30497 0.87748 -0.37018
vn 0.30497 0.87748 -0.37018
vn 0.3029 0.84187 -0.44666
vn 0.3029 0.84187 -0.44666
vn 0.30045 0.79975 -0.51974
vn 0.30045 0.79975 -0.51974
vn 0.29765 0.75143 -0.58886
vn 0.29765 0.75143 -0.58886
vn 0.29451 0.69727 -0.65351
vn 0.2945 0.69728 -0.65351
vn 0.29104 0.63771 -0.71318
vn 0.29105 0.6377 -0.71318
vn 0.2873 0.57317 -0.76742
vn 0.28729 0.57317 -0.76742
vn 0.28328 0.50416 -0.81583
vn 0.28329 0.50416 -0.81583
vn 0.27905 0.43121 -0.85802
vn 0.27905 0.4312 -0.85802
vn 0.27462 0.35485 -0.89368
vn 0.27461 0.35486 -0.89368
vn 0.27001 0.27569 -0.92255
vn 0.27002 0.27568 -0.92255
vn 0.26529 0.19431 -0.94438
vn 0.26529 0.19432 -0.94438
vn 0.26047 0.11135 -0.95904
vn 0.26048 0.11134 -0.95904
vn 0.2556 0.02742 -0.96639
vn 0.2556 0.02742 -0.96639
vn 0.25071 -0.05683 -0.96639
vn 0.25071 -0.05683 -0.96639
vn 0.24584 -0.14075 -0.95904
vn 0.24583 -0.14074 -0.95904
vn 0.24101 -0.22372 -0.94439
vn 0.24102 -0.22372 -0.94438
vn 0.23629 -0.30509 -0.92254
vn 0.23629 -0.30508 -0.92255
vn 0.23169 -0.38425 -0.89368
vn 0.2317 -0.38426 -0.89368
vn 0.22726 -0.46061 -0.85801
vn 0.22726 -0.46061 -0.85802
vn 0.22302 -0.53356 -0.81583
vn 0.22302 -0.53356 -0.81583
vn 0.21901 -0.60257 -0.76743
vn 0.21902 -0.60258 -0.76742
vn 0.21527 -0.66711 -0.71317
vn 0.21526 -0.66711 -0.71318
vn 0.2118 -0.72668 -0.65351
vn 0.21181 -0.72668 -0.65351
vn 0.20866 -0.78084 -0.58886
vn 0.20866 -0.78083 -0.58886
vn 0.20585 -0.82915 -0.51974
vn 0.20585 -0.82915 -0.51974
vn 0.20341 -0.87128 -0.44666
vn 0.20341 -0.87128 -0.44666
vn 0.20134 -0.90688 -0.37018
vn 0.20134 -0.90688 -0.37018
vn 0.19967 -0.93569 -0.29088
vn 0.19967 -0.93569 -0.29088
vn 0.1984 -0.9575 -0.20936
vn 0.1984 -0.9575 -0.20937
vn 0.19755 -0.97213 -0.12626
vn 0.19755 -0.97213 -0.12626
vn 0.19712 -0.97947 -0.04219
vn 0.19713 -0.97947 -0.04219
vn 0.19713 -0.97947 0.04219
vn 0.19713 -0.97947 0.04219
vn 0.19755 -0.97213 0.12626
vn 0.19755 -0.97213 0.12626
vn 0.1984 -0.9575 0.20936
vn 0.1984 -0.9575 0.20937
vn 0.19967 -0.93569 0.29088
vn 0.19967 -0.93569 0.29088
vn 0.20134 -0.90688 0.37018
vn 0.20134 -0.90688 0.37017
vn 0.20341 -0.87128 0.44666
vn 0.20341 -0.87128 0.44666
vn 0.20586 -0.82915 0.51974
vn 0.20585 -0.82916 0.51974
vn 0.20866 -0.78083 0.58886
vn 0.20866 -0.78083 0.58886
vn 0.21181 -0.72668 0.65351
vn 0.21181 -0.72668 0.65351
vn 0.21527 -0.66711 0.71318
vn 0.21527 -0.66711 0.71318
vn 0.21901 -0.60257 0.76742
vn 0.21901 -0.60258 0.76742
vn 0.22302 -0.53357 0.81582
vn 0.22302 -0.53357 0.81582
vn 0.22726 -0.46061 0.85802
vn 0.22726 -0.46061 0.85802
vn 0.23169 -0.38425 0.89368
vn 0.23169 -0.38425 0.89368
vn 0.23629 -0.30509 0.92254
vn 0.23629 -0.30509 0.92254
vn 0.24102 -0.22371 0.94439
vn 0.24101 -0.22371 0.94439
vn 0.24583 -0.14075 0.95904
vn 0.24584 -0.14075 0.95904
vn 0.25071 -0.05682 0.96639
vn 0.25071 -0.05682 0.96639
vn 0.2556 0.02742 0.96639
vn 0.2556 0.02742 0.96639
vn 0.3418 0.10333 0.93408
vn 0.3418 0.10333 0.93408
vn 0.34649 0.18414 0.9198
vn 0.34649 0.18414 0.9198
vn 0.35109 0.26339 0.89853
vn 0.35109 0.26339 0.89853
vn 0.35557 0.3405 0.87042
vn 0.35557 0.3405 0.87042
vn 0.35989 0.41486 0.83568
vn 0.35989 0.41486 0.83569
vn 0.36402 0.48592 0.79459
vn 0.36402 0.48592 0.79459
vn 0.36792 0.55314 0.74744
vn 0.36792 0.55314 0.74745
vn 0.37157 0.61599 0.69462
vn 0.37157 0.61599 0.69462
vn 0.37494 0.67401 0.6365
vn 0.37494 0.67401 0.6365
vn 0.378 0.72675 0.57354
vn 0.378 0.72675 0.57354
vn 0.38073 0.77382 0.50621
vn 0.38073 0.77382 0.50621
vn 0.38312 0.81484 0.43503
vn 0.38312 0.81484 0.43503
vn 0.38513 0.84952 0.36054
vn 0.38513 0.84952 0.36054
vn 0.38676 0.87758 0.28331
vn 0.38676 0.87758 0.28331
vn 0.38799 0.89882 0.20392
vn 0.38799 0.89882 0.20392
vn 0.38882 0.91307 0.12297
vn 0.38882 0.91307 0.12297
vn 0.38924 0.92022 0.0411
vn 0.38924 0.92022 0.0411
vn 0.38924 0.92022 -0.0411
vn 0.38924 0.92022 -0.0411
vn 0.38882 0.91307 -0.12297
vn 0.38882 0.91307 -0.12297
vn 0.38799 0.89882 -0.20392
vn 0.38799 0.89882 -0.20392
vn 0.38676 0.87758 -0.28331
vn 0.38676 0.87758 -0.28331
vn 0.38513 0.84952 -0.36054
vn 0.38513 0.84952 -0.36054
vn 0.38312 0.81484 -0.43503
vn 0.38312 0.81484 -0.43503
vn 0.38074 0.77382 -0.50621
vn 0.38073 0.77382 -0.50621
vn 0.378 0.72675 -0.57354
vn 0.378 0.72675 -0.57354
vn 0.37494 0.67401 -0.6365
vn 0.37494 0.67401 -0.6365
vn 0.37157 0.61599 -0.69462
vn 0.37157 0.61599 -0.69462
vn 0.36792 0.55314 -0.74745
vn 0.36792 0.55313 -0.74745
vn 0.36402 0.48592 -0.79459
vn 0.36401 0.48592 -0.79459
vn 0.35989 0.41486 -0.83569
vn 0.35988 0.41487 -0.83569
vn 0.35556 0.3405 -0.87042
vn 0.35557 0.3405 -0.87042
vn 0.35109 0.26339 -0.89853
vn 0.35109 0.26339 -0.89853
vn 0.34649 0.18415 -0.9198
vn 0.3465 0.18414 -0.9198
vn 0.34181 0.10332 -0.93407
vn 0.3418 0.10334 -0.93408
vn 0.33705 0.02159 -0.94124
vn 0.33705 0.02159 -0.94124
vn 0.33229 -0.06047 -0.94124
vn 0.33228 -0.06046 -0.94124
vn 0.32754 -0.1422 -0.93408
vn 0.32755 -0.14221 -0.93407
vn 0.32285 -0.22302 -0.9198
vn 0.32285 -0.22301 -0.9198
vn 0.31824 -0.30226 -0.89853
vn 0.31824 -0.30226 -0.89853
vn 0.31376 -0.37937 -0.87042
vn 0.31376 -0.37937 -0.87042
vn 0.30944 -0.45373 -0.83569
vn 0.30944 -0.45374 -0.83569
vn 0.30532 -0.52479 -0.79459
vn 0.30532 -0.5248 -0.79459
vn 0.30142 -0.59201 -0.74744
vn 0.30141 -0.592 -0.74745
vn 0.29776 -0.65486 -0.69462
vn 0.29776 -0.65486 -0.69462
vn 0.2944 -0.71288 -0.6365
vn 0.29439 -0.71288 -0.6365
vn 0.29133 -0.76562 -0.57354
vn 0.29133 -0.76562 -0.57354
vn 0.2886 -0.81269 -0.50621
vn 0.2886 -0.81269 -0.50621
vn 0.28622 -0.85371 -0.43503
vn 0.28622 -0.85371 -0.43503
vn 0.2842 -0.88839 -0.36054
vn 0.2842 -0.88839 -0.36054
vn 0.28257 -0.91646 -0.28331
vn 0.28257 -0.91646 -0.2833
vn 0.28134 -0.93769 -0.20392
vn 0.28134 -0.93769 -0.20392
vn 0.28051 -0.95194 -0.12297
vn 0.28051 -0.95194 -0.12297
vn 0.2801 -0.95909 -0.0411
vn 0.2801 -0.95909 -0.0411
vn 0.2801 -0.95909 0.0411
vn 0.2801 -0.95909 0.0411
vn 0.28051 -0.95194 0.12297
vn 0.28051 -0.95194 0.12297
vn 0.28134 -0.93769 0.20392
vn 0.28134 -0.93769 0.20392
vn 0.28257 -0.91645 0.28331
vn 0.28257 -0.91646 0.28331
vn 0.2842 -0.88839 0.36054
vn 0.2842 -0.88839 0.36054
vn 0.28622 -0.85371 0.43503
vn 0.28622 -0.85371 0.43503
vn 0.2886 -0.81269 0.50621
vn 0.2886 -0.81269 0.50621
vn 0.29133 -0.76563 0.57354
vn 0.29133 -0.76562 0.57354
vn 0.29439 -0.71288 0.6365
vn 0.2944 -0.71288 0.6365
vn 0.29776 -0.65486 0.69462
vn 0.29777 -0.65486 0.69462
vn 0.30142 -0.59201 0.74745
vn 0.30142 -0.59201 0.74745
vn 0.30532 -0.52479 0.79459
vn 0.30532 -0.5248 0.79459
vn 0.30945 -0.45373 0.83568
vn 0.30945 -0.45373 0.83569
vn 0.31377 -0.37937 0.87042
vn 0.31376 -0.37937 0.87042
vn 0.31824 -0.30227 0.89853
vn 0.31824 -0.30226 0.89853
vn 0.32285 -0.22301 0.9198
vn 0.32284 -0.22301 0.9198
vn 0.32754 -0.1422 0.93408
vn 0.32754 -0.1422 0.93408
vn 0.33228 -0.06046 0.94124
vn 0.33229 -0.06046 0.94124
vn 0.33705 0.02159 0.94124
vn 0.33705 0.02159 0.94124
vn 0.42063 0.09456 0.90229
vn 0.42063 0.09456 0.90229
vn 0.42516 0.17262 0.8885
vn 0.42516 0.17262 0.8885
vn 0.42961 0.24918 0.86796
vn 0.42961 0.24918 0.86795
vn 0.43394 0.32366 0.8408
vn 0.43394 0.32366 0.8408
vn 0.43811 0.39549 0.80725
vn 0.43811 0.39549 0.80725
vn 0.4421 0.46413 0.76755
vn 0.44209 0.46413 0.76755
vn 0.44586 0.52906 0.72201
vn 0.44587 0.52906 0.72201
vn 0.44939 0.58978 0.67098
vn 0.44939 0.58978 0.67098
vn 0.45265 0.64582 0.61484
vn 0.45265 0.64582 0.61484
vn 0.4556 0.69677 0.55402
vn 0.45561 0.69677 0.55402
vn 0.45825 0.74223 0.48898
vn 0.45825 0.74223 0.48898
vn 0.46055 0.78186 0.42023
vn 0.46055 0.78186 0.42023
vn 0.46249 0.81536 0.34827
vn 0.46249 0.81536 0.34827
vn 0.46407 0.84247 0.27367
vn 0.46407 0.84247 0.27367
vn 0.46526 0.86298 0.19698
vn 0.46526 0.86298 0.19698
vn 0.46606 0.87674 0.11879
vn 0.46606 0.87674 0.11879
vn 0.46646 0.88365 0.0397
vn 0.46646 0.88365 0.0397
vn 0.46646 0.88365 -0.0397
vn 0.46646 0.88365 -0.0397
vn 0.46606 0.87674 -0.11879
vn 0.46606 0.87674 -0.11879
vn 0.46526 0.86298 -0.19698
vn 0.46526 0.86298 -0.19698
vn 0.46407 0.84247 -0.27366
vn 0.46407 0.84247 -0.27367
vn 0.46249 0.81536 -0.34827
vn 0.46249 0.81536 -0.34827
vn 0.46055 0.78186 -0.42023
vn 0.46055 0.78186 -0.42023
vn 0.45824 0.74223 -0.48898
vn 0.45825 0.74223 -0.48898
vn 0.45561 0.69677 -0.55402
vn 0.4556 0.69677 -0.55402
vn 0.45265 0.64582 -0.61484
vn 0.45265 0.64582 -0.61484
vn 0.4494 0.58977 -0.67098
vn 0.4494 0.58977 -0.67098
vn 0.44587 0.52905 -0.72201
vn 0.44586 0.52906 -0.72201
vn 0.44209 0.46413 -0.76755
vn 0.44209 0.46414 -0.76755
vn 0.43811 0.39549 -0.80725
vn 0.43811 0.39548 -0.80725
vn 0.43394 0.32365 -0.8408
vn 0.43394 0.32366 -0.8408
vn 0.42961 0.24917 -0.86796
vn 0.42961 0.24917 -0.86796
vn 0.42516 0.17262 -0.8885
vn 0.42516 0.17262 -0.8885
vn 0.42063 0.09457 -0.90229
vn 0.42063 0.09456 -0.90229
vn 0.41605 0.0156 -0.90921
vn 0.41604 0.01561 -0.90921
vn 0.41144 -0.06365 -0.90921
vn 0.41145 -0.06366 -0.90921
vn 0.40686 -0.14262 -0.90229
vn 0.40685 -0.14261 -0.90229
vn 0.40232 -0.22067 -0.88851
vn 0.40232 -0.22068 -0.8885
vn 0.39788 -0.29723 -0.86796
vn 0.39788 -0.29723 -0.86796
vn 0.39355 -0.37171 -0.8408
vn 0.39356 -0.37172 -0.8408
vn 0.38939 -0.44355 -0.80724
vn 0.38938 -0.44354 -0.80725
vn 0.38539 -0.51219 -0.76755
vn 0.38539 -0.51219 -0.76755
vn 0.38162 -0.57711 -0.72201
vn 0.38163 -0.57712 -0.72201
vn 0.3781 -0.63783 -0.67098
vn 0.3781 -0.63783 -0.67098
vn 0.37485 -0.69388 -0.61484
vn 0.37484 -0.69388 -0.61484
vn 0.37188 -0.74482 -0.55402
vn 0.37189 -0.74483 -0.55402
vn 0.36925 -0.79029 -0.48898
vn 0.36924 -0.79029 -0.48898
vn 0.36694 -0.82992 -0.42023
vn 0.36694 -0.82992 -0.42022
vn 0.365 -0.86341 -0.34827
vn 0.365 -0.86341 -0.34827
vn 0.36342 -0.89052 -0.27366
vn 0.36342 -0.89052 -0.27366
vn 0.36223 -0.91104 -0.19698
vn 0.36223 -0.91104 -0.19698
vn 0.36143 -0.9248 -0.11879
vn 0.36143 -0.9248 -0.11879
vn 0.36103 -0.93171 -0.0397
vn 0.36103 -0.93171 -0.0397
vn 0.36103 -0.93171 0.0397
vn 0.36103 -0.93171 0.0397
vn 0.36143 -0.9248 0.11879
vn 0.36143 -0.9248 0.11879
vn 0.36223 -0.91104 0.19698
vn 0.36223 -0.91104 0.19698
vn 0.36342 -0.89052 0.27367
vn 0.36342 -0.89052 0.27366
vn 0.365 -0.86342 0.34827
vn 0.365 -0.86341 0.34827
vn 0.36694 -0.82992 0.42023
vn 0.36694 -0.82992 0.42023
vn 0.36925 -0.79029 0.48898
vn 0.36925 -0.79029 0.48898
vn 0.37189 -0.74482 0.55402
vn 0.37188 -0.74483 0.55402
vn 0.37484 -0.69388 0.61484
vn 0.37484 -0.69388 0.61484
vn 0.3781 -0.63783 0.67098
vn 0.3781 -0.63783 0.67098
vn 0.38163 -0.57712 0.72201
vn 0.38162 -0.57712 0.72201
vn 0.38539 -0.51219 0.76755
vn 0.3854 -0.51219 0.76755
vn 0.38938 -0.44354 0.80725
vn 0.38938 -0.44355 0.80725
vn 0.39355 -0.37172 0.8408
vn 0.39355 -0.37172 0.8408
vn 0.39788 -0.29723 0.86795
vn 0.39788 -0.29723 0.86795
vn 0.40232 -0.22067 0.8885
vn 0.40232 -0.22067 0.8885
vn 0.40686 -0.14262 0.90229
vn 0.40686 -0.14261 0.90229
vn 0.41145 -0.06365 0.90921
vn 0.41144 -0.06366 0.90921
vn 0.41605 0.0156 0.90921
vn 0.41605 0.0156 0.90921
vn 0.4964 0.0851 0.86391
vn 0.49641 0.0851 0.86391
vn 0.50075 0.15983 0.85071
vn 0.50075 0.15984 0.85071
vn 0.505 0.23314 0.83103
vn 0.505 0.23314 0.83103
vn 0.50914 0.30445 0.80503
vn 0.50914 0.30445 0.80504
vn 0.51314 0.37323 0.77291
vn 0.51314 0.37323 0.77291
vn 0.51696 0.43895 0.7349
vn 0.51696 0.43895 0.7349
vn 0.52057 0.50112 0.6913
vn 0.52056 0.50111 0.6913
vn 0.52394 0.55925 0.64244
vn 0.52394 0.55925 0.64244
vn 0.52706 0.61291 0.58869
vn 0.52706 0.61291 0.58868
vn 0.52989 0.66169 0.53045
vn 0.52989 0.66169 0.53045
vn 0.53242 0.70522 0.46818
vn 0.53242 0.70522 0.46819
vn 0.53462 0.74316 0.40235
vn 0.53462 0.74316 0.40235
vn 0.53648 0.77524 0.33346
vn 0.53648 0.77524 0.33346
vn 0.53799 0.80119 0.26202
vn 0.53799 0.80119 0.26202
vn 0.53913 0.82083 0.1886
vn 0.53913 0.82083 0.1886
vn 0.5399 0.83401 0.11374
vn 0.5399 0.83401 0.11374
vn 0.54028 0.84062 0.03801
vn 0.54028 0.84062 0.03801
vn 0.54028 0.84062 -0.03801
vn 0.54028 0.84062 -0.03801
vn 0.5399 0.83401 -0.11374
vn 0.5399 0.83401 -0.11373
vn 0.53913 0.82083 -0.1886
vn 0.53913 0.82083 -0.1886
vn 0.53799 0.80119 -0.26202
vn 0.53799 0.80119 -0.26202
vn 0.53648 0.77524 -0.33346
vn 0.53648 0.77524 -0.33346
vn 0.53462 0.74316 -0.40235
vn 0.53462 0.74316 -0.40235
vn 0.53242 0.70522 -0.46818
vn 0.53242 0.70522 -0.46818
vn 0.52989 0.66169 -0.53045
vn 0.52989 0.66169 -0.53045
vn 0.52706 0.61291 -0.58869
vn 0.52706 0.61291 -0.58869
vn 0.52394 0.55925 -0.64244
vn 0.52394 0.55925 -0.64244
vn 0.52056 0.50112 -0.6913
vn 0.52056 0.50111 -0.6913
vn 0.51695 0.43895 -0.7349
vn 0.51696 0.43895 -0.7349
vn 0.51314 0.37322 -0.77291
vn 0.51313 0.37323 -0.77291
vn 0.50914 0.30445 -0.80504
vn 0.50914 0.30445 -0.80504
vn 0.505 0.23313 -0.83104
vn 0.505 0.23314 -0.83104
vn 0.50074 0.15984 -0.85071
vn 0.50075 0.15984 -0.85071
vn 0.49641 0.0851 -0.86391
vn 0.4964 0.0851 -0.86391
vn 0.49201 0.0095 -0.87054
vn 0.49202 0.00949 -0.87053
vn 0.48761 -0.06639 -0.87053
vn 0.48761 -0.06639 -0.87054
vn 0.48322 -0.14199 -0.86391
vn 0.48322 -0.14199 -0.86391
vn 0.47888 -0.21673 -0.85071
vn 0.47887 -0.21673 -0.85071
vn 0.47462 -0.29003 -0.83104
vn 0.47462 -0.29003 -0.83103
vn 0.47048 -0.36134 -0.80503
vn 0.47047 -0.36134 -0.80504
vn 0.46648 -0.43012 -0.77291
vn 0.46649 -0.43012 -0.77291
vn 0.46267 -0.49584 -0.7349
vn 0.46267 -0.49584 -0.7349
vn 0.45906 -0.55801 -0.6913
vn 0.45905 -0.55801 -0.6913
vn 0.45568 -0.61614 -0.64244
vn 0.45568 -0.61614 -0.64244
vn 0.45256 -0.6698 -0.58869
vn 0.45256 -0.6698 -0.58868
vn 0.44973 -0.71858 -0.53045
vn 0.44973 -0.71858 -0.53045
vn 0.4472 -0.76211 -0.46818
vn 0.44721 -0.76211 -0.46818
vn 0.445 -0.80006 -0.40235
vn 0.445 -0.80006 -0.40235
vn 0.44314 -0.83213 -0.33346
vn 0.44314 -0.83213 -0.33346
vn 0.44163 -0.85808 -0.26202
vn 0.44163 -0.85808 -0.26202
vn 0.44049 -0.87772 -0.1886
vn 0.44049 -0.87772 -0.1886
vn 0.43972 -0.8909 -0.11374
vn 0.43972 -0.8909 -0.11374
vn 0.43934 -0.89752 -0.03801
vn 0.43934 -0.89752 -0.03801
vn 0.43934 -0.89752 0.03801
vn 0.43934 -0.89752 0.03801
vn 0.43972 -0.8909 0.11374
vn 0.43972 -0.8909 0.11374
vn 0.44049 -0.87772 0.1886
vn 0.44049 -0.87772 0.1886
vn 0.44163 -0.85808 0.26202
vn 0.44163 -0.85808 0.26202
vn 0.44314 -0.83213 0.33346
vn 0.44314 -0.83213 0.33346
vn 0.445 -0.80006 0.40235
vn 0.445 -0.80006 0.40235
vn 0.4472 -0.76211 0.46818
vn 0.4472 -0.76211 0.46818
vn 0.44973 -0.71858 0.53045
vn 0.44973 -0.71858 0.53045
vn 0.45257 -0.6698 0.58869
vn 0.45256 -0.6698 0.58868
vn 0.45568 -0.61614 0.64244
vn 0.45568 -0.61614 0.64244
vn 0.45906 -0.55801 0.6913
vn 0.45906 -0.558 0.6913
vn 0.46267 -0.49584 0.7349
vn 0.46267 -0.49584 0.7349
vn 0.46649 -0.43012 0.77291
vn 0.46648 -0.43012 0.77291
vn 0.47048 -0.36134 0.80503
vn 0.47048 -0.36134 0.80503
vn 0.47462 -0.29003 0.83103
vn 0.47462 -0.29003 0.83103
vn 0.47888 -0.21673 0.85071
vn 0.47888 -0.21673 0.85071
vn 0.48322 -0.14199 0.86391
vn 0.48322 -0.14199 0.86391
vn 0.48761 -0.06639 0.87054
vn 0.48761 -0.06639 0.87053
vn 0.49202 0.0095 0.87053
vn 0.49201 0.00949 0.87054
vn 0.56856 0.07502 0.81921
vn 0.56856 0.07501 0.81921
vn 0.57268 0.14588 0.8067
vn 0.57268 0.14588 0.8067
vn 0.57671 0.21539 0.78804
vn 0.57671 0.21539 0.78804
vn 0.58064 0.28302 0.76339
vn 0.58064 0.28302 0.76338
vn 0.58443 0.34824 0.73292
vn 0.58443 0.34824 0.73292
vn 0.58805 0.41056 0.69688
vn 0.58805 0.41056 0.69688
vn 0.59147 0.46951 0.65554
vn 0.59147 0.46951 0.65553
vn 0.59467 0.52463 0.6092
vn 0.59467 0.52463 0.6092
vn 0.59763 0.57552 0.55823
vn 0.59763 0.57552 0.55823
vn 0.60031 0.62177 0.50301
vn 0.60032 0.62178 0.50301
vn 0.60271 0.66305 0.44396
vn 0.60271 0.66305 0.44396
vn 0.6048 0.69903 0.38153
vn 0.6048 0.69903 0.38153
vn 0.60657 0.72944 0.3162
vn 0.60657 0.72944 0.3162
vn 0.608 0.75406 0.24847
vn 0.608 0.75406 0.24847
vn 0.60908 0.77268 0.17884
vn 0.60908 0.77268 0.17884
vn 0.6098 0.78518 0.10785
vn 0.6098 0.78518 0.10785
vn 0.61017 0.79145 0.03604
vn 0.61017 0.79145 0.03604
vn 0.61017 0.79145 -0.03604
vn 0.61017 0.79145 -0.03604
vn 0.6098 0.78518 -0.10785
vn 0.60981 0.78518 -0.10785
vn 0.60908 0.77268 -0.17884
vn 0.60908 0.77268 -0.17884
vn 0.608 0.75406 -0.24847
vn 0.608 0.75406 -0.24847
vn 0.60657 0.72944 -0.3162
vn 0.60657 0.72944 -0.3162
vn 0.6048 0.69903 -0.38153
vn 0.6048 0.69903 -0.38153
vn 0.60271 0.66305 -0.44396
vn 0.60271 0.66305 -0.44396
vn 0.60032 0.62178 -0.50301
vn 0.60032 0.62177 -0.50301
vn 0.59763 0.57552 -0.55823
vn 0.59763 0.57552 -0.55823
vn 0.59468 0.52463 -0.6092
vn 0.59468 0.52463 -0.6092
vn 0.59148 0.4695 -0.65553
vn 0.59148 0.4695 -0.65553
vn 0.58805 0.41056 -0.69688
vn 0.58805 0.41056 -0.69688
vn 0.58443 0.34824 -0.73292
vn 0.58443 0.34823 -0.73292
vn 0.58065 0.28301 -0.76338
vn 0.58064 0.28301 -0.76338
vn 0.57672 0.21539 -0.78804
vn 0.57672 0.21539 -0.78804
vn 0.57268 0.14588 -0.80669
vn 0.57268 0.14589 -0.8067
vn 0.56856 0.07502 -0.81921
vn 0.56856 0.07501 -0.81921
vn 0.5644 0.00332 -0.82549
vn 0.5644 0.00333 -0.8255
vn 0.56022 -0.06863 -0.8255
vn 0.56022 -0.06864 -0.82549
vn 0.55606 -0.14033 -0.81921
vn 0.55606 -0.14032 -0.81921
vn 0.55194 -0.2112 -0.8067
vn 0.55194 -0.2112 -0.80669
vn 0.54791 -0.28071 -0.78804
vn 0.54791 -0.2807 -0.78804
vn 0.54398 -0.34832 -0.76338
vn 0.54398 -0.34833 -0.76338
vn 0.54019 -0.41355 -0.73292
vn 0.54019 -0.41354 -0.73292
vn 0.53657 -0.47587 -0.69688
vn 0.53657 -0.47588 -0.69687
vn 0.53315 -0.53482 -0.65553
vn 0.53315 -0.53481 -0.65553
vn 0.52995 -0.58995 -0.6092
vn 0.52995 -0.58994 -0.6092
vn 0.52699 -0.64083 -0.55823
vn 0.52699 -0.64083 -0.55823
vn 0.5243 -0.68709 -0.50301
vn 0.5243 -0.68709 -0.50301
vn 0.52191 -0.72836 -0.44396
vn 0.52191 -0.72836 -0.44396
vn 0.51982 -0.76434 -0.38154
vn 0.51982 -0.76434 -0.38153
vn 0.51805 -0.79476 -0.3162
vn 0.51805 -0.79476 -0.3162
vn 0.51662 -0.81937 -0.24847
vn 0.51662 -0.81937 -0.24847
vn 0.51554 -0.838 -0.17884
vn 0.51554 -0.83799 -0.17884
vn 0.51481 -0.85049 -0.10785
vn 0.51481 -0.85049 -0.10785
vn 0.51445 -0.85676 -0.03604
vn 0.51445 -0.85676 -0.03604
vn 0.51445 -0.85676 0.03604
vn 0.51445 -0.85676 0.03604
vn 0.51481 -0.85049 0.10785
vn 0.51481 -0.85049 0.10785
vn 0.51554 -0.838 0.17884
vn 0.51554 -0.83799 0.17884
vn 0.51662 -0.81937 0.24847
vn 0.51662 -0.81937 0.24847
vn 0.51805 -0.79476 0.3162
vn 0.51805 -0.79476 0.3162
vn 0.51982 -0.76434 0.38153
vn 0.51982 -0.76434 0.38153
vn 0.52191 -0.72836 0.44396
vn 0.52191 -0.72836 0.44396
vn 0.5243 -0.68709 0.50301
vn 0.5243 -0.68709 0.50301
vn 0.52699 -0.64083 0.55823
vn 0.52699 -0.64083 0.55823
vn 0.52994 -0.58995 0.6092
vn 0.52995 -0.58994 0.6092
vn 0.53315 -0.53482 0.65553
vn 0.53314 -0.53482 0.65553
vn 0.53657 -0.47587 0.69688
vn 0.53657 -0.47587 0.69688
vn 0.54019 -0.41355 0.73292
vn 0.54019 -0.41355 0.73292
vn 0.54398 -0.34833 0.76338
vn 0.54398 -0.34833 0.76338
vn 0.5479 -0.28071 0.78804
vn 0.5479 -0.28071 0.78804
vn 0.55194 -0.2112 0.8067
vn 0.55194 -0.2112 0.8067
vn 0.55606 -0.14033 0.81921
vn 0.55606 -0.14032 0.81921
vn 0.56022 -0.06863 0.82549
vn 0.56022 -0.06864 0.8255
vn 0.5644 0.00332 0.8255
vn 0.5644 0.00333 0.82549
vn 0.40278 -0.9153 0
vn 0.48102 -0.87671 -0
vn 0.5556 -0.83145 -0
vn 0.62595 -0.77986 -0
vn 0.69154 -0.72234 -0
vn 0.75186 -0.65932 -0
vn 0.80647 -0.59128 -0
vn 0.85493 -0.51874 -0
vn 0.93202 -0.3624 -0
vn 0.96006 -0.2798 -0
vn 0.98079 -0.19505 -0
vn 0.99976 -0.02178 -0
vn 0.97133 0.23772 -0
vn 0.94692 0.32147 -0
vn 0.9153 0.40278 -0
vn 0.87671 0.48102 -0
vn 0.83145 0.5556 -0
vn 0.77986 0.62595 -0
vn 0.72234 0.69154 -0
vn 0.65932 0.75186 -0
vn 0.59128 0.80647 -0
vn 0.51874 0.85493 -0
vn 0.3624 0.93202 -0
vn 0.2798 0.96006 -0
vn 0.19505 0.98079 -0
vn 0.02178 0.99976 -0
vn -0.23772 0.97133 -0
vn -0.32147 0.94692 -0
vn -0.40278 0.9153 -0
vn -0.48102 0.87671 -0
vn -0.5556 0.83145 -0
vn -0.62595 0.77986 -0
vn -0.69154 0.72234 -0
vn -0.75186 0.65932 -0
vn -0.80647 0.59128 -0
vn -0.85493 0.51874 -0
vn -0.93202 0.3624 -0
vn -0.96006 0.2798 -0
vn -0.98079 0.19505 -0
vn -0.99976 0.02178 -0
vn -0.97133 -0.23772 0
vn -0.94692 -0.32147 0
vn -0.9153 -0.40278 0
vn -0.87671 -0.48102 0
vn -0.83145 -0.5556 0
vn -0.77986 -0.62595 0
vn -0.72234 -0.69154 0
vn -0.65932 -0.75186 0
vn -0.59128 -0.80647 0
vn -0.51874 -0.85493 0
vn -0.3624 -0.93202 0
vn -0.2798 -0.96006 0
vn -0.19505 -0.98079 0
vn -0.02178 -0.99976 0
vn 0.23772 -0.97133 -0
vn 0.32147 -0.94692 -0
f 1//1 2//1 3//1
f 2//2 4//2 3//2
f 3//3 4//3 5//3
f 4//4 6//4 5//4
f 5//5 6//5 7//5
f 6//6 8//6 7//6
f 7//7 8//7 9//7
f 8//8 10//8 9//8
f 9//9 10//9 11//9
f 10//10 12//10 11//10
f 11//11 12//11 13//11
f 12//12 14//12 13//12
f 13//13 14//13 15//13
f 14//14 16//14 15//14
f 15//15 16//15 17//15
f 16//16 18//16 17//16
f 17//17 18//17 19//17
f 18//18 20//18 19//18
f 19//19 20//19 21//19
f 20//20 22//20 21//20
f 21//21 22//21 23//21
f 22//22 24//22 23//22
f 23//23 24//23 25//23
f 24//24 26//24 25//24
f 25//25 26//25 27//25
f 26//26 28//26 27//26
f 27//27 28//27 29//27
f 28//28 30//28 29//28
f 29//29 30//29 31//29
f 30//30 32//30 31//30
f 31//31 32//31 33//31
f 32//32 34//32 33//32
f 33//33 34//33 35//33
f 35//34 34//34 36//34
f 34//35 37//35 36//35
f 36//36 37//36 38//36
f 37//37 39//37 38//37
f 38//38 39//38 40//38
f 39//39 41//39 40//39
f 40//40 41//40 42//40
f 41//41 43//41 42//41
f 42//42 43//42 44//42
f 43//43 45//43 44//43
f 44//44 45//44 46//44
f 45//45 47//45 46//45
f 46//46 47//46 48//46
f 47//47 49//47 48//47
f 48//48 49//48 50//48
f 49//49 51//49 50//49
f 50//50 51//50 52//50
f 51//51 53//51 52//51
f 52//52 53//52 54//52
f 53//53 55//53 54//53
f 54//54 55//54 56//54
f 55//55 57//55 56//55
f 56//56 57//56 58//56
f 57//57 59//57 58//57
f 58//58 59//58 60//58
f 59//59 61//59 60//59
f 60//60 61//60 62//60
f 61//61 63//61 62//61
f 62//62 63//62 64//62
f 63//63 65//63 64//63
f 64//64 65//64 66//64
f 65//65 67//65 66//65
f 66//66 67//66 68//66
f 67//67 69//67 68//67
f 68//68 69//68 70//68
f 69//69 71//69 70//69
f 70//70 71//70 72//70
f 71//71 73//71 72//71
f 72//72 73//72 74//72
f 73//73 75//73 74//73
f 74//74 75//74 76//74
f 75//75 77//75 76//75
f 76//76 77//76 78//76
f 77//77 79//77 78//77
f 78//78 79//78 80//78
f 79//79 81//79 80//79
f 80//80 81//80 82//80
f 81//81 83//81 82//81
f 82//82 83//82 84//82
f 83//83 85//83 84//83
f 84//84 85//84 86//84
f 85//85 87//85 86//85
f 86//86 87//86 88//86
f 87//87 89//87 88//87
f 88//88 89//88 90//88
f 89//89 91//89 90//89
f 90//90 91//90 92//90
f 91//91 93//91 92//91
f 92//92 93//92 94//92
f 93//93 95//93 94//93
f 94//94 95//94 96//94
f 95//95 97//95 96//95
f 96//96 97//96 98//96
f 97//97 99//97 98//97
f 98//98 99//98 100//98
f 99//99 101//99 100//99
f 100//100 101//100 102//100
f 101//101 103//101 102//101
f 102//102 103//102 104//102
f 103//103 105//103 104//103
f 104//104 105//104 106//104
f 105//105 107//105 106//105
f 106//106 107//106 108//106
f 107//107 109//107 108//107
f 108//108 109//108 110//108
f 109//109 111//109 110//109
f 110//110 111//110 112//110
f 111//111 113//111 112//111
f 112//112 113//112 114//112
f 113//113 115//113 114//113
f 114//114 115//114 116//114
f 115//115 117//115 116//115
f 116//116 117//116 118//116
f 117//117 119//117 118//117
f 118//118 119//118 120//118
f 119//119 121//119 120//119
f 120//120 121//120 122//120
f 121//121 123//121 122//121
f 122//122 123//122 124//122
f 123//123 125//123 124//123
f 124//124 125//124 126//124
f 125//125 127//125 126//125
f 126//126 127//126 128//126
f 127//127 129//127 128//127
f 128//128 129//128 130//128
f 129//129 131//129 130//129
f 130//130 131//130 132//130
f 131//131 133//131 132//131
f 132//132 133//132 134//132
f 133//133 135//133 134//133
f 134//134 135//134 136//134
f 135//135 137//135 136//135
f 136//136 137//136 138//136
f 137//137 139//137 138//137
f 138//138 139//138 140//138
f 139//139 141//139 140//139
f 140//140 141//140 142//140
f 141//141 143//141 142//141
f 142//142 143//142 144//142
f 143//143 145//143 144//143
f 144//144 145//144 146//144
f 145//145 147//145 146//145
f 146//146 147//146 1//146
f 147//147 148//147 1//147
f 1//148 148//148 2//148
f 147//149 145//149 149//149
f 147//149 149//149 148//149
f 6//149 4//149 149//149
f 4//149 2//149 149//149
f 149//149 2//149 148//149
f 12//149 10//149 149//149
f 10//149 8//149 149//149
f 149//149 8//149 6//149
f 18//149 16//149 149//149
f 16//149 14//149 149//149
f 149//149 14//149 12//149
f 24//149 22//149 149//149
f 22//149 20//149 149//149
f 149//149 20//149 18//149
f 30//149 28//149 149//149
f 28//149 26//149 149//149
f 149//149 26//149 24//149
f 37//149 34//149 149//149
f 34//149 32//149 149//149
f 149//149 32//149 30//149
f 43//149 41//149 149//149
f 41//149 39//149 149//149
f 149//149 39//149 37//149
f 49//149 47//149 149//149
f 47//149 45//149 149//149
f 149//149 45//149 43//149
f 55//149 53//149 149//149
f 53//149 51//149 149//149
f 149//149 51//149 49//149
f 61//149 59//149 149//149
f 59//149 57//149 149//149
f 149//149 57//149 55//149
f 67//149 65//149 149//149
f 65//149 63//149 149//149
f 149//149 63//149 61//149
f 73//149 71//149 149//149
f 71//149 69//149 149//149
f 149//149 69//149 67//149
f 79//149 77//149 149//149
f 77//149 75//149 149//149
f 149//149 75//149 73//149
f 85//149 83//149 149//149
f 83//149 81//149 149//149
f 149//149 81//149 79//149
f 91//149 89//149 149//149
f 89//149 87//149 149//149
f 149//149 87//149 85//149
f 97//149 95//149 149//149
f 95//149 93//149 149//149
f 149//149 93//149 91//149
f 103//149 101//149 149//149
f 101//149 99//149 149//149
f 149//149 99//149 97//149
f 109//149 107//149 149//149
f 107//149 105//149 149//149
f 149//149 105//149 103//149
f 115//149 113//149 149//149
f 113//149 111//149 149//149
f 149//149 111//149 109//149
f 121//149 119//149 149//149
f 119//149 117//149 149//149
f 149//149 117//149 115//149
f 127//149 125//149 149//149
f 125//149 123//149 149//149
f 149//149 123//149 121//149
f 133//149 131//149 149//149
f 131//149 129//149 149//149
f 149//149 129//149 127//149
f 139//149 137//149 149//149
f 137//149 135//149 149//149
f 149//149 135//149 133//149
f 145//149 143//149 149//149
f 143//149 141//149 149//149
f 149//149 141//149 139//149
f 150//150 76//150 151//150
f 76//150 78//150 151//150
f 151//151 78//151 152//151
f 78//151 80//151 152//151
f 152//152 80//152 153//152
f 80//152 82//152 153//152
f 153//153 82//153 154//153
f 82//153 84//153 154//153
f 154//154 84//154 155//154
f 84//154 86//154 155//154
f 155//155 86//155 156//155
f 86//155 88//155 156//155
f 156//156 88//156 157//156
f 88//156 90//156 157//156
f 157//157 90//157 158//157
f 90//157 92//157 158//157
f 158//158 92//158 159//158
f 92//158 94//158 159//158
f 159//159 94//159 160//159
f 94//159 96//159 160//159
f 160//160 96//160 161//160
f 96//160 98//160 161//160
f 161//161 98//161 162//161
f 98//161 100//161 162//161
f 162//162 100//162 163//162
f 100//162 102//162 163//162
f 163//163 102//163 164//163
f 102//163 104//163 164//163
f 164//164 104//164 165//164
f 104//164 106//164 165//164
f 165//165 106//165 166//165
f 106//165 108//165 166//165
f 166//166 108//166 167//166
f 108//166 110//166 167//166
f 167//167 110//167 168//167
f 168//168 110//168 169//168
f 110//169 112//169 169//169
f 169//170 112//170 170//170
f 112//170 114//170 170//170
f 170//171 114//171 171//171
f 114//171 116//171 171//171
f 171//172 116//172 172//172
f 116//172 118//172 172//172
f 172//173 118//173 173//173
f 118//173 120//173 173//173
f 173//174 120//174 174//174
f 120//174 122//174 174//174
f 174//175 122//175 175//175
f 122//175 124//175 175//175
f 175//176 124//176 176//176
f 124//176 126//176 176//176
f 176//177 126//177 177//177
f 126//177 128//177 177//177
f 177//178 128//178 178//178
f 128//178 130//178 178//178
f 178//179 130//179 179//179
f 130//179 132//179 179//179
f 179//180 132//180 180//180
f 132//180 134//180 180//180
f 180//181 134//181 181//181
f 134//181 136//181 181//181
f 181//182 136//182 182//182
f 136//182 138//182 182//182
f 182//183 138//183 183//183
f 138//183 140//183 183//183
f 183//184 140//184 184//184
f 140//184 142//184 184//184
f 184//185 142//185 185//185
f 142//185 144//185 185//185
f 185//186 144//186 186//186
f 144//186 146//186 186//186
f 186//187 146//187 187//187
f 146//187 1//187 187//187
f 187//188 1//188 188//188
f 1//188 3//188 188//188
f 188//189 3//189 189//189
f 3//189 5//189 189//189
f 189//190 5//190 190//190
f 5//190 7//190 190//190
f 190//191 7//191 191//191
f 7//191 9//191 191//191
f 191//192 9//192 192//192
f 9//192 11//192 192//192
f 192//193 11//193 193//193
f 11//193 13//193 193//193
f 193//194 13//194 194//194
f 13//194 15//194 194//194
f 194//195 15//195 195//195
f 15//195 17//195 195//195
f 195//196 17//196 196//196
f 17//196 19//196 196//196
f 196//197 19//197 197//197
f 19//197 21//197 197//197
f 197//198 21//198 198//198
f 21//198 23//198 198//198
f 198//199 23//199 199//199
f 23//199 25//199 199//199
f 199//200 25//200 200//200
f 25//200 27//200 200//200
f 200//201 27//201 201//201
f 27//201 29//201 201//201
f 201//202 29//202 202//202
f 29//202 31//202 202//202
f 202//203 31//203 203//203
f 31//203 33//203 203//203
f 203//204 33//204 204//204
f 33//204 35//204 204//204
f 35//205 36//205 204//205
f 204//206 36//206 205//206
f 36//207 38//207 205//207
f 205//208 38//208 206//208
f 38//208 40//208 206//208
f 206//209 40//209 207//209
f 40//209 42//209 207//209
f 207//210 42//210 208//210
f 42//210 44//210 208//210
f 208//211 44//211 209//211
f 44//211 46//211 209//211
f 209//212 46//212 210//212
f 46//212 48//212 210//212
f 210//213 48//213 211//213
f 48//213 50//213 211//213
f 211//214 50//214 212//214
f 50//214 52//214 212//214
f 212//215 52//215 213//215
f 52//215 54//215 213//215
f 213//216 54//216 214//216
f 54//216 56//216 214//216
f 214//217 56//217 215//217
f 56//217 58//217 215//217
f 215//218 58//218 216//218
f 58//218 60//218 216//218
f 216//219 60//219 217//219
f 60//219 62//219 217//219
f 217//220 62//220 218//220
f 62//220 64//220 218//220
f 218//221 64//221 219//221
f 64//221 66//221 219//221
f 219//222 66//222 220//222
f 66//222 68//222 220//222
f 220//223 68//223 221//223
f 68//223 70//223 221//223
f 221//224 70//224 222//224
f 70//224 72//224 222//224
f 222//225 72//225 150//225
f 72//226 74//226 150//226
f 150//227 74//227 76//227
f 168//228 169//228 223//228
f 169//229 170//229 223//229
f 223//230 170//230 224//230
f 170//231 171//231 224//231
f 224//232 171//232 225//232
f 171//233 172//233 225//233
f 225//234 172//234 226//234
f 172//235 173//235 226//235
f 226//236 173//236 227//236
f 173//237 174//237 227//237
f 227//238 174//238 228//238
f 174//239 175//239 228//239
f 228//240 175//240 229//240
f 175//241 176//241 229//241
f 229//242 176//242 230//242
f 176//243 177//243 230//243
f 230//244 177//244 231//244
f 177//245 178//245 231//245
f 231//246 178//246 232//246
f 178//247 179//247 232//247
f 232//248 179//248 233//248
f 179//249 180//249 233//249
f 233//250 180//250 234//250
f 180//251 181//251 234//251
f 234//252 181//252 235//252
f 181//253 182//253 235//253
f 235//254 182//254 236//254
f 182//255 183//255 236//255
f 236//256 183//256 237//256
f 183//257 184//257 237//257
f 237//258 184//258 238//258
f 184//259 185//259 238//259
f 238//260 185//260 239//260
f 185//261 186//261 239//261
f 239//262 186//262 240//262
f 186//263 187//263 240//263
f 240//264 187//264 241//264
f 187//265 188//265 241//265
f 241//266 188//266 242//266
f 188//267 189//267 242//267
f 242//268 189//268 243//268
f 189//269 190//269 243//269
f 243//270 190//270 244//270
f 190//271 191//271 244//271
f 244//272 191//272 245//272
f 191//273 192//273 245//273
f 245//274 192//274 246//274
f 192//275 193//275 246//275
f 246//276 193//276 247//276
f 193//277 194//277 247//277
f 247//278 194//278 248//278
f 194//279 195//279 248//279
f 248//280 195//280 249//280
f 195//281 196//281 249//281
f 249//282 196//282 250//282
f 196//283 197//283 250//283
f 250//284 197//284 251//284
f 197//285 198//285 251//285
f 251//286 198//286 252//286
f 198//287 199//287 252//287
f 252//288 199//288 253//288
f 199//289 200//289 253//289
f 253//290 200//290 254//290
f 200//291 201//291 254//291
f 254//292 201//292 255//292
f 201//293 202//293 255//293
f 255//294 202//294 256//294
f 202//295 203//295 256//295
f 256//296 203//296 257//296
f 203//297 204//297 257//297
f 257//298 204//298 258//298
f 204//299 205//299 258//299
f 258//300 205//300 259//300
f 205//301 206//301 259//301
f 259//302 206//302 260//302
f 206//303 207//303 260//303
f 260//304 207//304 261//304
f 207//305 208//305 261//305
f 261//306 208//306 262//306
f 208//307 209//307 262//307
f 262//308 209//308 263//308
f 209//309 210//309 263//309
f 263//310 210//310 264//310
f 210//311 211//311 264//311
f 264//312 211//312 265//312
f 211//313 212//313 265//313
f 265//314 212//314 266//314
f 212//315 213//315 266//315
f 266//316 213//316 267//316
f 213//317 214//317 267//317
f 267//318 214//318 268//318
f 214//319 215//319 268//319
f 268//320 215//320 269//320
f 215//321 216//321 269//321
f 269//322 216//322 270//322
f 216//323 217//323 270//323
f 270//324 217//324 271//324
f 217//325 218//325 271//325
f 271//326 218//326 272//326
f 218//327 219//327 272//327
f 272//328 219//328 273//328
f 219//329 220//329 273//329
f 273//330 220//330 274//330
f 220//331 221//331 274//331
f 274//332 221//332 275//332
f 221//333 222//333 275//333
f 275//334 222//334 276//334
f 222//335 150//335 276//335
f 276//336 150//336 277//336
f 150//337 151//337 277//337
f 277//338 151//338 278//338
f 151//339 152//339 278//339
f 278//340 152//340 279//340
f 152//341 153//341 279//341
f 279//342 153//342 280//342
f 153//343 154//343 280//343
f 280//344 154//344 281//344
f 154//345 155//345 281//345
f 281//346 155//346 282//346
f 155//347 156//347 282//347
f 282//348 156//348 283//348
f 156//349 157//349 283//349
f 283//350 157//350 284//350
f 157//351 158//351 284//351
f 284//352 158//352 285//352
f 158//353 159//353 285//353
f 285//354 159//354 286//354
f 159//355 160//355 286//355
f 286//356 160//356 287//356
f 160//357 161//357 287//357
f 287//358 161//358 288//358
f 161//359 162//359 288//359
f 288//360 162//360 289//360
f 162//361 163//361 289//361
f 289//362 163//362 290//362
f 163//363 164//363 290//363
f 290//364 164//364 291//364
f 164//365 165//365 291//365
f 291//366 165//366 292//366
f 165//367 166//367 292//367
f 292//368 166//368 293//368
f 166//369 167//369 293//369
f 293//370 167//370 294//370
f 167//371 168//371 294//371
f 294//372 168//372 223//372
f 279//373 280//373 295//373
f 280//373 281//373 295//373
f 295//373 281//373 282//373
f 276//373 277//373 295//373
f 277//373 278//373 295//373
f 295//373 278//373 279//373
f 273//373 274//373 295//373
f 274//373 275//373 295//373
f 295//373 275//373 276//373
f 270//373 271//373 295//373
f 271//373 272//373 295//373
f 295//373 272//373 273//373
f 267//373 268//373 295//373
f 268//373 269//373 295//373
f 295//373 269//373 270//373
f 264//373 265//373 295//373
f 265//373 266//373 295//373
f 295//373 266//373 267//373
f 261//373 262//373 295//373
f 262//373 263//373 295//373
f 295//373 263//373 264//373
f 258//373 259//373 295//373
f 259//373 260//373 295//373
f 295//373 260//373 261//373
f 255//373 256//373 295//373
f 256//373 257//373 295//373
f 295//373 257//373 258//373
f 252//373 253//373 295//373
f 253//373 254//373 295//373
f 295//373 254//373 255//373
f 249//373 250//373 295//373
f 250//373 251//373 295//373
f 295//373 251//373 252//373
f 246//373 247//373 295//373
f 247//373 248//373 295//373
f 295//373 248//373 249//373
f 243//373 244//373 295//373
f 244//373 245//373 295//373
f 295//373 245//373 246//373
f 240//373 241//373 295//373
f 241//373 242//373 295//373
f 295//373 242//373 243//373
f 237//373 238//373 295//373
f 238//373 239//373 295//373
f 295//373 239//373 240//373
f 234//373 235//373 295//373
f 235//373 236//373 295//373
f 295//373 236//373 237//373
f 231//373 232//373 295//373
f 232//373 233//373 295//373
f 295//373 233//373 234//373
f 228//373 229//373 295//373
f 229//373 230//373 295//373
f 295//373 230//373 231//373
f 225//373 226//373 295//373
f 226//373 227//373 295//373
f 295//373 227//373 228//373
f 294//373 223//373 295//373
f 223//373 224//373 295//373
f 295//373 224//373 225//373
f 291//373 292//373 295//373
f 292//373 293//373 295//373
f 295//373 293//373 294//373
f 288//373 289//373 295//373
f 289//373 290//373 295//373
f 295//373 290//373 291//373
f 285//373 286//373 295//373
f 286//373 287//373 295//373
f 295//373 287//373 288//373
f 282//373 283//373 295//373
f 283//373 284//373 295//373
f 295//373 284//373 285//373
f 296//374 297//374 298//374
f 297//375 299//375 298//375
f 298//375 299//375 300//375
f 299//203 301//203 300//203
f 300//203 301//203 302//203
f 301//376 303//376 302//376
f 302//376 303//376 304//376
f 303//377 305//377 304//377
f 304//377 305//377 306//377
f 305//378 307//378 306//378
f 306//378 307//378 308//378
f 307//379 309//379 308//379
f 308//379 309//379 310//379
f 309//380 311//380 310//380
f 310//380 311//380 312//380
f 311//197 313//197 312//197
f 312//197 313//197 314//197
f 313//381 315//381 314//381
f 314//381 315//381 316//381
f 315//382 317//382 316//382
f 316//382 317//382 318//382
f 317//383 319//383 318//383
f 318//383 319//383 320//383
f 319//384 321//384 320//384
f 320//384 321//384 322//384
f 321//385 323//385 322//385
f 322//385 323//385 324//385
f 323//386 325//386 324//386
f 324//386 325//386 326//386
f 325//387 327//387 326//387
f 326//387 327//387 328//387
f 327//388 329//388 328//388
f 328//388 329//388 330//388
f 329//389 331//389 330//389
f 330//389 331//389 332//389
f 331//390 333//390 332//390
f 332//390 333//390 334//390
f 333//391 335//391 334//391
f 334//391 335//391 336//391
f 335//185 337//185 336//185
f 336//185 337//185 338//185
f 337//392 339//392 338//392
f 338//392 339//392 340//392
f 339//393 341//393 340//393
f 340//393 341//393 342//393
f 341//394 343//394 342//394
f 342//394 343//394 344//394
f 343//395 345//395 344//395
f 344//395 345//395 346//395
f 345//396 347//396 346//396
f 346//396 347//396 348//396
f 347//179 349//179 348//179
f 348//179 349//179 350//179
f 349//397 351//397 350//397
f 350//397 351//397 352//397
f 351//398 353//398 352//398
f 352//398 353//398 354//398
f 353//399 355//399 354//399
f 354//399 355//399 356//399
f 355//400 357//400 356//400
f 356//400 357//400 358//400
f 357//401 359//401 358//401
f 358//401 359//401 360//401
f 359//402 361//402 360//402
f 360//402 361//402 362//402
f 361//403 363//403 362//403
f 362//403 363//403 364//403
f 363//404 365//404 364//404
f 364//404 365//404 366//404
f 365//405 367//405 366//405
f 366//405 367//405 368//405
f 367//406 369//406 368//406
f 368//406 369//406 370//406
f 369//407 371//407 370//407
f 370//407 371//407 372//407
f 371//165 373//165 372//165
f 372//165 373//165 374//165
f 373//408 375//408 374//408
f 374//408 375//408 376//408
f 375//409 377//409 376//409
f 376//409 377//409 378//409
f 377//410 379//410 378//410
f 378//410 379//410 380//410
f 379//411 381//411 380//411
f 380//411 381//411 382//411
f 381//412 383//412 382//412
f 382//412 383//412 384//412
f 383//159 385//159 384//159
f 384//159 385//159 386//159
f 385//413 387//413 386//413
f 386//413 387//413 388//413
f 387//414 389//414 388//414
f 388//414 389//414 390//414
f 389//415 391//415 390//415
f 390//415 391//415 392//415
f 391//416 393//416 392//416
f 392//416 393//416 394//416
f 393//417 395//417 394//417
f 394//417 395//417 396//417
f 395//418 397//418 396//418
f 396//418 397//418 398//418
f 397//419 399//419 398//419
f 398//419 399//419 400//419
f 399//420 401//420 400//420
f 400//420 401//420 402//420
f 401//421 403//421 402//421
f 402//421 403//421 404//421
f 403//422 405//422 404//422
f 404//422 405//422 406//422
f 405//423 407//423 406//423
f 406//423 407//423 408//423
f 407//223 409//223 408//223
f 408//223 409//223 410//223
f 409//424 411//424 410//424
f 410//424 411//424 412//424
f 411//425 413//425 412//425
f 412//425 413//425 414//425
f 413//426 415//426 414//426
f 414//426 415//426 416//426
f 415//427 417//427 416//427
f 416//427 417//427 418//427
f 417//428 419//428 418//428
f 418//428 419//428 420//428
f 419//217 421//217 420//217
f 420//217 421//217 422//217
f 421//429 423//429 422//429
f 422//429 423//429 424//429
f 423//430 425//430 424//430
f 424//430 425//430 426//430
f 425//431 427//431 426//431
f 426//431 427//431 428//431
f 427//432 429//432 428//432
f 428//432 429//432 430//432
f 429//433 431//433 430//433
f 430//433 431//433 432//433
f 431//434 433//434 432//434
f 432//434 433//434 434//434
f 433//435 435//435 434//435
f 434//435 435//435 436//435
f 435//436 437//436 436//436
f 436//436 437//436 438//436
f 437//437 439//437 438//437
f 438//437 439//437 440//437
f 439//438 296//438 440//438
f 440//439 296//439 298//439
f 441//440 442//440 443//440
f 442//441 444//441 443//441
f 443//442 444//442 445//442
f 444//443 446//443 445//443
f 445//444 446//444 447//444
f 446//445 448//445 447//445
f 447//446 448//446 449//446
f 448//447 450//447 449//447
f 449//448 450//448 451//448
f 450//449 452//449 451//449
f 451//450 452//450 453//450
f 452//451 454//451 453//451
f 453//452 454//452 455//452
f 454//453 456//453 455//453
f 455//454 456//454 457//454
f 456//455 458//455 457//455
f 457//456 458//456 459//456
f 458//457 460//457 459//457
f 459//458 460//458 461//458
f 460//459 462//459 461//459
f 461//460 462//460 463//460
f 462//461 464//461 463//461
f 463//462 464//462 465//462
f 464//463 466//463 465//463
f 465//464 466//464 467//464
f 466//465 468//465 467//465
f 467//466 468//466 469//466
f 468//467 470//467 469//467
f 469//468 470//468 471//468
f 470//469 472//469 471//469
f 471//470 472//470 473//470
f 472//471 474//471 473//471
f 473//472 474//472 475//472
f 474//473 476//473 475//473
f 475//474 476//474 477//474
f 476//475 478//475 477//475
f 477//476 478//476 479//476
f 478//477 480//477 479//477
f 479//478 480//478 481//478
f 480//479 482//479 481//479
f 481//480 482//480 483//480
f 482//481 484//481 483//481
f 483//482 484//482 485//482
f 484//483 486//483 485//483
f 485//484 486//484 487//484
f 486//485 488//485 487//485
f 487//486 488//486 489//486
f 488//487 490//487 489//487
f 489//488 490//488 491//488
f 490//489 492//489 491//489
f 491//490 492//490 493//490
f 492//491 494//491 493//491
f 493//492 494//492 495//492
f 494//493 496//493 495//493
f 495//494 496//494 497//494
f 496//495 498//495 497//495
f 497//496 498//496 499//496
f 498//497 500//497 499//497
f 499//498 500//498 501//498
f 500//499 502//499 501//499
f 501//500 502//500 503//500
f 502//501 504//501 503//501
f 503//502 504//502 505//502
f 504//503 506//503 505//503
f 505//504 506//504 507//504
f 506//505 508//505 507//505
f 507//506 508//506 509//506
f 508//507 510//507 509//507
f 509//508 510//508 511//508
f 510//509 512//509 511//509
f 511//510 512//510 513//510
f 512//511 514//511 513//511
f 513//512 514//512 515//512
f 514//513 516//513 515//513
f 515//514 516//514 517//514
f 516//515 518//515 517//515
f 517//516 518//516 519//516
f 518//517 520//517 519//517
f 519//518 520//518 521//518
f 520//519 522//519 521//519
f 521//520 522//520 523//520
f 522//521 524//521 523//521
f 523//522 524//522 525//522
f 524//523 526//523 525//523
f 525//524 526//524 527//524
f 526//525 528//525 527//525
f 527//526 528//526 529//526
f 528//527 530//527 529//527
f 529//528 530//528 531//528
f 530//529 532//529 531//529
f 531//530 532//530 533//530
f 532//531 534//531 533//531
f 533//532 534//532 535//532
f 534//533 536//533 535//533
f 535//534 536//534 537//534
f 536//535 538//535 537//535
f 537//536 538//536 539//536
f 538//537 540//537 539//537
f 539//538 540//538 541//538
f 540//539 542//539 541//539
f 541//540 542//540 543//540
f 542//541 544//541 543//541
f 543//542 544//542 545//542
f 544//543 546//543 545//543
f 545//544 546//544 547//544
f 546//545 548//545 547//545
f 547//546 548//546 549//546
f 548//547 550//547 549//547
f 549//548 550//548 551//548
f 550//549 552//549 551//549
f 551//550 552//550 553//550
f 552//551 554//551 553//551
f 553//552 554//552 555//552
f 554//553 556//553 555//553
f 555//554 556//554 557//554
f 556//555 558//555 557//555
f 557//556 558//556 559//556
f 558//557 560//557 559//557
f 559//558 560//558 561//558
f 560//559 562//559 561//559
f 561//560 562//560 563//560
f 562//561 564//561 563//561
f 563//562 564//562 565//562
f 564//563 566//563 565//563
f 565//564 566//564 567//564
f 566//565 568//565 567//565
f 567//566 568//566 569//566
f 568//567 570//567 569//567
f 569//568 570//568 571//568
f 570//569 572//569 571//569
f 571//570 572//570 573//570
f 572//571 574//571 573//571
f 573//572 574//572 575//572
f 574//573 576//573 575//573
f 575//574 576//574 577//574
f 576//575 578//575 577//575
f 577//576 578//576 579//576
f 578//577 580//577 579//577
f 579//578 580//578 581//578
f 580//579 582//579 581//579
f 581//580 582//580 583//580
f 582//581 584//581 583//581
f 583//582 584//582 441//582
f 584//583 442//583 441//583
f 442//584 585//584 444//584
f 585//585 586//585 444//585
f 444//586 586//586 446//586
f 586//587 587//587 446//587
f 446//588 587//588 448//588
f 587//589 588//589 448//589
f 448//590 588//590 450//590
f 588//591 589//591 450//591
f 450//592 589//592 452//592
f 589//593 590//593 452//593
f 452//594 590//594 454//594
f 590//595 591//595 454//595
f 454//596 591//596 456//596
f 591//597 592//597 456//597
f 456//598 592//598 458//598
f 592//599 593//599 458//599
f 458//600 593//600 460//600
f 593//601 594//601 460//601
f 460//602 594//602 462//602
f 594//603 595//603 462//603
f 462//604 595//604 464//604
f 595//605 596//605 464//605
f 464//606 596//606 466//606
f 596//607 597//607 466//607
f 466//608 597//608 468//608
f 597//609 598//609 468//609
f 468//610 598//610 470//610
f 598//611 599//611 470//611
f 470//612 599//612 472//612
f 599//613 600//613 472//613
f 472//614 600//614 474//614
f 600//615 601//615 474//615
f 474//616 601//616 476//616
f 601//617 602//617 476//617
f 476//618 602//618 478//618
f 602//619 603//619 478//619
f 478//620 603//620 480//620
f 603//621 604//621 480//621
f 480//622 604//622 482//622
f 604//623 605//623 482//623
f 482//624 605//624 484//624
f 605//625 606//625 484//625
f 484//626 606//626 486//626
f 606//627 607//627 486//627
f 486//628 607//628 488//628
f 607//629 608//629 488//629
f 488//630 608//630 490//630
f 608//631 609//631 490//631
f 490//632 609//632 492//632
f 609//633 610//633 492//633
f 492//634 610//634 494//634
f 610//635 611//635 494//635
f 494//636 611//636 496//636
f 611//637 612//637 496//637
f 496//638 612//638 498//638
f 612//639 613//639 498//639
f 498//640 613//640 500//640
f 613//641 614//641 500//641
f 500//642 614//642 502//642
f 614//643 615//643 502//643
f 502//644 615//644 504//644
f 615//645 616//645 504//645
f 504//646 616//646 506//646
f 616//647 617//647 506//647
f 506//648 617//648 508//648
f 617//649 618//649 508//649
f 508//650 618//650 510//650
f 618//651 619//651 510//651
f 510//652 619//652 512//652
f 619//653 620//653 512//653
f 512//654 620//654 514//654
f 620//655 621//655 514//655
f 514//656 621//656 516//656
f 621//657 622//657 516//657
f 516//658 622//658 518//658
f 622//659 623//659 518//659
f 518//660 623//660 520//660
f 623//661 624//661 520//661
f 520//662 624//662 522//662
f 624//663 625//663 522//663
f 522//664 625//664 524//664
f 625//665 626//665 524//665
f 524//666 626//666 526//666
f 626//667 627//667 526//667
f 526//668 627//668 528//668
f 627//669 628//669 528//669
f 528//670 628//670 530//670
f 628//671 629//671 530//671
f 530//672 629//672 532//672
f 629//673 630//673 532//673
f 532//674 630//674 534//674
f 630//675 631//675 534//675
f 534//676 631//676 536//676
f 631//677 632//677 536//677
f 536//678 632//678 538//678
f 632//679 633//679 538//679
f 538//680 633//680 540//680
f 633//681 634//681 540//681
f 540//682 634//682 542//682
f 634//683 635//683 542//683
f 542//684 635//684 544//684
f 635//685 636//685 544//685
f 544//686 636//686 546//686
f 636//687 637//687 546//687
f 546//688 637//688 548//688
f 637//689 638//689 548//689
f 548//690 638//690 550//690
f 638//691 639//691 550//691
f 550//692 639//692 552//692
f 639//693 640//693 552//693
f 552//694 640//694 554//694
f 640//695 641//695 554//695
f 554//696 641//696 556//696
f 641//697 642//697 556//697
f 556//698 642//698 558//698
f 642//699 643//699 558//699
f 558//700 643//700 560//700
f 643//701 644//701 560//701
f 560//702 644//702 562//702
f 644//703 645//703 562//703
f 562//704 645//704 564//704
f 645//705 646//705 564//705
f 564//706 646//706 566//706
f 646//707 647//707 566//707
f 566//708 647//708 568//708
f 647//709 648//709 568//709
f 568//710 648//710 570//710
f 648//711 649//711 570//711
f 570//712 649//712 572//712
f 649//713 650//713 572//713
f 572//714 650//714 574//714
f 650//715 651//715 574//715
f 574//716 651//716 576//716
f 651//717 652//717 576//717
f 576//718 652//718 578//718
f 652//719 653//719 578//719
f 578//720 653//720 580//720
f 653//721 654//721 580//721
f 580//722 654//722 582//722
f 654//723 655//723 582//723
f 582//724 655//724 584//724
f 655//725 656//725 584//725
f 584//726 656//726 442//726
f 656//727 585//727 442//727
f 585//728 657//728 586//728
f 657//729 658//729 586//729
f 586//730 658//730 587//730
f 658//731 659//731 587//731
f 587//732 659//732 588//732
f 659//733 660//733 588//733
f 588//734 660//734 589//734
f 660//735 661//735 589//735
f 589//736 661//736 590//736
f 661//737 662//737 590//737
f 590//738 662//738 591//738
f 662//739 663//739 591//739
f 591//740 663//740 592//740
f 663//741 664//741 592//741
f 592//742 664//742 593//742
f 664//743 665//743 593//743
f 593//744 665//744 594//744
f 665//745 666//745 594//745
f 594//746 666//746 595//746
f 666//747 667//747 595//747
f 595//748 667//748 596//748
f 667//749 668//749 596//749
f 596//750 668//750 597//750
f 668//751 669//751 597//751
f 597//752 669//752 598//752
f 669//753 670//753 598//753
f 598//754 670//754 599//754
f 670//755 671//755 599//755
f 599//756 671//756 600//756
f 671//757 672//757 600//757
f 600//758 672//758 601//758
f 672//759 673//759 601//759
f 601//760 673//760 602//760
f 673//761 674//761 602//761
f 602//762 674//762 603//762
f 674//763 675//763 603//763
f 603//764 675//764 604//764
f 675//765 676//765 604//765
f 604//766 676//766 605//766
f 676//767 677//767 605//767
f 605//768 677//768 606//768
f 677//769 678//769 606//769
f 606//770 678//770 607//770
f 678//771 679//771 607//771
f 607//772 679//772 608//772
f 679//773 680//773 608//773
f 608//774 680//774 609//774
f 680//775 681//775 609//775
f 609//776 681//776 610//776
f 681//777 682//777 610//777
f 610//778 682//778 611//778
f 682//779 683//779 611//779
f 611//780 683//780 612//780
f 683//781 684//781 612//781
f 612//782 684//782 613//782
f 684//783 685//783 613//783
f 613//784 685//784 614//784
f 685//785 686//785 614//785
f 614//786 686//786 615//786
f 686//787 687//787 615//787
f 615//788 687//788 616//788
f 687//789 688//789 616//789
f 616//790 688//790 617//790
f 688//791 689//791 617//791
f 617//792 689//792 618//792
f 689//793 690//793 618//793
f 618//794 690//794 619//794
f 690//795 691//795 619//795
f 619//796 691//796 620//796
f 691//797 692//797 620//797
f 620//798 692//798 621//798
f 692//799 693//799 621//799
f 621//800 693//800 622//800
f 693//801 694//801 622//801
f 622//802 694//802 623//802
f 694//803 695//803 623//803
f 623//804 695//804 624//804
f 695//805 696//805 624//805
f 624//806 696//806 625//806
f 696//807 697//807 625//807
f 625//808 697//808 626//808
f 697//809 698//809 626//809
f 626//810 698//810 627//810
f 698//811 699//811 627//811
f 627//812 699//812 628//812
f 699//813 700//813 628//813
f 628//814 700//814 629//814
f 700//815 701//815 629//815
f 629//816 701//816 630//816
f 701//817 702//817 630//817
f 630//818 702//818 631//818
f 702//819 703//819 631//819
f 631//820 703//820 632//820
f 703//821 704//821 632//821
f 632//822 704//822 633//822
f 704//823 705//823 633//823
f 633//824 705//824 634//824
f 705//825 706//825 634//825
f 634//826 706//826 635//826
f 706//827 707//827 635//827
f 635//828 707//828 636//828
f 707//829 708//829 636//829
f 636//830 708//830 637//830
f 708//831 709//831 637//831
f 637//832 709//832 638//832
f 709//833 710//833 638//833
f 638//834 710//834 639//834
f 710//835 711//835 639//835
f 639//836 711//836 640//836
f 711//837 712//837 640//837
f 640//838 712//838 641//838
f 712//839 713//839 641//839
f 641//840 713//840 642//840
f 713//841 714//841 642//841
f 642//842 714//842 643//842
f 714//843 715//843 643//843
f 643//844 715//844 644//844
f 715//845 716//845 644//845
f 644//846 716//846 645//846
f 716//847 717//847 645//847
f 645//848 717//848 646//848
f 717//849 718//849 646//849
f 646//850 718//850 647//850
f 718//851 719//851 647//851
f 647//852 719//852 648//852
f 719//853 720//853 648//853
f 648//854 720//854 649//854
f 720//855 721//855 649//855
f 649//856 721//856 650//856
f 721//857 722//857 650//857
f 650//858 722//858 651//858
f 722//859 723//859 651//859
f 651//860 723//860 652//860
f 723//861 724//861 652//861
f 652//862 724//862 653//862
f 724//863 725//863 653//863
f 653//864 725//864 654//864
f 725//865 726//865 654//865
f 654//866 726//866 655//866
f 726//867 727//867 655//867
f 655//868 727//868 656//868
f 727//869 728//869 656//869
f 656//870 728//870 585//870
f 728//871 657//871 585//871
f 657//872 729//872 658//872
f 729//873 730//873 658//873
f 658//874 730//874 659//874
f 730//875 731//875 659//875
f 659//876 731//876 660//876
f 731//877 732//877 660//877
f 660//878 732//878 661//878
f 732//879 733//879 661//879
f 661//880 733//880 662//880
f 733//881 734//881 662//881
f 662//882 734//882 663//882
f 734//883 735//883 663//883
f 663//884 735//884 664//884
f 735//885 736//885 664//885
f 664//886 736//886 665//886
f 736//887 737//887 665//887
f 665//888 737//888 666//888
f 737//889 738//889 666//889
f 666//890 738//890 667//890
f 738//891 739//891 667//891
f 667//892 739//892 668//892
f 739//893 740//893 668//893
f 668//894 740//894 669//894
f 740//895 741//895 669//895
f 669//896 741//896 670//896
f 741//897 742//897 670//897
f 670//898 742//898 671//898
f 742//899 743//899 671//899
f 671//900 743//900 672//900
f 743//901 744//901 672//901
f 672//902 744//902 673//902
f 744//903 745//903 673//903
f 673//904 745//904 674//904
f 745//905 746//905 674//905
f 674//906 746//906 675//906
f 746//907 747//907 675//907
f 675//908 747//908 676//908
f 747//909 748//909 676//909
f 676//910 748//910 677//910
f 748//911 749//911 677//911
f 677//912 749//912 678//912
f 749//913 750//913 678//913
f 678//914 750//914 679//914
f 750//915 751//915 679//915
f 679//916 751//916 680//916
f 751//917 752//917 680//917
f 680//918 752//918 681//918
f 752//919 753//919 681//919
f 681//920 753//920 682//920
f 753//921 754//921 682//921
f 682//922 754//922 683//922
f 754//923 755//923 683//923
f 683//924 755//924 684//924
f 755//925 756//925 684//925
f 684//926 756//926 685//926
f 756//927 757//927 685//927
f 685//928 757//928 686//928
f 757//929 758//929 686//929
f 686//930 758//930 687//930
f 758//931 759//931 687//931
f 687//932 759//932 688//932
f 759//933 760//933 688//933
f 688//934 760//934 689//934
f 760//935 761//935 689//935
f 689//936 761//936 690//936
f 761//937 762//937 690//937
f 690//938 762//938 691//938
f 762//939 763//939 691//939
f 691//940 763//940 692//940
f 763//941 764//941 692//941
f 692//942 764//942 693//942
f 764//943 765//943 693//943
f 693//944 765//944 694//944
f 765//945 766//945 694//945
f 694//946 766//946 695//946
f 766//947 767//947 695//947
f 695//948 767//948 696//948
f 767//949 768//949 696//949
f 696//950 768//950 697//950
f 768//951 769//951 697//951
f 697//952 769//952 698//952
f 769//953 770//953 698//953
f 698//954 770//954 699//954
f 770//955 771//955 699//955
f 699//956 771//956 700//956
f 771//957 772//957 700//957
f 700//958 772//958 701//958
f 772//959 773//959 701//959
f 701//960 773//960 702//960
f 773//961 774//961 702//961
f 702//962 774//962 703//962
f 774//963 775//963 703//963
f 703//964 775//964 704//964
f 775//965 776//965 704//965
f 704//966 776//966 705//966
f 776//967 777//967 705//967
f 705//968 777//968 706//968
f 777//969 778//969 706//969
f 706//970 778//970 707//970
f 778//971 779//971 707//971
f 707//972 779//972 708//972
f 779//973 780//973 708//973
f 708//974 780//974 709//974
f 780//975 781//975 709//975
f 709//976 781//976 710//976
f 781//977 782//977 710//977
f 710//978 782//978 711//978
f 782//979 783//979 711//979
f 711//980 783//980 712//980
f 783//981 784//981 712//981
f 712//982 784//982 713//982
f 784//983 785//983 713//983
f 713//984 785//984 714//984
f 785//985 786//985 714//985
f 714//986 786//986 715//986
f 786//987 787//987 715//987
f 715//988 787//988 716//988
f 787//989 788//989 716//989
f 716//990 788//990 717//990
f 788//991 789//991 717//991
f 717//992 789//992 718//992
f 789//993 790//993 718//993
f 718//994 790//994 719//994
f 790//995 791//995 719//995
f 719//996 791//996 720//996
f 791//997 792//997 720//997
f 720//998 792//998 721//998
f 792//999 793//999 721//999
f 721//1000 793//1000 722//1000
f 793//1001 794//1001 722//1001
f 722//1002 794//1002 723//1002
f 794//1003 795//1003 723//1003
f 723//1004 795//1004 724//1004
f 795//1005 796//1005 724//1005
f 724//1006 796//1006 725//1006
f 796//1007 797//1007 725//1007
f 725//1008 797//1008 726//1008
f 797//1009 798//1009 726//1009
f 726//1010 798//1010 727//1010
f 798//1011 799//1011 727//1011
f 727//1012 799//1012 728//1012
f 799//1013 800//1013 728//1013
f 728//1014 800//1014 657//1014
f 800//1015 729//1015 657//1015
f 729//1016 801//1016 730//1016
f 801//1017 802//1017 730//1017
f 730//1018 802//1018 731//1018
f 802//1019 803//1019 731//1019
f 731//1020 803//1020 732//1020
f 803//1021 804//1021 732//1021
f 732//1022 804//1022 733//1022
f 804//1023 805//1023 733//1023
f 733//1024 805//1024 734//1024
f 805//1025 806//1025 734//1025
f 734//1026 806//1026 735//1026
f 806//1027 807//1027 735//1027
f 735//1028 807//1028 736//1028
f 807//1029 808//1029 736//1029
f 736//1030 808//1030 737//1030
f 808//1031 809//1031 737//1031
f 737//1032 809//1032 738//1032
f 809//1033 810//1033 738//1033
f 738//1034 810//1034 739//1034
f 810//1035 811//1035 739//1035
f 739//1036 811//1036 740//1036
f 811//1037 812//1037 740//1037
f 740//1038 812//1038 741//1038
f 812//1039 813//1039 741//1039
f 741//1040 813//1040 742//1040
f 813//1041 814//1041 742//1041
f 742//1042 814//1042 743//1042
f 814//1043 815//1043 743//1043
f 743//1044 815//1044 744//1044
f 815//1045 816//1045 744//1045
f 744//1046 816//1046 745//1046
f 816//1047 817//1047 745//1047
f 745//1048 817//1048 746//1048
f 817//1049 818//1049 746//1049
f 746//1050 818//1050 747//1050
f 818//1051 819//1051 747//1051
f 747//1052 819//1052 748//1052
f 819//1053 820//1053 748//1053
f 748//1054 820//1054 749//1054
f 820//1055 821//1055 749//1055
f 749//1056 821//1056 750//1056
f 821//1057 822//1057 750//1057
f 750//1058 822//1058 751//1058
f 822//1059 823//1059 751//1059
f 751//1060 823//1060 752//1060
f 823//1061 824//1061 752//1061
f 752//1062 824//1062 753//1062
f 824//1063 825//1063 753//1063
f 753//1064 825//1064 754//1064
f 825//1065 826//1065 754//1065
f 754//1066 826//1066 755//1066
f 826//1067 827//1067 755//1067
f 755//1068 827//1068 756//1068
f 827//1069 828//1069 756//1069
f 756//1070 828//1070 757//1070
f 828//1071 829//1071 757//1071
f 757//1072 829//1072 758//1072
f 829//1073 830//1073 758//1073
f 758//1074 830//1074 759//1074
f 830//1075 831//1075 759//1075
f 759//1076 831//1076 760//1076
f 831//1077 832//1077 760//1077
f 760//1078 832//1078 761//1078
f 832//1079 833//1079 761//1079
f 761//1080 833//1080 762//1080
f 833//1081 834//1081 762//1081
f 762//1082 834//1082 763//1082
f 834//1083 835//1083 763//1083
f 763//1084 835//1084 764//1084
f 835//1085 836//1085 764//1085
f 764//1086 836//1086 765//1086
f 836//1087 837//1087 765//1087
f 765//1088 837//1088 766//1088
f 837//1089 838//1089 766//1089
f 766//1090 838//1090 767//1090
f 838//1091 839//1091 767//1091
f 767//1092 839//1092 768//1092
f 839//1093 840//1093 768//1093
f 768//1094 840//1094 769//1094
f 840//1095 841//1095 769//1095
f 769//1096 841//1096 770//1096
f 841//1097 842//1097 770//1097
f 770//1098 842//1098 771//1098
f 842//1099 843//1099 771//1099
f 771//1100 843//1100 772//1100
f 843//1101 844//1101 772//1101
f 772//1102 844//1102 773//1102
f 844//1103 845//1103 773//1103
f 773//1104 845//1104 774//1104
f 845//1105 846//1105 774//1105
f 774//1106 846//1106 775//1106
f 846//1107 847//1107 775//1107
f 775//1108 847//1108 776//1108
f 847//1109 848//1109 776//1109
f 776//1110 848//1110 777//1110
f 848//1111 849//1111 777//1111
f 777//1112 849//1112 778//1112
f 849//1113 850//1113 778//1113
f 778//1114 850//1114 779//1114
f 850//1115 851//1115 779//1115
f 779//1116 851//1116 780//1116
f 851//1117 852//1117 780//1117
f 780//1118 852//1118 781//1118
f 852//1119 853//1119 781//1119
f 781//1120 853//1120 782//1120
f 853//1121 854//1121 782//1121
f 782//1122 854//1122 783//1122
f 854//1123 855//1123 783//1123
f 783//1124 855//1124 784//1124
f 855//1125 856//1125 784//1125
f 784//1126 856//1126 785//1126
f 856//1127 857//1127 785//1127
f 785//1128 857//1128 786//1128
f 857//1129 858//1129 786//1129
f 786//1130 858//1130 787//1130
f 858//1131 859//1131 787//1131
f 787//1132 859//1132 788//1132
f 859//1133 860//1133 788//1133
f 788//1134 860//1134 789//1134
f 860//1135 861//1135 789//1135
f 789//1136 861//1136 790//1136
f 861//1137 862//1137 790//1137
f 790//1138 862//1138 791//1138
f 862//1139 863//1139 791//1139
f 791//1140 863//1140 792//1140
f 863//1141 864//1141 792//1141
f 792//1142 864//1142 793//1142
f 864//1143 865//1143 793//1143
f 793//1144 865//1144 794//1144
f 865//1145 866//1145 794//1145
f 794//1146 866//1146 795//1146
f 866//1147 867//1147 795//1147
f 795//1148 867//1148 796//1148
f 867//1149 868//1149 796//1149
f 796//1150 868//1150 797//1150
f 868//1151 869//1151 797//1151
f 797//1152 869//1152 798//1152
f 869//1153 870//1153 798//1153
f 798//1154 870//1154 799//1154
f 870//1155 871//1155 799//1155
f 799//1156 871//1156 800//1156
f 871//1157 872//1157 800//1157
f 800//1158 872//1158 729//1158
f 872//1159 801//1159 729//1159
f 801//1160 873//1160 802//1160
f 873//1161 874//1161 802//1161
f 802//1162 874//1162 803//1162
f 874//1163 875//1163 803//1163
f 803//1164 875//1164 804//1164
f 875//1165 876//1165 804//1165
f 804//1166 876//1166 805//1166
f 876//1167 877//1167 805//1167
f 805//1168 877//1168 806//1168
f 877//1169 878//1169 806//1169
f 806//1170 878//1170 807//1170
f 878//1171 879//1171 807//1171
f 807//1172 879//1172 808//1172
f 879//1173 880//1173 808//1173
f 808//1174 880//1174 809//1174
f 880//1175 881//1175 809//1175
f 809//1176 881//1176 810//1176
f 881//1177 882//1177 810//1177
f 810//1178 882//1178 811//1178
f 882//1179 883//1179 811//1179
f 811//1180 883//1180 812//1180
f 883//1181 884//1181 812//1181
f 812//1182 884//1182 813//1182
f 884//1183 885//1183 813//1183
f 813//1184 885//1184 814//1184
f 885//1185 886//1185 814//1185
f 814//1186 886//1186 815//1186
f 886//1187 887//1187 815//1187
f 815//1188 887//1188 816//1188
f 887//1189 888//1189 816//1189
f 816//1190 888//1190 817//1190
f 888//1191 889//1191 817//1191
f 817//1192 889//1192 818//1192
f 889//1193 890//1193 818//1193
f 818//1194 890//1194 819//1194
f 890//1195 891//1195 819//1195
f 819//1196 891//1196 820//1196
f 891//1197 892//1197 820//1197
f 820//1198 892//1198 821//1198
f 892//1199 893//1199 821//1199
f 821//1200 893//1200 822//1200
f 893//1201 894//1201 822//1201
f 822//1202 894//1202 823//1202
f 894//1203 895//1203 823//1203
f 823//1204 895//1204 824//1204
f 895//1205 896//1205 824//1205
f 824//1206 896//1206 825//1206
f 896//1207 897//1207 825//1207
f 825//1208 897//1208 826//1208
f 897//1209 898//1209 826//1209
f 826//1210 898//1210 827//1210
f 898//1211 899//1211 827//1211
f 827//1212 899//1212 828//1212
f 899//1213 900//1213 828//1213
f 828//1214 900//1214 829//1214
f 900//1215 901//1215 829//1215
f 829//1216 901//1216 830//1216
f 901//1217 902//1217 830//1217
f 830//1218 902//1218 831//1218
f 902//1219 903//1219 831//1219
f 831//1220 903//1220 832//1220
f 903//1221 904//1221 832//1221
f 832//1222 904//1222 833//1222
f 904//1223 905//1223 833//1223
f 833//1224 905//1224 834//1224
f 905//1225 906//1225 834//1225
f 834//1226 906//1226 835//1226
f 906//1227 907//1227 835//1227
f 835//1228 907//1228 836//1228
f 907//1229 908//1229 836//1229
f 836//1230 908//1230 837//1230
f 908//1231 909//1231 837//1231
f 837//1232 909//1232 838//1232
f 909//1233 910//1233 838//1233
f 838//1234 910//1234 839//1234
f 910//1235 911//1235 839//1235
f 839//1236 911//1236 840//1236
f 911//1237 912//1237 840//1237
f 840//1238 912//1238 841//1238
f 912//1239 913//1239 841//1239
f 841//1240 913//1240 842//1240
f 913//1241 914//1241 842//1241
f 842//1242 914//1242 843//1242
f 914//1243 915//1243 843//1243
f 843//1244 915//1244 844//1244
f 915//1245 916//1245 844//1245
f 844//1246 916//1246 845//1246
f 916//1247 917//1247 845//1247
f 845//1248 917//1248 846//1248
f 917//1249 918//1249 846//1249
f 846//1250 918//1250 847//1250
f 918//1251 919//1251 847//1251
f 847//1252 919//1252 848//1252
f 919//1253 920//1253 848//1253
f 848//1254 920//1254 849//1254
f 920//1255 921//1255 849//1255
f 849//1256 921//1256 850//1256
f 921//1257 922//1257 850//1257
f 850//1258 922//1258 851//1258
f 922//1259 923//1259 851//1259
f 851//1260 923//1260 852//1260
f 923//1261 924//1261 852//1261
f 852//1262 924//1262 853//1262
f 924//1263 925//1263 853//1263
f 853//1264 925//1264 854//1264
f 925//1265 926//1265 854//1265
f 854//1266 926//1266 855//1266
f 926//1267 927//1267 855//1267
f 855//1268 927//1268 856//1268
f 927//1269 928//1269 856//1269
f 856//1270 928//1270 857//1270
f 928//1271 929//1271 857//1271
f 857//1272 929//1272 858//1272
f 929//1273 930//1273 858//1273
f 858//1274 930//1274 859//1274
f 930//1275 931//1275 859//1275
f 859//1276 931//1276 860//1276
f 931//1277 932//1277 860//1277
f 860//1278 932//1278 861//1278
f 932//1279 933//1279 861//1279
f 861//1280 933//1280 862//1280
f 933//1281 934//1281 862//1281
f 862//1282 934//1282 863//1282
f 934//1283 935//1283 863//1283
f 863//1284 935//1284 864//1284
f 935//1285 936//1285 864//1285
f 864//1286 936//1286 865//1286
f 936//1287 937//1287 865//1287
f 865//1288 937//1288 866//1288
f 937//1289 938//1289 866//1289
f 866//1290 938//1290 867//1290
f 938//1291 939//1291 867//1291
f 867//1292 939//1292 868//1292
f 939//1293 940//1293 868//1293
f 868//1294 940//1294 869//1294
f 940//1295 941//1295 869//1295
f 869//1296 941//1296 870//1296
f 941//1297 942//1297 870//1297
f 870//1298 942//1298 871//1298
f 942//1299 943//1299 871//1299
f 871//1300 943//1300 872//1300
f 943//1301 944//1301 872//1301
f 872//1302 944//1302 801//1302
f 944//1303 873//1303 801//1303
f 873//1304 945//1304 874//1304
f 945//1305 946//1305 874//1305
f 874//1306 946//1306 875//1306
f 946//1307 947//1307 875//1307
f 875//1308 947//1308 876//1308
f 947//1309 948//1309 876//1309
f 876//1310 948//1310 877//1310
f 948//1311 949//1311 877//1311
f 877//1312 949//1312 878//1312
f 949//1313 950//1313 878//1313
f 878//1314 950//1314 879//1314
f 950//1315 951//1315 879//1315
f 879//1316 951//1316 880//1316
f 951//1317 952//1317 880//1317
f 880//1318 952//1318 881//1318
f 952//1319 953//1319 881//1319
f 881//1320 953//1320 882//1320
f 953//1321 954//1321 882//1321
f 882//1322 954//1322 883//1322
f 954//1323 955//1323 883//1323
f 883//1324 955//1324 884//1324
f 955//1325 956//1325 884//1325
f 884//1326 956//1326 885//1326
f 956//1327 957//1327 885//1327
f 885//1328 957//1328 886//1328
f 957//1329 958//1329 886//1329
f 886//1330 958//1330 887//1330
f 958//1331 959//1331 887//1331
f 887//1332 959//1332 888//1332
f 959//1333 960//1333 888//1333
f 888//1334 960//1334 889//1334
f 960//1335 961//1335 889//1335
f 889//1336 961//1336 890//1336
f 961//1337 962//1337 890//1337
f 890//1338 962//1338 891//1338
f 962//1339 963//1339 891//1339
f 891//1340 963//1340 892//1340
f 963//1341 964//1341 892//1341
f 892//1342 964//1342 893//1342
f 964//1343 965//1343 893//1343
f 893//1344 965//1344 894//1344
f 965//1345 966//1345 894//1345
f 894//1346 966//1346 895//1346
f 966//1347 967//1347 895//1347
f 895//1348 967//1348 896//1348
f 967//1349 968//1349 896//1349
f 896//1350 968//1350 897//1350
f 968//1351 969//1351 897//1351
f 897//1352 969//1352 898//1352
f 969//1353 970//1353 898//1353
f 898//1354 970//1354 899//1354
f 970//1355 971//1355 899//1355
f 899//1356 971//1356 900//1356
f 971//1357 972//1357 900//1357
f 900//1358 972//1358 901//1358
f 972//1359 973//1359 901//1359
f 901//1360 973//1360 902//1360
f 973//1361 974//1361 902//1361
f 902//1362 974//1362 903//1362
f 974//1363 975//1363 903//1363
f 903//1364 975//1364 904//1364
f 975//1365 976//1365 904//1365
f 904//1366 976//1366 905//1366
f 976//1367 977//1367 905//1367
f 905//1368 977//1368 906//1368
f 977//1369 978//1369 906//1369
f 906//1370 978//1370 907//1370
f 978//1371 979//1371 907//1371
f 907//1372 979//1372 908//1372
f 979//1373 980//1373 908//1373
f 908//1374 980//1374 909//1374
f 980//1375 981//1375 909//1375
f 909//1376 981//1376 910//1376
f 981//1377 982//1377 910//1377
f 910//1378 982//1378 911//1378
f 982//1379 983//1379 911//1379
f 911//1380 983//1380 912//1380
f 983//1381 984//1381 912//1381
f 912//1382 984//1382 913//1382
f 984//1383 985//1383 913//1383
f 913//1384 985//1384 914//1384
f 985//1385 986//1385 914//1385
f 914//1386 986//1386 915//1386
f 986//1387 987//1387 915//1387
f 915//1388 987//1388 916//1388
f 987//1389 988//1389 916//1389
f 916//1390 988//1390 917//1390
f 988//1391 989//1391 917//1391
f 917//1392 989//1392 918//1392
f 989//1393 990//1393 918//1393
f 918//1394 990//1394 919//1394
f 990//1395 991//1395 919//1395
f 919//1396 991//1396 920//1396
f 991//1397 992//1397 920//1397
f 920//1398 992//1398 921//1398
f 992//1399 993//1399 921//1399
f 921//1400 993//1400 922//1400
f 993//1401 994//1401 922//1401
f 922//1402 994//1402 923//1402
f 994//1403 995//1403 923//1403
f 923//1404 995//1404 924//1404
f 995//1405 996//1405 924//1405
f 924//1406 996//1406 925//1406
f 996//1407 997//1407 925//1407
f 925//1408 997//1408 926//1408
f 997//1409 998//1409 926//1409
f 926//1410 998//1410 927//1410
f 998//1411 999//1411 927//1411
f 927//1412 999//1412 928//1412
f 999//1413 1000//1413 928//1413
f 928//1414 1000//1414 929//1414
f 1000//1415 1001//1415 929//1415
f 929//1416 1001//1416 930//1416
f 1001//1417 1002//1417 930//1417
f 930//1418 1002//1418 931//1418
f 1002//1419 1003//1419 931//1419
f 931//1420 1003//1420 932//1420
f 1003//1421 1004//1421 932//1421
f 932//1422 1004//1422 933//1422
f 1004//1423 1005//1423 933//1423
f 933//1424 1005//1424 934//1424
f 1005//1425 1006//1425 934//1425
f 934//1426 1006//1426 935//1426
f 1006//1427 1007//1427 935//1427
f 935//1428 1007//1428 936//1428
f 1007//1429 1008//1429 936//1429
f 936//1430 1008//1430 937//1430
f 1008//1431 1009//1431 937//1431
f 937//1432 1009//1432 938//1432
f 1009//1433 1010//1433 938//1433
f 938//1434 1010//1434 939//1434
f 1010//1435 1011//1435 939//1435
f 939//1436 1011//1436 940//1436
f 1011//1437 1012//1437 940//1437
f 940//1438 1012//1438 941//1438
f 1012//1439 1013//1439 941//1439
f 941//1440 1013//1440 942//1440
f 1013//1441 1014//1441 942//1441
f 942//1442 1014//1442 943//1442
f 1014//1443 1015//1443 943//1443
f 943//1444 1015//1444 944//1444
f 1015//1445 1016//1445 944//1445
f 944//1446 1016//1446 873//1446
f 1016//1447 945//1447 873//1447
f 945//1448 1017//1448 946//1448
f 1017//1449 1018//1449 946//1449
f 946//1450 1018//1450 947//1450
f 1018//1451 1019//1451 947//1451
f 947//1452 1019//1452 948//1452
f 1019//1453 1020//1453 948//1453
f 948//1454 1020//1454 949//1454
f 1020//1455 1021//1455 949//1455
f 949//1456 1021//1456 950//1456
f 1021//1457 1022//1457 950//1457
f 950//1458 1022//1458 951//1458
f 1022//1459 1023//1459 951//1459
f 951//1460 1023//1460 952//1460
f 1023//1461 1024//1461 952//1461
f 952//1462 1024//1462 953//1462
f 1024//1463 1025//1463 953//1463
f 953//1464 1025//1464 954//1464
f 1025//1465 1026//1465 954//1465
f 954//1466 1026//1466 955//1466
f 1026//1467 1027//1467 955//1467
f 955//1468 1027//1468 956//1468
f 1027//1468 1028//1468 956//1468
f 956//1469 1028//1469 957//1469
f 1028//1470 1029//1470 957//1470
f 957//1471 1029//1471 958//1471
f 1029//1471 1030//1471 958//1471
f 958//1472 1030//1472 959//1472
f 1030//1473 1031//1473 959//1473
f 959//1474 1031//1474 960//1474
f 1031//1475 1032//1475 960//1475
f 960//1476 1032//1476 961//1476
f 1032//1476 1033//1476 961//1476
f 961//1477 1033//1477 962//1477
f 1033//1478 1034//1478 962//1478
f 962//1479 1034//1479 963//1479
f 1034//1480 1035//1480 963//1480
f 963//1481 1035//1481 964//1481
f 1035//1481 1036//1481 964//1481
f 964//1482 1036//1482 965//1482
f 1036//1483 1037//1483 965//1483
f 965//1484 1037//1484 966//1484
f 1037//1485 1038//1485 966//1485
f 966//1486 1038//1486 967//1486
f 1038//1486 1039//1486 967//1486
f 967//1487 1039//1487 968//1487
f 1039//1488 1040//1488 968//1488
f 968//1489 1040//1489 969//1489
f 1040//1489 1041//1489 969//1489
f 969//1490 1041//1490 970//1490
f 1041//1491 1042//1491 970//1491
f 970//1492 1042//1492 971//1492
f 1042//1493 1043//1493 971//1493
f 971//1494 1043//1494 972//1494
f 1043//1495 1044//1495 972//1495
f 972//1496 1044//1496 973//1496
f 1044//1497 1045//1497 973//1497
f 973//1498 1045//1498 974//1498
f 1045//1499 1046//1499 974//1499
f 974//1500 1046//1500 975//1500
f 1046//1501 1047//1501 975//1501
f 975//1502 1047//1502 976//1502
f 1047//1503 1048//1503 976//1503
f 976//1504 1048//1504 977//1504
f 1048//1505 1049//1505 977//1505
f 977//1506 1049//1506 978//1506
f 1049//1507 1050//1507 978//1507
f 978//1508 1050//1508 979//1508
f 1050//1509 1051//1509 979//1509
f 979//1510 1051//1510 980//1510
f 1051//1510 1052//1510 980//1510
f 980//1511 1052//1511 981//1511
f 1052//1511 1053//1511 981//1511
f 981//1512 1053//1512 982//1512
f 1053//1513 1054//1513 982//1513
f 982//1514 1054//1514 983//1514
f 1054//1515 1055//1515 983//1515
f 983//1516 1055//1516 984//1516
f 1055//1517 1056//1517 984//1517
f 984//1518 1056//1518 985//1518
f 1056//1519 1057//1519 985//1519
f 985//1520 1057//1520 986//1520
f 1057//1521 1058//1521 986//1521
f 986//1522 1058//1522 987//1522
f 1058//1523 1059//1523 987//1523
f 987//1524 1059//1524 988//1524
f 1059//1525 1060//1525 988//1525
f 988//1526 1060//1526 989//1526
f 1060//1527 1061//1527 989//1527
f 989//1528 1061//1528 990//1528
f 1061//1529 1062//1529 990//1529
f 990//1530 1062//1530 991//1530
f 1062//1531 1063//1531 991//1531
f 991//1532 1063//1532 992//1532
f 1063//1532 1064//1532 992//1532
f 992//1533 1064//1533 993//1533
f 1064//1534 1065//1534 993//1534
f 993//1535 1065//1535 994//1535
f 1065//1535 1066//1535 994//1535
f 994//1536 1066//1536 995//1536
f 1066//1537 1067//1537 995//1537
f 995//1538 1067//1538 996//1538
f 1067//1539 1068//1539 996//1539
f 996//1540 1068//1540 997//1540
f 1068//1540 1069//1540 997//1540
f 997//1541 1069//1541 998//1541
f 1069//1542 1070//1542 998//1542
f 998//1543 1070//1543 999//1543
f 1070//1544 1071//1544 999//1544
f 999//1545 1071//1545 1000//1545
f 1071//1545 1072//1545 1000//1545
f 1000//1546 1072//1546 1001//1546
f 1072//1547 1073//1547 1001//1547
f 1001//1548 1073//1548 1002//1548
f 1073//1549 1074//1549 1002//1549
f 1002//1550 1074//1550 1003//1550
f 1074//1550 1075//1550 1003//1550
f 1003//1551 1075//1551 1004//1551
f 1075//1552 1076//1552 1004//1552
f 1004//1553 1076//1553 1005//1553
f 1076//1553 1077//1553 1005//1553
f 1005//1554 1077//1554 1006//1554
f 1077//1555 1078//1555 1006//1555
f 1006//1556 1078//1556 1007//1556
f 1078//1557 1079//1557 1007//1557
f 1007//1558 1079//1558 1008//1558
f 1079//1559 1080//1559 1008//1559
f 1008//1560 1080//1560 1009//1560
f 1080//1561 1081//1561 1009//1561
f 1009//1562 1081//1562 1010//1562
f 1081//1563 1082//1563 1010//1563
f 1010//1564 1082//1564 1011//1564
f 1082//1565 1083//1565 1011//1565
f 1011//1566 1083//1566 1012//1566
f 1083//1567 1084//1567 1012//1567
f 1012//1568 1084//1568 1013//1568
f 1084//1569 1085//1569 1013//1569
f 1013//1570 1085//1570 1014//1570
f 1085//1571 1086//1571 1014//1571
f 1014//1572 1086//1572 1015//1572
f 1086//1573 1087//1573 1015//1573
f 1015//1574 1087//1574 1016//1574
f 1087//1574 1088//1574 1016//1574
f 1016//1575 1088//1575 945//1575
f 1088//1575 1017//1575 945//1575
f 1017//1576 1089//1576 1018//1576
f 1089//1577 1090//1577 1018//1577
f 1018//1578 1090//1578 1019//1578
f 1090//1579 1091//1579 1019//1579
f 1019//1580 1091//1580 1020//1580
f 1091//1581 1092//1581 1020//1581
f 1020//1582 1092//1582 1021//1582
f 1092//1583 1093//1583 1021//1583
f 1021//1584 1093//1584 1022//1584
f 1093//1585 1094//1585 1022//1585
f 1022//1586 1094//1586 1023//1586
f 1094//1587 1095//1587 1023//1587
f 1023//1588 1095//1588 1024//1588
f 1095//1589 1096//1589 1024//1589
f 1024//1590 1096//1590 1025//1590
f 1096//1591 1097//1591 1025//1591
f 1025//1592 1097//1592 1026//1592
f 1097//1593 1098//1593 1026//1593
f 1026//1594 1098//1594 1027//1594
f 1098//1595 1099//1595 1027//1595
f 1027//1596 1099//1596 1028//1596
f 1099//1597 1100//1597 1028//1597
f 1028//1598 1100//1598 1029//1598
f 1100//1599 1101//1599 1029//1599
f 1029//1600 1101//1600 1030//1600
f 1101//1601 1102//1601 1030//1601
f 1030//1602 1102//1602 1031//1602
f 1102//1603 1103//1603 1031//1603
f 1031//1604 1103//1604 1032//1604
f 1103//1605 1104//1605 1032//1605
f 1032//1606 1104//1606 1033//1606
f 1104//1607 1105//1607 1033//1607
f 1033//1608 1105//1608 1034//1608
f 1105//1609 1106//1609 1034//1609
f 1034//1610 1106//1610 1035//1610
f 1106//1611 1107//1611 1035//1611
f 1035//1612 1107//1612 1036//1612
f 1107//1613 1108//1613 1036//1613
f 1036//1614 1108//1614 1037//1614
f 1108//1615 1109//1615 1037//1615
f 1037//1616 1109//1616 1038//1616
f 1109//1617 1110//1617 1038//1617
f 1038//1618 1110//1618 1039//1618
f 1110//1619 1111//1619 1039//1619
f 1039//1620 1111//1620 1040//1620
f 1111//1621 1112//1621 1040//1621
f 1040//1622 1112//1622 1041//1622
f 1112//1623 1113//1623 1041//1623
f 1041//1624 1113//1624 1042//1624
f 1113//1625 1114//1625 1042//1625
f 1042//1626 1114//1626 1043//1626
f 1114//1627 1115//1627 1043//1627
f 1043//1628 1115//1628 1044//1628
f 1115//1629 1116//1629 1044//1629
f 1044//1630 1116//1630 1045//1630
f 1116//1631 1117//1631 1045//1631
f 1045//1632 1117//1632 1046//1632
f 1117//1633 1118//1633 1046//1633
f 1046//1634 1118//1634 1047//1634
f 1118//1635 1119//1635 1047//1635
f 1047//1636 1119//1636 1048//1636
f 1119//1637 1120//1637 1048//1637
f 1048//1638 1120//1638 1049//1638
f 1120//1639 1121//1639 1049//1639
f 1049//1640 1121//1640 1050//1640
f 1121//1641 1122//1641 1050//1641
f 1050//1642 1122//1642 1051//1642
f 1122//1643 1123//1643 1051//1643
f 1051//1644 1123//1644 1052//1644
f 1123//1645 1124//1645 1052//1645
f 1052//1646 1124//1646 1053//1646
f 1124//1647 1125//1647 1053//1647
f 1053//1648 1125//1648 1054//1648
f 1125//1649 1126//1649 1054//1649
f 1054//1650 1126//1650 1055//1650
f 1126//1651 1127//1651 1055//1651
f 1055//1652 1127//1652 1056//1652
f 1127//1653 1128//1653 1056//1653
f 1056//1654 1128//1654 1057//1654
f 1128//1655 1129//1655 1057//1655
f 1057//1656 1129//1656 1058//1656
f 1129//1657 1130//1657 1058//1657
f 1058//1658 1130//1658 1059//1658
f 1130//1659 1131//1659 1059//1659
f 1059//1660 1131//1660 1060//1660
f 1131//1661 1132//1661 1060//1661
f 1060//1662 1132//1662 1061//1662
f 1132//1663 1133//1663 1061//1663
f 1061//1664 1133//1664 1062//1664
f 1133//1665 1134//1665 1062//1665
f 1062//1666 1134//1666 1063//1666
f 1134//1667 1135//1667 1063//1667
f 1063//1668 1135//1668 1064//1668
f 1135//1669 1136//1669 1064//1669
f 1064//1670 1136//1670 1065//1670
f 1136//1671 1137//1671 1065//1671
f 1065//1672 1137//1672 1066//1672
f 1137//1673 1138//1673 1066//1673
f 1066//1674 1138//1674 1067//1674
f 1138//1675 1139//1675 1067//1675
f 1067//1676 1139//1676 1068//1676
f 1139//1677 1140//1677 1068//1677
f 1068//1678 1140//1678 1069//1678
f 1140//1679 1141//1679 1069//1679
f 1069//1680 1141//1680 1070//1680
f 1141//1681 1142//1681 1070//1681
f 1070//1682 1142//1682 1071//1682
f 1142//1683 1143//1683 1071//1683
f 1071//1684 1143//1684 1072//1684
f 1143//1685 1144//1685 1072//1685
f 1072//1686 1144//1686 1073//1686
f 1144//1687 1145//1687 1073//1687
f 1073//1688 1145//1688 1074//1688
f 1145//1689 1146//1689 1074//1689
f 1074//1690 1146//1690 1075//1690
f 1146//1691 1147//1691 1075//1691
f 1075//1692 1147//1692 1076//1692
f 1147//1693 1148//1693 1076//1693
f 1076//1694 1148//1694 1077//1694
f 1148//1695 1149//1695 1077//1695
f 1077//1696 1149//1696 1078//1696
f 1149//1697 1150//1697 1078//1697
f 1078//1698 1150//1698 1079//1698
f 1150//1699 1151//1699 1079//1699
f 1079//1700 1151//1700 1080//1700
f 1151//1701 1152//1701 1080//1701
f 1080//1702 1152//1702 1081//1702
f 1152//1703 1153//1703 1081//1703
f 1081//1704 1153//1704 1082//1704
f 1153//1705 1154//1705 1082//1705
f 1082//1706 1154//1706 1083//1706
f 1154//1707 1155//1707 1083//1707
f 1083//1708 1155//1708 1084//1708
f 1155//1709 1156//1709 1084//1709
f 1084//1710 1156//1710 1085//1710
f 1156//1711 1157//1711 1085//1711
f 1085//1712 1157//1712 1086//1712
f 1157//1713 1158//1713 1086//1713
f 1086//1714 1158//1714 1087//1714
f 1158//1715 1159//1715 1087//1715
f 1087//1716 1159//1716 1088//1716
f 1159//1717 1160//1717 1088//1717
f 1088//1718 1160//1718 1017//1718
f 1160//1719 1089//1719 1017//1719
f 1089//1720 1161//1720 1090//1720
f 1161//1721 1162//1721 1090//1721
f 1090//1722 1162//1722 1091//1722
f 1162//1723 1163//1723 1091//1723
f 1091//1724 1163//1724 1092//1724
f 1163//1725 1164//1725 1092//1725
f 1092//1726 1164//1726 1093//1726
f 1164//1727 1165//1727 1093//1727
f 1093//1728 1165//1728 1094//1728
f 1165//1729 1166//1729 1094//1729
f 1094//1730 1166//1730 1095//1730
f 1166//1731 1167//1731 1095//1731
f 1095//1732 1167//1732 1096//1732
f 1167//1733 1168//1733 1096//1733
f 1096//1734 1168//1734 1097//1734
f 1168//1735 1169//1735 1097//1735
f 1097//1736 1169//1736 1098//1736
f 1169//1737 1170//1737 1098//1737
f 1098//1738 1170//1738 1099//1738
f 1170//1739 1171//1739 1099//1739
f 1099//1740 1171//1740 1100//1740
f 1171//1741 1172//1741 1100//1741
f 1100//1742 1172//1742 1101//1742
f 1172//1743 1173//1743 1101//1743
f 1101//1744 1173//1744 1102//1744
f 1173//1745 1174//1745 1102//1745
f 1102//1746 1174//1746 1103//1746
f 1174//1747 1175//1747 1103//1747
f 1103//1748 1175//1748 1104//1748
f 1175//1749 1176//1749 1104//1749
f 1104//1750 1176//1750 1105//1750
f 1176//1751 1177//1751 1105//1751
f 1105//1752 1177//1752 1106//1752
f 1177//1753 1178//1753 1106//1753
f 1106//1754 1178//1754 1107//1754
f 1178//1755 1179//1755 1107//1755
f 1107//1756 1179//1756 1108//1756
f 1179//1757 1180//1757 1108//1757
f 1108//1758 1180//1758 1109//1758
f 1180//1759 1181//1759 1109//1759
f 1109//1760 1181//1760 1110//1760
f 1181//1761 1182//1761 1110//1761
f 1110//1762 1182//1762 1111//1762
f 1182//1763 1183//1763 1111//1763
f 1111//1764 1183//1764 1112//1764
f 1183//1765 1184//1765 1112//1765
f 1112//1766 1184//1766 1113//1766
f 1184//1767 1185//1767 1113//1767
f 1113//1768 1185//1768 1114//1768
f 1185//1769 1186//1769 1114//1769
f 1114//1770 1186//1770 1115//1770
f 1186//1771 1187//1771 1115//1771
f 1115//1772 1187//1772 1116//1772
f 1187//1773 1188//1773 1116//1773
f 1116//1774 1188//1774 1117//1774
f 1188//1775 1189//1775 1117//1775
f 1117//1776 1189//1776 1118//1776
f 1189//1777 1190//1777 1118//1777
f 1118//1778 1190//1778 1119//1778
f 1190//1779 1191//1779 1119//1779
f 1119//1780 1191//1780 1120//1780
f 1191//1781 1192//1781 1120//1781
f 1120//1782 1192//1782 1121//1782
f 1192//1783 1193//1783 1121//1783
f 1121//1784 1193//1784 1122//1784
f 1193//1785 1194//1785 1122//1785
f 1122//1786 1194//1786 1123//1786
f 1194//1787 1195//1787 1123//1787
f 1123//1788 1195//1788 1124//1788
f 1195//1789 1196//1789 1124//1789
f 1124//1790 1196//1790 1125//1790
f 1196//1791 1197//1791 1125//1791
f 1125//1792 1197//1792 1126//1792
f 1197//1793 1198//1793 1126//1793
f 1126//1794 1198//1794 1127//1794
f 1198//1795 1199//1795 1127//1795
f 1127//1796 1199//1796 1128//1796
f 1199//1797 1200//1797 1128//1797
f 1128//1798 1200//1798 1129//1798
f 1200//1799 1201//1799 1129//1799
f 1129//1800 1201//1800 1130//1800
f 1201//1801 1202//1801 1130//1801
f 1130//1802 1202//1802 1131//1802
f 1202//1803 1203//1803 1131//1803
f 1131//1804 1203//1804 1132//1804
f 1203//1805 1204//1805 1132//1805
f 1132//1806 1204//1806 1133//1806
f 1204//1807 1205//1807 1133//1807
f 1133//1808 1205//1808 1134//1808
f 1205//1809 1206//1809 1134//1809
f 1134//1810 1206//1810 1135//1810
f 1206//1811 1207//1811 1135//1811
f 1135//1812 1207//1812 1136//1812
f 1207//1813 1208//1813 1136//1813
f 1136//1814 1208//1814 1137//1814
f 1208//1815 1209//1815 1137//1815
f 1137//1816 1209//1816 1138//1816
f 1209//1817 1210//1817 1138//1817
f 1138//1818 1210//1818 1139//1818
f 1210//1819 1211//1819 1139//1819
f 1139//1820 1211//1820 1140//1820
f 1211//1821 1212//1821 1140//1821
f 1140//1822 1212//1822 1141//1822
f 1212//1823 1213//1823 1141//1823
f 1141//1824 1213//1824 1142//1824
f 1213//1825 1214//1825 1142//1825
f 1142//1826 1214//1826 1143//1826
f 1214//1827 1215//1827 1143//1827
f 1143//1828 1215//1828 1144//1828
f 1215//1829 1216//1829 1144//1829
f 1144//1830 1216//1830 1145//1830
f 1216//1831 1217//1831 1145//1831
f 1145//1832 1217//1832 1146//1832
f 1217//1833 1218//1833 1146//1833
f 1146//1834 1218//1834 1147//1834
f 1218//1835 1219//1835 1147//1835
f 1147//1836 1219//1836 1148//1836
f 1219//1837 1220//1837 1148//1837
f 1148//1838 1220//1838 1149//1838
f 1220//1839 1221//1839 1149//1839
f 1149//1840 1221//1840 1150//1840
f 1221//1841 1222//1841 1150//1841
f 1150//1842 1222//1842 1151//1842
f 1222//1843 1223//1843 1151//1843
f 1151//1844 1223//1844 1152//1844
f 1223//1845 1224//1845 1152//1845
f 1152//1846 1224//1846 1153//1846
f 1224//1847 1225//1847 1153//1847
f 1153//1848 1225//1848 1154//1848
f 1225//1849 1226//1849 1154//1849
f 1154//1850 1226//1850 1155//1850
f 1226//1851 1227//1851 1155//1851
f 1155//1852 1227//1852 1156//1852
f 1227//1853 1228//1853 1156//1853
f 1156//1854 1228//1854 1157//1854
f 1228//1855 1229//1855 1157//1855
f 1157//1856 1229//1856 1158//1856
f 1229//1857 1230//1857 1158//1857
f 1158//1858 1230//1858 1159//1858
f 1230//1859 1231//1859 1159//1859
f 1159//1860 1231//1860 1160//1860
f 1231//1861 1232//1861 1160//1861
f 1160//1862 1232//1862 1089//1862
f 1232//1863 1161//1863 1089//1863
f 1161//1864 1233//1864 1162//1864
f 1233//1865 1234//1865 1162//1865
f 1162//1866 1234//1866 1163//1866
f 1234//1867 1235//1867 1163//1867
f 1163//1868 1235//1868 1164//1868
f 1235//1869 1236//1869 1164//1869
f 1164//1870 1236//1870 1165//1870
f 1236//1871 1237//1871 1165//1871
f 1165//1872 1237//1872 1166//1872
f 1237//1873 1238//1873 1166//1873
f 1166//1874 1238//1874 1167//1874
f 1238//1875 1239//1875 1167//1875
f 1167//1876 1239//1876 1168//1876
f 1239//1877 1240//1877 1168//1877
f 1168//1878 1240//1878 1169//1878
f 1240//1879 1241//1879 1169//1879
f 1169//1880 1241//1880 1170//1880
f 1241//1881 1242//1881 1170//1881
f 1170//1882 1242//1882 1171//1882
f 1242//1883 1243//1883 1171//1883
f 1171//1884 1243//1884 1172//1884
f 1243//1885 1244//1885 1172//1885
f 1172//1886 1244//1886 1173//1886
f 1244//1887 1245//1887 1173//1887
f 1173//1888 1245//1888 1174//1888
f 1245//1889 1246//1889 1174//1889
f 1174//1890 1246//1890 1175//1890
f 1246//1891 1247//1891 1175//1891
f 1175//1892 1247//1892 1176//1892
f 1247//1893 1248//1893 1176//1893
f 1176//1894 1248//1894 1177//1894
f 1248//1895 1249//1895 1177//1895
f 1177//1896 1249//1896 1178//1896
f 1249//1897 1250//1897 1178//1897
f 1178//1898 1250//1898 1179//1898
f 1250//1899 1251//1899 1179//1899
f 1179//1900 1251//1900 1180//1900
f 1251//1901 1252//1901 1180//1901
f 1180//1902 1252//1902 1181//1902
f 1252//1903 1253//1903 1181//1903
f 1181//1904 1253//1904 1182//1904
f 1253//1905 1254//1905 1182//1905
f 1182//1906 1254//1906 1183//1906
f 1254//1907 1255//1907 1183//1907
f 1183//1908 1255//1908 1184//1908
f 1255//1909 1256//1909 1184//1909
f 1184//1910 1256//1910 1185//1910
f 1256//1911 1257//1911 1185//1911
f 1185//1912 1257//1912 1186//1912
f 1257//1913 1258//1913 1186//1913
f 1186//1914 1258//1914 1187//1914
f 1258//1915 1259//1915 1187//1915
f 1187//1916 1259//1916 1188//1916
f 1259//1917 1260//1917 1188//1917
f 1188//1918 1260//1918 1189//1918
f 1260//1919 1261//1919 1189//1919
f 1189//1920 1261//1920 1190//1920
f 1261//1921 1262//1921 1190//1921
f 1190//1922 1262//1922 1191//1922
f 1262//1923 1263//1923 1191//1923
f 1191//1924 1263//1924 1192//1924
f 1263//1925 1264//1925 1192//1925
f 1192//1926 1264//1926 1193//1926
f 1264//1927 1265//1927 1193//1927
f 1193//1928 1265//1928 1194//1928
f 1265//1929 1266//1929 1194//1929
f 1194//1930 1266//1930 1195//1930
f 1266//1931 1267//1931 1195//1931
f 1195//1932 1267//1932 1196//1932
f 1267//1933 1268//1933 1196//1933
f 1196//1934 1268//1934 1197//1934
f 1268//1935 1269//1935 1197//1935
f 1197//1936 1269//1936 1198//1936
f 1269//1937 1270//1937 1198//1937
f 1198//1938 1270//1938 1199//1938
f 1270//1939 1271//1939 1199//1939
f 1199//1940 1271//1940 1200//1940
f 1271//1941 1272//1941 1200//1941
f 1200//1942 1272//1942 1201//1942
f 1272//1943 1273//1943 1201//1943
f 1201//1944 1273//1944 1202//1944
f 1273//1945 1274//1945 1202//1945
f 1202//1946 1274//1946 1203//1946
f 1274//1947 1275//1947 1203//1947
f 1203//1948 1275//1948 1204//1948
f 1275//1949 1276//1949 1204//1949
f 1204//1950 1276//1950 1205//1950
f 1276//1951 1277//1951 1205//1951
f 1205//1952 1277//1952 1206//1952
f 1277//1953 1278//1953 1206//1953
f 1206//1954 1278//1954 1207//1954
f 1278//1955 1279//1955 1207//1955
f 1207//1956 1279//1956 1208//1956
f 1279//1957 1280//1957 1208//1957
f 1208//1958 1280//1958 1209//1958
f 1280//1959 1281//1959 1209//1959
f 1209//1960 1281//1960 1210//1960
f 1281//1961 1282//1961 1210//1961
f 1210//1962 1282//1962 1211//1962
f 1282//1963 1283//1963 1211//1963
f 1211//1964 1283//1964 1212//1964
f 1283//1965 1284//1965 1212//1965
f 1212//1966 1284//1966 1213//1966
f 1284//1967 1285//1967 1213//1967
f 1213//1968 1285//1968 1214//1968
f 1285//1969 1286//1969 1214//1969
f 1214//1970 1286//1970 1215//1970
f 1286//1971 1287//1971 1215//1971
f 1215//1972 1287//1972 1216//1972
f 1287//1973 1288//1973 1216//1973
f 1216//1974 1288//1974 1217//1974
f 1288//1975 1289//1975 1217//1975
f 1217//1976 1289//1976 1218//1976
f 1289//1977 1290//1977 1218//1977
f 1218//1978 1290//1978 1219//1978
f 1290//1979 1291//1979 1219//1979
f 1219//1980 1291//1980 1220//1980
f 1291//1981 1292//1981 1220//1981
f 1220//1982 1292//1982 1221//1982
f 1292//1983 1293//1983 1221//1983
f 1221//1984 1293//1984 1222//1984
f 1293//1985 1294//1985 1222//1985
f 1222//1986 1294//1986 1223//1986
f 1294//1987 1295//1987 1223//1987
f 1223//1988 1295//1988 1224//1988
f 1295//1989 1296//1989 1224//1989
f 1224//1990 1296//1990 1225//1990
f 1296//1991 1297//1991 1225//1991
f 1225//1992 1297//1992 1226//1992
f 1297//1993 1298//1993 1226//1993
f 1226//1994 1298//1994 1227//1994
f 1298//1995 1299//1995 1227//1995
f 1227//1996 1299//1996 1228//1996
f 1299//1997 1300//1997 1228//1997
f 1228//1998 1300//1998 1229//1998
f 1300//1999 1301//1999 1229//1999
f 1229//2000 1301//2000 1230//2000
f 1301//2001 1302//2001 1230//2001
f 1230//2002 1302//2002 1231//2002
f 1302//2003 1303//2003 1231//2003
f 1231//2004 1303//2004 1232//2004
f 1303//2005 1304//2005 1232//2005
f 1232//2006 1304//2006 1161//2006
f 1304//2007 1233//2007 1161//2007
f 1233//2008 1305//2008 1234//2008
f 1305//2009 1306//2009 1234//2009
f 1234//2010 1306//2010 1235//2010
f 1306//2011 1307//2011 1235//2011
f 1235//2012 1307//2012 1236//2012
f 1307//2013 1308//2013 1236//2013
f 1236//2014 1308//2014 1237//2014
f 1308//2015 1309//2015 1237//2015
f 1237//2016 1309//2016 1238//2016
f 1309//2017 1310//2017 1238//2017
f 1238//2018 1310//2018 1239//2018
f 1310//2019 1311//2019 1239//2019
f 1239//2020 1311//2020 1240//2020
f 1311//2021 1312//2021 1240//2021
f 1240//2022 1312//2022 1241//2022
f 1312//2023 1313//2023 1241//2023
f 1241//2024 1313//2024 1242//2024
f 1313//2025 1314//2025 1242//2025
f 1242//2026 1314//2026 1243//2026
f 1314//2027 1315//2027 1243//2027
f 1243//2028 1315//2028 1244//2028
f 1315//2029 1316//2029 1244//2029
f 1244//2030 1316//2030 1245//2030
f 1316//2031 1317//2031 1245//2031
f 1245//2032 1317//2032 1246//2032
f 1317//2033 1318//2033 1246//2033
f 1246//2034 1318//2034 1247//2034
f 1318//2035 1319//2035 1247//2035
f 1247//2036 1319//2036 1248//2036
f 1319//2037 1320//2037 1248//2037
f 1248//2038 1320//2038 1249//2038
f 1320//2039 1321//2039 1249//2039
f 1249//2040 1321//2040 1250//2040
f 1321//2041 1322//2041 1250//2041
f 1250//2042 1322//2042 1251//2042
f 1322//2043 1323//2043 1251//2043
f 1251//2044 1323//2044 1252//2044
f 1323//2045 1324//2045 1252//2045
f 1252//2046 1324//2046 1253//2046
f 1324//2047 1325//2047 1253//2047
f 1253//2048 1325//2048 1254//2048
f 1325//2049 1326//2049 1254//2049
f 1254//2050 1326//2050 1255//2050
f 1326//2051 1327//2051 1255//2051
f 1255//2052 1327//2052 1256//2052
f 1327//2053 1328//2053 1256//2053
f 1256//2054 1328//2054 1257//2054
f 1328//2055 1329//2055 1257//2055
f 1257//2056 1329//2056 1258//2056
f 1329//2057 1330//2057 1258//2057
f 1258//2058 1330//2058 1259//2058
f 1330//2059 1331//2059 1259//2059
f 1259//2060 1331//2060 1260//2060
f 1331//2061 1332//2061 1260//2061
f 1260//2062 1332//2062 1261//2062
f 1332//2063 1333//2063 1261//2063
f 1261//2064 1333//2064 1262//2064
f 1333//2065 1334//2065 1262//2065
f 1262//2066 1334//2066 1263//2066
f 1334//2067 1335//2067 1263//2067
f 1263//2068 1335//2068 1264//2068
f 1335//2069 1336//2069 1264//2069
f 1264//2070 1336//2070 1265//2070
f 1336//2071 1337//2071 1265//2071
f 1265//2072 1337//2072 1266//2072
f 1337//2073 1338//2073 1266//2073
f 1266//2074 1338//2074 1267//2074
f 1338//2075 1339//2075 1267//2075
f 1267//2076 1339//2076 1268//2076
f 1339//2077 1340//2077 1268//2077
f 1268//2078 1340//2078 1269//2078
f 1340//2079 1341//2079 1269//2079
f 1269//2080 1341//2080 1270//2080
f 1341//2081 1342//2081 1270//2081
f 1270//2082 1342//2082 1271//2082
f 1342//2083 1343//2083 1271//2083
f 1271//2084 1343//2084 1272//2084
f 1343//2085 1344//2085 1272//2085
f 1272//2086 1344//2086 1273//2086
f 1344//2087 1345//2087 1273//2087
f 1273//2088 1345//2088 1274//2088
f 1345//2089 1346//2089 1274//2089
f 1274//2090 1346//2090 1275//2090
f 1346//2091 1347//2091 1275//2091
f 1275//2092 1347//2092 1276//2092
f 1347//2093 1348//2093 1276//2093
f 1276//2094 1348//2094 1277//2094
f 1348//2095 1349//2095 1277//2095
f 1277//2096 1349//2096 1278//2096
f 1349//2097 1350//2097 1278//2097
f 1278//2098 1350//2098 1279//2098
f 1350//2099 1351//2099 1279//2099
f 1279//2100 1351//2100 1280//2100
f 1351//2101 1352//2101 1280//2101
f 1280//2102 1352//2102 1281//2102
f 1352//2103 1353//2103 1281//2103
f 1281//2104 1353//2104 1282//2104
f 1353//2105 1354//2105 1282//2105
f 1282//2106 1354//2106 1283//2106
f 1354//2107 1355//2107 1283//2107
f 1283//2108 1355//2108 1284//2108
f 1355//2109 1356//2109 1284//2109
f 1284//2110 1356//2110 1285//2110
f 1356//2111 1357//2111 1285//2111
f 1285//2112 1357//2112 1286//2112
f 1357//2113 1358//2113 1286//2113
f 1286//2114 1358//2114 1287//2114
f 1358//2115 1359//2115 1287//2115
f 1287//2116 1359//2116 1288//2116
f 1359//2117 1360//2117 1288//2117
f 1288//2118 1360//2118 1289//2118
f 1360//2119 1361//2119 1289//2119
f 1289//2120 1361//2120 1290//2120
f 1361//2121 1362//2121 1290//2121
f 1290//2122 1362//2122 1291//2122
f 1362//2123 1363//2123 1291//2123
f 1291//2124 1363//2124 1292//2124
f 1363//2125 1364//2125 1292//2125
f 1292//2126 1364//2126 1293//2126
f 1364//2127 1365//2127 1293//2127
f 1293//2128 1365//2128 1294//2128
f 1365//2129 1366//2129 1294//2129
f 1294//2130 1366//2130 1295//2130
f 1366//2131 1367//2131 1295//2131
f 1295//2132 1367//2132 1296//2132
f 1367//2133 1368//2133 1296//2133
f 1296//2134 1368//2134 1297//2134
f 1368//2135 1369//2135 1297//2135
f 1297//2136 1369//2136 1298//2136
f 1369//2137 1370//2137 1298//2137
f 1298//2138 1370//2138 1299//2138
f 1370//2139 1371//2139 1299//2139
f 1299//2140 1371//2140 1300//2140
f 1371//2141 1372//2141 1300//2141
f 1300//2142 1372//2142 1301//2142
f 1372//2143 1373//2143 1301//2143
f 1301//2144 1373//2144 1302//2144
f 1373//2145 1374//2145 1302//2145
f 1302//2146 1374//2146 1303//2146
f 1374//2147 1375//2147 1303//2147
f 1303//2148 1375//2148 1304//2148
f 1375//2149 1376//2149 1304//2149
f 1304//2150 1376//2150 1233//2150
f 1376//2151 1305//2151 1233//2151
f 1305//2152 1377//2152 1306//2152
f 1377//2153 1378//2153 1306//2153
f 1306//2154 1378//2154 1307//2154
f 1378//2155 1379//2155 1307//2155
f 1307//2156 1379//2156 1308//2156
f 1379//2157 1380//2157 1308//2157
f 1308//2158 1380//2158 1309//2158
f 1380//2159 1381//2159 1309//2159
f 1309//2160 1381//2160 1310//2160
f 1381//2161 1382//2161 1310//2161
f 1310//2162 1382//2162 1311//2162
f 1382//2163 1383//2163 1311//2163
f 1311//2164 1383//2164 1312//2164
f 1383//2165 1384//2165 1312//2165
f 1312//2166 1384//2166 1313//2166
f 1384//2167 1385//2167 1313//2167
f 1313//2168 1385//2168 1314//2168
f 1385//2169 1386//2169 1314//2169
f 1314//2170 1386//2170 1315//2170
f 1386//2171 1387//2171 1315//2171
f 1315//2172 1387//2172 1316//2172
f 1387//2173 1388//2173 1316//2173
f 1316//2174 1388//2174 1317//2174
f 1388//2175 1389//2175 1317//2175
f 1317//2176 1389//2176 1318//2176
f 1389//2177 1390//2177 1318//2177
f 1318//2178 1390//2178 1319//2178
f 1390//2179 1391//2179 1319//2179
f 1319//2180 1391//2180 1320//2180
f 1391//2181 1392//2181 1320//2181
f 1320//2182 1392//2182 1321//2182
f 1392//2183 1393//2183 1321//2183
f 1321//2184 1393//2184 1322//2184
f 1393//2185 1394//2185 1322//2185
f 1322//2186 1394//2186 1323//2186
f 1394//2187 1395//2187 1323//2187
f 1323//2188 1395//2188 1324//2188
f 1395//2189 1396//2189 1324//2189
f 1324//2190 1396//2190 1325//2190
f 1396//2191 1397//2191 1325//2191
f 1325//2192 1397//2192 1326//2192
f 1397//2193 1398//2193 1326//2193
f 1326//2194 1398//2194 1327//2194
f 1398//2195 1399//2195 1327//2195
f 1327//2196 1399//2196 1328//2196
f 1399//2197 1400//2197 1328//2197
f 1328//2198 1400//2198 1329//2198
f 1400//2199 1401//2199 1329//2199
f 1329//2200 1401//2200 1330//2200
f 1401//2201 1402//2201 1330//2201
f 1330//2202 1402//2202 1331//2202
f 1402//2203 1403//2203 1331//2203
f 1331//2204 1403//2204 1332//2204
f 1403//2205 1404//2205 1332//2205
f 1332//2206 1404//2206 1333//2206
f 1404//2207 1405//2207 1333//2207
f 1333//2208 1405//2208 1334//2208
f 1405//2209 1406//2209 1334//2209
f 1334//2210 1406//2210 1335//2210
f 1406//2211 1407//2211 1335//2211
f 1335//2212 1407//2212 1336//2212
f 1407//2213 1408//2213 1336//2213
f 1336//2214 1408//2214 1337//2214
f 1408//2215 1409//2215 1337//2215
f 1337//2216 1409//2216 1338//2216
f 1409//2217 1410//2217 1338//2217
f 1338//2218 1410//2218 1339//2218
f 1410//2219 1411//2219 1339//2219
f 1339//2220 1411//2220 1340//2220
f 1411//2221 1412//2221 1340//2221
f 1340//2222 1412//2222 1341//2222
f 1412//2223 1413//2223 1341//2223
f 1341//2224 1413//2224 1342//2224
f 1413//2225 1414//2225 1342//2225
f 1342//2226 1414//2226 1343//2226
f 1414//2227 1415//2227 1343//2227
f 1343//2228 1415//2228 1344//2228
f 1415//2229 1416//2229 1344//2229
f 1344//2230 1416//2230 1345//2230
f 1416//2231 1417//2231 1345//2231
f 1345//2232 1417//2232 1346//2232
f 1417//2233 1418//2233 1346//2233
f 1346//2234 1418//2234 1347//2234
f 1418//2235 1419//2235 1347//2235
f 1347//2236 1419//2236 1348//2236
f 1419//2237 1420//2237 1348//2237
f 1348//2238 1420//2238 1349//2238
f 1420//2239 1421//2239 1349//2239
f 1349//2240 1421//2240 1350//2240
f 1421//2241 1422//2241 1350//2241
f 1350//2242 1422//2242 1351//2242
f 1422//2243 1423//2243 1351//2243
f 1351//2244 1423//2244 1352//2244
f 1423//2245 1424//2245 1352//2245
f 1352//2246 1424//2246 1353//2246
f 1424//2247 1425//2247 1353//2247
f 1353//2248 1425//2248 1354//2248
f 1425//2249 1426//2249 1354//2249
f 1354//2250 1426//2250 1355//2250
f 1426//2251 1427//2251 1355//2251
f 1355//2252 1427//2252 1356//2252
f 1427//2253 1428//2253 1356//2253
f 1356//2254 1428//2254 1357//2254
f 1428//2255 1429//2255 1357//2255
f 1357//2256 1429//2256 1358//2256
f 1429//2257 1430//2257 1358//2257
f 1358//2258 1430//2258 1359//2258
f 1430//2259 1431//2259 1359//2259
f 1359//2260 1431//2260 1360//2260
f 1431//2261 1432//2261 1360//2261
f 1360//2262 1432//2262 1361//2262
f 1432//2263 1433//2263 1361//2263
f 1361//2264 1433//2264 1362//2264
f 1433//2265 1434//2265 1362//2265
f 1362//2266 1434//2266 1363//2266
f 1434//2267 1435//2267 1363//2267
f 1363//2268 1435//2268 1364//2268
f 1435//2269 1436//2269 1364//2269
f 1364//2270 1436//2270 1365//2270
f 1436//2271 1437//2271 1365//2271
f 1365//2272 1437//2272 1366//2272
f 1437//2273 1438//2273 1366//2273
f 1366//2274 1438//2274 1367//2274
f 1438//2275 1439//2275 1367//2275
f 1367//2276 1439//2276 1368//2276
f 1439//2277 1440//2277 1368//2277
f 1368//2278 1440//2278 1369//2278
f 1440//2279 1441//2279 1369//2279
f 1369//2280 1441//2280 1370//2280
f 1441//2281 1442//2281 1370//2281
f 1370//2282 1442//2282 1371//2282
f 1442//2283 1443//2283 1371//2283
f 1371//2284 1443//2284 1372//2284
f 1443//2285 1444//2285 1372//2285
f 1372//2286 1444//2286 1373//2286
f 1444//2287 1445//2287 1373//2287
f 1373//2288 1445//2288 1374//2288
f 1445//2289 1446//2289 1374//2289
f 1374//2290 1446//2290 1375//2290
f 1446//2291 1447//2291 1375//2291
f 1375//2292 1447//2292 1376//2292
f 1447//2293 1448//2293 1376//2293
f 1376//2294 1448//2294 1305//2294
f 1448//2295 1377//2295 1305//2295
f 1377//2296 1449//2296 1378//2296
f 1449//2297 1450//2297 1378//2297
f 1378//2298 1450//2298 1379//2298
f 1450//2299 1451//2299 1379//2299
f 1379//2300 1451//2300 1380//2300
f 1451//2301 1452//2301 1380//2301
f 1380//2302 1452//2302 1381//2302
f 1452//2303 1453//2303 1381//2303
f 1381//2304 1453//2304 1382//2304
f 1453//2305 1454//2305 1382//2305
f 1382//2306 1454//2306 1383//2306
f 1454//2307 1455//2307 1383//2307
f 1383//2308 1455//2308 1384//2308
f 1455//2309 1456//2309 1384//2309
f 1384//2310 1456//2310 1385//2310
f 1456//2311 1457//2311 1385//2311
f 1385//2312 1457//2312 1386//2312
f 1457//2313 1458//2313 1386//2313
f 1386//2314 1458//2314 1387//2314
f 1458//2315 1459//2315 1387//2315
f 1387//2316 1459//2316 1388//2316
f 1459//2317 1460//2317 1388//2317
f 1388//2318 1460//2318 1389//2318
f 1460//2319 1461//2319 1389//2319
f 1389//2320 1461//2320 1390//2320
f 1461//2321 1462//2321 1390//2321
f 1390//2322 1462//2322 1391//2322
f 1462//2323 1463//2323 1391//2323
f 1391//2324 1463//2324 1392//2324
f 1463//2325 1464//2325 1392//2325
f 1392//2326 1464//2326 1393//2326
f 1464//2327 1465//2327 1393//2327
f 1393//2328 1465//2328 1394//2328
f 1465//2329 1466//2329 1394//2329
f 1394//2330 1466//2330 1395//2330
f 1466//2331 1467//2331 1395//2331
f 1395//2332 1467//2332 1396//2332
f 1467//2333 1468//2333 1396//2333
f 1396//2334 1468//2334 1397//2334
f 1468//2335 1469//2335 1397//2335
f 1397//2336 1469//2336 1398//2336
f 1469//2337 1470//2337 1398//2337
f 1398//2338 1470//2338 1399//2338
f 1470//2339 1471//2339 1399//2339
f 1399//2340 1471//2340 1400//2340
f 1471//2341 1472//2341 1400//2341
f 1400//2342 1472//2342 1401//2342
f 1472//2343 1473//2343 1401//2343
f 1401//2344 1473//2344 1402//2344
f 1473//2345 1474//2345 1402//2345
f 1402//2346 1474//2346 1403//2346
f 1474//2347 1475//2347 1403//2347
f 1403//2348 1475//2348 1404//2348
f 1475//2349 1476//2349 1404//2349
f 1404//2350 1476//2350 1405//2350
f 1476//2351 1477//2351 1405//2351
f 1405//2352 1477//2352 1406//2352
f 1477//2353 1478//2353 1406//2353
f 1406//2354 1478//2354 1407//2354
f 1478//2355 1479//2355 1407//2355
f 1407//2356 1479//2356 1408//2356
f 1479//2357 1480//2357 1408//2357
f 1408//2358 1480//2358 1409//2358
f 1480//2359 1481//2359 1409//2359
f 1409//2360 1481//2360 1410//2360
f 1481//2361 1482//2361 1410//2361
f 1410//2362 1482//2362 1411//2362
f 1482//2363 1483//2363 1411//2363
f 1411//2364 1483//2364 1412//2364
f 1483//2365 1484//2365 1412//2365
f 1412//2366 1484//2366 1413//2366
f 1484//2367 1485//2367 1413//2367
f 1413//2368 1485//2368 1414//2368
f 1485//2369 1486//2369 1414//2369
f 1414//2370 1486//2370 1415//2370
f 1486//2371 1487//2371 1415//2371
f 1415//2372 1487//2372 1416//2372
f 1487//2373 1488//2373 1416//2373
f 1416//2374 1488//2374 1417//2374
f 1488//2375 1489//2375 1417//2375
f 1417//2376 1489//2376 1418//2376
f 1489//2377 1490//2377 1418//2377
f 1418//2378 1490//2378 1419//2378
f 1490//2379 1491//2379 1419//2379
f 1419//2380 1491//2380 1420//2380
f 1491//2381 1492//2381 1420//2381
f 1420//2382 1492//2382 1421//2382
f 1492//2383 1493//2383 1421//2383
f 1421//2384 1493//2384 1422//2384
f 1493//2385 1494//2385 1422//2385
f 1422//2386 1494//2386 1423//2386
f 1494//2387 1495//2387 1423//2387
f 1423//2388 1495//2388 1424//2388
f 1495//2389 1496//2389 1424//2389
f 1424//2390 1496//2390 1425//2390
f 1496//2391 1497//2391 1425//2391
f 1425//2392 1497//2392 1426//2392
f 1497//2393 1498//2393 1426//2393
f 1426//2394 1498//2394 1427//2394
f 1498//2395 1499//2395 1427//2395
f 1427//2396 1499//2396 1428//2396
f 1499//2397 1500//2397 1428//2397
f 1428//2398 1500//2398 1429//2398
f 1500//2399 1501//2399 1429//2399
f 1429//2400 1501//2400 1430//2400
f 1501//2401 1502//2401 1430//2401
f 1430//2402 1502//2402 1431//2402
f 1502//2403 1503//2403 1431//2403
f 1431//2404 1503//2404 1432//2404
f 1503//2405 1504//2405 1432//2405
f 1432//2406 1504//2406 1433//2406
f 1504//2407 1505//2407 1433//2407
f 1433//2408 1505//2408 1434//2408
f 1505//2409 1506//2409 1434//2409
f 1434//2410 1506//2410 1435//2410
f 1506//2411 1507//2411 1435//2411
f 1435//2412 1507//2412 1436//2412
f 1507//2413 1508//2413 1436//2413
f 1436//2414 1508//2414 1437//2414
f 1508//2415 1509//2415 1437//2415
f 1437//2416 1509//2416 1438//2416
f 1509//2417 1510//2417 1438//2417
f 1438//2418 1510//2418 1439//2418
f 1510//2419 1511//2419 1439//2419
f 1439//2420 1511//2420 1440//2420
f 1511//2421 1512//2421 1440//2421
f 1440//2422 1512//2422 1441//2422
f 1512//2423 1513//2423 1441//2423
f 1441//2424 1513//2424 1442//2424
f 1513//2425 1514//2425 1442//2425
f 1442//2426 1514//2426 1443//2426
f 1514//2427 1515//2427 1443//2427
f 1443//2428 1515//2428 1444//2428
f 1515//2429 1516//2429 1444//2429
f 1444//2430 1516//2430 1445//2430
f 1516//2431 1517//2431 1445//2431
f 1445//2432 1517//2432 1446//2432
f 1517//2433 1518//2433 1446//2433
f 1446//2434 1518//2434 1447//2434
f 1518//2435 1519//2435 1447//2435
f 1447//2436 1519//2436 1448//2436
f 1519//2437 1520//2437 1448//2437
f 1448//2438 1520//2438 1377//2438
f 1520//2439 1449//2439 1377//2439
f 1449//2440 1521//2440 1450//2440
f 1521//2441 1522//2441 1450//2441
f 1450//2442 1522//2442 1451//2442
f 1522//2443 1523//2443 1451//2443
f 1451//2444 1523//2444 1452//2444
f 1523//2445 1524//2445 1452//2445
f 1452//2446 1524//2446 1453//2446
f 1524//2447 1525//2447 1453//2447
f 1453//2448 1525//2448 1454//2448
f 1525//2449 1526//2449 1454//2449
f 1454//2450 1526//2450 1455//2450
f 1526//2451 1527//2451 1455//2451
f 1455//2452 1527//2452 1456//2452
f 1527//2453 1528//2453 1456//2453
f 1456//2454 1528//2454 1457//2454
f 1528//2455 1529//2455 1457//2455
f 1457//2456 1529//2456 1458//2456
f 1529//2457 1530//2457 1458//2457
f 1458//2458 1530//2458 1459//2458
f 1530//2459 1531//2459 1459//2459
f 1459//2460 1531//2460 1460//2460
f 1531//2461 1532//2461 1460//2461
f 1460//2462 1532//2462 1461//2462
f 1532//2463 1533//2463 1461//2463
f 1461//2464 1533//2464 1462//2464
f 1533//2465 1534//2465 1462//2465
f 1462//2466 1534//2466 1463//2466
f 1534//2467 1535//2467 1463//2467
f 1463//2468 1535//2468 1464//2468
f 1535//2469 1536//2469 1464//2469
f 1464//2470 1536//2470 1465//2470
f 1536//2471 1537//2471 1465//2471
f 1465//2472 1537//2472 1466//2472
f 1537//2473 1538//2473 1466//2473
f 1466//2474 1538//2474 1467//2474
f 1538//2475 1539//2475 1467//2475
f 1467//2476 1539//2476 1468//2476
f 1539//2477 1540//2477 1468//2477
f 1468//2478 1540//2478 1469//2478
f 1540//2479 1541//2479 1469//2479
f 1469//2480 1541//2480 1470//2480
f 1541//2481 1542//2481 1470//2481
f 1470//2482 1542//2482 1471//2482
f 1542//2483 1543//2483 1471//2483
f 1471//2484 1543//2484 1472//2484
f 1543//2485 1544//2485 1472//2485
f 1472//2486 1544//2486 1473//2486
f 1544//2487 1545//2487 1473//2487
f 1473//2488 1545//2488 1474//2488
f 1545//2489 1546//2489 1474//2489
f 1474//2490 1546//2490 1475//2490
f 1546//2491 1547//2491 1475//2491
f 1475//2492 1547//2492 1476//2492
f 1547//2493 1548//2493 1476//2493
f 1476//2494 1548//2494 1477//2494
f 1548//2495 1549//2495 1477//2495
f 1477//2496 1549//2496 1478//2496
f 1549//2497 1550//2497 1478//2497
f 1478//2498 1550//2498 1479//2498
f 1550//2499 1551//2499 1479//2499
f 1479//2500 1551//2500 1480//2500
f 1551//2501 1552//2501 1480//2501
f 1480//2502 1552//2502 1481//2502
f 1552//2503 1553//2503 1481//2503
f 1481//2504 1553//2504 1482//2504
f 1553//2505 1554//2505 1482//2505
f 1482//2506 1554//2506 1483//2506
f 1554//2507 1555//2507 1483//2507
f 1483//2508 1555//2508 1484//2508
f 1555//2509 1556//2509 1484//2509
f 1484//2510 1556//2510 1485//2510
f 1556//2511 1557//2511 1485//2511
f 1485//2512 1557//2512 1486//2512
f 1557//2513 1558//2513 1486//2513
f 1486//2514 1558//2514 1487//2514
f 1558//2515 1559//2515 1487//2515
f 1487//2516 1559//2516 1488//2516
f 1559//2517 1560//2517 1488//2517
f 1488//2518 1560//2518 1489//2518
f 1560//2519 1561//2519 1489//2519
f 1489//2520 1561//2520 1490//2520
f 1561//2521 1562//2521 1490//2521
f 1490//2522 1562//2522 1491//2522
f 1562//2523 1563//2523 1491//2523
f 1491//2524 1563//2524 1492//2524
f 1563//2525 1564//2525 1492//2525
f 1492//2526 1564//2526 1493//2526
f 1564//2527 1565//2527 1493//2527
f 1493//2528 1565//2528 1494//2528
f 1565//2529 1566//2529 1494//2529
f 1494//2530 1566//2530 1495//2530
f 1566//2531 1567//2531 1495//2531
f 1495//2532 1567//2532 1496//2532
f 1567//2533 1568//2533 1496//2533
f 1496//2534 1568//2534 1497//2534
f 1568//2535 1569//2535 1497//2535
f 1497//2536 1569//2536 1498//2536
f 1569//2537 1570//2537 1498//2537
f 1498//2538 1570//2538 1499//2538
f 1570//2539 1571//2539 1499//2539
f 1499//2540 1571//2540 1500//2540
f 1571//2541 1572//2541 1500//2541
f 1500//2542 1572//2542 1501//2542
f 1572//2543 1573//2543 1501//2543
f 1501//2544 1573//2544 1502//2544
f 1573//2545 1574//2545 1502//2545
f 1502//2546 1574//2546 1503//2546
f 1574//2547 1575//2547 1503//2547
f 1503//2548 1575//2548 1504//2548
f 1575//2549 1576//2549 1504//2549
f 1504//2550 1576//2550 1505//2550
f 1576//2551 1577//2551 1505//2551
f 1505//2552 1577//2552 1506//2552
f 1577//2553 1578//2553 1506//2553
f 1506//2554 1578//2554 1507//2554
f 1578//2555 1579//2555 1507//2555
f 1507//2556 1579//2556 1508//2556
f 1579//2557 1580//2557 1508//2557
f 1508//2558 1580//2558 1509//2558
f 1580//2559 1581//2559 1509//2559
f 1509//2560 1581//2560 1510//2560
f 1581//2561 1582//2561 1510//2561
f 1510//2562 1582//2562 1511//2562
f 1582//2563 1583//2563 1511//2563
f 1511//2564 1583//2564 1512//2564
f 1583//2565 1584//2565 1512//2565
f 1512//2566 1584//2566 1513//2566
f 1584//2567 1585//2567 1513//2567
f 1513//2568 1585//2568 1514//2568
f 1585//2569 1586//2569 1514//2569
f 1514//2570 1586//2570 1515//2570
f 1586//2571 1587//2571 1515//2571
f 1515//2572 1587//2572 1516//2572
f 1587//2573 1588//2573 1516//2573
f 1516//2574 1588//2574 1517//2574
f 1588//2575 1589//2575 1517//2575
f 1517//2576 1589//2576 1518//2576
f 1589//2577 1590//2577 1518//2577
f 1518//2578 1590//2578 1519//2578
f 1590//2579 1591//2579 1519//2579
f 1519//2580 1591//2580 1520//2580
f 1591//2581 1592//2581 1520//2581
f 1520//2582 1592//2582 1449//2582
f 1592//2583 1521//2583 1449//2583
f 1593//2584 1594//2584 1595//2584
f 1594//2584 1596//2584 1595//2584
f 1597//2585 1583//2585 1582//2585
f 1530//2586 1598//2586 1531//2586
f 1598//2587 1532//2587 1531//2587
f 1595//2588 1591//2588 1590//2588
f 1526//2589 1525//2589 1596//2589
f 1525//2590 1524//2590 1596//2590
f 1596//2591 1524//2591 1523//2591
f 1590//2592 1589//2592 1595//2592
f 1589//2593 1588//2593 1595//2593
f 1595//2594 1588//2594 1587//2594
f 1530//2595 1529//2595 1598//2595
f 1529//2596 1528//2596 1598//2596
f 1598//2597 1528//2597 1596//2597
f 1528//2598 1527//2598 1596//2598
f 1596//2599 1527//2599 1526//2599
f 1523//2600 1522//2600 1596//2600
f 1522//2601 1521//2601 1596//2601
f 1596//2602 1521//2602 1595//2602
f 1521//2603 1592//2603 1595//2603
f 1595//2604 1592//2604 1591//2604
f 1587//2605 1586//2605 1595//2605
f 1586//2606 1585//2606 1595//2606
f 1595//2607 1585//2607 1597//2607
f 1585//2608 1584//2608 1597//2608
f 1597//2609 1584//2609 1583//2609
f 1555//2610 1599//2610 1556//2610
f 1599//2611 1600//2611 1556//2611
f 1556//2612 1600//2612 1557//2612
f 1600//2613 1601//2613 1557//2613
f 1557//2614 1601//2614 1558//2614
f 1601//2615 1602//2615 1558//2615
f 1558//2616 1602//2616 1559//2616
f 1602//2617 1603//2617 1559//2617
f 1559//2618 1603//2618 1560//2618
f 1603//2619 1604//2619 1560//2619
f 1560//2620 1604//2620 1561//2620
f 1604//2621 1605//2621 1561//2621
f 1561//2622 1605//2622 1562//2622
f 1605//2623 1606//2623 1562//2623
f 1562//2624 1606//2624 1563//2624
f 1606//2625 1607//2625 1563//2625
f 1563//2626 1607//2626 1564//2626
f 1607//2627 1608//2627 1564//2627
f 1564//2628 1608//2628 1565//2628
f 1608//2629 1609//2629 1565//2629
f 1565//2630 1609//2630 1566//2630
f 1609//2631 1610//2631 1566//2631
f 1566//2632 1610//2632 1567//2632
f 1610//2633 1611//2633 1567//2633
f 1567//2634 1611//2634 1568//2634
f 1611//2635 1612//2635 1568//2635
f 1568//2636 1612//2636 1569//2636
f 1612//2637 1613//2637 1569//2637
f 1569//2638 1613//2638 1570//2638
f 1613//2639 1614//2639 1570//2639
f 1570//2640 1614//2640 1571//2640
f 1614//2641 1615//2641 1571//2641
f 1571//2642 1615//2642 1572//2642
f 1615//2643 1616//2643 1572//2643
f 1572//2644 1616//2644 1573//2644
f 1616//2645 1617//2645 1573//2645
f 1573//2646 1617//2646 1574//2646
f 1617//2647 1618//2647 1574//2647
f 1574//2648 1618//2648 1575//2648
f 1618//2649 1619//2649 1575//2649
f 1575//2650 1619//2650 1576//2650
f 1619//2651 1620//2651 1576//2651
f 1576//2652 1620//2652 1577//2652
f 1620//2653 1621//2653 1577//2653
f 1577//2654 1621//2654 1578//2654
f 1621//2655 1622//2655 1578//2655
f 1578//2656 1622//2656 1579//2656
f 1622//2657 1623//2657 1579//2657
f 1579//2658 1623//2658 1580//2658
f 1623//2659 1597//2659 1580//2659
f 1580//2660 1597//2660 1581//2660
f 1597//2661 1582//2661 1581//2661
f 1532//2662 1598//2662 1533//2662
f 1598//2663 1624//2663 1533//2663
f 1533//2664 1624//2664 1534//2664
f 1624//2665 1625//2665 1534//2665
f 1534//2666 1625//2666 1535//2666
f 1625//2667 1626//2667 1535//2667
f 1535//2668 1626//2668 1536//2668
f 1626//2669 1627//2669 1536//2669
f 1536//2670 1627//2670 1537//2670
f 1627//2671 1628//2671 1537//2671
f 1537//2672 1628//2672 1538//2672
f 1628//2673 1629//2673 1538//2673
f 1538//2674 1629//2674 1539//2674
f 1629//2675 1630//2675 1539//2675
f 1539//2676 1630//2676 1540//2676
f 1630//2677 1631//2677 1540//2677
f 1540//2678 1631//2678 1541//2678
f 1631//2679 1632//2679 1541//2679
f 1541//2680 1632//2680 1542//2680
f 1632//2681 1633//2681 1542//2681
f 1542//2682 1633//2682 1543//2682
f 1633//2683 1634//2683 1543//2683
f 1543//2684 1634//2684 1544//2684
f 1634//2685 1635//2685 1544//2685
f 1544//2686 1635//2686 1545//2686
f 1635//2687 1636//2687 1545//2687
f 1545//2688 1636//2688 1546//2688
f 1636//2689 1637//2689 1546//2689
f 1546//2690 1637//2690 1547//2690
f 1637//2691 1638//2691 1547//2691
f 1547//2692 1638//2692 1548//2692
f 1638//2693 1639//2693 1548//2693
f 1548//2694 1639//2694 1549//2694
f 1639//2695 1640//2695 1549//2695
f 1549//2696 1640//2696 1550//2696
f 1640//2697 1641//2697 1550//2697
f 1550//2698 1641//2698 1551//2698
f 1641//2699 1642//2699 1551//2699
f 1551//2700 1642//2700 1552//2700
f 1642//2701 1643//2701 1552//2701
f 1552//2702 1643//2702 1553//2702
f 1643//2703 1644//2703 1553//2703
f 1553//2704 1644//2704 1554//2704
f 1644//2705 1645//2705 1554//2705
f 1554//2706 1645//2706 1555//2706
f 1645//2707 1646//2707 1555//2707
f 1555//2708 1646//2708 1599//2708
f 579//2709 581//2709 1647//2709
f 581//2710 1648//2710 1647//2710
f 1647//2711 1648//2711 1649//2711
f 1648//2711 1650//2711 1649//2711
f 457//2712 459//2712 1651//2712
f 571//2713 573//2713 1647//2713
f 581//2714 583//2714 1648//2714
f 583//2715 441//2715 1648//2715
f 1648//2716 441//2716 443//2716
f 443//2717 445//2717 1648//2717
f 445//2718 447//2718 1648//2718
f 1648//2719 447//2719 449//2719
f 559//2720 561//2720 1652//2720
f 561//2721 563//2721 1652//2721
f 573//2722 575//2722 1647//2722
f 575//2723 577//2723 1647//2723
f 1647//2724 577//2724 579//2724
f 449//2725 451//2725 1648//2725
f 451//2726 453//2726 1648//2726
f 1648//2727 453//2727 1651//2727
f 453//2728 455//2728 1651//2728
f 1651//2729 455//2729 457//2729
f 511//2730 1653//2730 509//2730
f 1653//2731 1654//2731 509//2731
f 509//2732 1654//2732 507//2732
f 1654//2733 1655//2733 507//2733
f 507//2734 1655//2734 505//2734
f 1655//2735 1656//2735 505//2735
f 505//2736 1656//2736 503//2736
f 1656//2737 1657//2737 503//2737
f 503//2738 1657//2738 501//2738
f 1657//2739 1658//2739 501//2739
f 501//2740 1658//2740 499//2740
f 1658//2741 1659//2741 499//2741
f 499//2742 1659//2742 497//2742
f 1659//2743 1660//2743 497//2743
f 497//2744 1660//2744 495//2744
f 1660//2745 1661//2745 495//2745
f 495//2746 1661//2746 493//2746
f 1661//2747 1662//2747 493//2747
f 493//2748 1662//2748 491//2748
f 1662//2749 1663//2749 491//2749
f 491//2750 1663//2750 489//2750
f 1663//2751 1664//2751 489//2751
f 489//2752 1664//2752 487//2752
f 1664//2753 1665//2753 487//2753
f 487//2754 1665//2754 485//2754
f 1665//2755 1666//2755 485//2755
f 485//2756 1666//2756 483//2756
f 1666//2757 1667//2757 483//2757
f 483//2758 1667//2758 481//2758
f 1667//2759 1668//2759 481//2759
f 481//2760 1668//2760 479//2760
f 1668//2761 1669//2761 479//2761
f 479//2762 1669//2762 477//2762
f 1669//2763 1670//2763 477//2763
f 477//2764 1670//2764 475//2764
f 1670//2765 1671//2765 475//2765
f 475//2766 1671//2766 473//2766
f 1671//2767 1672//2767 473//2767
f 473//2768 1672//2768 471//2768
f 1672//2769 1673//2769 471//2769
f 471//2770 1673//2770 469//2770
f 1673//2771 1674//2771 469//2771
f 469//2772 1674//2772 467//2772
f 1674//2773 1675//2773 467//2773
f 467//2774 1675//2774 465//2774
f 1675//2775 1676//2775 465//2775
f 465//2776 1676//2776 463//2776
f 1676//2777 1651//2777 463//2777
f 463//2778 1651//2778 461//2778
f 1651//2779 459//2779 461//2779
f 563//2780 565//2780 1652//2780
f 565//2781 567//2781 1652//2781
f 1652//2782 567//2782 1647//2782
f 567//2783 569//2783 1647//2783
f 1647//2784 569//2784 571//2784
f 559//2785 1652//2785 557//2785
f 1652//2786 1677//2786 557//2786
f 557//2787 1677//2787 555//2787
f 1677//2788 1678//2788 555//2788
f 555//2789 1678//2789 553//2789
f 1678//2790 1679//2790 553//2790
f 553//2791 1679//2791 551//2791
f 1679//2792 1680//2792 551//2792
f 551//2793 1680//2793 549//2793
f 1680//2794 1681//2794 549//2794
f 549//2795 1681//2795 547//2795
f 1681//2796 1682//2796 547//2796
f 547//2797 1682//2797 545//2797
f 1682//2798 1683//2798 545//2798
f 545//2799 1683//2799 543//2799
f 1683//2800 1684//2800 543//2800
f 543//2801 1684//2801 541//2801
f 1684//2802 1685//2802 541//2802
f 541//2803 1685//2803 539//2803
f 1685//2804 1686//2804 539//2804
f 539//2805 1686//2805 537//2805
f 1686//2806 1687//2806 537//2806
f 537//2807 1687//2807 535//2807
f 1687//2808 1688//2808 535//2808
f 535//2809 1688//2809 533//2809
f 1688//2810 1689//2810 533//2810
f 533//2811 1689//2811 531//2811
f 1689//2812 1690//2812 531//2812
f 531//2813 1690//2813 529//2813
f 1690//2814 1691//2814 529//2814
f 529//2815 1691//2815 527//2815
f 1691//2816 1692//2816 527//2816
f 527//2817 1692//2817 525//2817
f 1692//2818 1693//2818 525//2818
f 525//2819 1693//2819 523//2819
f 1693//2820 1694//2820 523//2820
f 523//2821 1694//2821 521//2821
f 1694//2822 1695//2822 521//2822
f 521//2823 1695//2823 519//2823
f 1695//2824 1696//2824 519//2824
f 519//2825 1696//2825 517//2825
f 1696//2826 1697//2826 517//2826
f 517//2827 1697//2827 515//2827
f 1697//2828 1698//2828 515//2828
f 515//2829 1698//2829 513//2829
f 1698//2830 1699//2830 513//2830
f 513//2831 1699//2831 511//2831
f 1699//2832 1700//2832 511//2832
f 511//2833 1700//2833 1653//2833
f 1648//2834 1651//2834 1596//2834
f 1651//2835 1598//2835 1596//2835
f 1652//2836 1597//2836 1623//2836
f 1652//2837 1623//2837 1677//2837
f 1623//2838 1622//2838 1677//2838
f 1677//2839 1622//2839 1678//2839
f 1622//2840 1621//2840 1678//2840
f 1678//2841 1621//2841 1679//2841
f 1621//2842 1620//2842 1679//2842
f 1679//2843 1620//2843 1680//2843
f 1620//2844 1619//2844 1680//2844
f 1680//2845 1619//2845 1681//2845
f 1619//2846 1618//2846 1681//2846
f 1681//2847 1618//2847 1682//2847
f 1618//2848 1617//2848 1682//2848
f 1682//2849 1617//2849 1683//2849
f 1617//2850 1616//2850 1683//2850
f 1683//2851 1616//2851 1684//2851
f 1616//2852 1615//2852 1684//2852
f 1684//2853 1615//2853 1685//2853
f 1615//2854 1614//2854 1685//2854
f 1685//2855 1614//2855 1686//2855
f 1614//2856 1613//2856 1686//2856
f 1686//2857 1613//2857 1687//2857
f 1613//2858 1612//2858 1687//2858
f 1687//2859 1612//2859 1688//2859
f 1612//2860 1611//2860 1688//2860
f 1688//2861 1611//2861 1689//2861
f 1611//2862 1610//2862 1689//2862
f 1689//2863 1610//2863 1690//2863
f 1610//2864 1609//2864 1690//2864
f 1690//2865 1609//2865 1691//2865
f 1609//2866 1608//2866 1691//2866
f 1691//2867 1608//2867 1692//2867
f 1608//2868 1607//2868 1692//2868
f 1692//2869 1607//2869 1693//2869
f 1607//2870 1606//2870 1693//2870
f 1693//2871 1606//2871 1694//2871
f 1606//2872 1605//2872 1694//2872
f 1694//2873 1605//2873 1695//2873
f 1605//2874 1604//2874 1695//2874
f 1695//2875 1604//2875 1696//2875
f 1604//2876 1603//2876 1696//2876
f 1696//2877 1603//2877 1697//2877
f 1603//2878 1602//2878 1697//2878
f 1697//2879 1602//2879 1698//2879
f 1602//2880 1601//2880 1698//2880
f 1698//2881 1601//2881 1699//2881
f 1601//2882 1600//2882 1699//2882
f 1699//2883 1600//2883 1700//2883
f 1600//149 1599//149 1700//149
f 1700//149 1599//149 1653//149
f 1599//2884 1646//2884 1653//2884
f 1653//2885 1646//2885 1654//2885
f 1646//2886 1645//2886 1654//2886
f 1654//2887 1645//2887 1655//2887
f 1645//2888 1644//2888 1655//2888
f 1655//2889 1644//2889 1656//2889
f 1644//2890 1643//2890 1656//2890
f 1656//2891 1643//2891 1657//2891
f 1643//2892 1642//2892 1657//2892
f 1657//2893 1642//2893 1658//2893
f 1642//2894 1641//2894 1658//2894
f 1658//2895 1641//2895 1659//2895
f 1641//2896 1640//2896 1659//2896
f 1659//2897 1640//2897 1660//2897
f 1640//2898 1639//2898 1660//2898
f 1660//2899 1639//2899 1661//2899
f 1639//2900 1638//2900 1661//2900
f 1661//2901 1638//2901 1662//2901
f 1638//2902 1637//2902 1662//2902
f 1662//2903 1637//2903 1663//2903
f 1637//2904 1636//2904 1663//2904
f 1663//2905 1636//2905 1664//2905
f 1636//2906 1635//2906 1664//2906
f 1664//2907 1635//2907 1665//2907
f 1635//2908 1634//2908 1665//2908
f 1665//2909 1634//2909 1666//2909
f 1634//2910 1633//2910 1666//2910
f 1666//2911 1633//2911 1667//2911
f 1633//2912 1632//2912 1667//2912
f 1667//2913 1632//2913 1668//2913
f 1632//2914 1631//2914 1668//2914
f 1668//2915 1631//2915 1669//2915
f 1631//2916 1630//2916 1669//2916
f 1669//2917 1630//2917 1670//2917
f 1630//2918 1629//2918 1670//2918
f 1670//2919 1629//2919 1671//2919
f 1629//2920 1628//2920 1671//2920
f 1671//2921 1628//2921 1672//2921
f 1628//2922 1627//2922 1672//2922
f 1672//2923 1627//2923 1673//2923
f 1627//2924 1626//2924 1673//2924
f 1673//2925 1626//2925 1674//2925
f 1626//2926 1625//2926 1674//2926
f 1674//2927 1625//2927 1675//2927
f 1625//2928 1624//2928 1675//2928
f 1675//2929 1624//2929 1676//2929
f 1624//2930 1598//2930 1676//2930
f 1676//2931 1598//2931 1651//2931
f 1652//2932 1647//2932 1597//2932
f 1647//2933 1595//2933 1597//2933
f 1593//2934 1595//2934 432//2934
f 1595//2935 1647//2935 432//2935
f 432//2936 1647//2936 1649//2936
f 328//373 330//373 1594//373
f 1593//373 432//373 434//373
f 434//373 436//373 1593//373
f 436//373 438//373 1593//373
f 1593//373 438//373 440//373
f 354//373 356//373 1594//373
f 356//373 358//373 1594//373
f 1594//373 358//373 360//373
f 440//373 298//373 1593//373
f 298//373 300//373 1593//373
f 1593//373 300//373 302//373
f 302//373 304//373 1593//373
f 304//373 306//373 1593//373
f 1593//373 306//373 308//373
f 308//373 310//373 1593//373
f 310//373 312//373 1593//373
f 1593//373 312//373 314//373
f 314//373 316//373 1593//373
f 316//373 318//373 1593//373
f 1593//373 318//373 320//373
f 330//373 332//373 1594//373
f 332//373 334//373 1594//373
f 1594//373 334//373 336//373
f 336//373 338//373 1594//373
f 338//373 340//373 1594//373
f 1594//373 340//373 342//373
f 342//373 344//373 1594//373
f 344//373 346//373 1594//373
f 1594//373 346//373 348//373
f 348//373 350//373 1594//373
f 350//373 352//373 1594//373
f 1594//373 352//373 354//373
f 320//373 322//373 1593//373
f 322//373 324//373 1593//373
f 1593//373 324//373 1594//373
f 324//373 326//373 1594//373
f 1594//373 326//373 328//373
f 1701//2937 1702//2937 1703//2937
f 1702//2938 1704//2938 1703//2938
f 1650//373 360//373 362//373
f 362//373 364//373 1650//373
f 364//373 366//373 1650//373
f 1650//373 366//373 368//373
f 432//373 1649//373 430//373
f 1649//373 428//373 430//373
f 368//373 370//373 1650//373
f 370//373 372//373 1650//373
f 1650//373 372//373 374//373
f 422//373 424//373 1649//373
f 424//373 426//373 1649//373
f 1649//373 426//373 428//373
f 374//373 376//373 1650//373
f 376//373 378//373 1650//373
f 1650//373 378//373 380//373
f 1649//373 414//373 416//373
f 380//373 382//373 1650//373
f 382//373 384//373 1650//373
f 1650//373 384//373 386//373
f 416//373 418//373 1649//373
f 418//373 420//373 1649//373
f 1649//373 420//373 422//373
f 386//373 388//373 1650//373
f 388//373 390//373 1650//373
f 1650//373 390//373 392//373
f 1649//373 400//373 402//373
f 402//373 404//373 1649//373
f 404//373 406//373 1649//373
f 1649//373 406//373 408//373
f 392//373 394//373 1650//373
f 394//373 396//373 1650//373
f 1650//373 396//373 1649//373
f 396//373 398//373 1649//373
f 1649//373 398//373 400//373
f 408//373 410//373 1649//373
f 410//373 412//373 1649//373
f 1649//373 412//373 414//373
f 1705//2939 1704//2939 1706//2939
f 1704//2940 1702//2940 1706//2940
f 1706//2941 1702//2941 1707//2941
f 1706//149 1708//149 1705//149
f 1708//149 1709//149 1705//149
f 1705//149 1709//149 1710//149
f 1711//149 1712//149 1705//149
f 1712//149 1713//149 1705//149
f 1713//149 1714//149 1705//149
f 1705//149 1714//149 1715//149
f 1710//149 1716//149 1705//149
f 1716//149 1717//149 1705//149
f 1705//149 1717//149 1718//149
f 1719//149 1720//149 1721//149
f 1720//149 1722//149 1721//149
f 1721//149 1722//149 1723//149
f 1723//149 1724//149 1721//149
f 1724//149 1725//149 1721//149
f 1721//149 1725//149 1726//149
f 1718//149 1727//149 1705//149
f 1727//149 1728//149 1705//149
f 1705//149 1728//149 1711//149
f 1715//149 1729//149 1705//149
f 1729//149 1730//149 1705//149
f 1705//149 1730//149 1731//149
f 1732//149 1733//149 1721//149
f 1733//149 1734//149 1721//149
f 1734//149 1735//149 1721//149
f 1721//149 1735//149 1736//149
f 1736//149 1737//149 1721//149
f 1737//149 1738//149 1721//149
f 1721//149 1738//149 1739//149
f 1739//149 1740//149 1721//149
f 1740//149 1741//149 1721//149
f 1721//149 1741//149 1719//149
f 1731//149 1742//149 1705//149
f 1742//149 1743//149 1705//149
f 1705//149 1743//149 1721//149
f 1743//149 1744//149 1721//149
f 1721//149 1744//149 1732//149
f 1745//2942 1746//2942 1708//2942
f 1746//2943 1747//2943 1708//2943
f 1708//2943 1747//2943 1709//2943
f 1747//2944 1748//2944 1709//2944
f 1709//2944 1748//2944 1710//2944
f 1748//2945 1749//2945 1710//2945
f 1710//2945 1749//2945 1716//2945
f 1749//2946 1750//2946 1716//2946
f 1716//2946 1750//2946 1717//2946
f 1750//2947 1751//2947 1717//2947
f 1717//2947 1751//2947 1718//2947
f 1751//2948 1752//2948 1718//2948
f 1718//2948 1752//2948 1727//2948
f 1752//2949 1753//2949 1727//2949
f 1727//2949 1753//2949 1728//2949
f 1753//2950 1754//2950 1728//2950
f 1728//2950 1754//2950 1711//2950
f 1754//2951 1755//2951 1711//2951
f 1711//2951 1755//2951 1712//2951
f 1755//2952 1756//2952 1712//2952
f 1712//2952 1756//2952 1713//2952
f 1756//2953 1757//2953 1713//2953
f 1713//2953 1757//2953 1714//2953
f 1757//2954 1758//2954 1714//2954
f 1714//2954 1758//2954 1715//2954
f 1758//2955 1759//2955 1715//2955
f 1715//2955 1759//2955 1729//2955
f 1759//2956 1760//2956 1729//2956
f 1729//2956 1760//2956 1730//2956
f 1760//2957 1761//2957 1730//2957
f 1730//2957 1761//2957 1731//2957
f 1761//2958 1762//2958 1731//2958
f 1731//2958 1762//2958 1742//2958
f 1762//2959 1763//2959 1742//2959
f 1742//2959 1763//2959 1743//2959
f 1763//2960 1764//2960 1743//2960
f 1743//2960 1764//2960 1744//2960
f 1764//2961 1765//2961 1744//2961
f 1744//2961 1765//2961 1732//2961
f 1765//2962 1766//2962 1732//2962
f 1732//2962 1766//2962 1733//2962
f 1766//2963 1767//2963 1733//2963
f 1733//2963 1767//2963 1734//2963
f 1767//2964 1768//2964 1734//2964
f 1734//2964 1768//2964 1735//2964
f 1768//2965 1769//2965 1735//2965
f 1735//2965 1769//2965 1736//2965
f 1769//2966 1770//2966 1736//2966
f 1736//2966 1770//2966 1737//2966
f 1770//2967 1771//2967 1737//2967
f 1737//2967 1771//2967 1738//2967
f 1771//2968 1772//2968 1738//2968
f 1738//2968 1772//2968 1739//2968
f 1772//2969 1773//2969 1739//2969
f 1739//2969 1773//2969 1740//2969
f 1773//2970 1774//2970 1740//2970
f 1740//2970 1774//2970 1741//2970
f 1774//2971 1775//2971 1741//2971
f 1741//2971 1775//2971 1719//2971
f 1775//2972 1776//2972 1719//2972
f 1719//2972 1776//2972 1720//2972
f 1776//2973 1777//2973 1720//2973
f 1720//2973 1777//2973 1722//2973
f 1777//2974 1778//2974 1722//2974
f 1722//2974 1778//2974 1723//2974
f 1778//2975 1779//2975 1723//2975
f 1723//2975 1779//2975 1724//2975
f 1779//2976 1780//2976 1724//2976
f 1724//2976 1780//2976 1725//2976
f 1780//2977 1781//2977 1725//2977
f 1725//2977 1781//2977 1726//2977
f 1781//2978 1782//2978 1726//2978
f 1726//2978 1782//2978 1783//2978
f 1782//2979 1784//2979 1783//2979
f 1783//2979 1784//2979 1785//2979
f 1784//2980 1786//2980 1785//2980
f 1785//2980 1786//2980 1787//2980
f 1786//2981 1788//2981 1787//2981
f 1787//2981 1788//2981 1789//2981
f 1788//2982 1790//2982 1789//2982
f 1789//2982 1790//2982 1791//2982
f 1790//2983 1792//2983 1791//2983
f 1791//2983 1792//2983 1793//2983
f 1792//2984 1794//2984 1793//2984
f 1793//2984 1794//2984 1795//2984
f 1794//2985 1796//2985 1795//2985
f 1795//2985 1796//2985 1797//2985
f 1796//2986 1798//2986 1797//2986
f 1797//2986 1798//2986 1799//2986
f 1798//2987 1800//2987 1799//2987
f 1799//2987 1800//2987 1801//2987
f 1800//2988 1802//2988 1801//2988
f 1801//2988 1802//2988 1803//2988
f 1802//2989 1804//2989 1803//2989
f 1803//2989 1804//2989 1805//2989
f 1804//2990 1806//2990 1805//2990
f 1805//2990 1806//2990 1807//2990
f 1806//2991 1808//2991 1807//2991
f 1807//2991 1808//2991 1809//2991
f 1808//2992 1810//2992 1809//2992
f 1809//2992 1810//2992 1811//2992
f 1810//2993 1812//2993 1811//2993
f 1811//2993 1812//2993 1813//2993
f 1812//2994 1814//2994 1813//2994
f 1813//2994 1814//2994 1815//2994
f 1814//2995 1816//2995 1815//2995
f 1815//2995 1816//2995 1817//2995
f 1816//2996 1818//2996 1817//2996
f 1817//2996 1818//2996 1819//2996
f 1818//2997 1820//2997 1819//2997
f 1819//2997 1820//2997 1821//2997
f 1820//2998 1822//2998 1821//2998
f 1821//2998 1822//2998 1823//2998
f 1822//2999 1824//2999 1823//2999
f 1823//2999 1824//2999 1825//2999
f 1824//3000 1826//3000 1825//3000
f 1825//3000 1826//3000 1827//3000
f 1826//3001 1828//3001 1827//3001
f 1827//3001 1828//3001 1829//3001
f 1828//3002 1830//3002 1829//3002
f 1829//3002 1830//3002 1831//3002
f 1830//3003 1832//3003 1831//3003
f 1831//3003 1832//3003 1833//3003
f 1832//3004 1834//3004 1833//3004
f 1833//3004 1834//3004 1835//3004
f 1834//3005 1836//3005 1835//3005
f 1835//3005 1836//3005 1837//3005
f 1836//3006 1838//3006 1837//3006
f 1837//3006 1838//3006 1839//3006
f 1838//3007 1840//3007 1839//3007
f 1839//3007 1840//3007 1841//3007
f 1840//3008 1842//3008 1841//3008
f 1841//3008 1842//3008 1843//3008
f 1842//3009 1844//3009 1843//3009
f 1843//3009 1844//3009 1845//3009
f 1844//3010 1846//3010 1845//3010
f 1845//3010 1846//3010 1847//3010
f 1846//3011 1848//3011 1847//3011
f 1847//3011 1848//3011 1849//3011
f 1848//3012 1850//3012 1849//3012
f 1849//3012 1850//3012 1851//3012
f 1850//3013 1852//3013 1851//3013
f 1851//3013 1852//3013 1706//3013
f 1852//3014 1745//3014 1706//3014
f 1706//3015 1745//3015 1708//3015
f 1853//3016 1854//3016 1726//3016
f 1854//3017 1855//3017 1726//3017
f 1726//3018 1855//3018 1721//3018
f 1785//149 1853//149 1783//149
f 1853//149 1726//149 1783//149
f 1847//149 1849//149 1707//149
f 1849//149 1851//149 1707//149
f 1707//149 1851//149 1706//149
f 1811//149 1813//149 1853//149
f 1853//149 1803//149 1805//149
f 1813//149 1815//149 1853//149
f 1815//149 1817//149 1853//149
f 1853//149 1817//149 1707//149
f 1785//149 1787//149 1853//149
f 1787//149 1789//149 1853//149
f 1853//149 1789//149 1791//149
f 1805//149 1807//149 1853//149
f 1807//149 1809//149 1853//149
f 1853//149 1809//149 1811//149
f 1817//149 1819//149 1707//149
f 1819//149 1821//149 1707//149
f 1707//149 1821//149 1823//149
f 1823//149 1825//149 1707//149
f 1825//149 1827//149 1707//149
f 1707//149 1827//149 1829//149
f 1829//149 1831//149 1707//149
f 1831//149 1833//149 1707//149
f 1707//149 1833//149 1835//149
f 1835//149 1837//149 1707//149
f 1837//149 1839//149 1707//149
f 1707//149 1839//149 1841//149
f 1841//149 1843//149 1707//149
f 1843//149 1845//149 1707//149
f 1707//149 1845//149 1847//149
f 1791//149 1793//149 1853//149
f 1793//149 1795//149 1853//149
f 1853//149 1795//149 1797//149
f 1797//149 1799//149 1853//149
f 1799//149 1801//149 1853//149
f 1853//149 1801//149 1803//149
f 1747//373 1746//373 1856//373
f 1746//373 1745//373 1856//373
f 1856//373 1745//373 1857//373
f 1745//373 1852//373 1857//373
f 1857//373 1852//373 1858//373
f 1852//373 1850//373 1858//373
f 1858//373 1850//373 1859//373
f 1850//373 1848//373 1859//373
f 1859//373 1848//373 1860//373
f 1848//373 1846//373 1860//373
f 1860//373 1846//373 1861//373
f 1846//373 1844//373 1861//373
f 1861//373 1844//373 1862//373
f 1844//373 1842//373 1862//373
f 1862//373 1842//373 1863//373
f 1842//373 1840//373 1863//373
f 1863//373 1840//373 1864//373
f 1840//373 1838//373 1864//373
f 1864//373 1838//373 1865//373
f 1838//373 1836//373 1865//373
f 1865//373 1836//373 1866//373
f 1836//373 1834//373 1866//373
f 1866//373 1834//373 1867//373
f 1834//373 1832//373 1867//373
f 1867//373 1832//373 1868//373
f 1832//373 1830//373 1868//373
f 1868//373 1830//373 1869//373
f 1830//373 1828//373 1869//373
f 1869//373 1828//373 1870//373
f 1828//373 1826//373 1870//373
f 1870//373 1826//373 1871//373
f 1826//373 1824//373 1871//373
f 1871//373 1824//373 1872//373
f 1824//373 1822//373 1872//373
f 1872//373 1822//373 1873//373
f 1822//373 1820//373 1873//373
f 1873//373 1820//373 1874//373
f 1820//373 1818//373 1874//373
f 1874//373 1818//373 1875//373
f 1818//373 1816//373 1875//373
f 1875//373 1816//373 1876//373
f 1816//373 1814//373 1876//373
f 1876//373 1814//373 1877//373
f 1814//373 1812//373 1877//373
f 1877//373 1812//373 1878//373
f 1812//373 1810//373 1878//373
f 1878//373 1810//373 1879//373
f 1810//373 1808//373 1879//373
f 1879//373 1808//373 1880//373
f 1808//373 1806//373 1880//373
f 1880//373 1806//373 1881//373
f 1806//373 1804//373 1881//373
f 1881//373 1804//373 1882//373
f 1804//373 1802//373 1882//373
f 1882//373 1802//373 1883//373
f 1802//373 1800//373 1883//373
f 1883//373 1800//373 1884//373
f 1800//373 1798//373 1884//373
f 1884//373 1798//373 1885//373
f 1798//373 1796//373 1885//373
f 1885//373 1796//373 1886//373
f 1796//373 1794//373 1886//373
f 1886//373 1794//373 1887//373
f 1794//373 1792//373 1887//373
f 1887//373 1792//373 1888//373
f 1792//373 1790//373 1888//373
f 1888//373 1790//373 1889//373
f 1790//373 1788//373 1889//373
f 1889//373 1788//373 1890//373
f 1788//373 1786//373 1890//373
f 1890//373 1786//373 1891//373
f 1786//373 1784//373 1891//373
f 1891//373 1784//373 1892//373
f 1784//373 1782//373 1892//373
f 1892//373 1782//373 1893//373
f 1782//373 1781//373 1893//373
f 1893//373 1781//373 1894//373
f 1781//373 1780//373 1894//373
f 1894//373 1780//373 1895//373
f 1780//373 1779//373 1895//373
f 1895//373 1779//373 1896//373
f 1779//373 1778//373 1896//373
f 1896//373 1778//373 1897//373
f 1778//373 1777//373 1897//373
f 1897//373 1777//373 1898//373
f 1777//373 1776//373 1898//373
f 1898//373 1776//373 1899//373
f 1776//373 1775//373 1899//373
f 1899//373 1775//373 1900//373
f 1775//373 1774//373 1900//373
f 1900//373 1774//373 1901//373
f 1774//373 1773//373 1901//373
f 1901//373 1773//373 1902//373
f 1773//373 1772//373 1902//373
f 1902//373 1772//373 1903//373
f 1772//373 1771//373 1903//373
f 1903//373 1771//373 1904//373
f 1771//373 1770//373 1904//373
f 1904//373 1770//373 1905//373
f 1770//373 1769//373 1905//373
f 1905//373 1769//373 1906//373
f 1769//373 1768//373 1906//373
f 1906//373 1768//373 1907//373
f 1768//373 1767//373 1907//373
f 1907//373 1767//373 1908//373
f 1767//373 1766//373 1908//373
f 1908//373 1766//373 1909//373
f 1766//373 1765//373 1909//373
f 1909//373 1765//373 1910//373
f 1765//373 1764//373 1910//373
f 1910//373 1764//373 1911//373
f 1764//373 1763//373 1911//373
f 1911//373 1763//373 1912//373
f 1763//373 1762//373 1912//373
f 1912//373 1762//373 1913//373
f 1762//373 1761//373 1913//373
f 1913//373 1761//373 1914//373
f 1761//373 1760//373 1914//373
f 1914//373 1760//373 1915//373
f 1760//373 1759//373 1915//373
f 1915//373 1759//373 1916//373
f 1759//373 1758//373 1916//373
f 1916//373 1758//373 1917//373
f 1758//373 1757//373 1917//373
f 1917//373 1757//373 1918//373
f 1757//373 1756//373 1918//373
f 1918//373 1756//373 1919//373
f 1756//373 1755//373 1919//373
f 1919//373 1755//373 1920//373
f 1755//373 1754//373 1920//373
f 1920//373 1754//373 1921//373
f 1754//373 1753//373 1921//373
f 1921//373 1753//373 1922//373
f 1753//373 1752//373 1922//373
f 1922//373 1752//373 1923//373
f 1752//373 1751//373 1923//373
f 1923//373 1751//373 1924//373
f 1751//373 1750//373 1924//373
f 1924//373 1750//373 1925//373
f 1750//373 1749//373 1925//373
f 1925//373 1749//373 1926//373
f 1749//373 1748//373 1926//373
f 1926//373 1748//373 1927//373
f 1748//373 1747//373 1927//373
f 1927//373 1747//373 1856//373
f 1701//3019 1703//3019 1928//3019
f 1701//3020 1928//3020 1929//3020
f 1928//3021 1930//3021 1929//3021
f 1929//3022 1930//3022 1931//3022
f 1930//3023 1932//3023 1931//3023
f 1931//3023 1932//3023 1933//3023
f 1932//3024 1934//3024 1933//3024
f 1933//3024 1934//3024 1935//3024
f 1934//3025 1936//3025 1935//3025
f 1935//3025 1936//3025 1937//3025
f 1936//3026 1938//3026 1937//3026
f 1937//3026 1938//3026 1939//3026
f 1938//3027 1940//3027 1939//3027
f 1939//3027 1940//3027 1941//3027
f 1940//3028 1942//3028 1941//3028
f 1941//3028 1942//3028 1943//3028
f 1942//3029 1944//3029 1943//3029
f 1943//3029 1944//3029 1945//3029
f 1944//3030 1946//3030 1945//3030
f 1945//3030 1946//3030 1947//3030
f 1946//3031 1948//3031 1947//3031
f 1947//3031 1948//3031 1949//3031
f 1948//3032 1950//3032 1949//3032
f 1949//3033 1950//3033 1951//3033
f 1950//3034 1952//3034 1951//3034
f 1951//3035 1952//3035 1953//3035
f 1952//3036 1954//3036 1953//3036
f 1953//3036 1954//3036 1955//3036
f 1954//3037 1956//3037 1955//3037
f 1955//3038 1956//3038 1957//3038
f 1956//3039 1958//3039 1957//3039
f 1957//3040 1958//3040 1959//3040
f 1958//3041 1960//3041 1959//3041
f 1959//3041 1960//3041 1961//3041
f 1960//3042 1962//3042 1961//3042
f 1961//3042 1962//3042 1963//3042
f 1962//3043 1964//3043 1963//3043
f 1963//3044 1964//3044 1965//3044
f 1964//3045 1966//3045 1965//3045
f 1965//3045 1966//3045 1967//3045
f 1966//3046 1968//3046 1967//3046
f 1967//3047 1968//3047 1969//3047
f 1968//3048 1970//3048 1969//3048
f 1969//3048 1970//3048 1971//3048
f 1970//3049 1972//3049 1971//3049
f 1971//3050 1972//3050 1973//3050
f 1972//3051 1974//3051 1973//3051
f 1973//3052 1974//3052 1975//3052
f 1974//373 1976//373 1975//373
f 1975//373 1976//373 1977//373
f 1976//3053 1978//3053 1977//3053
f 1977//3054 1978//3054 1979//3054
f 1978//3055 1980//3055 1979//3055
f 1979//3056 1980//3056 1981//3056
f 1980//3057 1982//3057 1981//3057
f 1981//3057 1982//3057 1983//3057
f 1982//3058 1984//3058 1983//3058
f 1983//3059 1984//3059 1985//3059
f 1984//3060 1986//3060 1985//3060
f 1985//3060 1986//3060 1987//3060
f 1986//3061 1988//3061 1987//3061
f 1987//3062 1988//3062 1989//3062
f 1988//3063 1990//3063 1989//3063
f 1989//3063 1990//3063 1991//3063
f 1990//3064 1992//3064 1991//3064
f 1991//3064 1992//3064 1993//3064
f 1992//3065 1994//3065 1993//3065
f 1993//3066 1994//3066 1995//3066
f 1994//3067 1996//3067 1995//3067
f 1995//3068 1996//3068 1997//3068
f 1996//3069 1998//3069 1997//3069
f 1997//3069 1998//3069 1999//3069
f 1998//3070 2000//3070 1999//3070
f 1999//3071 2000//3071 2001//3071
f 2000//3072 2002//3072 2001//3072
f 2001//3073 2002//3073 2003//3073
f 2002//3074 2004//3074 2003//3074
f 2003//3074 2004//3074 2005//3074
f 2004//3075 2006//3075 2005//3075
f 2005//3075 2006//3075 2007//3075
f 2006//3076 2008//3076 2007//3076
f 2007//3076 2008//3076 2009//3076
f 2008//3077 2010//3077 2009//3077
f 2009//3077 2010//3077 2011//3077
f 2010//3078 2012//3078 2011//3078
f 2011//3078 2012//3078 2013//3078
f 2012//3079 2014//3079 2013//3079
f 2013//3079 2014//3079 2015//3079
f 2014//3080 2016//3080 2015//3080
f 2015//3080 2016//3080 2017//3080
f 2016//3081 2018//3081 2017//3081
f 2017//3081 2018//3081 2019//3081
f 2018//3082 2020//3082 2019//3082
f 2019//3082 2020//3082 2021//3082
f 2020//3083 2022//3083 2021//3083
f 2021//3084 2022//3084 2023//3084
f 2022//3085 2024//3085 2023//3085
f 2023//3086 2024//3086 2025//3086
f 1854//3087 2025//3087 1855//3087
f 2025//3088 2024//3088 1855//3088
f 1650//3089 1648//3089 360//3089
f 1648//3090 1596//3090 360//3090
f 360//3091 1596//3091 1594//3091
f 1853//3092 1707//3092 1854//3092
f 1707//3092 1702//3092 1854//3092
f 2026//3093 2027//3093 1854//3093
f 2028//3094 2029//3094 2025//3094
f 2030//3095 2031//3095 1701//3095
f 2031//3096 2032//3096 1701//3096
f 2033//3097 2034//3097 1702//3097
f 2034//3098 2035//3098 1702//3098
f 1702//3099 2035//3099 2036//3099
f 2037//3100 2038//3100 1854//3100
f 2038//3101 2039//3101 1854//3101
f 1854//3102 2039//3102 2026//3102
f 2030//3103 1701//3103 2040//3103
f 1701//3104 1929//3104 2040//3104
f 2040//3105 1929//3105 2041//3105
f 1929//3106 1931//3106 2041//3106
f 2041//3107 1931//3107 2042//3107
f 1931//3108 1933//3108 2042//3108
f 2042//3109 1933//3109 2043//3109
f 1933//3110 1935//3110 2043//3110
f 2043//3111 1935//3111 2044//3111
f 1935//3112 1937//3112 2044//3112
f 2044//3113 1937//3113 2045//3113
f 1937//3114 1939//3114 2045//3114
f 2045//3115 1939//3115 2046//3115
f 1939//3116 1941//3116 2046//3116
f 2046//3117 1941//3117 2047//3117
f 1941//3118 1943//3118 2047//3118
f 2047//3119 1943//3119 2048//3119
f 1943//3120 1945//3120 2048//3120
f 2048//3121 1945//3121 2049//3121
f 1945//3122 1947//3122 2049//3122
f 2049//3123 1947//3123 2050//3123
f 1947//3124 1949//3124 2050//3124
f 2050//3125 1949//3125 2051//3125
f 1949//3126 1951//3126 2051//3126
f 2051//3127 1951//3127 2052//3127
f 1951//3128 1953//3128 2052//3128
f 2052//3129 1953//3129 2053//3129
f 1953//3130 1955//3130 2053//3130
f 2053//3131 1955//3131 2054//3131
f 1955//3132 1957//3132 2054//3132
f 2054//3133 1957//3133 2055//3133
f 1957//3134 1959//3134 2055//3134
f 2055//3135 1959//3135 2056//3135
f 1959//3136 1961//3136 2056//3136
f 2056//3137 1961//3137 2057//3137
f 1961//3138 1963//3138 2057//3138
f 2057//3139 1963//3139 2058//3139
f 1963//3140 1965//3140 2058//3140
f 2058//3141 1965//3141 2059//3141
f 1965//3142 1967//3142 2059//3142
f 2059//3143 1967//3143 2060//3143
f 1967//3144 1969//3144 2060//3144
f 2060//3145 1969//3145 2061//3145
f 1969//3146 1971//3146 2061//3146
f 2061//3147 1971//3147 2062//3147
f 2032//3148 2063//3148 1701//3148
f 2063//3149 2064//3149 1701//3149
f 1701//3150 2064//3150 1702//3150
f 2064//3151 2065//3151 1702//3151
f 1702//3152 2065//3152 2033//3152
f 2036//3153 2066//3153 1702//3153
f 2066//3154 2067//3154 1702//3154
f 1702//3155 2067//3155 1854//3155
f 2067//3156 2068//3156 1854//3156
f 1854//3157 2068//3157 2037//3157
f 2027//3158 2069//3158 1854//3158
f 2069//3159 2070//3159 1854//3159
f 1854//3160 2070//3160 2025//3160
f 2070//3161 2071//3161 2025//3161
f 2025//3162 2071//3162 2028//3162
f 1971//3163 1973//3163 2062//3163
f 1973//3164 1975//3164 2062//3164
f 2062//3165 1975//3165 2072//3165
f 1975//3166 1977//3166 2072//3166
f 2072//3167 1977//3167 2073//3167
f 1977//3168 1979//3168 2073//3168
f 2073//3169 1979//3169 2074//3169
f 1979//3170 1981//3170 2074//3170
f 2074//3171 1981//3171 2075//3171
f 1981//3172 1983//3172 2075//3172
f 2075//3173 1983//3173 2076//3173
f 1983//3174 1985//3174 2076//3174
f 2076//3175 1985//3175 2077//3175
f 1985//3176 1987//3176 2077//3176
f 2077//3177 1987//3177 2078//3177
f 1987//3178 1989//3178 2078//3178
f 2078//3179 1989//3179 2079//3179
f 1989//3180 1991//3180 2079//3180
f 2079//3181 1991//3181 2080//3181
f 1991//3182 1993//3182 2080//3182
f 2080//3183 1993//3183 2081//3183
f 1993//3184 1995//3184 2081//3184
f 2081//3185 1995//3185 2082//3185
f 1995//3186 1997//3186 2082//3186
f 2082//3187 1997//3187 2083//3187
f 1997//3188 1999//3188 2083//3188
f 2083//3189 1999//3189 2084//3189
f 1999//3190 2001//3190 2084//3190
f 2084//3191 2001//3191 2085//3191
f 2001//3192 2003//3192 2085//3192
f 2085//3193 2003//3193 2086//3193
f 2003//3194 2005//3194 2086//3194
f 2086//3195 2005//3195 2087//3195
f 2005//3196 2007//3196 2087//3196
f 2087//3197 2007//3197 2088//3197
f 2007//3198 2009//3198 2088//3198
f 2088//3199 2009//3199 2089//3199
f 2009//3200 2011//3200 2089//3200
f 2089//3201 2011//3201 2090//3201
f 2011//3202 2013//3202 2090//3202
f 2090//3203 2013//3203 2091//3203
f 2013//3204 2015//3204 2091//3204
f 2091//3205 2015//3205 2092//3205
f 2015//3206 2017//3206 2092//3206
f 2092//3207 2017//3207 2093//3207
f 2017//3208 2019//3208 2093//3208
f 2093//3209 2019//3209 2094//3209
f 2019//3210 2021//3210 2094//3210
f 2094//3211 2021//3211 2095//3211
f 2021//3212 2023//3212 2095//3212
f 2095//3213 2023//3213 2096//3213
f 2023//3214 2025//3214 2096//3214
f 2096//3215 2025//3215 2097//3215
f 2025//3216 2029//3216 2097//3216
f 1705//3217 1721//3217 1704//3217
f 1721//3217 1855//3217 1704//3217
f 2098//3218 2099//3218 2024//3218
f 2100//3219 2101//3219 1978//3219
f 1855//3220 2102//3220 1704//3220
f 2102//3221 2103//3221 1704//3221
f 1704//3222 2103//3222 2104//3222
f 2104//3223 2105//3223 1704//3223
f 2105//3224 2106//3224 1704//3224
f 1704//3225 2106//3225 2107//3225
f 2107//3226 2108//3226 1704//3226
f 2108//3227 2109//3227 1704//3227
f 1704//3228 2109//3228 1703//3228
f 2099//3229 2110//3229 2024//3229
f 2110//3230 2111//3230 2024//3230
f 2024//3231 2111//3231 1855//3231
f 2111//3232 2112//3232 1855//3232
f 1855//3233 2112//3233 2113//3233
f 2113//3234 2114//3234 1855//3234
f 2114//3235 2115//3235 1855//3235
f 1855//3236 2115//3236 2116//3236
f 1978//3237 2101//3237 1980//3237
f 2101//3238 2117//3238 1980//3238
f 1980//3239 2117//3239 1982//3239
f 2117//3240 2118//3240 1982//3240
f 1982//3241 2118//3241 1984//3241
f 2118//3242 2119//3242 1984//3242
f 1984//3243 2119//3243 1986//3243
f 2119//3244 2120//3244 1986//3244
f 1986//3245 2120//3245 1988//3245
f 2120//3246 2121//3246 1988//3246
f 1988//3247 2121//3247 1990//3247
f 2121//3248 2122//3248 1990//3248
f 1990//3249 2122//3249 1992//3249
f 2122//3250 2123//3250 1992//3250
f 1992//3251 2123//3251 1994//3251
f 2123//3252 2124//3252 1994//3252
f 1994//3253 2124//3253 1996//3253
f 2124//3254 2125//3254 1996//3254
f 1996//3255 2125//3255 1998//3255
f 2125//3256 2126//3256 1998//3256
f 1998//3257 2126//3257 2000//3257
f 2126//3258 2127//3258 2000//3258
f 2000//3259 2127//3259 2002//3259
f 2127//3260 2128//3260 2002//3260
f 2002//3261 2128//3261 2004//3261
f 2128//3262 2129//3262 2004//3262
f 2004//3263 2129//3263 2006//3263
f 2129//3264 2130//3264 2006//3264
f 2006//3265 2130//3265 2008//3265
f 2130//3266 2131//3266 2008//3266
f 2008//3267 2131//3267 2010//3267
f 2131//3268 2132//3268 2010//3268
f 2010//3269 2132//3269 2012//3269
f 2132//3270 2133//3270 2012//3270
f 2012//3271 2133//3271 2014//3271
f 2133//3272 2134//3272 2014//3272
f 2014//3273 2134//3273 2016//3273
f 2134//3274 2135//3274 2016//3274
f 2016//3275 2135//3275 2018//3275
f 2135//3276 2136//3276 2018//3276
f 2018//3277 2136//3277 2020//3277
f 2136//3278 2137//3278 2020//3278
f 2020//3279 2137//3279 2022//3279
f 2137//3280 2138//3280 2022//3280
f 2022//3281 2138//3281 2024//3281
f 2138//3282 2139//3282 2024//3282
f 2024//3283 2139//3283 2098//3283
f 2116//3284 2140//3284 1855//3284
f 2140//3285 2141//3285 1855//3285
f 1855//3286 2141//3286 2102//3286
f 2109//3287 2142//3287 1703//3287
f 2142//3288 2143//3288 1703//3288
f 1703//3289 2143//3289 2144//3289
f 1978//3290 1976//3290 2100//3290
f 1976//3291 1974//3291 2100//3291
f 2100//3292 1974//3292 2145//3292
f 1974//3293 1972//3293 2145//3293
f 2145//3294 1972//3294 2146//3294
f 1972//3295 1970//3295 2146//3295
f 2146//3296 1970//3296 2147//3296
f 1970//3297 1968//3297 2147//3297
f 2147//3298 1968//3298 2148//3298
f 1968//3299 1966//3299 2148//3299
f 2148//3300 1966//3300 2149//3300
f 1966//3301 1964//3301 2149//3301
f 2149//3302 1964//3302 2150//3302
f 1964//3303 1962//3303 2150//3303
f 2150//3304 1962//3304 2151//3304
f 1962//3305 1960//3305 2151//3305
f 2151//3306 1960//3306 2152//3306
f 1960//3307 1958//3307 2152//3307
f 2152//3308 1958//3308 2153//3308
f 1958//3309 1956//3309 2153//3309
f 2153//3310 1956//3310 2154//3310
f 1956//3311 1954//3311 2154//3311
f 2154//3312 1954//3312 2155//3312
f 1954//3313 1952//3313 2155//3313
f 2155//3314 1952//3314 2156//3314
f 1952//3315 1950//3315 2156//3315
f 2156//3316 1950//3316 2157//3316
f 1950//3317 1948//3317 2157//3317
f 2157//3318 1948//3318 2158//3318
f 1948//3319 1946//3319 2158//3319
f 2158//3320 1946//3320 2159//3320
f 1946//3321 1944//3321 2159//3321
f 2159//3322 1944//3322 2160//3322
f 1944//3323 1942//3323 2160//3323
f 2160//3324 1942//3324 2161//3324
f 1942//3325 1940//3325 2161//3325
f 2161//3326 1940//3326 2162//3326
f 1940//3327 1938//3327 2162//3327
f 2162//3328 1938//3328 2163//3328
f 1938//3329 1936//3329 2163//3329
f 2163//3330 1936//3330 2164//3330
f 1936//3331 1934//3331 2164//3331
f 2164//3332 1934//3332 2165//3332
f 1934//3333 1932//3333 2165//3333
f 2165//3334 1932//3334 2166//3334
f 1932//3335 1930//3335 2166//3335
f 2166//3336 1930//3336 2167//3336
f 1930//3337 1928//3337 2167//3337
f 2167//3338 1928//3338 2168//3338
f 1928//3339 1703//3339 2168//3339
f 2168//3340 1703//3340 2169//3340
f 1703//3341 2144//3341 2169//3341
f 2037//3342 2170//3342 2038//3342
f 2170//3343 2171//3343 2038//3343
f 2038//3344 2171//3344 2039//3344
f 2171//3345 2172//3345 2039//3345
f 2039//3346 2172//3346 2026//3346
f 2172//3347 2173//3347 2026//3347
f 2026//3348 2173//3348 2027//3348
f 2173//3349 2174//3349 2027//3349
f 2027//3350 2174//3350 2069//3350
f 2174//3351 2175//3351 2069//3351
f 2069//3352 2175//3352 2070//3352
f 2175//3353 2176//3353 2070//3353
f 2070//3354 2176//3354 2071//3354
f 2176//3355 2177//3355 2071//3355
f 2071//3356 2177//3356 2028//3356
f 2177//3357 2178//3357 2028//3357
f 2028//3358 2178//3358 2029//3358
f 2178//3359 2179//3359 2029//3359
f 2029//3360 2179//3360 2097//3360
f 2179//3361 2180//3361 2097//3361
f 2097//3362 2180//3362 2096//3362
f 2180//3363 2181//3363 2096//3363
f 2096//3364 2181//3364 2095//3364
f 2181//3365 2182//3365 2095//3365
f 2095//3366 2182//3366 2094//3366
f 2182//3367 2183//3367 2094//3367
f 2094//3368 2183//3368 2093//3368
f 2183//3369 2184//3369 2093//3369
f 2093//3370 2184//3370 2092//3370
f 2184//3371 2185//3371 2092//3371
f 2092//3372 2185//3372 2091//3372
f 2185//3373 2186//3373 2091//3373
f 2091//3374 2186//3374 2090//3374
f 2186//3375 2187//3375 2090//3375
f 2090//3376 2187//3376 2089//3376
f 2187//3377 2188//3377 2089//3377
f 2089//3378 2188//3378 2088//3378
f 2188//3379 2189//3379 2088//3379
f 2088//3380 2189//3380 2087//3380
f 2189//3381 2190//3381 2087//3381
f 2087//3382 2190//3382 2086//3382
f 2190//3383 2191//3383 2086//3383
f 2086//3384 2191//3384 2085//3384
f 2191//3385 2192//3385 2085//3385
f 2085//3386 2192//3386 2084//3386
f 2192//3387 2193//3387 2084//3387
f 2084//3388 2193//3388 2083//3388
f 2193//3389 2194//3389 2083//3389
f 2083//3390 2194//3390 2082//3390
f 2194//3391 2195//3391 2082//3391
f 2082//3392 2195//3392 2081//3392
f 2195//3393 2196//3393 2081//3393
f 2081//3394 2196//3394 2080//3394
f 2196//3395 2197//3395 2080//3395
f 2080//3396 2197//3396 2079//3396
f 2197//3397 2198//3397 2079//3397
f 2079//3398 2198//3398 2078//3398
f 2198//3399 2199//3399 2078//3399
f 2078//3400 2199//3400 2077//3400
f 2199//3401 2200//3401 2077//3401
f 2077//3402 2200//3402 2076//3402
f 2200//3403 2201//3403 2076//3403
f 2076//3404 2201//3404 2075//3404
f 2201//3405 2202//3405 2075//3405
f 2075//3406 2202//3406 2074//3406
f 2202//3407 2203//3407 2074//3407
f 2074//3408 2203//3408 2073//3408
f 2203//3409 2204//3409 2073//3409
f 2073//3410 2204//3410 2072//3410
f 2204//3411 2205//3411 2072//3411
f 2072//3412 2205//3412 2062//3412
f 2205//3413 2206//3413 2062//3413
f 2062//3414 2206//3414 2061//3414
f 2206//3415 2207//3415 2061//3415
f 2061//3416 2207//3416 2060//3416
f 2207//3417 2208//3417 2060//3417
f 2060//3418 2208//3418 2059//3418
f 2208//3419 2209//3419 2059//3419
f 2059//3420 2209//3420 2058//3420
f 2209//3421 2210//3421 2058//3421
f 2058//3422 2210//3422 2057//3422
f 2210//3423 2211//3423 2057//3423
f 2057//3424 2211//3424 2056//3424
f 2211//3425 2212//3425 2056//3425
f 2056//3426 2212//3426 2055//3426
f 2212//3427 2213//3427 2055//3427
f 2055//3428 2213//3428 2054//3428
f 2213//3429 2214//3429 2054//3429
f 2054//3430 2214//3430 2053//3430
f 2214//3431 2215//3431 2053//3431
f 2053//3432 2215//3432 2052//3432
f 2215//3433 2216//3433 2052//3433
f 2052//3434 2216//3434 2051//3434
f 2216//3435 2217//3435 2051//3435
f 2051//3436 2217//3436 2050//3436
f 2217//3437 2218//3437 2050//3437
f 2050//3438 2218//3438 2049//3438
f 2218//3439 2219//3439 2049//3439
f 2049//3440 2219//3440 2048//3440
f 2219//3441 2220//3441 2048//3441
f 2048//3442 2220//3442 2047//3442
f 2220//3443 2221//3443 2047//3443
f 2047//3444 2221//3444 2046//3444
f 2221//3445 2222//3445 2046//3445
f 2046//3446 2222//3446 2045//3446
f 2222//3447 2223//3447 2045//3447
f 2045//3448 2223//3448 2044//3448
f 2223//3449 2224//3449 2044//3449
f 2044//3450 2224//3450 2043//3450
f 2224//3451 2225//3451 2043//3451
f 2043//3452 2225//3452 2042//3452
f 2225//3453 2226//3453 2042//3453
f 2042//3454 2226//3454 2041//3454
f 2226//3455 2227//3455 2041//3455
f 2041//3456 2227//3456 2040//3456
f 2227//3457 2228//3457 2040//3457
f 2040//3458 2228//3458 2030//3458
f 2228//3459 2229//3459 2030//3459
f 2030//3460 2229//3460 2031//3460
f 2229//3461 2230//3461 2031//3461
f 2031//3462 2230//3462 2032//3462
f 2230//3463 2231//3463 2032//3463
f 2032//3464 2231//3464 2063//3464
f 2231//3465 2232//3465 2063//3465
f 2063//3466 2232//3466 2064//3466
f 2232//3467 2233//3467 2064//3467
f 2064//3468 2233//3468 2065//3468
f 2233//3469 2234//3469 2065//3469
f 2065//3470 2234//3470 2033//3470
f 2234//3471 2235//3471 2033//3471
f 2033//3472 2235//3472 2034//3472
f 2235//3473 2236//3473 2034//3473
f 2034//3474 2236//3474 2035//3474
f 2236//3475 2237//3475 2035//3475
f 2035//3476 2237//3476 2036//3476
f 2237//3477 2238//3477 2036//3477
f 2036//3478 2238//3478 2066//3478
f 2238//3479 2239//3479 2066//3479
f 2066//3480 2239//3480 2067//3480
f 2239//3481 2240//3481 2067//3481
f 2067//3482 2240//3482 2068//3482
f 2240//3483 2241//3483 2068//3483
f 2068//3484 2241//3484 2037//3484
f 2241//3485 2170//3485 2037//3485
f 2170//3486 2242//3486 2171//3486
f 2242//3487 2243//3487 2171//3487
f 2171//3488 2243//3488 2172//3488
f 2243//3489 2244//3489 2172//3489
f 2172//3490 2244//3490 2173//3490
f 2244//3491 2245//3491 2173//3491
f 2173//3492 2245//3492 2174//3492
f 2245//3493 2246//3493 2174//3493
f 2174//3494 2246//3494 2175//3494
f 2246//3495 2247//3495 2175//3495
f 2175//3496 2247//3496 2176//3496
f 2247//3497 2248//3497 2176//3497
f 2176//3498 2248//3498 2177//3498
f 2248//3499 2249//3499 2177//3499
f 2177//3500 2249//3500 2178//3500
f 2249//3501 2250//3501 2178//3501
f 2178//3502 2250//3502 2179//3502
f 2250//3503 2251//3503 2179//3503
f 2179//3504 2251//3504 2180//3504
f 2251//3505 2252//3505 2180//3505
f 2180//3506 2252//3506 2181//3506
f 2252//3507 2253//3507 2181//3507
f 2181//3508 2253//3508 2182//3508
f 2253//3509 2254//3509 2182//3509
f 2182//3510 2254//3510 2183//3510
f 2254//3511 2255//3511 2183//3511
f 2183//3512 2255//3512 2184//3512
f 2255//3513 2256//3513 2184//3513
f 2184//3514 2256//3514 2185//3514
f 2256//3515 2257//3515 2185//3515
f 2185//3516 2257//3516 2186//3516
f 2257//3517 2258//3517 2186//3517
f 2186//3518 2258//3518 2187//3518
f 2258//3519 2259//3519 2187//3519
f 2187//3520 2259//3520 2188//3520
f 2259//3521 2260//3521 2188//3521
f 2188//3522 2260//3522 2189//3522
f 2260//3523 2261//3523 2189//3523
f 2189//3524 2261//3524 2190//3524
f 2261//3525 2262//3525 2190//3525
f 2190//3526 2262//3526 2191//3526
f 2262//3527 2263//3527 2191//3527
f 2191//3528 2263//3528 2192//3528
f 2263//3529 2264//3529 2192//3529
f 2192//3530 2264//3530 2193//3530
f 2264//3531 2265//3531 2193//3531
f 2193//3532 2265//3532 2194//3532
f 2265//3533 2266//3533 2194//3533
f 2194//3534 2266//3534 2195//3534
f 2266//3535 2267//3535 2195//3535
f 2195//3536 2267//3536 2196//3536
f 2267//3537 2268//3537 2196//3537
f 2196//3538 2268//3538 2197//3538
f 2268//3539 2269//3539 2197//3539
f 2197//3540 2269//3540 2198//3540
f 2269//3541 2270//3541 2198//3541
f 2198//3542 2270//3542 2199//3542
f 2270//3543 2271//3543 2199//3543
f 2199//3544 2271//3544 2200//3544
f 2271//3545 2272//3545 2200//3545
f 2200//3546 2272//3546 2201//3546
f 2272//3547 2273//3547 2201//3547
f 2201//3548 2273//3548 2202//3548
f 2273//3549 2274//3549 2202//3549
f 2202//3550 2274//3550 2203//3550
f 2274//3551 2275//3551 2203//3551
f 2203//3552 2275//3552 2204//3552
f 2275//3553 2276//3553 2204//3553
f 2204//3554 2276//3554 2205//3554
f 2276//3555 2277//3555 2205//3555
f 2205//3556 2277//3556 2206//3556
f 2277//3557 2278//3557 2206//3557
f 2206//3558 2278//3558 2207//3558
f 2278//3559 2279//3559 2207//3559
f 2207//3560 2279//3560 2208//3560
f 2279//3561 2280//3561 2208//3561
f 2208//3562 2280//3562 2209//3562
f 2280//3563 2281//3563 2209//3563
f 2209//3564 2281//3564 2210//3564
f 2281//3565 2282//3565 2210//3565
f 2210//3566 2282//3566 2211//3566
f 2282//3567 2283//3567 2211//3567
f 2211//3568 2283//3568 2212//3568
f 2283//3569 2284//3569 2212//3569
f 2212//3570 2284//3570 2213//3570
f 2284//3571 2285//3571 2213//3571
f 2213//3572 2285//3572 2214//3572
f 2285//3573 2286//3573 2214//3573
f 2214//3574 2286//3574 2215//3574
f 2286//3575 2287//3575 2215//3575
f 2215//3576 2287//3576 2216//3576
f 2287//3577 2288//3577 2216//3577
f 2216//3578 2288//3578 2217//3578
f 2288//3579 2289//3579 2217//3579
f 2217//3580 2289//3580 2218//3580
f 2289//3581 2290//3581 2218//3581
f 2218//3582 2290//3582 2219//3582
f 2290//3583 2291//3583 2219//3583
f 2219//3584 2291//3584 2220//3584
f 2291//3585 2292//3585 2220//3585
f 2220//3586 2292//3586 2221//3586
f 2292//3587 2293//3587 2221//3587
f 2221//3588 2293//3588 2222//3588
f 2293//3589 2294//3589 2222//3589
f 2222//3590 2294//3590 2223//3590
f 2294//3591 2295//3591 2223//3591
f 2223//3592 2295//3592 2224//3592
f 2295//3593 2296//3593 2224//3593
f 2224//3594 2296//3594 2225//3594
f 2296//3595 2297//3595 2225//3595
f 2225//3596 2297//3596 2226//3596
f 2297//3597 2298//3597 2226//3597
f 2226//3598 2298//3598 2227//3598
f 2298//3599 2299//3599 2227//3599
f 2227//3600 2299//3600 2228//3600
f 2299//3601 2300//3601 2228//3601
f 2228//3602 2300//3602 2229//3602
f 2300//3603 2301//3603 2229//3603
f 2229//3604 2301//3604 2230//3604
f 2301//3605 2302//3605 2230//3605
f 2230//3606 2302//3606 2231//3606
f 2302//3607 2303//3607 2231//3607
f 2231//3608 2303//3608 2232//3608
f 2303//3609 2304//3609 2232//3609
f 2232//3610 2304//3610 2233//3610
f 2304//3611 2305//3611 2233//3611
f 2233//3612 2305//3612 2234//3612
f 2305//3613 2306//3613 2234//3613
f 2234//3614 2306//3614 2235//3614
f 2306//3615 2307//3615 2235//3615
f 2235//3616 2307//3616 2236//3616
f 2307//3617 2308//3617 2236//3617
f 2236//3618 2308//3618 2237//3618
f 2308//3619 2309//3619 2237//3619
f 2237//3620 2309//3620 2238//3620
f 2309//3621 2310//3621 2238//3621
f 2238//3622 2310//3622 2239//3622
f 2310//3623 2311//3623 2239//3623
f 2239//3624 2311//3624 2240//3624
f 2311//3625 2312//3625 2240//3625
f 2240//3626 2312//3626 2241//3626
f 2312//3627 2313//3627 2241//3627
f 2241//3628 2313//3628 2170//3628
f 2313//3629 2242//3629 2170//3629
f 2242//3630 2314//3630 2243//3630
f 2314//3631 2315//3631 2243//3631
f 2243//3632 2315//3632 2244//3632
f 2315//3633 2316//3633 2244//3633
f 2244//3634 2316//3634 2245//3634
f 2316//3635 2317//3635 2245//3635
f 2245//3636 2317//3636 2246//3636
f 2317//3637 2318//3637 2246//3637
f 2246//3638 2318//3638 2247//3638
f 2318//3639 2319//3639 2247//3639
f 2247//3640 2319//3640 2248//3640
f 2319//3641 2320//3641 2248//3641
f 2248//3642 2320//3642 2249//3642
f 2320//3643 2321//3643 2249//3643
f 2249//3644 2321//3644 2250//3644
f 2321//3645 2322//3645 2250//3645
f 2250//3646 2322//3646 2251//3646
f 2322//3647 2323//3647 2251//3647
f 2251//3648 2323//3648 2252//3648
f 2323//3649 2324//3649 2252//3649
f 2252//3650 2324//3650 2253//3650
f 2324//3651 2325//3651 2253//3651
f 2253//3652 2325//3652 2254//3652
f 2325//3653 2326//3653 2254//3653
f 2254//3654 2326//3654 2255//3654
f 2326//3655 2327//3655 2255//3655
f 2255//3656 2327//3656 2256//3656
f 2327//3657 2328//3657 2256//3657
f 2256//3658 2328//3658 2257//3658
f 2328//3659 2329//3659 2257//3659
f 2257//3660 2329//3660 2258//3660
f 2329//3661 2330//3661 2258//3661
f 2258//3662 2330//3662 2259//3662
f 2330//3663 2331//3663 2259//3663
f 2259//3664 2331//3664 2260//3664
f 2331//3665 2332//3665 2260//3665
f 2260//3666 2332//3666 2261//3666
f 2332//3667 2333//3667 2261//3667
f 2261//3668 2333//3668 2262//3668
f 2333//3669 2334//3669 2262//3669
f 2262//3670 2334//3670 2263//3670
f 2334//3671 2335//3671 2263//3671
f 2263//3672 2335//3672 2264//3672
f 2335//3673 2336//3673 2264//3673
f 2264//3674 2336//3674 2265//3674
f 2336//3675 2337//3675 2265//3675
f 2265//3676 2337//3676 2266//3676
f 2337//3677 2338//3677 2266//3677
f 2266//3678 2338//3678 2267//3678
f 2338//3679 2339//3679 2267//3679
f 2267//3680 2339//3680 2268//3680
f 2339//3681 2340//3681 2268//3681
f 2268//3682 2340//3682 2269//3682
f 2340//3683 2341//3683 2269//3683
f 2269//3684 2341//3684 2270//3684
f 2341//3685 2342//3685 2270//3685
f 2270//3686 2342//3686 2271//3686
f 2342//3687 2343//3687 2271//3687
f 2271//3688 2343//3688 2272//3688
f 2343//3689 2344//3689 2272//3689
f 2272//3690 2344//3690 2273//3690
f 2344//3691 2345//3691 2273//3691
f 2273//3692 2345//3692 2274//3692
f 2345//3693 2346//3693 2274//3693
f 2274//3694 2346//3694 2275//3694
f 2346//3695 2347//3695 2275//3695
f 2275//3696 2347//3696 2276//3696
f 2347//3697 2348//3697 2276//3697
f 2276//3698 2348//3698 2277//3698
f 2348//3699 2349//3699 2277//3699
f 2277//3700 2349//3700 2278//3700
f 2349//3701 2350//3701 2278//3701
f 2278//3702 2350//3702 2279//3702
f 2350//3703 2351//3703 2279//3703
f 2279//3704 2351//3704 2280//3704
f 2351//3705 2352//3705 2280//3705
f 2280//3706 2352//3706 2281//3706
f 2352//3707 2353//3707 2281//3707
f 2281//3708 2353//3708 2282//3708
f 2353//3709 2354//3709 2282//3709
f 2282//3710 2354//3710 2283//3710
f 2354//3711 2355//3711 2283//3711
f 2283//3712 2355//3712 2284//3712
f 2355//3713 2356//3713 2284//3713
f 2284//3714 2356//3714 2285//3714
f 2356//3715 2357//3715 2285//3715
f 2285//3716 2357//3716 2286//3716
f 2357//3717 2358//3717 2286//3717
f 2286//3718 2358//3718 2287//3718
f 2358//3719 2359//3719 2287//3719
f 2287//3720 2359//3720 2288//3720
f 2359//3721 2360//3721 2288//3721
f 2288//3722 2360//3722 2289//3722
f 2360//3723 2361//3723 2289//3723
f 2289//3724 2361//3724 2290//3724
f 2361//3725 2362//3725 2290//3725
f 2290//3726 2362//3726 2291//3726
f 2362//3727 2363//3727 2291//3727
f 2291//3728 2363//3728 2292//3728
f 2363//3729 2364//3729 2292//3729
f 2292//3730 2364//3730 2293//3730
f 2364//3731 2365//3731 2293//3731
f 2293//3732 2365//3732 2294//3732
f 2365//3733 2366//3733 2294//3733
f 2294//3734 2366//3734 2295//3734
f 2366//3735 2367//3735 2295//3735
f 2295//3736 2367//3736 2296//3736
f 2367//3737 2368//3737 2296//3737
f 2296//3738 2368//3738 2297//3738
f 2368//3739 2369//3739 2297//3739
f 2297//3740 2369//3740 2298//3740
f 2369//3741 2370//3741 2298//3741
f 2298//3742 2370//3742 2299//3742
f 2370//3743 2371//3743 2299//3743
f 2299//3744 2371//3744 2300//3744
f 2371//3745 2372//3745 2300//3745
f 2300//3746 2372//3746 2301//3746
f 2372//3747 2373//3747 2301//3747
f 2301//3748 2373//3748 2302//3748
f 2373//3749 2374//3749 2302//3749
f 2302//3750 2374//3750 2303//3750
f 2374//3751 2375//3751 2303//3751
f 2303//3752 2375//3752 2304//3752
f 2375//3753 2376//3753 2304//3753
f 2304//3754 2376//3754 2305//3754
f 2376//3755 2377//3755 2305//3755
f 2305//3756 2377//3756 2306//3756
f 2377//3757 2378//3757 2306//3757
f 2306//3758 2378//3758 2307//3758
f 2378//3759 2379//3759 2307//3759
f 2307//3760 2379//3760 2308//3760
f 2379//3761 2380//3761 2308//3761
f 2308//3762 2380//3762 2309//3762
f 2380//3763 2381//3763 2309//3763
f 2309//3764 2381//3764 2310//3764
f 2381//3765 2382//3765 2310//3765
f 2310//3766 2382//3766 2311//3766
f 2382//3767 2383//3767 2311//3767
f 2311//3768 2383//3768 2312//3768
f 2383//3769 2384//3769 2312//3769
f 2312//3770 2384//3770 2313//3770
f 2384//3771 2385//3771 2313//3771
f 2313//3772 2385//3772 2242//3772
f 2385//3773 2314//3773 2242//3773
f 2314//3774 2386//3774 2315//3774
f 2386//3775 2387//3775 2315//3775
f 2315//3776 2387//3776 2316//3776
f 2387//3777 2388//3777 2316//3777
f 2316//3778 2388//3778 2317//3778
f 2388//3779 2389//3779 2317//3779
f 2317//3780 2389//3780 2318//3780
f 2389//3781 2390//3781 2318//3781
f 2318//3782 2390//3782 2319//3782
f 2390//3783 2391//3783 2319//3783
f 2319//3784 2391//3784 2320//3784
f 2391//3785 2392//3785 2320//3785
f 2320//3786 2392//3786 2321//3786
f 2392//3787 2393//3787 2321//3787
f 2321//3788 2393//3788 2322//3788
f 2393//3789 2394//3789 2322//3789
f 2322//3790 2394//3790 2323//3790
f 2394//3791 2395//3791 2323//3791
f 2323//3792 2395//3792 2324//3792
f 2395//3793 2396//3793 2324//3793
f 2324//3794 2396//3794 2325//3794
f 2396//3795 2397//3795 2325//3795
f 2325//3796 2397//3796 2326//3796
f 2397//3797 2398//3797 2326//3797
f 2326//3798 2398//3798 2327//3798
f 2398//3799 2399//3799 2327//3799
f 2327//3800 2399//3800 2328//3800
f 2399//3801 2400//3801 2328//3801
f 2328//3802 2400//3802 2329//3802
f 2400//3803 2401//3803 2329//3803
f 2329//3804 2401//3804 2330//3804
f 2401//3805 2402//3805 2330//3805
f 2330//3806 2402//3806 2331//3806
f 2402//3807 2403//3807 2331//3807
f 2331//3808 2403//3808 2332//3808
f 2403//3809 2404//3809 2332//3809
f 2332//3810 2404//3810 2333//3810
f 2404//3811 2405//3811 2333//3811
f 2333//3812 2405//3812 2334//3812
f 2405//3813 2406//3813 2334//3813
f 2334//3814 2406//3814 2335//3814
f 2406//3815 2407//3815 2335//3815
f 2335//3816 2407//3816 2336//3816
f 2407//3817 2408//3817 2336//3817
f 2336//3818 2408//3818 2337//3818
f 2408//3819 2409//3819 2337//3819
f 2337//3820 2409//3820 2338//3820
f 2409//3821 2410//3821 2338//3821
f 2338//3822 2410//3822 2339//3822
f 2410//3823 2411//3823 2339//3823
f 2339//3824 2411//3824 2340//3824
f 2411//3825 2412//3825 2340//3825
f 2340//3826 2412//3826 2341//3826
f 2412//3827 2413//3827 2341//3827
f 2341//3828 2413//3828 2342//3828
f 2413//3829 2414//3829 2342//3829
f 2342//3830 2414//3830 2343//3830
f 2414//3831 2415//3831 2343//3831
f 2343//3832 2415//3832 2344//3832
f 2415//3833 2416//3833 2344//3833
f 2344//3834 2416//3834 2345//3834
f 2416//3835 2417//3835 2345//3835
f 2345//3836 2417//3836 2346//3836
f 2417//3837 2418//3837 2346//3837
f 2346//3838 2418//3838 2347//3838
f 2418//3839 2419//3839 2347//3839
f 2347//3840 2419//3840 2348//3840
f 2419//3841 2420//3841 2348//3841
f 2348//3842 2420//3842 2349//3842
f 2420//3843 2421//3843 2349//3843
f 2349//3844 2421//3844 2350//3844
f 2421//3845 2422//3845 2350//3845
f 2350//3846 2422//3846 2351//3846
f 2422//3847 2423//3847 2351//3847
f 2351//3848 2423//3848 2352//3848
f 2423//3849 2424//3849 2352//3849
f 2352//3850 2424//3850 2353//3850
f 2424//3851 2425//3851 2353//3851
f 2353//3852 2425//3852 2354//3852
f 2425//3853 2426//3853 2354//3853
f 2354//3854 2426//3854 2355//3854
f 2426//3855 2427//3855 2355//3855
f 2355//3856 2427//3856 2356//3856
f 2427//3857 2428//3857 2356//3857
f 2356//3858 2428//3858 2357//3858
f 2428//3859 2429//3859 2357//3859
f 2357//3860 2429//3860 2358//3860
f 2429//3861 2430//3861 2358//3861
f 2358//3862 2430//3862 2359//3862
f 2430//3863 2431//3863 2359//3863
f 2359//3864 2431//3864 2360//3864
f 2431//3865 2432//3865 2360//3865
f 2360//3866 2432//3866 2361//3866
f 2432//3867 2433//3867 2361//3867
f 2361//3868 2433//3868 2362//3868
f 2433//3869 2434//3869 2362//3869
f 2362//3870 2434//3870 2363//3870
f 2434//3871 2435//3871 2363//3871
f 2363//3872 2435//3872 2364//3872
f 2435//3873 2436//3873 2364//3873
f 2364//3874 2436//3874 2365//3874
f 2436//3875 2437//3875 2365//3875
f 2365//3876 2437//3876 2366//3876
f 2437//3877 2438//3877 2366//3877
f 2366//3878 2438//3878 2367//3878
f 2438//3879 2439//3879 2367//3879
f 2367//3880 2439//3880 2368//3880
f 2439//3881 2440//3881 2368//3881
f 2368//3882 2440//3882 2369//3882
f 2440//3883 2441//3883 2369//3883
f 2369//3884 2441//3884 2370//3884
f 2441//3885 2442//3885 2370//3885
f 2370//3886 2442//3886 2371//3886
f 2442//3887 2443//3887 2371//3887
f 2371//3888 2443//3888 2372//3888
f 2443//3889 2444//3889 2372//3889
f 2372//3890 2444//3890 2373//3890
f 2444//3891 2445//3891 2373//3891
f 2373//3892 2445//3892 2374//3892
f 2445//3893 2446//3893 2374//3893
f 2374//3894 2446//3894 2375//3894
f 2446//3895 2447//3895 2375//3895
f 2375//3896 2447//3896 2376//3896
f 2447//3897 2448//3897 2376//3897
f 2376//3898 2448//3898 2377//3898
f 2448//3899 2449//3899 2377//3899
f 2377//3900 2449//3900 2378//3900
f 2449//3901 2450//3901 2378//3901
f 2378//3902 2450//3902 2379//3902
f 2450//3903 2451//3903 2379//3903
f 2379//3904 2451//3904 2380//3904
f 2451//3905 2452//3905 2380//3905
f 2380//3906 2452//3906 2381//3906
f 2452//3907 2453//3907 2381//3907
f 2381//3908 2453//3908 2382//3908
f 2453//3909 2454//3909 2382//3909
f 2382//3910 2454//3910 2383//3910
f 2454//3911 2455//3911 2383//3911
f 2383//3912 2455//3912 2384//3912
f 2455//3913 2456//3913 2384//3913
f 2384//3914 2456//3914 2385//3914
f 2456//3915 2457//3915 2385//3915
f 2385//3916 2457//3916 2314//3916
f 2457//3917 2386//3917 2314//3917
f 2386//3918 2458//3918 2387//3918
f 2458//3919 2459//3919 2387//3919
f 2387//3920 2459//3920 2388//3920
f 2459//3921 2460//3921 2388//3921
f 2388//3922 2460//3922 2389//3922
f 2460//3923 2461//3923 2389//3923
f 2389//3924 2461//3924 2390//3924
f 2461//3925 2462//3925 2390//3925
f 2390//3926 2462//3926 2391//3926
f 2462//3927 2463//3927 2391//3927
f 2391//3928 2463//3928 2392//3928
f 2463//3929 2464//3929 2392//3929
f 2392//3930 2464//3930 2393//3930
f 2464//3931 2465//3931 2393//3931
f 2393//3932 2465//3932 2394//3932
f 2465//3933 2466//3933 2394//3933
f 2394//3934 2466//3934 2395//3934
f 2466//3935 2467//3935 2395//3935
f 2395//3936 2467//3936 2396//3936
f 2467//3937 2468//3937 2396//3937
f 2396//3938 2468//3938 2397//3938
f 2468//3939 2469//3939 2397//3939
f 2397//3940 2469//3940 2398//3940
f 2469//3941 2470//3941 2398//3941
f 2398//3942 2470//3942 2399//3942
f 2470//3943 2471//3943 2399//3943
f 2399//3944 2471//3944 2400//3944
f 2471//3945 2472//3945 2400//3945
f 2400//3946 2472//3946 2401//3946
f 2472//3947 2473//3947 2401//3947
f 2401//3948 2473//3948 2402//3948
f 2473//3949 2474//3949 2402//3949
f 2402//3950 2474//3950 2403//3950
f 2474//3951 2475//3951 2403//3951
f 2403//3952 2475//3952 2404//3952
f 2475//3953 2476//3953 2404//3953
f 2404//3954 2476//3954 2405//3954
f 2476//3955 2477//3955 2405//3955
f 2405//3956 2477//3956 2406//3956
f 2477//3957 2478//3957 2406//3957
f 2406//3958 2478//3958 2407//3958
f 2478//3959 2479//3959 2407//3959
f 2407//3960 2479//3960 2408//3960
f 2479//3961 2480//3961 2408//3961
f 2408//3962 2480//3962 2409//3962
f 2480//3963 2481//3963 2409//3963
f 2409//3964 2481//3964 2410//3964
f 2481//3965 2482//3965 2410//3965
f 2410//3966 2482//3966 2411//3966
f 2482//3967 2483//3967 2411//3967
f 2411//3968 2483//3968 2412//3968
f 2483//3969 2484//3969 2412//3969
f 2412//3970 2484//3970 2413//3970
f 2484//3971 2485//3971 2413//3971
f 2413//3972 2485//3972 2414//3972
f 2485//3973 2486//3973 2414//3973
f 2414//3974 2486//3974 2415//3974
f 2486//3975 2487//3975 2415//3975
f 2415//3976 2487//3976 2416//3976
f 2487//3977 2488//3977 2416//3977
f 2416//3978 2488//3978 2417//3978
f 2488//3979 2489//3979 2417//3979
f 2417//3980 2489//3980 2418//3980
f 2489//3981 2490//3981 2418//3981
f 2418//3982 2490//3982 2419//3982
f 2490//3983 2491//3983 2419//3983
f 2419//3984 2491//3984 2420//3984
f 2491//3985 2492//3985 2420//3985
f 2420//3986 2492//3986 2421//3986
f 2492//3987 2493//3987 2421//3987
f 2421//3988 2493//3988 2422//3988
f 2493//3989 2494//3989 2422//3989
f 2422//3990 2494//3990 2423//3990
f 2494//3991 2495//3991 2423//3991
f 2423//3992 2495//3992 2424//3992
f 2495//3993 2496//3993 2424//3993
f 2424//3994 2496//3994 2425//3994
f 2496//3995 2497//3995 2425//3995
f 2425//3996 2497//3996 2426//3996
f 2497//3997 2498//3997 2426//3997
f 2426//3998 2498//3998 2427//3998
f 2498//3999 2499//3999 2427//3999
f 2427//4000 2499//4000 2428//4000
f 2499//4001 2500//4001 2428//4001
f 2428//4002 2500//4002 2429//4002
f 2500//4003 2501//4003 2429//4003
f 2429//4004 2501//4004 2430//4004
f 2501//4005 2502//4005 2430//4005
f 2430//4006 2502//4006 2431//4006
f 2502//4007 2503//4007 2431//4007
f 2431//4008 2503//4008 2432//4008
f 2503//4009 2504//4009 2432//4009
f 2432//4010 2504//4010 2433//4010
f 2504//4011 2505//4011 2433//4011
f 2433//4012 2505//4012 2434//4012
f 2505//4013 2506//4013 2434//4013
f 2434//4014 2506//4014 2435//4014
f 2506//4015 2507//4015 2435//4015
f 2435//4016 2507//4016 2436//4016
f 2507//4017 2508//4017 2436//4017
f 2436//4018 2508//4018 2437//4018
f 2508//4019 2509//4019 2437//4019
f 2437//4020 2509//4020 2438//4020
f 2509//4021 2510//4021 2438//4021
f 2438//4022 2510//4022 2439//4022
f 2510//4023 2511//4023 2439//4023
f 2439//4024 2511//4024 2440//4024
f 2511//4025 2512//4025 2440//4025
f 2440//4026 2512//4026 2441//4026
f 2512//4027 2513//4027 2441//4027
f 2441//4028 2513//4028 2442//4028
f 2513//4029 2514//4029 2442//4029
f 2442//4030 2514//4030 2443//4030
f 2514//4031 2515//4031 2443//4031
f 2443//4032 2515//4032 2444//4032
f 2515//4033 2516//4033 2444//4033
f 2444//4034 2516//4034 2445//4034
f 2516//4035 2517//4035 2445//4035
f 2445//4036 2517//4036 2446//4036
f 2517//4037 2518//4037 2446//4037
f 2446//4038 2518//4038 2447//4038
f 2518//4039 2519//4039 2447//4039
f 2447//4040 2519//4040 2448//4040
f 2519//4041 2520//4041 2448//4041
f 2448//4042 2520//4042 2449//4042
f 2520//4043 2521//4043 2449//4043
f 2449//4044 2521//4044 2450//4044
f 2521//4045 2522//4045 2450//4045
f 2450//4046 2522//4046 2451//4046
f 2522//4047 2523//4047 2451//4047
f 2451//4048 2523//4048 2452//4048
f 2523//4049 2524//4049 2452//4049
f 2452//4050 2524//4050 2453//4050
f 2524//4051 2525//4051 2453//4051
f 2453//4052 2525//4052 2454//4052
f 2525//4053 2526//4053 2454//4053
f 2454//4054 2526//4054 2455//4054
f 2526//4055 2527//4055 2455//4055
f 2455//4056 2527//4056 2456//4056
f 2527//4057 2528//4057 2456//4057
f 2456//4058 2528//4058 2457//4058
f 2528//4059 2529//4059 2457//4059
f 2457//4060 2529//4060 2386//4060
f 2529//4061 2458//4061 2386//4061
f 2458//4062 2530//4062 2459//4062
f 2530//4063 2531//4063 2459//4063
f 2459//4064 2531//4064 2460//4064
f 2531//4065 2532//4065 2460//4065
f 2460//4066 2532//4066 2461//4066
f 2532//4067 2533//4067 2461//4067
f 2461//4068 2533//4068 2462//4068
f 2533//4069 2534//4069 2462//4069
f 2462//4070 2534//4070 2463//4070
f 2534//4071 2535//4071 2463//4071
f 2463//4072 2535//4072 2464//4072
f 2535//4073 2536//4073 2464//4073
f 2464//4074 2536//4074 2465//4074
f 2536//4075 2537//4075 2465//4075
f 2465//4076 2537//4076 2466//4076
f 2537//4077 2538//4077 2466//4077
f 2466//4078 2538//4078 2467//4078
f 2538//4079 2539//4079 2467//4079
f 2467//4080 2539//4080 2468//4080
f 2539//4081 2540//4081 2468//4081
f 2468//4082 2540//4082 2469//4082
f 2540//4083 2541//4083 2469//4083
f 2469//4084 2541//4084 2470//4084
f 2541//4085 2542//4085 2470//4085
f 2470//4086 2542//4086 2471//4086
f 2542//4087 2543//4087 2471//4087
f 2471//4088 2543//4088 2472//4088
f 2543//4089 2544//4089 2472//4089
f 2472//4090 2544//4090 2473//4090
f 2544//4091 2545//4091 2473//4091
f 2473//4092 2545//4092 2474//4092
f 2545//4093 2546//4093 2474//4093
f 2474//4094 2546//4094 2475//4094
f 2546//4095 2547//4095 2475//4095
f 2475//4096 2547//4096 2476//4096
f 2547//4097 2548//4097 2476//4097
f 2476//4098 2548//4098 2477//4098
f 2548//4099 2549//4099 2477//4099
f 2477//4100 2549//4100 2478//4100
f 2549//4101 2550//4101 2478//4101
f 2478//4102 2550//4102 2479//4102
f 2550//4103 2551//4103 2479//4103
f 2479//4104 2551//4104 2480//4104
f 2551//4105 2552//4105 2480//4105
f 2480//4106 2552//4106 2481//4106
f 2552//4107 2553//4107 2481//4107
f 2481//4108 2553//4108 2482//4108
f 2553//4109 2554//4109 2482//4109
f 2482//4110 2554//4110 2483//4110
f 2554//4111 2555//4111 2483//4111
f 2483//4112 2555//4112 2484//4112
f 2555//4113 2556//4113 2484//4113
f 2484//4114 2556//4114 2485//4114
f 2556//4115 2557//4115 2485//4115
f 2485//4116 2557//4116 2486//4116
f 2557//4117 2558//4117 2486//4117
f 2486//4118 2558//4118 2487//4118
f 2558//4119 2559//4119 2487//4119
f 2487//4120 2559//4120 2488//4120
f 2559//4121 2560//4121 2488//4121
f 2488//4122 2560//4122 2489//4122
f 2560//4123 2561//4123 2489//4123
f 2489//4124 2561//4124 2490//4124
f 2561//4125 2562//4125 2490//4125
f 2490//4126 2562//4126 2491//4126
f 2562//4127 2563//4127 2491//4127
f 2491//4128 2563//4128 2492//4128
f 2563//4129 2564//4129 2492//4129
f 2492//4130 2564//4130 2493//4130
f 2564//4131 2565//4131 2493//4131
f 2493//4132 2565//4132 2494//4132
f 2565//4133 2566//4133 2494//4133
f 2494//4134 2566//4134 2495//4134
f 2566//4135 2567//4135 2495//4135
f 2495//4136 2567//4136 2496//4136
f 2567//4137 2568//4137 2496//4137
f 2496//4138 2568//4138 2497//4138
f 2568//4139 2569//4139 2497//4139
f 2497//4140 2569//4140 2498//4140
f 2569//4141 2570//4141 2498//4141
f 2498//4142 2570//4142 2499//4142
f 2570//4143 2571//4143 2499//4143
f 2499//4144 2571//4144 2500//4144
f 2571//4145 2572//4145 2500//4145
f 2500//4146 2572//4146 2501//4146
f 2572//4147 2573//4147 2501//4147
f 2501//4148 2573//4148 2502//4148
f 2573//4149 2574//4149 2502//4149
f 2502//4150 2574//4150 2503//4150
f 2574//4151 2575//4151 2503//4151
f 2503//4152 2575//4152 2504//4152
f 2575//4153 2576//4153 2504//4153
f 2504//4154 2576//4154 2505//4154
f 2576//4155 2577//4155 2505//4155
f 2505//4156 2577//4156 2506//4156
f 2577//4157 2578//4157 2506//4157
f 2506//4158 2578//4158 2507//4158
f 2578//4159 2579//4159 2507//4159
f 2507//4160 2579//4160 2508//4160
f 2579//4161 2580//4161 2508//4161
f 2508//4162 2580//4162 2509//4162
f 2580//4163 2581//4163 2509//4163
f 2509//4164 2581//4164 2510//4164
f 2581//4165 2582//4165 2510//4165
f 2510//4166 2582//4166 2511//4166
f 2582//4167 2583//4167 2511//4167
f 2511//4168 2583//4168 2512//4168
f 2583//4169 2584//4169 2512//4169
f 2512//4170 2584//4170 2513//4170
f 2584//4171 2585//4171 2513//4171
f 2513//4172 2585//4172 2514//4172
f 2585//4173 2586//4173 2514//4173
f 2514//4174 2586//4174 2515//4174
f 2586//4175 2587//4175 2515//4175
f 2515//4176 2587//4176 2516//4176
f 2587//4177 2588//4177 2516//4177
f 2516//4178 2588//4178 2517//4178
f 2588//4179 2589//4179 2517//4179
f 2517//4180 2589//4180 2518//4180
f 2589//4181 2590//4181 2518//4181
f 2518//4182 2590//4182 2519//4182
f 2590//4183 2591//4183 2519//4183
f 2519//4184 2591//4184 2520//4184
f 2591//4185 2592//4185 2520//4185
f 2520//4186 2592//4186 2521//4186
f 2592//4187 2593//4187 2521//4187
f 2521//4188 2593//4188 2522//4188
f 2593//4189 2594//4189 2522//4189
f 2522//4190 2594//4190 2523//4190
f 2594//4191 2595//4191 2523//4191
f 2523//4192 2595//4192 2524//4192
f 2595//4193 2596//4193 2524//4193
f 2524//4194 2596//4194 2525//4194
f 2596//4195 2597//4195 2525//4195
f 2525//4196 2597//4196 2526//4196
f 2597//4197 2598//4197 2526//4197
f 2526//4198 2598//4198 2527//4198
f 2598//4199 2599//4199 2527//4199
f 2527//4200 2599//4200 2528//4200
f 2599//4201 2600//4201 2528//4201
f 2528//4202 2600//4202 2529//4202
f 2600//4203 2601//4203 2529//4203
f 2529//4204 2601//4204 2458//4204
f 2601//4205 2530//4205 2458//4205
f 2530//4206 2602//4206 2531//4206
f 2602//4207 2603//4207 2531//4207
f 2531//4208 2603//4208 2532//4208
f 2603//4209 2604//4209 2532//4209
f 2532//4210 2604//4210 2533//4210
f 2604//4211 2605//4211 2533//4211
f 2533//4212 2605//4212 2534//4212
f 2605//4213 2606//4213 2534//4213
f 2534//4214 2606//4214 2535//4214
f 2606//4215 2607//4215 2535//4215
f 2535//4216 2607//4216 2536//4216
f 2607//4217 2608//4217 2536//4217
f 2536//4218 2608//4218 2537//4218
f 2608//4219 2609//4219 2537//4219
f 2537//4220 2609//4220 2538//4220
f 2609//4221 2610//4221 2538//4221
f 2538//4222 2610//4222 2539//4222
f 2610//4223 2611//4223 2539//4223
f 2539//4224 2611//4224 2540//4224
f 2611//4225 2612//4225 2540//4225
f 2540//4226 2612//4226 2541//4226
f 2612//4227 2613//4227 2541//4227
f 2541//4228 2613//4228 2542//4228
f 2613//4229 2614//4229 2542//4229
f 2542//4230 2614//4230 2543//4230
f 2614//4231 2615//4231 2543//4231
f 2543//4232 2615//4232 2544//4232
f 2615//4233 2616//4233 2544//4233
f 2544//4234 2616//4234 2545//4234
f 2616//4235 2617//4235 2545//4235
f 2545//4236 2617//4236 2546//4236
f 2617//4237 2618//4237 2546//4237
f 2546//4238 2618//4238 2547//4238
f 2618//4239 2619//4239 2547//4239
f 2547//4240 2619//4240 2548//4240
f 2619//4241 2620//4241 2548//4241
f 2548//4242 2620//4242 2549//4242
f 2620//4243 2621//4243 2549//4243
f 2549//4244 2621//4244 2550//4244
f 2621//4245 2622//4245 2550//4245
f 2550//4246 2622//4246 2551//4246
f 2622//4247 2623//4247 2551//4247
f 2551//4248 2623//4248 2552//4248
f 2623//4249 2624//4249 2552//4249
f 2552//4250 2624//4250 2553//4250
f 2624//4251 2625//4251 2553//4251
f 2553//4252 2625//4252 2554//4252
f 2625//4253 2626//4253 2554//4253
f 2554//4254 2626//4254 2555//4254
f 2626//4255 2627//4255 2555//4255
f 2555//4256 2627//4256 2556//4256
f 2627//4257 2628//4257 2556//4257
f 2556//4258 2628//4258 2557//4258
f 2628//4259 2629//4259 2557//4259
f 2557//4260 2629//4260 2558//4260
f 2629//4261 2630//4261 2558//4261
f 2558//4262 2630//4262 2559//4262
f 2630//4263 2631//4263 2559//4263
f 2559//4264 2631//4264 2560//4264
f 2631//4265 2632//4265 2560//4265
f 2560//4266 2632//4266 2561//4266
f 2632//4267 2633//4267 2561//4267
f 2561//4268 2633//4268 2562//4268
f 2633//4269 2634//4269 2562//4269
f 2562//4270 2634//4270 2563//4270
f 2634//4271 2635//4271 2563//4271
f 2563//4272 2635//4272 2564//4272
f 2635//4273 2636//4273 2564//4273
f 2564//4274 2636//4274 2565//4274
f 2636//4275 2637//4275 2565//4275
f 2565//4276 2637//4276 2566//4276
f 2637//4277 2638//4277 2566//4277
f 2566//4278 2638//4278 2567//4278
f 2638//4279 2639//4279 2567//4279
f 2567//4280 2639//4280 2568//4280
f 2639//4281 2640//4281 2568//4281
f 2568//4282 2640//4282 2569//4282
f 2640//4283 2641//4283 2569//4283
f 2569//4284 2641//4284 2570//4284
f 2641//4285 2642//4285 2570//4285
f 2570//4286 2642//4286 2571//4286
f 2642//4287 2643//4287 2571//4287
f 2571//4288 2643//4288 2572//4288
f 2643//4289 2644//4289 2572//4289
f 2572//4290 2644//4290 2573//4290
f 2644//4291 2645//4291 2573//4291
f 2573//4292 2645//4292 2574//4292
f 2645//4293 2646//4293 2574//4293
f 2574//4294 2646//4294 2575//4294
f 2646//4295 2647//4295 2575//4295
f 2575//4296 2647//4296 2576//4296
f 2647//4297 2648//4297 2576//4297
f 2576//4298 2648//4298 2577//4298
f 2648//4299 2649//4299 2577//4299
f 2577//4300 2649//4300 2578//4300
f 2649//4301 2650//4301 2578//4301
f 2578//4302 2650//4302 2579//4302
f 2650//4303 2651//4303 2579//4303
f 2579//4304 2651//4304 2580//4304
f 2651//4305 2652//4305 2580//4305
f 2580//4306 2652//4306 2581//4306
f 2652//4307 2653//4307 2581//4307
f 2581//4308 2653//4308 2582//4308
f 2653//4309 2654//4309 2582//4309
f 2582//4310 2654//4310 2583//4310
f 2654//4311 2655//4311 2583//4311
f 2583//4312 2655//4312 2584//4312
f 2655//4313 2656//4313 2584//4313
f 2584//4314 2656//4314 2585//4314
f 2656//4315 2657//4315 2585//4315
f 2585//4316 2657//4316 2586//4316
f 2657//4317 2658//4317 2586//4317
f 2586//4318 2658//4318 2587//4318
f 2658//4319 2659//4319 2587//4319
f 2587//4320 2659//4320 2588//4320
f 2659//4321 2660//4321 2588//4321
f 2588//4322 2660//4322 2589//4322
f 2660//4323 2661//4323 2589//4323
f 2589//4324 2661//4324 2590//4324
f 2661//4325 2662//4325 2590//4325
f 2590//4326 2662//4326 2591//4326
f 2662//4327 2663//4327 2591//4327
f 2591//4328 2663//4328 2592//4328
f 2663//4329 2664//4329 2592//4329
f 2592//4330 2664//4330 2593//4330
f 2664//4331 2665//4331 2593//4331
f 2593//4332 2665//4332 2594//4332
f 2665//4333 2666//4333 2594//4333
f 2594//4334 2666//4334 2595//4334
f 2666//4335 2667//4335 2595//4335
f 2595//4336 2667//4336 2596//4336
f 2667//4337 2668//4337 2596//4337
f 2596//4338 2668//4338 2597//4338
f 2668//4339 2669//4339 2597//4339
f 2597//4340 2669//4340 2598//4340
f 2669//4341 2670//4341 2598//4341
f 2598//4342 2670//4342 2599//4342
f 2670//4343 2671//4343 2599//4343
f 2599//4344 2671//4344 2600//4344
f 2671//4345 2672//4345 2600//4345
f 2600//4346 2672//4346 2601//4346
f 2672//4347 2673//4347 2601//4347
f 2601//4348 2673//4348 2530//4348
f 2673//4349 2602//4349 2530//4349
f 2602//4350 2674//4350 2603//4350
f 2674//4350 2675//4350 2603//4350
f 2603//4351 2675//4351 2604//4351
f 2675//4352 2676//4352 2604//4352
f 2604//4353 2676//4353 2605//4353
f 2676//4354 2677//4354 2605//4354
f 2605//4355 2677//4355 2606//4355
f 2677//4356 2678//4356 2606//4356
f 2606//4357 2678//4357 2607//4357
f 2678//4358 2679//4358 2607//4358
f 2607//4359 2679//4359 2608//4359
f 2679//4360 2680//4360 2608//4360
f 2608//4361 2680//4361 2609//4361
f 2680//4361 2681//4361 2609//4361
f 2609//4362 2681//4362 2610//4362
f 2681//4363 2682//4363 2610//4363
f 2610//4364 2682//4364 2611//4364
f 2682//4364 2683//4364 2611//4364
f 2611//4365 2683//4365 2612//4365
f 2683//4365 2684//4365 2612//4365
f 2612//4366 2684//4366 2613//4366
f 2684//4366 2685//4366 2613//4366
f 2613//4367 2685//4367 2614//4367
f 2685//4368 2686//4368 2614//4368
f 2614//4369 2686//4369 2615//4369
f 2686//4370 2687//4370 2615//4370
f 2615//4371 2687//4371 2616//4371
f 2687//4371 2688//4371 2616//4371
f 2616//4372 2688//4372 2617//4372
f 2688//4373 2689//4373 2617//4373
f 2617//4374 2689//4374 2618//4374
f 2689//4374 2690//4374 2618//4374
f 2618//4375 2690//4375 2619//4375
f 2690//4376 2691//4376 2619//4376
f 2619//4377 2691//4377 2620//4377
f 2691//4378 2692//4378 2620//4378
f 2620//4379 2692//4379 2621//4379
f 2692//4380 2693//4380 2621//4380
f 2621//4381 2693//4381 2622//4381
f 2693//4382 2694//4382 2622//4382
f 2622//4383 2694//4383 2623//4383
f 2694//4383 2695//4383 2623//4383
f 2623//4384 2695//4384 2624//4384
f 2695//4385 2696//4385 2624//4385
f 2624//4386 2696//4386 2625//4386
f 2696//4387 2697//4387 2625//4387
f 2625//4388 2697//4388 2626//4388
f 2697//4388 2698//4388 2626//4388
f 2626//4389 2698//4389 2627//4389
f 2698//4389 2699//4389 2627//4389
f 2627//4390 2699//4390 2628//4390
f 2699//4390 2700//4390 2628//4390
f 2628//4391 2700//4391 2629//4391
f 2700//4392 2701//4392 2629//4392
f 2629//4393 2701//4393 2630//4393
f 2701//4393 2702//4393 2630//4393
f 2630//4394 2702//4394 2631//4394
f 2702//4395 2703//4395 2631//4395
f 2631//4396 2703//4396 2632//4396
f 2703//4397 2704//4397 2632//4397
f 2632//4398 2704//4398 2633//4398
f 2704//4399 2705//4399 2633//4399
f 2633//4400 2705//4400 2634//4400
f 2705//4401 2706//4401 2634//4401
f 2634//4402 2706//4402 2635//4402
f 2706//4403 2707//4403 2635//4403
f 2635//4404 2707//4404 2636//4404
f 2707//4404 2708//4404 2636//4404
f 2636//4405 2708//4405 2637//4405
f 2708//4406 2709//4406 2637//4406
f 2637//4407 2709//4407 2638//4407
f 2709//4408 2710//4408 2638//4408
f 2638//4409 2710//4409 2639//4409
f 2710//4409 2711//4409 2639//4409
f 2639//4410 2711//4410 2640//4410
f 2711//4411 2712//4411 2640//4411
f 2640//4412 2712//4412 2641//4412
f 2712//4413 2713//4413 2641//4413
f 2641//4414 2713//4414 2642//4414
f 2713//4415 2714//4415 2642//4415
f 2642//4416 2714//4416 2643//4416
f 2714//4417 2715//4417 2643//4417
f 2643//4418 2715//4418 2644//4418
f 2715//4419 2716//4419 2644//4419
f 2644//4420 2716//4420 2645//4420
f 2716//4420 2717//4420 2645//4420
f 2645//4421 2717//4421 2646//4421
f 2717//4422 2718//4422 2646//4422
f 2646//4423 2718//4423 2647//4423
f 2718//4423 2719//4423 2647//4423
f 2647//4424 2719//4424 2648//4424
f 2719//4424 2720//4424 2648//4424
f 2648//4425 2720//4425 2649//4425
f 2720//4425 2721//4425 2649//4425
f 2649//4426 2721//4426 2650//4426
f 2721//4427 2722//4427 2650//4427
f 2650//4428 2722//4428 2651//4428
f 2722//4429 2723//4429 2651//4429
f 2651//4430 2723//4430 2652//4430
f 2723//4430 2724//4430 2652//4430
f 2652//4431 2724//4431 2653//4431
f 2724//4432 2725//4432 2653//4432
f 2653//4433 2725//4433 2654//4433
f 2725//4434 2726//4434 2654//4434
f 2654//4435 2726//4435 2655//4435
f 2726//4436 2727//4436 2655//4436
f 2655//4437 2727//4437 2656//4437
f 2727//4438 2728//4438 2656//4438
f 2656//4439 2728//4439 2657//4439
f 2728//4439 2729//4439 2657//4439
f 2657//4440 2729//4440 2658//4440
f 2729//4441 2730//4441 2658//4441
f 2658//4442 2730//4442 2659//4442
f 2730//4442 2731//4442 2659//4442
f 2659//4443 2731//4443 2660//4443
f 2731//4444 2732//4444 2660//4444
f 2660//4445 2732//4445 2661//4445
f 2732//4446 2733//4446 2661//4446
f 2661//4447 2733//4447 2662//4447
f 2733//4447 2734//4447 2662//4447
f 2662//4448 2734//4448 2663//4448
f 2734//4448 2735//4448 2663//4448
f 2663//4449 2735//4449 2664//4449
f 2735//4449 2736//4449 2664//4449
f 2664//4450 2736//4450 2665//4450
f 2736//4451 2737//4451 2665//4451
f 2665//4452 2737//4452 2666//4452
f 2737//4452 2738//4452 2666//4452
f 2666//4453 2738//4453 2667//4453
f 2738//4454 2739//4454 2667//4454
f 2667//4455 2739//4455 2668//4455
f 2739//4456 2740//4456 2668//4456
f 2668//4457 2740//4457 2669//4457
f 2740//4458 2741//4458 2669//4458
f 2669//4459 2741//4459 2670//4459
f 2741//4460 2742//4460 2670//4460
f 2670//4461 2742//4461 2671//4461
f 2742//4462 2743//4462 2671//4462
f 2671//4463 2743//4463 2672//4463
f 2743//4463 2744//4463 2672//4463
f 2672//4464 2744//4464 2673//4464
f 2744//4465 2745//4465 2673//4465
f 2673//4466 2745//4466 2602//4466
f 2745//4467 2674//4467 2602//4467
f 2674//4468 2746//4468 2675//4468
f 2746//4469 2747//4469 2675//4469
f 2675//4470 2747//4470 2676//4470
f 2747//4471 2748//4471 2676//4471
f 2676//4472 2748//4472 2677//4472
f 2748//4473 2749//4473 2677//4473
f 2677//4474 2749//4474 2678//4474
f 2749//4475 2750//4475 2678//4475
f 2678//4476 2750//4476 2679//4476
f 2750//4477 2751//4477 2679//4477
f 2679//4478 2751//4478 2680//4478
f 2751//4479 2752//4479 2680//4479
f 2680//4480 2752//4480 2681//4480
f 2752//4481 2753//4481 2681//4481
f 2681//4482 2753//4482 2682//4482
f 2753//4483 2754//4483 2682//4483
f 2682//4484 2754//4484 2683//4484
f 2754//4485 2755//4485 2683//4485
f 2683//4486 2755//4486 2684//4486
f 2755//4487 2756//4487 2684//4487
f 2684//4488 2756//4488 2685//4488
f 2756//4489 2757//4489 2685//4489
f 2685//4490 2757//4490 2686//4490
f 2757//4491 2758//4491 2686//4491
f 2686//4492 2758//4492 2687//4492
f 2758//4493 2759//4493 2687//4493
f 2687//4494 2759//4494 2688//4494
f 2759//4495 2760//4495 2688//4495
f 2688//4496 2760//4496 2689//4496
f 2760//4497 2761//4497 2689//4497
f 2689//4498 2761//4498 2690//4498
f 2761//4499 2762//4499 2690//4499
f 2690//4500 2762//4500 2691//4500
f 2762//4501 2763//4501 2691//4501
f 2691//4502 2763//4502 2692//4502
f 2763//4503 2764//4503 2692//4503
f 2692//4504 2764//4504 2693//4504
f 2764//4505 2765//4505 2693//4505
f 2693//4506 2765//4506 2694//4506
f 2765//4507 2766//4507 2694//4507
f 2694//4508 2766//4508 2695//4508
f 2766//4509 2767//4509 2695//4509
f 2695//4510 2767//4510 2696//4510
f 2767//4511 2768//4511 2696//4511
f 2696//4512 2768//4512 2697//4512
f 2768//4513 2769//4513 2697//4513
f 2697//4514 2769//4514 2698//4514
f 2769//4515 2770//4515 2698//4515
f 2698//4516 2770//4516 2699//4516
f 2770//4517 2771//4517 2699//4517
f 2699//4518 2771//4518 2700//4518
f 2771//4519 2772//4519 2700//4519
f 2700//4520 2772//4520 2701//4520
f 2772//4521 2773//4521 2701//4521
f 2701//4522 2773//4522 2702//4522
f 2773//4523 2774//4523 2702//4523
f 2702//4524 2774//4524 2703//4524
f 2774//4525 2775//4525 2703//4525
f 2703//4526 2775//4526 2704//4526
f 2775//4527 2776//4527 2704//4527
f 2704//4528 2776//4528 2705//4528
f 2776//4529 2777//4529 2705//4529
f 2705//4530 2777//4530 2706//4530
f 2777//4531 2778//4531 2706//4531
f 2706//4532 2778//4532 2707//4532
f 2778//4533 2779//4533 2707//4533
f 2707//4534 2779//4534 2708//4534
f 2779//4535 2780//4535 2708//4535
f 2708//4536 2780//4536 2709//4536
f 2780//4537 2781//4537 2709//4537
f 2709//4538 2781//4538 2710//4538
f 2781//4539 2782//4539 2710//4539
f 2710//4540 2782//4540 2711//4540
f 2782//4541 2783//4541 2711//4541
f 2711//4542 2783//4542 2712//4542
f 2783//4543 2784//4543 2712//4543
f 2712//4544 2784//4544 2713//4544
f 2784//4545 2785//4545 2713//4545
f 2713//4546 2785//4546 2714//4546
f 2785//4547 2786//4547 2714//4547
f 2714//4548 2786//4548 2715//4548
f 2786//4549 2787//4549 2715//4549
f 2715//4550 2787//4550 2716//4550
f 2787//4551 2788//4551 2716//4551
f 2716//4552 2788//4552 2717//4552
f 2788//4553 2789//4553 2717//4553
f 2717//4554 2789//4554 2718//4554
f 2789//4555 2790//4555 2718//4555
f 2718//4556 2790//4556 2719//4556
f 2790//4557 2791//4557 2719//4557
f 2719//4558 2791//4558 2720//4558
f 2791//4559 2792//4559 2720//4559
f 2720//4560 2792//4560 2721//4560
f 2792//4561 2793//4561 2721//4561
f 2721//4562 2793//4562 2722//4562
f 2793//4563 2794//4563 2722//4563
f 2722//4564 2794//4564 2723//4564
f 2794//4565 2795//4565 2723//4565
f 2723//4566 2795//4566 2724//4566
f 2795//4567 2796//4567 2724//4567
f 2724//4568 2796//4568 2725//4568
f 2796//4569 2797//4569 2725//4569
f 2725//4570 2797//4570 2726//4570
f 2797//4571 2798//4571 2726//4571
f 2726//4572 2798//4572 2727//4572
f 2798//4573 2799//4573 2727//4573
f 2727//4574 2799//4574 2728//4574
f 2799//4575 2800//4575 2728//4575
f 2728//4576 2800//4576 2729//4576
f 2800//4577 2801//4577 2729//4577
f 2729//4578 2801//4578 2730//4578
f 2801//4579 2802//4579 2730//4579
f 2730//4580 2802//4580 2731//4580
f 2802//4581 2803//4581 2731//4581
f 2731//4582 2803//4582 2732//4582
f 2803//4583 2804//4583 2732//4583
f 2732//4584 2804//4584 2733//4584
f 2804//4585 2805//4585 2733//4585
f 2733//4586 2805//4586 2734//4586
f 2805//4587 2806//4587 2734//4587
f 2734//4588 2806//4588 2735//4588
f 2806//4589 2807//4589 2735//4589
f 2735//4590 2807//4590 2736//4590
f 2807//4591 2808//4591 2736//4591
f 2736//4592 2808//4592 2737//4592
f 2808//4593 2809//4593 2737//4593
f 2737//4594 2809//4594 2738//4594
f 2809//4595 2810//4595 2738//4595
f 2738//4596 2810//4596 2739//4596
f 2810//4597 2811//4597 2739//4597
f 2739//4598 2811//4598 2740//4598
f 2811//4599 2812//4599 2740//4599
f 2740//4600 2812//4600 2741//4600
f 2812//4601 2813//4601 2741//4601
f 2741//4602 2813//4602 2742//4602
f 2813//4603 2814//4603 2742//4603
f 2742//4604 2814//4604 2743//4604
f 2814//4605 2815//4605 2743//4605
f 2743//4606 2815//4606 2744//4606
f 2815//4607 2816//4607 2744//4607
f 2744//4608 2816//4608 2745//4608
f 2816//4609 2817//4609 2745//4609
f 2745//4610 2817//4610 2674//4610
f 2817//4611 2746//4611 2674//4611
f 2746//4612 2818//4612 2747//4612
f 2818//4613 2819//4613 2747//4613
f 2747//4614 2819//4614 2748//4614
f 2819//4615 2820//4615 2748//4615
f 2748//4616 2820//4616 2749//4616
f 2820//4617 2821//4617 2749//4617
f 2749//4618 2821//4618 2750//4618
f 2821//4619 2822//4619 2750//4619
f 2750//4620 2822//4620 2751//4620
f 2822//4621 2823//4621 2751//4621
f 2751//4622 2823//4622 2752//4622
f 2823//4623 2824//4623 2752//4623
f 2752//4624 2824//4624 2753//4624
f 2824//4625 2825//4625 2753//4625
f 2753//4626 2825//4626 2754//4626
f 2825//4627 2826//4627 2754//4627
f 2754//4628 2826//4628 2755//4628
f 2826//4629 2827//4629 2755//4629
f 2755//4630 2827//4630 2756//4630
f 2827//4631 2828//4631 2756//4631
f 2756//4632 2828//4632 2757//4632
f 2828//4633 2829//4633 2757//4633
f 2757//4634 2829//4634 2758//4634
f 2829//4635 2830//4635 2758//4635
f 2758//4636 2830//4636 2759//4636
f 2830//4637 2831//4637 2759//4637
f 2759//4638 2831//4638 2760//4638
f 2831//4639 2832//4639 2760//4639
f 2760//4640 2832//4640 2761//4640
f 2832//4641 2833//4641 2761//4641
f 2761//4642 2833//4642 2762//4642
f 2833//4643 2834//4643 2762//4643
f 2762//4644 2834//4644 2763//4644
f 2834//4645 2835//4645 2763//4645
f 2763//4646 2835//4646 2764//4646
f 2835//4647 2836//4647 2764//4647
f 2764//4648 2836//4648 2765//4648
f 2836//4649 2837//4649 2765//4649
f 2765//4650 2837//4650 2766//4650
f 2837//4651 2838//4651 2766//4651
f 2766//4652 2838//4652 2767//4652
f 2838//4653 2839//4653 2767//4653
f 2767//4654 2839//4654 2768//4654
f 2839//4655 2840//4655 2768//4655
f 2768//4656 2840//4656 2769//4656
f 2840//4657 2841//4657 2769//4657
f 2769//4658 2841//4658 2770//4658
f 2841//4659 2842//4659 2770//4659
f 2770//4660 2842//4660 2771//4660
f 2842//4661 2843//4661 2771//4661
f 2771//4662 2843//4662 2772//4662
f 2843//4663 2844//4663 2772//4663
f 2772//4664 2844//4664 2773//4664
f 2844//4665 2845//4665 2773//4665
f 2773//4666 2845//4666 2774//4666
f 2845//4667 2846//4667 2774//4667
f 2774//4668 2846//4668 2775//4668
f 2846//4669 2847//4669 2775//4669
f 2775//4670 2847//4670 2776//4670
f 2847//4671 2848//4671 2776//4671
f 2776//4672 2848//4672 2777//4672
f 2848//4673 2849//4673 2777//4673
f 2777//4674 2849//4674 2778//4674
f 2849//4675 2850//4675 2778//4675
f 2778//4676 2850//4676 2779//4676
f 2850//4677 2851//4677 2779//4677
f 2779//4678 2851//4678 2780//4678
f 2851//4679 2852//4679 2780//4679
f 2780//4680 2852//4680 2781//4680
f 2852//4681 2853//4681 2781//4681
f 2781//4682 2853//4682 2782//4682
f 2853//4683 2854//4683 2782//4683
f 2782//4684 2854//4684 2783//4684
f 2854//4685 2855//4685 2783//4685
f 2783//4686 2855//4686 2784//4686
f 2855//4687 2856//4687 2784//4687
f 2784//4688 2856//4688 2785//4688
f 2856//4689 2857//4689 2785//4689
f 2785//4690 2857//4690 2786//4690
f 2857//4691 2858//4691 2786//4691
f 2786//4692 2858//4692 2787//4692
f 2858//4693 2859//4693 2787//4693
f 2787//4694 2859//4694 2788//4694
f 2859//4695 2860//4695 2788//4695
f 2788//4696 2860//4696 2789//4696
f 2860//4697 2861//4697 2789//4697
f 2789//4698 2861//4698 2790//4698
f 2861//4699 2862//4699 2790//4699
f 2790//4700 2862//4700 2791//4700
f 2862//4701 2863//4701 2791//4701
f 2791//4702 2863//4702 2792//4702
f 2863//4703 2864//4703 2792//4703
f 2792//4704 2864//4704 2793//4704
f 2864//4705 2865//4705 2793//4705
f 2793//4706 2865//4706 2794//4706
f 2865//4707 2866//4707 2794//4707
f 2794//4708 2866//4708 2795//4708
f 2866//4709 2867//4709 2795//4709
f 2795//4710 2867//4710 2796//4710
f 2867//4711 2868//4711 2796//4711
f 2796//4712 2868//4712 2797//4712
f 2868//4713 2869//4713 2797//4713
f 2797//4714 2869//4714 2798//4714
f 2869//4715 2870//4715 2798//4715
f 2798//4716 2870//4716 2799//4716
f 2870//4717 2871//4717 2799//4717
f 2799//4718 2871//4718 2800//4718
f 2871//4719 2872//4719 2800//4719
f 2800//4720 2872//4720 2801//4720
f 2872//4721 2873//4721 2801//4721
f 2801//4722 2873//4722 2802//4722
f 2873//4723 2874//4723 2802//4723
f 2802//4724 2874//4724 2803//4724
f 2874//4725 2875//4725 2803//4725
f 2803//4726 2875//4726 2804//4726
f 2875//4727 2876//4727 2804//4727
f 2804//4728 2876//4728 2805//4728
f 2876//4729 2877//4729 2805//4729
f 2805//4730 2877//4730 2806//4730
f 2877//4731 2878//4731 2806//4731
f 2806//4732 2878//4732 2807//4732
f 2878//4733 2879//4733 2807//4733
f 2807//4734 2879//4734 2808//4734
f 2879//4735 2880//4735 2808//4735
f 2808//4736 2880//4736 2809//4736
f 2880//4737 2881//4737 2809//4737
f 2809//4738 2881//4738 2810//4738
f 2881//4739 2882//4739 2810//4739
f 2810//4740 2882//4740 2811//4740
f 2882//4741 2883//4741 2811//4741
f 2811//4742 2883//4742 2812//4742
f 2883//4743 2884//4743 2812//4743
f 2812//4744 2884//4744 2813//4744
f 2884//4745 2885//4745 2813//4745
f 2813//4746 2885//4746 2814//4746
f 2885//4747 2886//4747 2814//4747
f 2814//4748 2886//4748 2815//4748
f 2886//4749 2887//4749 2815//4749
f 2815//4750 2887//4750 2816//4750
f 2887//4751 2888//4751 2816//4751
f 2816//4752 2888//4752 2817//4752
f 2888//4753 2889//4753 2817//4753
f 2817//4754 2889//4754 2746//4754
f 2889//4755 2818//4755 2746//4755
f 2818//4756 2890//4756 2819//4756
f 2890//4757 2891//4757 2819//4757
f 2819//4758 2891//4758 2820//4758
f 2891//4759 2892//4759 2820//4759
f 2820//4760 2892//4760 2821//4760
f 2892//4761 2893//4761 2821//4761
f 2821//4762 2893//4762 2822//4762
f 2893//4763 2894//4763 2822//4763
f 2822//4764 2894//4764 2823//4764
f 2894//4765 2895//4765 2823//4765
f 2823//4766 2895//4766 2824//4766
f 2895//4767 2896//4767 2824//4767
f 2824//4768 2896//4768 2825//4768
f 2896//4769 2897//4769 2825//4769
f 2825//4770 2897//4770 2826//4770
f 2897//4771 2898//4771 2826//4771
f 2826//4772 2898//4772 2827//4772
f 2898//4773 2899//4773 2827//4773
f 2827//4774 2899//4774 2828//4774
f 2899//4775 2900//4775 2828//4775
f 2828//4776 2900//4776 2829//4776
f 2900//4777 2901//4777 2829//4777
f 2829//4778 2901//4778 2830//4778
f 2901//4779 2902//4779 2830//4779
f 2830//4780 2902//4780 2831//4780
f 2902//4781 2903//4781 2831//4781
f 2831//4782 2903//4782 2832//4782
f 2903//4783 2904//4783 2832//4783
f 2832//4784 2904//4784 2833//4784
f 2904//4785 2905//4785 2833//4785
f 2833//4786 2905//4786 2834//4786
f 2905//4787 2906//4787 2834//4787
f 2834//4788 2906//4788 2835//4788
f 2906//4789 2907//4789 2835//4789
f 2835//4790 2907//4790 2836//4790
f 2907//4791 2908//4791 2836//4791
f 2836//4792 2908//4792 2837//4792
f 2908//4793 2909//4793 2837//4793
f 2837//4794 2909//4794 2838//4794
f 2909//4795 2910//4795 2838//4795
f 2838//4796 2910//4796 2839//4796
f 2910//4797 2911//4797 2839//4797
f 2839//4798 2911//4798 2840//4798
f 2911//4799 2912//4799 2840//4799
f 2840//4800 2912//4800 2841//4800
f 2912//4801 2913//4801 2841//4801
f 2841//4802 2913//4802 2842//4802
f 2913//4803 2914//4803 2842//4803
f 2842//4804 2914//4804 2843//4804
f 2914//4805 2915//4805 2843//4805
f 2843//4806 2915//4806 2844//4806
f 2915//4807 2916//4807 2844//4807
f 2844//4808 2916//4808 2845//4808
f 2916//4809 2917//4809 2845//4809
f 2845//4810 2917//4810 2846//4810
f 2917//4811 2918//4811 2846//4811
f 2846//4812 2918//4812 2847//4812
f 2918//4813 2919//4813 2847//4813
f 2847//4814 2919//4814 2848//4814
f 2919//4815 2920//4815 2848//4815
f 2848//4816 2920//4816 2849//4816
f 2920//4817 2921//4817 2849//4817
f 2849//4818 2921//4818 2850//4818
f 2921//4819 2922//4819 2850//4819
f 2850//4820 2922//4820 2851//4820
f 2922//4821 2923//4821 2851//4821
f 2851//4822 2923//4822 2852//4822
f 2923//4823 2924//4823 2852//4823
f 2852//4824 2924//4824 2853//4824
f 2924//4825 2925//4825 2853//4825
f 2853//4826 2925//4826 2854//4826
f 2925//4827 2926//4827 2854//4827
f 2854//4828 2926//4828 2855//4828
f 2926//4829 2927//4829 2855//4829
f 2855//4830 2927//4830 2856//4830
f 2927//4831 2928//4831 2856//4831
f 2856//4832 2928//4832 2857//4832
f 2928//4833 2929//4833 2857//4833
f 2857//4834 2929//4834 2858//4834
f 2929//4835 2930//4835 2858//4835
f 2858//4836 2930//4836 2859//4836
f 2930//4837 2931//4837 2859//4837
f 2859//4838 2931//4838 2860//4838
f 2931//4839 2932//4839 2860//4839
f 2860//4840 2932//4840 2861//4840
f 2932//4841 2933//4841 2861//4841
f 2861//4842 2933//4842 2862//4842
f 2933//4843 2934//4843 2862//4843
f 2862//4844 2934//4844 2863//4844
f 2934//4845 2935//4845 2863//4845
f 2863//4846 2935//4846 2864//4846
f 2935//4847 2936//4847 2864//4847
f 2864//4848 2936//4848 2865//4848
f 2936//4849 2937//4849 2865//4849
f 2865//4850 2937//4850 2866//4850
f 2937//4851 2938//4851 2866//4851
f 2866//4852 2938//4852 2867//4852
f 2938//4853 2939//4853 2867//4853
f 2867//4854 2939//4854 2868//4854
f 2939//4855 2940//4855 2868//4855
f 2868//4856 2940//4856 2869//4856
f 2940//4857 2941//4857 2869//4857
f 2869//4858 2941//4858 2870//4858
f 2941//4859 2942//4859 2870//4859
f 2870//4860 2942//4860 2871//4860
f 2942//4861 2943//4861 2871//4861
f 2871//4862 2943//4862 2872//4862
f 2943//4863 2944//4863 2872//4863
f 2872//4864 2944//4864 2873//4864
f 2944//4865 2945//4865 2873//4865
f 2873//4866 2945//4866 2874//4866
f 2945//4867 2946//4867 2874//4867
f 2874//4868 2946//4868 2875//4868
f 2946//4869 2947//4869 2875//4869
f 2875//4870 2947//4870 2876//4870
f 2947//4871 2948//4871 2876//4871
f 2876//4872 2948//4872 2877//4872
f 2948//4873 2949//4873 2877//4873
f 2877//4874 2949//4874 2878//4874
f 2949//4875 2950//4875 2878//4875
f 2878//4876 2950//4876 2879//4876
f 2950//4877 2951//4877 2879//4877
f 2879//4878 2951//4878 2880//4878
f 2951//4879 2952//4879 2880//4879
f 2880//4880 2952//4880 2881//4880
f 2952//4881 2953//4881 2881//4881
f 2881//4882 2953//4882 2882//4882
f 2953//4883 2954//4883 2882//4883
f 2882//4884 2954//4884 2883//4884
f 2954//4885 2955//4885 2883//4885
f 2883//4886 2955//4886 2884//4886
f 2955//4887 2956//4887 2884//4887
f 2884//4888 2956//4888 2885//4888
f 2956//4889 2957//4889 2885//4889
f 2885//4890 2957//4890 2886//4890
f 2957//4891 2958//4891 2886//4891
f 2886//4892 2958//4892 2887//4892
f 2958//4893 2959//4893 2887//4893
f 2887//4894 2959//4894 2888//4894
f 2959//4895 2960//4895 2888//4895
f 2888//4896 2960//4896 2889//4896
f 2960//4897 2961//4897 2889//4897
f 2889//4898 2961//4898 2818//4898
f 2961//4899 2890//4899 2818//4899
f 2890//4900 2962//4900 2891//4900
f 2962//4901 2963//4901 2891//4901
f 2891//4902 2963//4902 2892//4902
f 2963//4903 2964//4903 2892//4903
f 2892//4904 2964//4904 2893//4904
f 2964//4905 2965//4905 2893//4905
f 2893//4906 2965//4906 2894//4906
f 2965//4907 2966//4907 2894//4907
f 2894//4908 2966//4908 2895//4908
f 2966//4909 2967//4909 2895//4909
f 2895//4910 2967//4910 2896//4910
f 2967//4911 2968//4911 2896//4911
f 2896//4912 2968//4912 2897//4912
f 2968//4913 2969//4913 2897//4913
f 2897//4914 2969//4914 2898//4914
f 2969//4915 2970//4915 2898//4915
f 2898//4916 2970//4916 2899//4916
f 2970//4917 2971//4917 2899//4917
f 2899//4918 2971//4918 2900//4918
f 2971//4919 2972//4919 2900//4919
f 2900//4920 2972//4920 2901//4920
f 2972//4921 2973//4921 2901//4921
f 2901//4922 2973//4922 2902//4922
f 2973//4923 2974//4923 2902//4923
f 2902//4924 2974//4924 2903//4924
f 2974//4925 2975//4925 2903//4925
f 2903//4926 2975//4926 2904//4926
f 2975//4927 2976//4927 2904//4927
f 2904//4928 2976//4928 2905//4928
f 2976//4929 2977//4929 2905//4929
f 2905//4930 2977//4930 2906//4930
f 2977//4931 2978//4931 2906//4931
f 2906//4932 2978//4932 2907//4932
f 2978//4933 2979//4933 2907//4933
f 2907//4934 2979//4934 2908//4934
f 2979//4935 2980//4935 2908//4935
f 2908//4936 2980//4936 2909//4936
f 2980//4937 2981//4937 2909//4937
f 2909//4938 2981//4938 2910//4938
f 2981//4939 2982//4939 2910//4939
f 2910//4940 2982//4940 2911//4940
f 2982//4941 2983//4941 2911//4941
f 2911//4942 2983//4942 2912//4942
f 2983//4943 2984//4943 2912//4943
f 2912//4944 2984//4944 2913//4944
f 2984//4945 2985//4945 2913//4945
f 2913//4946 2985//4946 2914//4946
f 2985//4947 2986//4947 2914//4947
f 2914//4948 2986//4948 2915//4948
f 2986//4949 2987//4949 2915//4949
f 2915//4950 2987//4950 2916//4950
f 2987//4951 2988//4951 2916//4951
f 2916//4952 2988//4952 2917//4952
f 2988//4953 2989//4953 2917//4953
f 2917//4954 2989//4954 2918//4954
f 2989//4955 2990//4955 2918//4955
f 2918//4956 2990//4956 2919//4956
f 2990//4957 2991//4957 2919//4957
f 2919//4958 2991//4958 2920//4958
f 2991//4959 2992//4959 2920//4959
f 2920//4960 2992//4960 2921//4960
f 2992//4961 2993//4961 2921//4961
f 2921//4962 2993//4962 2922//4962
f 2993//4963 2994//4963 2922//4963
f 2922//4964 2994//4964 2923//4964
f 2994//4965 2995//4965 2923//4965
f 2923//4966 2995//4966 2924//4966
f 2995//4967 2996//4967 2924//4967
f 2924//4968 2996//4968 2925//4968
f 2996//4969 2997//4969 2925//4969
f 2925//4970 2997//4970 2926//4970
f 2997//4971 2998//4971 2926//4971
f 2926//4972 2998//4972 2927//4972
f 2998//4973 2999//4973 2927//4973
f 2927//4974 2999//4974 2928//4974
f 2999//4975 3000//4975 2928//4975
f 2928//4976 3000//4976 2929//4976
f 3000//4977 3001//4977 2929//4977
f 2929//4978 3001//4978 2930//4978
f 3001//4979 3002//4979 2930//4979
f 2930//4980 3002//4980 2931//4980
f 3002//4981 3003//4981 2931//4981
f 2931//4982 3003//4982 2932//4982
f 3003//4983 3004//4983 2932//4983
f 2932//4984 3004//4984 2933//4984
f 3004//4985 3005//4985 2933//4985
f 2933//4986 3005//4986 2934//4986
f 3005//4987 3006//4987 2934//4987
f 2934//4988 3006//4988 2935//4988
f 3006//4989 3007//4989 2935//4989
f 2935//4990 3007//4990 2936//4990
f 3007//4991 3008//4991 2936//4991
f 2936//4992 3008//4992 2937//4992
f 3008//4993 3009//4993 2937//4993
f 2937//4994 3009//4994 2938//4994
f 3009//4995 3010//4995 2938//4995
f 2938//4996 3010//4996 2939//4996
f 3010//4997 3011//4997 2939//4997
f 2939//4998 3011//4998 2940//4998
f 3011//4999 3012//4999 2940//4999
f 2940//5000 3012//5000 2941//5000
f 3012//5001 3013//5001 2941//5001
f 2941//5002 3013//5002 2942//5002
f 3013//5003 3014//5003 2942//5003
f 2942//5004 3014//5004 2943//5004
f 3014//5005 3015//5005 2943//5005
f 2943//5006 3015//5006 2944//5006
f 3015//5007 3016//5007 2944//5007
f 2944//5008 3016//5008 2945//5008
f 3016//5009 3017//5009 2945//5009
f 2945//5010 3017//5010 2946//5010
f 3017//5011 3018//5011 2946//5011
f 2946//5012 3018//5012 2947//5012
f 3018//5013 3019//5013 2947//5013
f 2947//5014 3019//5014 2948//5014
f 3019//5015 3020//5015 2948//5015
f 2948//5016 3020//5016 2949//5016
f 3020//5017 3021//5017 2949//5017
f 2949//5018 3021//5018 2950//5018
f 3021//5019 3022//5019 2950//5019
f 2950//5020 3022//5020 2951//5020
f 3022//5021 3023//5021 2951//5021
f 2951//5022 3023//5022 2952//5022
f 3023//5023 3024//5023 2952//5023
f 2952//5024 3024//5024 2953//5024
f 3024//5025 3025//5025 2953//5025
f 2953//5026 3025//5026 2954//5026
f 3025//5027 3026//5027 2954//5027
f 2954//5028 3026//5028 2955//5028
f 3026//5029 3027//5029 2955//5029
f 2955//5030 3027//5030 2956//5030
f 3027//5031 3028//5031 2956//5031
f 2956//5032 3028//5032 2957//5032
f 3028//5033 3029//5033 2957//5033
f 2957//5034 3029//5034 2958//5034
f 3029//5035 3030//5035 2958//5035
f 2958//5036 3030//5036 2959//5036
f 3030//5037 3031//5037 2959//5037
f 2959//5038 3031//5038 2960//5038
f 3031//5039 3032//5039 2960//5039
f 2960//5040 3032//5040 2961//5040
f 3032//5041 3033//5041 2961//5041
f 2961//5042 3033//5042 2890//5042
f 3033//5043 2962//5043 2890//5043
f 2962//5044 3034//5044 2963//5044
f 3034//5045 3035//5045 2963//5045
f 2963//5046 3035//5046 2964//5046
f 3035//5047 3036//5047 2964//5047
f 2964//5048 3036//5048 2965//5048
f 3036//5049 3037//5049 2965//5049
f 2965//5050 3037//5050 2966//5050
f 3037//5051 3038//5051 2966//5051
f 2966//5052 3038//5052 2967//5052
f 3038//5053 3039//5053 2967//5053
f 2967//5054 3039//5054 2968//5054
f 3039//5055 3040//5055 2968//5055
f 2968//5056 3040//5056 2969//5056
f 3040//5057 3041//5057 2969//5057
f 2969//5058 3041//5058 2970//5058
f 3041//5059 3042//5059 2970//5059
f 2970//5060 3042//5060 2971//5060
f 3042//5061 3043//5061 2971//5061
f 2971//5062 3043//5062 2972//5062
f 3043//5063 3044//5063 2972//5063
f 2972//5064 3044//5064 2973//5064
f 3044//5065 3045//5065 2973//5065
f 2973//5066 3045//5066 2974//5066
f 3045//5067 3046//5067 2974//5067
f 2974//5068 3046//5068 2975//5068
f 3046//5069 3047//5069 2975//5069
f 2975//5070 3047//5070 2976//5070
f 3047//5071 3048//5071 2976//5071
f 2976//5072 3048//5072 2977//5072
f 3048//5073 3049//5073 2977//5073
f 2977//5074 3049//5074 2978//5074
f 3049//5075 3050//5075 2978//5075
f 2978//5076 3050//5076 2979//5076
f 3050//5077 3051//5077 2979//5077
f 2979//5078 3051//5078 2980//5078
f 3051//5079 3052//5079 2980//5079
f 2980//5080 3052//5080 2981//5080
f 3052//5081 3053//5081 2981//5081
f 2981//5082 3053//5082 2982//5082
f 3053//5083 3054//5083 2982//5083
f 2982//5084 3054//5084 2983//5084
f 3054//5085 3055//5085 2983//5085
f 2983//5086 3055//5086 2984//5086
f 3055//5087 3056//5087 2984//5087
f 2984//5088 3056//5088 2985//5088
f 3056//5089 3057//5089 2985//5089
f 2985//5090 3057//5090 2986//5090
f 3057//5091 3058//5091 2986//5091
f 2986//5092 3058//5092 2987//5092
f 3058//5093 3059//5093 2987//5093
f 2987//5094 3059//5094 2988//5094
f 3059//5095 3060//5095 2988//5095
f 2988//5096 3060//5096 2989//5096
f 3060//5097 3061//5097 2989//5097
f 2989//5098 3061//5098 2990//5098
f 3061//5099 3062//5099 2990//5099
f 2990//5100 3062//5100 2991//5100
f 3062//5101 3063//5101 2991//5101
f 2991//5102 3063//5102 2992//5102
f 3063//5103 3064//5103 2992//5103
f 2992//5104 3064//5104 2993//5104
f 3064//5105 3065//5105 2993//5105
f 2993//5106 3065//5106 2994//5106
f 3065//5107 3066//5107 2994//5107
f 2994//5108 3066//5108 2995//5108
f 3066//5109 3067//5109 2995//5109
f 2995//5110 3067//5110 2996//5110
f 3067//5111 3068//5111 2996//5111
f 2996//5112 3068//5112 2997//5112
f 3068//5113 3069//5113 2997//5113
f 2997//5114 3069//5114 2998//5114
f 3069//5115 3070//5115 2998//5115
f 2998//5116 3070//5116 2999//5116
f 3070//5117 3071//5117 2999//5117
f 2999//5118 3071//5118 3000//5118
f 3071//5119 3072//5119 3000//5119
f 3000//5120 3072//5120 3001//5120
f 3072//5121 3073//5121 3001//5121
f 3001//5122 3073//5122 3002//5122
f 3073//5123 3074//5123 3002//5123
f 3002//5124 3074//5124 3003//5124
f 3074//5125 3075//5125 3003//5125
f 3003//5126 3075//5126 3004//5126
f 3075//5127 3076//5127 3004//5127
f 3004//5128 3076//5128 3005//5128
f 3076//5129 3077//5129 3005//5129
f 3005//5130 3077//5130 3006//5130
f 3077//5131 3078//5131 3006//5131
f 3006//5132 3078//5132 3007//5132
f 3078//5133 3079//5133 3007//5133
f 3007//5134 3079//5134 3008//5134
f 3079//5135 3080//5135 3008//5135
f 3008//5136 3080//5136 3009//5136
f 3080//5137 3081//5137 3009//5137
f 3009//5138 3081//5138 3010//5138
f 3081//5139 3082//5139 3010//5139
f 3010//5140 3082//5140 3011//5140
f 3082//5141 3083//5141 3011//5141
f 3011//5142 3083//5142 3012//5142
f 3083//5143 3084//5143 3012//5143
f 3012//5144 3084//5144 3013//5144
f 3084//5145 3085//5145 3013//5145
f 3013//5146 3085//5146 3014//5146
f 3085//5147 3086//5147 3014//5147
f 3014//5148 3086//5148 3015//5148
f 3086//5149 3087//5149 3015//5149
f 3015//5150 3087//5150 3016//5150
f 3087//5151 3088//5151 3016//5151
f 3016//5152 3088//5152 3017//5152
f 3088//5153 3089//5153 3017//5153
f 3017//5154 3089//5154 3018//5154
f 3089//5155 3090//5155 3018//5155
f 3018//5156 3090//5156 3019//5156
f 3090//5157 3091//5157 3019//5157
f 3019//5158 3091//5158 3020//5158
f 3091//5159 3092//5159 3020//5159
f 3020//5160 3092//5160 3021//5160
f 3092//5161 3093//5161 3021//5161
f 3021//5162 3093//5162 3022//5162
f 3093//5163 3094//5163 3022//5163
f 3022//5164 3094//5164 3023//5164
f 3094//5165 3095//5165 3023//5165
f 3023//5166 3095//5166 3024//5166
f 3095//5167 3096//5167 3024//5167
f 3024//5168 3096//5168 3025//5168
f 3096//5169 3097//5169 3025//5169
f 3025//5170 3097//5170 3026//5170
f 3097//5171 3098//5171 3026//5171
f 3026//5172 3098//5172 3027//5172
f 3098//5173 3099//5173 3027//5173
f 3027//5174 3099//5174 3028//5174
f 3099//5175 3100//5175 3028//5175
f 3028//5176 3100//5176 3029//5176
f 3100//5177 3101//5177 3029//5177
f 3029//5178 3101//5178 3030//5178
f 3101//5179 3102//5179 3030//5179
f 3030//5180 3102//5180 3031//5180
f 3102//5181 3103//5181 3031//5181
f 3031//5182 3103//5182 3032//5182
f 3103//5183 3104//5183 3032//5183
f 3032//5184 3104//5184 3033//5184
f 3104//5185 3105//5185 3033//5185
f 3033//5186 3105//5186 2962//5186
f 3105//5187 3034//5187 2962//5187
f 3034//5188 3106//5188 3035//5188
f 3106//5189 3107//5189 3035//5189
f 3035//5190 3107//5190 3036//5190
f 3107//5191 3108//5191 3036//5191
f 3036//5192 3108//5192 3037//5192
f 3108//5193 3109//5193 3037//5193
f 3037//5194 3109//5194 3038//5194
f 3109//5195 3110//5195 3038//5195
f 3038//5196 3110//5196 3039//5196
f 3110//5197 3111//5197 3039//5197
f 3039//5198 3111//5198 3040//5198
f 3111//5199 3112//5199 3040//5199
f 3040//5200 3112//5200 3041//5200
f 3112//5201 3113//5201 3041//5201
f 3041//5202 3113//5202 3042//5202
f 3113//5203 3114//5203 3042//5203
f 3042//5204 3114//5204 3043//5204
f 3114//5205 3115//5205 3043//5205
f 3043//5206 3115//5206 3044//5206
f 3115//5207 3116//5207 3044//5207
f 3044//5208 3116//5208 3045//5208
f 3116//5209 3117//5209 3045//5209
f 3045//5210 3117//5210 3046//5210
f 3117//5211 3118//5211 3046//5211
f 3046//5212 3118//5212 3047//5212
f 3118//5213 3119//5213 3047//5213
f 3047//5214 3119//5214 3048//5214
f 3119//5215 3120//5215 3048//5215
f 3048//5216 3120//5216 3049//5216
f 3120//5217 3121//5217 3049//5217
f 3049//5218 3121//5218 3050//5218
f 3121//5219 3122//5219 3050//5219
f 3050//5220 3122//5220 3051//5220
f 3122//5221 3123//5221 3051//5221
f 3051//5222 3123//5222 3052//5222
f 3123//5223 3124//5223 3052//5223
f 3052//5224 3124//5224 3053//5224
f 3124//5225 3125//5225 3053//5225
f 3053//5226 3125//5226 3054//5226
f 3125//5227 3126//5227 3054//5227
f 3054//5228 3126//5228 3055//5228
f 3126//5229 3127//5229 3055//5229
f 3055//5230 3127//5230 3056//5230
f 3127//5231 3128//5231 3056//5231
f 3056//5232 3128//5232 3057//5232
f 3128//5233 3129//5233 3057//5233
f 3057//5234 3129//5234 3058//5234
f 3129//5235 3130//5235 3058//5235
f 3058//5236 3130//5236 3059//5236
f 3130//5237 3131//5237 3059//5237
f 3059//5238 3131//5238 3060//5238
f 3131//5239 3132//5239 3060//5239
f 3060//5240 3132//5240 3061//5240
f 3132//5241 3133//5241 3061//5241
f 3061//5242 3133//5242 3062//5242
f 3133//5243 3134//5243 3062//5243
f 3062//5244 3134//5244 3063//5244
f 3134//5245 3135//5245 3063//5245
f 3063//5246 3135//5246 3064//5246
f 3135//5247 3136//5247 3064//5247
f 3064//5248 3136//5248 3065//5248
f 3136//5249 3137//5249 3065//5249
f 3065//5250 3137//5250 3066//5250
f 3137//5251 3138//5251 3066//5251
f 3066//5252 3138//5252 3067//5252
f 3138//5253 3139//5253 3067//5253
f 3067//5254 3139//5254 3068//5254
f 3139//5255 3140//5255 3068//5255
f 3068//5256 3140//5256 3069//5256
f 3140//5257 3141//5257 3069//5257
f 3069//5258 3141//5258 3070//5258
f 3141//5259 3142//5259 3070//5259
f 3070//5260 3142//5260 3071//5260
f 3142//5261 3143//5261 3071//5261
f 3071//5262 3143//5262 3072//5262
f 3143//5263 3144//5263 3072//5263
f 3072//5264 3144//5264 3073//5264
f 3144//5265 3145//5265 3073//5265
f 3073//5266 3145//5266 3074//5266
f 3145//5267 3146//5267 3074//5267
f 3074//5268 3146//5268 3075//5268
f 3146//5269 3147//5269 3075//5269
f 3075//5270 3147//5270 3076//5270
f 3147//5271 3148//5271 3076//5271
f 3076//5272 3148//5272 3077//5272
f 3148//5273 3149//5273 3077//5273
f 3077//5274 3149//5274 3078//5274
f 3149//5275 3150//5275 3078//5275
f 3078//5276 3150//5276 3079//5276
f 3150//5277 3151//5277 3079//5277
f 3079//5278 3151//5278 3080//5278
f 3151//5279 3152//5279 3080//5279
f 3080//5280 3152//5280 3081//5280
f 3152//5281 3153//5281 3081//5281
f 3081//5282 3153//5282 3082//5282
f 3153//5283 3154//5283 3082//5283
f 3082//5284 3154//5284 3083//5284
f 3154//5285 3155//5285 3083//5285
f 3083//5286 3155//5286 3084//5286
f 3155//5287 3156//5287 3084//5287
f 3084//5288 3156//5288 3085//5288
f 3156//5289 3157//5289 3085//5289
f 3085//5290 3157//5290 3086//5290
f 3157//5291 3158//5291 3086//5291
f 3086//5292 3158//5292 3087//5292
f 3158//5293 3159//5293 3087//5293
f 3087//5294 3159//5294 3088//5294
f 3159//5295 3160//5295 3088//5295
f 3088//5296 3160//5296 3089//5296
f 3160//5297 3161//5297 3089//5297
f 3089//5298 3161//5298 3090//5298
f 3161//5299 3162//5299 3090//5299
f 3090//5300 3162//5300 3091//5300
f 3162//5301 3163//5301 3091//5301
f 3091//5302 3163//5302 3092//5302
f 3163//5303 3164//5303 3092//5303
f 3092//5304 3164//5304 3093//5304
f 3164//5305 3165//5305 3093//5305
f 3093//5306 3165//5306 3094//5306
f 3165//5307 3166//5307 3094//5307
f 3094//5308 3166//5308 3095//5308
f 3166//5309 3167//5309 3095//5309
f 3095//5310 3167//5310 3096//5310
f 3167//5311 3168//5311 3096//5311
f 3096//5312 3168//5312 3097//5312
f 3168//5313 3169//5313 3097//5313
f 3097//5314 3169//5314 3098//5314
f 3169//5315 3170//5315 3098//5315
f 3098//5316 3170//5316 3099//5316
f 3170//5317 3171//5317 3099//5317
f 3099//5318 3171//5318 3100//5318
f 3171//5319 3172//5319 3100//5319
f 3100//5320 3172//5320 3101//5320
f 3172//5321 3173//5321 3101//5321
f 3101//5322 3173//5322 3102//5322
f 3173//5323 3174//5323 3102//5323
f 3102//5324 3174//5324 3103//5324
f 3174//5325 3175//5325 3103//5325
f 3103//5326 3175//5326 3104//5326
f 3175//5327 3176//5327 3104//5327
f 3104//5328 3176//5328 3105//5328
f 3176//5329 3177//5329 3105//5329
f 3105//5330 3177//5330 3034//5330
f 3177//5331 3106//5331 3034//5331
f 3106//5332 2141//5332 3107//5332
f 2141//5333 2140//5333 3107//5333
f 3107//5334 2140//5334 3108//5334
f 2140//5335 2116//5335 3108//5335
f 3108//5336 2116//5336 3109//5336
f 2116//5337 2115//5337 3109//5337
f 3109//5338 2115//5338 3110//5338
f 2115//5339 2114//5339 3110//5339
f 3110//5340 2114//5340 3111//5340
f 2114//5341 2113//5341 3111//5341
f 3111//5342 2113//5342 3112//5342
f 2113//5343 2112//5343 3112//5343
f 3112//5344 2112//5344 3113//5344
f 2112//5345 2111//5345 3113//5345
f 3113//5346 2111//5346 3114//5346
f 2111//5347 2110//5347 3114//5347
f 3114//5348 2110//5348 3115//5348
f 2110//5349 2099//5349 3115//5349
f 3115//5350 2099//5350 3116//5350
f 2099//5351 2098//5351 3116//5351
f 3116//5352 2098//5352 3117//5352
f 2098//5353 2139//5353 3117//5353
f 3117//5354 2139//5354 3118//5354
f 2139//5355 2138//5355 3118//5355
f 3118//5356 2138//5356 3119//5356
f 2138//5357 2137//5357 3119//5357
f 3119//5358 2137//5358 3120//5358
f 2137//5359 2136//5359 3120//5359
f 3120//5360 2136//5360 3121//5360
f 2136//5361 2135//5361 3121//5361
f 3121//5362 2135//5362 3122//5362
f 2135//5363 2134//5363 3122//5363
f 3122//5364 2134//5364 3123//5364
f 2134//5365 2133//5365 3123//5365
f 3123//5366 2133//5366 3124//5366
f 2133//5367 2132//5367 3124//5367
f 3124//5368 2132//5368 3125//5368
f 2132//5369 2131//5369 3125//5369
f 3125//5370 2131//5370 3126//5370
f 2131//5371 2130//5371 3126//5371
f 3126//5372 2130//5372 3127//5372
f 2130//5373 2129//5373 3127//5373
f 3127//5374 2129//5374 3128//5374
f 2129//5375 2128//5375 3128//5375
f 3128//5376 2128//5376 3129//5376
f 2128//5377 2127//5377 3129//5377
f 3129//5378 2127//5378 3130//5378
f 2127//5379 2126//5379 3130//5379
f 3130//5380 2126//5380 3131//5380
f 2126//5381 2125//5381 3131//5381
f 3131//5382 2125//5382 3132//5382
f 2125//5383 2124//5383 3132//5383
f 3132//5384 2124//5384 3133//5384
f 2124//5385 2123//5385 3133//5385
f 3133//5386 2123//5386 3134//5386
f 2123//5387 2122//5387 3134//5387
f 3134//5388 2122//5388 3135//5388
f 2122//5389 2121//5389 3135//5389
f 3135//5390 2121//5390 3136//5390
f 2121//5391 2120//5391 3136//5391
f 3136//5392 2120//5392 3137//5392
f 2120//5393 2119//5393 3137//5393
f 3137//5394 2119//5394 3138//5394
f 2119//5395 2118//5395 3138//5395
f 3138//5396 2118//5396 3139//5396
f 2118//5397 2117//5397 3139//5397
f 3139//5398 2117//5398 3140//5398
f 2117//5399 2101//5399 3140//5399
f 3140//5400 2101//5400 3141//5400
f 2101//5401 2100//5401 3141//5401
f 3141//5402 2100//5402 3142//5402
f 2100//5403 2145//5403 3142//5403
f 3142//5404 2145//5404 3143//5404
f 2145//5405 2146//5405 3143//5405
f 3143//5406 2146//5406 3144//5406
f 2146//5407 2147//5407 3144//5407
f 3144//5408 2147//5408 3145//5408
f 2147//5409 2148//5409 3145//5409
f 3145//5410 2148//5410 3146//5410
f 2148//5411 2149//5411 3146//5411
f 3146//5412 2149//5412 3147//5412
f 2149//5413 2150//5413 3147//5413
f 3147//5414 2150//5414 3148//5414
f 2150//5415 2151//5415 3148//5415
f 3148//5416 2151//5416 3149//5416
f 2151//5417 2152//5417 3149//5417
f 3149//5418 2152//5418 3150//5418
f 2152//5419 2153//5419 3150//5419
f 3150//5420 2153//5420 3151//5420
f 2153//5421 2154//5421 3151//5421
f 3151//5422 2154//5422 3152//5422
f 2154//5423 2155//5423 3152//5423
f 3152//5424 2155//5424 3153//5424
f 2155//5425 2156//5425 3153//5425
f 3153//5426 2156//5426 3154//5426
f 2156//5427 2157//5427 3154//5427
f 3154//5428 2157//5428 3155//5428
f 2157//5429 2158//5429 3155//5429
f 3155//5430 2158//5430 3156//5430
f 2158//5431 2159//5431 3156//5431
f 3156//5432 2159//5432 3157//5432
f 2159//5433 2160//5433 3157//5433
f 3157//5434 2160//5434 3158//5434
f 2160//5435 2161//5435 3158//5435
f 3158//5436 2161//5436 3159//5436
f 2161//5437 2162//5437 3159//5437
f 3159//5438 2162//5438 3160//5438
f 2162//5439 2163//5439 3160//5439
f 3160//5440 2163//5440 3161//5440
f 2163//5441 2164//5441 3161//5441
f 3161//5442 2164//5442 3162//5442
f 2164//5443 2165//5443 3162//5443
f 3162//5444 2165//5444 3163//5444
f 2165//5445 2166//5445 3163//5445
f 3163//5446 2166//5446 3164//5446
f 2166//5447 2167//5447 3164//5447
f 3164//5448 2167//5448 3165//5448
f 2167//5449 2168//5449 3165//5449
f 3165//5450 2168//5450 3166//5450
f 2168//5451 2169//5451 3166//5451
f 3166//5452 2169//5452 3167//5452
f 2169//5453 2144//5453 3167//5453
f 3167//5454 2144//5454 3168//5454
f 2144//5455 2143//5455 3168//5455
f 3168//5456 2143//5456 3169//5456
f 2143//5457 2142//5457 3169//5457
f 3169//5458 2142//5458 3170//5458
f 2142//5459 2109//5459 3170//5459
f 3170//5460 2109//5460 3171//5460
f 2109//5461 2108//5461 3171//5461
f 3171//5462 2108//5462 3172//5462
f 2108//5463 2107//5463 3172//5463
f 3172//5464 2107//5464 3173//5464
f 2107//5465 2106//5465 3173//5465
f 3173//5466 2106//5466 3174//5466
f 2106//5467 2105//5467 3174//5467
f 3174//5468 2105//5468 3175//5468
f 2105//5469 2104//5469 3175//5469
f 3175//5470 2104//5470 3176//5470
f 2104//5471 2103//5471 3176//5471
f 3176//5472 2103//5472 3177//5472
f 2103//5473 2102//5473 3177//5473
f 3177//5474 2102//5474 3106//5474
f 2102//5475 2141//5475 3106//5475
f 297//149 296//149 3178//149
f 296//149 439//149 3178//149
f 3178//149 439//149 3179//149
f 439//149 437//149 3179//149
f 3179//149 437//149 3180//149
f 437//149 435//149 3180//149
f 3180//149 435//149 3181//149
f 435//149 433//149 3181//149
f 3181//149 433//149 3182//149
f 433//149 431//149 3182//149
f 3182//149 431//149 3183//149
f 431//149 429//149 3183//149
f 3183//149 429//149 3184//149
f 429//149 427//149 3184//149
f 3184//149 427//149 3185//149
f 427//149 425//149 3185//149
f 3185//149 425//149 3186//149
f 425//149 423//149 3186//149
f 3186//149 423//149 3187//149
f 423//149 421//149 3187//149
f 3187//149 421//149 3188//149
f 421//149 419//149 3188//149
f 3188//149 419//149 3189//149
f 419//149 417//149 3189//149
f 3189//149 417//149 3190//149
f 417//149 415//149 3190//149
f 3190//149 415//149 3191//149
f 415//149 413//149 3191//149
f 3191//149 413//149 3192//149
f 413//149 411//149 3192//149
f 3192//149 411//149 3193//149
f 411//149 409//149 3193//149
f 3193//149 409//149 3194//149
f 409//149 407//149 3194//149
f 3194//149 407//149 3195//149
f 407//149 405//149 3195//149
f 3195//149 405//149 3196//149
f 405//149 403//149 3196//149
f 3196//149 403//149 3197//149
f 403//149 401//149 3197//149
f 3197//149 401//149 3198//149
f 401//149 399//149 3198//149
f 3198//149 399//149 3199//149
f 399//149 397//149 3199//149
f 3199//149 397//149 3200//149
f 397//149 395//149 3200//149
f 3200//149 395//149 3201//149
f 395//149 393//149 3201//149
f 3201//149 393//149 3202//149
f 393//149 391//149 3202//149
f 3202//149 391//149 3203//149
f 391//149 389//149 3203//149
f 3203//149 389//149 3204//149
f 389//149 387//149 3204//149
f 3204//149 387//149 3205//149
f 387//149 385//149 3205//149
f 3205//149 385//149 3206//149
f 385//149 383//149 3206//149
f 3206//149 383//149 3207//149
f 383//149 381//149 3207//149
f 3207//149 381//149 3208//149
f 381//149 379//149 3208//149
f 3208//149 379//149 3209//149
f 379//149 377//149 3209//149
f 3209//149 377//149 3210//149
f 377//149 375//149 3210//149
f 3210//149 375//149 3211//149
f 375//149 373//149 3211//149
f 3211//149 373//149 3212//149
f 373//149 371//149 3212//149
f 3212//149 371//149 3213//149
f 371//149 369//149 3213//149
f 3213//149 369//149 3214//149
f 369//149 367//149 3214//149
f 3214//149 367//149 3215//149
f 367//149 365//149 3215//149
f 3215//149 365//149 3216//149
f 365//149 363//149 3216//149
f 3216//149 363//149 3217//149
f 363//149 361//149 3217//149
f 3217//149 361//149 3218//149
f 361//149 359//149 3218//149
f 3218//149 359//149 3219//149
f 359//149 357//149 3219//149
f 3219//149 357//149 3220//149
f 357//149 355//149 3220//149
f 3220//149 355//149 3221//149
f 355//149 353//149 3221//149
f 3221//149 353//149 3222//149
f 353//149 351//149 3222//149
f 3222//149 351//149 3223//149
f 351//149 349//149 3223//149
f 3223//149 349//149 3224//149
f 349//149 347//149 3224//149
f 3224//149 347//149 3225//149
f 347//149 345//149 3225//149
f 3225//149 345//149 3226//149
f 345//149 343//149 3226//149
f 3226//149 343//149 3227//149
f 343//149 341//149 3227//149
f 3227//149 341//149 3228//149
f 341//149 339//149 3228//149
f 3228//149 339//149 3229//149
f 339//149 337//149 3229//149
f 3229//149 337//149 3230//149
f 337//149 335//149 3230//149
f 3230//149 335//149 3231//149
f 335//149 333//149 3231//149
f 3231//149 333//149 3232//149
f 333//149 331//149 3232//149
f 3232//149 331//149 3233//149
f 331//149 329//149 3233//149
f 3233//149 329//149 3234//149
f 329//149 327//149 3234//149
f 3234//149 327//149 3235//149
f 327//149 325//149 3235//149
f 3235//149 325//149 3236//149
f 325//149 323//149 3236//149
f 3236//149 323//149 3237//149
f 323//149 321//149 3237//149
f 3237//149 321//149 3238//149
f 321//149 319//149 3238//149
f 3238//149 319//149 3239//149
f 319//149 317//149 3239//149
f 3239//149 317//149 3240//149
f 317//149 315//149 3240//149
f 3240//149 315//149 3241//149
f 315//149 313//149 3241//149
f 3241//149 313//149 3242//149
f 313//149 311//149 3242//149
f 3242//149 311//149 3243//149
f 311//149 309//149 3243//149
f 3243//149 309//149 3244//149
f 309//149 307//149 3244//149
f 3244//149 307//149 3245//149
f 307//149 305//149 3245//149
f 3245//149 305//149 3246//149
f 305//149 303//149 3246//149
f 3246//149 303//149 3247//149
f 303//149 301//149 3247//149
f 3247//149 301//149 3248//149
f 301//149 299//149 3248//149
f 3248//149 299//149 3249//149
f 299//149 297//149 3249//149
f 3249//149 297//149 3178//149
f 1888//5476 3219//5476 1887//5476
f 3219//5477 3220//5477 1887//5477
f 1887//5477 3220//5477 1886//5477
f 3220//5478 3221//5478 1886//5478
f 1886//5478 3221//5478 1885//5478
f 3221//5479 3222//5479 1885//5479
f 1885//5479 3222//5479 1884//5479
f 3222//5480 3223//5480 1884//5480
f 1884//5480 3223//5480 1883//5480
f 3223//5481 3224//5481 1883//5481
f 1883//5481 3224//5481 1882//5481
f 3224//5482 3225//5482 1882//5482
f 1882//5482 3225//5482 1881//5482
f 3225//5483 3226//5483 1881//5483
f 1881//5483 3226//5483 1880//5483
f 3226//394 3227//394 1880//394
f 1880//394 3227//394 1879//394
f 3227//5484 3228//5484 1879//5484
f 1879//5484 3228//5484 1878//5484
f 3228//5485 3229//5485 1878//5485
f 1878//5485 3229//5485 1877//5485
f 3229//5486 3230//5486 1877//5486
f 1877//5486 3230//5486 1876//5486
f 3230//391 3231//391 1876//391
f 1876//391 3231//391 1875//391
f 3231//5487 3232//5487 1875//5487
f 1875//5487 3232//5487 1874//5487
f 3232//389 3233//389 1874//389
f 1874//389 3233//389 1873//389
f 3233//388 3234//388 1873//388
f 1873//388 3234//388 1872//388
f 3234//5488 3235//5488 1872//5488
f 1872//5488 3235//5488 1871//5488
f 3235//5489 3236//5489 1871//5489
f 1871//5489 3236//5489 1870//5489
f 3236//5490 3237//5490 1870//5490
f 1870//5490 3237//5490 1869//5490
f 3237//5491 3238//5491 1869//5491
f 1869//5491 3238//5491 1868//5491
f 3238//5492 3239//5492 1868//5492
f 1868//5492 3239//5492 1867//5492
f 3239//5493 3240//5493 1867//5493
f 1867//5493 3240//5493 1866//5493
f 3240//5494 3241//5494 1866//5494
f 1866//5494 3241//5494 1865//5494
f 3241//5495 3242//5495 1865//5495
f 1865//5495 3242//5495 1864//5495
f 3242//5496 3243//5496 1864//5496
f 1864//5496 3243//5496 1863//5496
f 3243//5497 3244//5497 1863//5497
f 1863//5497 3244//5497 1862//5497
f 3244//378 3245//378 1862//378
f 1862//378 3245//378 1861//378
f 3245//5498 3246//5498 1861//5498
f 1861//5498 3246//5498 1860//5498
f 3246//5499 3247//5499 1860//5499
f 1860//5499 3247//5499 1859//5499
f 3247//5500 3248//5500 1859//5500
f 1859//5500 3248//5500 1858//5500
f 3248//375 3249//375 1858//375
f 1858//375 3249//375 1857//375
f 3249//5501 3178//5501 1857//5501
f 1857//5501 3178//5501 1856//5501
f 3178//437 3179//437 1856//437
f 1856//437 3179//437 1927//437
f 3179//436 3180//436 1927//436
f 1927//436 3180//436 1926//436
f 3180//5502 3181//5502 1926//5502
f 1926//5502 3181//5502 1925//5502
f 3181//5503 3182//5503 1925//5503
f 1925//5503 3182//5503 1924//5503
f 3182//5504 3183//5504 1924//5504
f 1924//5504 3183//5504 1923//5504
f 3183//5505 3184//5505 1923//5505
f 1923//5505 3184//5505 1922//5505
f 3184//5506 3185//5506 1922//5506
f 1922//5506 3185//5506 1921//5506
f 3185//5507 3186//5507 1921//5507
f 1921//5507 3186//5507 1920//5507
f 3186//5508 3187//5508 1920//5508
f 1920//5508 3187//5508 1919//5508
f 3187//5509 3188//5509 1919//5509
f 1919//5509 3188//5509 1918//5509
f 3188//5510 3189//5510 1918//5510
f 1918//5510 3189//5510 1917//5510
f 3189//5511 3190//5511 1917//5511
f 1917//5511 3190//5511 1916//5511
f 3190//426 3191//426 1916//426
f 1916//426 3191//426 1915//426
f 3191//5512 3192//5512 1915//5512
f 1915//5512 3192//5512 1914//5512
f 3192//5513 3193//5513 1914//5513
f 1914//5513 3193//5513 1913//5513
f 3193//5514 3194//5514 1913//5514
f 1913//5514 3194//5514 1912//5514
f 3194//423 3195//423 1912//423
f 1912//423 3195//423 1911//423
f 3195//5515 3196//5515 1911//5515
f 1911//5515 3196//5515 1910//5515
f 3196//421 3197//421 1910//421
f 1910//421 3197//421 1909//421
f 3197//420 3198//420 1909//420
f 1909//420 3198//420 1908//420
f 3198//5516 3199//5516 1908//5516
f 1908//5516 3199//5516 1907//5516
f 3199//5517 3200//5517 1907//5517
f 1907//5517 3200//5517 1906//5517
f 3200//5518 3201//5518 1906//5518
f 1906//5518 3201//5518 1905//5518
f 3201//5519 3202//5519 1905//5519
f 1905//5519 3202//5519 1904//5519
f 3202//5520 3203//5520 1904//5520
f 1904//5520 3203//5520 1903//5520
f 3203//5521 3204//5521 1903//5521
f 1903//5521 3204//5521 1902//5521
f 3204//5522 3205//5522 1902//5522
f 1902//5522 3205//5522 1901//5522
f 3205//5523 3206//5523 1901//5523
f 1901//5523 3206//5523 1900//5523
f 3206//5524 3207//5524 1900//5524
f 1900//5524 3207//5524 1899//5524
f 3207//5525 3208//5525 1899//5525
f 1899//5525 3208//5525 1898//5525
f 3208//410 3209//410 1898//410
f 1898//410 3209//410 1897//410
f 3209//5526 3210//5526 1897//5526
f 1897//5526 3210//5526 1896//5526
f 3210//5527 3211//5527 1896//5527
f 1896//5527 3211//5527 1895//5527
f 3211//5528 3212//5528 1895//5528
f 1895//5528 3212//5528 1894//5528
f 3212//407 3213//407 1894//407
f 1894//407 3213//407 1893//407
f 3213//5529 3214//5529 1893//5529
f 1893//5529 3214//5529 1892//5529
f 3214//405 3215//405 1892//405
f 1892//405 3215//405 1891//405
f 3215//404 3216//404 1891//404
f 1891//404 3216//404 1890//404
f 3216//5530 3217//5530 1890//5530
f 1890//5530 3217//5530 1889//5530
f 3217//5531 3218//5531 1889//5531
f 1889//5531 3218//5531 1888//5531
f 3218//5476 3219//5476 1888//5476
# Vertices: 3249, normals: 5531, texture coordinates: 0, faces: 6498

