time,x,z,rotY,speed
0.0000,11.4923,20.0371,269.7156,0.0000
0.1310,11.4923,20.0372,269.7158,0.0007
0.2509,11.4922,20.0374,269.7158,0.0015
0.5612,11.4922,20.0378,269.7156,0.0016
0.6811,11.4922,20.0380,269.7157,0.0016
0.8025,11.4922,20.0382,269.7157,0.0017
0.9532,11.4922,20.0385,269.7156,0.0016
1.0649,11.4922,20.0387,269.7157,0.0020
1.1854,11.4922,20.0389,269.7156,0.0019
1.3041,11.4922,20.0392,269.7155,0.0020
1.5017,11.4922,20.0396,269.7156,0.0021
1.6318,11.4922,20.0399,269.7155,0.0020
1.7546,11.4921,20.0401,269.7155,0.0023
1.8760,11.4921,20.0405,269.7155,0.0028
1.9952,11.4921,20.0408,269.7155,0.0025
2.1149,11.4919,20.0410,269.7157,0.0030
2.2354,11.4919,20.0410,269.7157,0.0004
2.3546,11.4919,20.0409,269.7157,0.0003
2.4753,11.4919,20.0409,269.7156,0.0005
2.5967,11.4919,20.0408,269.7155,0.0005
2.7153,11.4919,20.0407,269.7155,0.0005
2.8364,11.4919,20.0407,269.7155,0.0006
2.9558,11.4920,20.0406,269.7155,0.0006
3.0802,11.4920,20.0405,269.7156,0.0006
3.2012,11.4920,20.0405,269.7156,0.0007
3.3248,11.4920,20.0404,269.7155,0.0007
3.4456,11.4920,20.0403,269.7155,0.0007
3.5709,11.4920,20.0402,269.7156,0.0007
3.6945,11.4920,20.0401,269.7155,0.0008
3.8172,11.4920,20.0400,269.7155,0.0009
3.9451,11.4920,20.0399,269.7155,0.0008
4.2696,11.4920,20.0396,269.7156,0.0009
4.3917,11.4921,20.0395,269.7155,0.0010
4.5169,11.4921,20.0393,269.7156,0.0012
4.6373,11.4921,20.0392,269.7155,0.0011
4.7571,11.4921,20.0390,269.7156,0.0012
5.1297,11.4921,20.0386,269.7155,0.0013
5.2516,11.4921,20.0384,269.7155,0.0014
5.3709,11.4922,20.0382,269.7155,0.0015
5.4912,11.4914,20.0505,269.6982,0.1028
5.6124,11.4922,20.1702,269.6689,0.9874
6.0257,11.4889,20.6335,269.6456,1.1211
6.1553,11.4876,20.7931,269.6898,1.2329
6.2756,11.4871,20.9256,269.7005,1.1014
6.3956,11.4863,21.0576,269.6992,1.0996
6.5147,11.4847,21.1690,269.7163,0.9372
6.9284,11.4835,21.6259,269.7263,1.1045
7.0560,11.4828,21.7803,269.7234,1.2097
7.1758,11.4827,21.9113,269.7240,1.0938
7.2964,11.4814,22.0430,269.7267,1.0925
7.4164,11.4808,22.1751,269.7324,1.1002
7.7897,11.4785,22.5710,269.7728,1.0606
7.9205,11.4768,22.7253,269.7511,1.1795
8.0404,11.4763,22.8571,269.7531,1.0998
8.1587,11.4758,22.9890,269.7452,1.1140
8.2784,11.4745,23.1201,269.7447,1.0959
8.6927,11.4736,23.5592,269.8271,1.0598
8.8218,11.4717,23.7130,269.8187,1.1912
8.9405,11.4721,23.8450,269.8065,1.1127
9.0586,11.4717,23.9767,269.7984,1.1155
9.1767,11.4706,24.1080,269.7853,1.1120
9.5899,11.4702,24.5460,269.7422,1.0598
9.7197,11.4686,24.6992,269.7386,1.1807
9.8373,11.4682,24.8311,269.7418,1.1215
9.9559,11.4676,24.9625,269.7402,1.1088
10.0774,11.4671,25.0942,269.7407,1.0831
10.4513,11.4660,25.4899,269.7395,1.0584
10.5822,11.4668,25.6426,269.7342,1.1664
10.7007,11.4655,25.7741,269.7348,1.1095
10.8198,11.4650,25.9051,269.8099,1.1007
10.9370,11.4637,26.0361,269.8082,1.1172
11.3502,11.4610,26.4764,269.7719,1.0657
11.4816,11.4612,26.6300,269.7765,1.1690
11.6003,11.4607,26.7623,269.7786,1.1147
11.7182,11.4603,26.8945,269.7772,1.1217
11.8380,11.4595,27.0270,269.7740,1.1051
12.2504,11.4567,27.4670,269.7786,1.0672
12.3826,11.4574,27.6211,269.7745,1.1648
12.5015,11.4567,27.7531,269.7681,1.1105
12.6202,11.4562,27.8852,269.7668,1.1129
12.7404,11.4556,28.0172,269.7689,1.0983
13.1132,11.4523,28.4115,269.7803,1.0578
13.2433,11.4496,28.5627,269.8280,1.1630
13.3622,11.4430,28.6887,269.9014,1.0619
13.4809,11.4378,28.8145,269.8999,1.0620
13.6006,11.4410,28.9492,269.8789,1.1260
14.0145,11.4398,29.3887,269.6385,1.0616
14.1450,11.4350,29.5380,269.7312,1.1487
14.2647,11.4274,29.6677,269.6344,1.0876
14.3861,11.4273,29.7976,269.4452,1.0719
14.5057,11.4396,29.9397,269.1376,1.1961
14.8788,11.4193,30.2993,270.0920,0.9745
15.0077,11.4255,30.4347,269.9847,1.0522
15.1276,11.4307,30.5865,269.8607,1.2666
15.2509,11.4443,30.7181,269.5922,1.0739
15.3715,11.4490,30.8363,269.6841,0.9807
15.7844,11.4107,31.3291,270.0536,1.1978
15.9168,11.4375,31.4686,270.0217,1.0746
16.0368,11.4586,31.5941,269.9675,1.0609
16.1577,11.4535,31.7252,270.0953,1.0852
16.2777,11.4247,31.8478,270.0722,1.0508
16.6509,11.4309,32.2366,269.9403,1.0427
16.7837,11.4418,32.3646,270.2310,0.9960
16.9066,11.4599,32.4737,270.0608,0.9154
17.0278,11.4541,32.5974,270.1753,1.0231
17.1511,11.4381,32.7417,270.5895,1.1772
17.5251,11.4804,33.1084,268.6213,0.9958
17.6563,11.4803,33.2491,268.3886,1.0940
17.7803,11.4552,33.3863,268.6033,1.1246
17.9018,11.4640,33.5414,268.4189,1.2788
18.0226,11.4795,33.6809,268.2795,1.1638
18.3967,11.4642,34.0914,268.2957,1.0988
18.5283,11.4738,34.2131,268.7912,0.9275
18.6502,11.4651,34.3397,269.0909,1.0406
18.7721,11.4390,34.4689,269.0435,1.0835
18.8923,11.4420,34.5954,268.5401,1.0533
19.2658,11.3888,35.0250,267.9941,1.1650
19.3949,11.3861,35.0517,267.9167,0.2140
19.5169,11.3862,35.0537,267.9176,0.0168
19.6385,11.3861,35.0554,267.9178,0.0141
19.7622,11.3860,35.0570,267.9222,0.0134
20.0955,11.3858,35.0612,267.9294,0.0127
20.2187,11.3858,35.0627,267.9288,0.0123
20.3435,11.3858,35.0640,267.9253,0.0102
20.4644,11.3858,35.0650,267.9267,0.0085
20.5865,11.3859,35.0658,267.9275,0.0060
20.9604,11.3860,35.0678,267.9306,0.0055
21.0820,11.3860,35.0685,267.9318,0.0057
21.2032,11.3861,35.0692,267.9323,0.0057
21.3251,11.3861,35.0698,267.9359,0.0054
21.4468,11.3861,35.0705,267.9327,0.0058
21.8200,11.3862,35.0723,267.9342,0.0048
21.9426,11.3863,35.0729,267.9361,0.0045
22.0633,11.3863,35.0734,267.9353,0.0043
22.1847,11.3863,35.0740,267.9362,0.0053
22.3062,11.3806,35.0819,267.8183,0.0805
22.6791,11.3779,35.0995,267.6920,0.0478
22.7997,11.4058,35.1535,271.6476,0.5096
22.9199,11.4088,35.1628,282.1311,0.0953
23.0414,11.4028,35.1645,290.0868,0.0582
23.1635,11.4028,35.1647,290.1891,0.0025
23.5795,11.4028,35.1647,290.1477,0.0001
23.7012,11.4028,35.1647,290.1414,0.0001
23.8226,11.4028,35.1647,290.1365,0.0000
23.9443,11.4028,35.1647,290.1327,0.0001
24.0661,11.4028,35.1647,290.1299,0.0000
24.4396,11.4028,35.1646,290.1245,0.0000
24.5625,11.4028,35.1646,290.1234,0.0000
24.6846,11.4028,35.1646,290.1229,0.0000
24.8082,11.4028,35.1646,290.1223,0.0000
24.9298,11.4028,35.1646,290.1218,0.0000
25.3030,11.4028,35.1646,290.1209,0.0000
25.4288,11.4028,35.1646,290.1208,0.0000
25.5518,11.4028,35.1646,290.1210,0.0000
25.6725,11.4028,35.1646,290.1209,0.0000
25.7933,11.4028,35.1646,290.1208,0.0000
26.2084,11.4028,35.1646,290.1209,0.0000
26.3317,11.4028,35.1646,290.1208,0.0000
26.4535,11.4028,35.1646,290.1209,0.0000
26.5764,11.4003,35.1608,289.7209,0.0376
26.6985,11.3959,35.1601,289.0714,0.0376
27.0729,11.3932,35.1602,288.9551,0.0073
27.1964,11.4477,35.2644,289.0519,0.9529
27.3168,11.5022,35.4044,289.2079,1.2497
27.4401,11.5443,35.5374,289.1939,1.1316
27.5611,11.5795,35.6647,288.7981,1.0927
27.9337,11.7203,36.0648,288.6709,1.1397
28.0689,11.8019,36.2207,289.0266,1.3277
28.2002,11.8277,36.2971,288.7091,0.6159
28.3220,11.8267,36.2963,288.7025,0.0113
28.4440,11.8267,36.2963,288.7024,0.0008
28.8580,11.8265,36.2960,288.7020,0.0007
28.9788,11.8265,36.2959,288.7020,0.0006
29.0996,11.8265,36.2959,288.7019,0.0005
29.2203,11.8265,36.2958,288.7019,0.0005
29.3430,11.8264,36.2958,288.7018,0.0005
29.7171,11.8264,36.2956,288.7017,0.0004
29.8392,11.8264,36.2956,288.7015,0.0004
29.9636,11.8263,36.2956,288.7015,0.0003
30.0841,11.8263,36.2955,288.7014,0.0003
30.2054,11.8263,36.2955,288.7011,0.0003
30.5786,11.8263,36.2954,288.7009,0.0003
30.7008,11.8263,36.2954,288.7009,0.0002
30.8232,11.8262,36.2954,288.7009,0.0002
30.9457,11.8262,36.2953,288.7009,0.0002
31.0685,11.8262,36.2953,288.7007,0.0002
31.4420,11.8262,36.2953,288.7006,0.0002
31.5632,11.8262,36.2952,288.7006,0.0001
31.6851,11.8208,36.2949,288.6275,0.0469
31.8065,11.8114,36.2951,288.2728,0.0797
31.9278,11.8054,36.2965,288.0450,0.0513
32.3015,11.8187,36.3107,290.0893,0.0522
32.4253,11.8179,36.3094,290.4162,0.0146
32.5484,11.8179,36.3095,290.4176,0.0003
32.6711,11.8179,36.3095,290.4164,0.0000
32.7925,11.8179,36.3095,290.4156,0.0000
33.2069,11.8178,36.3102,290.4645,0.0018
33.3279,11.8314,36.2915,292.1826,0.1917
33.4499,11.8366,36.2928,292.1840,0.0451
33.5707,11.8419,36.2971,292.1466,0.0575
33.6932,11.8418,36.2970,292.1484,0.0006
34.0665,11.8417,36.2967,292.1477,0.0009
34.1921,11.8417,36.2966,292.1475,0.0009
34.3147,11.8416,36.2965,292.1473,0.0010
34.4350,11.8416,36.2964,292.1471,0.0009
34.5583,11.8416,36.2963,292.1468,0.0010
34.9321,11.8414,36.2960,292.1462,0.0008
35.0543,11.8414,36.2959,292.1461,0.0008
35.1771,11.8413,36.2958,292.1458,0.0009
35.2985,11.8413,36.2957,292.1456,0.0008
35.4194,11.8413,36.2956,292.1453,0.0008
35.7929,11.8412,36.2953,292.1449,0.0007
35.9146,11.8411,36.2953,292.1447,0.0007
36.0356,11.8411,36.2952,292.1444,0.0009
36.1581,11.8411,36.2951,292.1437,0.0008
36.2801,11.8411,36.2953,292.1448,0.0016
36.6543,11.8414,36.2959,292.1461,0.0020
36.7785,11.8111,36.2860,290.7661,0.2643
36.9011,11.8036,36.2947,289.8370,0.0940
37.0244,11.8082,36.3036,295.7928,0.0838
37.1473,11.8329,36.3078,307.4951,0.2039
37.5612,11.8452,36.3082,313.2569,0.0340
37.6836,11.8940,36.3093,312.1733,0.3994
37.8061,11.9275,36.3293,310.6781,0.3295
37.9289,11.9347,36.3326,310.7316,0.0737
38.0525,11.9287,36.3330,310.6328,0.0717
38.4264,11.9278,36.3335,310.6331,0.0046
38.5487,11.9279,36.3335,310.6329,0.0006
38.6701,11.9279,36.3336,310.6331,0.0004
38.7933,11.9279,36.3336,310.6331,0.0002
38.9167,11.9279,36.3336,310.6333,0.0001
39.2909,11.9280,36.3336,310.6332,0.0000
39.4139,11.9280,36.3336,310.6333,0.0000
39.5370,11.9280,36.3336,310.6334,0.0000
39.6601,11.9280,36.3336,310.6334,0.0000
39.7826,11.9280,36.3336,310.6334,0.0000
40.1581,11.9280,36.3336,310.6335,0.0000
40.2797,11.9280,36.3336,310.6335,0.0000
40.4016,11.9280,36.3336,310.6333,0.0000
40.5241,11.9280,36.3336,310.6333,0.0000
40.6475,11.9280,36.3336,310.6334,0.0000
41.0218,11.9280,36.3336,310.6334,0.0000
41.1449,12.0046,36.4257,310.8332,0.9743
41.2670,12.0820,36.5249,310.7447,1.0302
41.3894,12.1583,36.6214,310.6129,1.0225
41.5118,12.2440,36.7097,310.5801,1.0076
41.8861,12.5207,36.9684,310.5699,1.0121
41.9911,12.6005,37.0560,310.7701,1.1284
42.1149,12.6795,37.1560,310.7339,1.0303
42.2375,12.7474,37.2261,310.2036,0.8537
42.3607,12.8063,37.2856,310.3383,0.7186
42.7768,13.1041,37.6315,310.6657,1.0994
42.8889,13.1792,37.7044,310.4232,0.9349
43.0123,13.2675,37.8143,310.5136,1.1426
43.1353,13.3820,37.9480,310.5687,1.4593
43.2589,13.4838,38.0664,310.5973,1.2842
43.6725,13.7802,38.4248,310.6295,1.1250
43.7807,13.8713,38.5275,310.8578,1.2685
43.9047,13.9526,38.6318,310.8770,1.0689
44.0265,14.0243,38.7320,310.9481,1.0152
44.1512,14.1020,38.8301,311.0190,1.0055
44.5668,14.4080,39.1793,311.2676,1.1176
44.6773,14.5013,39.2886,311.3257,1.3159
44.8008,14.5982,39.3805,311.4234,1.0816
44.9225,14.6908,39.4624,311.4332,1.0160
45.0445,14.7787,39.5489,311.2333,1.0156
45.4350,14.9954,39.8256,311.3430,0.9108
45.5376,15.0690,39.9141,311.4055,1.1259
45.6609,15.1542,40.0046,311.4272,1.0347
45.7843,15.2611,40.0980,311.4702,1.1561
45.9065,15.3621,40.1960,311.4817,1.1562
46.0289,15.4699,40.3104,311.2584,1.2873
46.3613,15.6598,40.5879,310.9764,1.0288
46.4631,15.7038,40.6745,311.0728,0.9577
46.5838,15.7711,40.7751,311.2085,1.0561
46.7058,15.8823,40.8647,311.0853,1.1752
46.8284,15.9827,40.9521,310.7873,1.0891
47.2421,16.2890,41.3269,312.6074,1.1705
47.3768,16.3932,41.4362,312.2928,1.1244
47.4984,16.4770,41.5293,312.1666,1.0304
47.6200,16.5529,41.6224,312.1812,0.9942
47.7426,16.6215,41.7223,312.2469,0.9907
48.1525,16.9291,42.0496,312.3431,1.0960
48.2893,17.0139,42.1540,312.4247,0.9917
48.4117,17.1068,42.2604,312.4296,1.1551
48.5342,17.2234,42.3734,312.2019,1.3542
48.6542,17.3368,42.4874,312.6703,1.3835
49.0679,17.5911,42.8142,312.8527,1.0039
49.1705,17.6582,42.8956,312.8224,1.0282
49.2920,17.7481,42.9821,312.9622,1.0265
49.4136,17.8514,43.0444,313.3333,1.0356
49.5344,17.9103,43.0981,313.3637,0.6751
49.9481,18.1441,43.4408,313.9883,1.0052
50.0566,18.2707,43.5210,313.6480,1.3841
50.1789,18.3879,43.6098,313.5619,1.2021
50.3003,18.4841,43.6813,313.6477,0.9870
50.4216,18.5602,43.7680,315.2392,0.9508
50.5417,18.5588,43.8562,319.2108,0.7348
50.8751,18.7935,44.0000,337.9515,0.8258
50.9875,18.8415,44.0758,344.4299,0.8021
51.1110,18.9569,44.0758,344.6511,0.9373
51.2334,19.0823,44.1036,344.7385,1.0498
51.3610,19.2414,44.1480,344.8021,1.2952
51.7764,19.6590,44.2808,346.5061,1.0576
51.8778,19.7637,44.3153,346.6141,1.0873
52.0005,19.9028,44.3676,346.8260,1.2130
52.1218,20.0374,44.4176,346.8187,1.1841
52.2447,20.1666,44.4551,346.6903,1.0972
52.6610,20.5048,44.5114,346.2122,0.8315
52.7644,20.5802,44.5542,346.2003,0.8638
52.8864,20.6741,44.6119,346.8493,0.9038
53.0098,20.7743,44.6805,347.2090,0.9982
53.1331,20.8722,44.7053,346.1451,0.8364
53.5481,21.3409,44.7116,340.4178,1.1349
53.6848,21.5455,44.7283,338.8318,1.5025
53.8057,21.6958,44.7874,338.9612,1.3347
53.9274,21.8027,44.8706,337.7509,1.1239
54.0497,21.8999,44.9461,337.2302,1.0078
54.3831,22.3002,45.0622,338.5312,1.2543
54.4911,22.3559,45.0836,339.2318,0.5821
54.6169,22.4163,45.1062,340.4884,0.5515
54.7399,22.5032,45.1079,341.1161,0.7151
54.8627,22.5964,45.1191,341.3246,0.8031
55.1961,22.9107,45.3536,343.4122,1.1944
55.3363,23.0455,45.3745,343.5271,0.9731
55.4580,23.1584,45.3858,343.6425,0.9320
55.5813,23.2587,45.4229,343.8142,0.9157
55.9976,23.6006,45.5716,345.0868,0.9225
56.1272,23.6993,45.6202,345.9100,0.8559
56.2530,23.7909,45.6353,345.6742,0.7748
56.3816,23.8933,45.6420,344.1884,0.8591
56.8014,24.2393,45.7770,345.1393,0.9590
56.9304,24.3216,45.8021,349.2924,0.7335
57.0564,24.3512,45.8210,358.8874,0.2927
57.1809,24.3982,45.8660,5.0930,0.5560
57.5712,24.6993,45.8619,11.6061,0.8767
57.6978,24.8157,45.8298,11.8481,1.0842
57.8250,24.9202,45.8004,11.8077,0.9790
57.9541,25.0251,45.7714,11.8075,0.9671
58.3244,25.3583,45.6784,11.6838,1.0703
58.4525,25.4641,45.6506,11.7317,0.9705
58.5801,25.5862,45.6168,11.7200,1.1435
58.7084,25.6907,45.5864,11.6299,0.9649
59.0893,26.0249,45.4936,11.6708,1.0406
59.2184,26.1479,45.4612,11.7499,1.1299
59.3454,26.2525,45.4319,11.7678,0.9817
59.4735,26.3580,45.4028,11.7952,0.9781
59.8496,26.6910,45.3081,11.8184,1.0547
59.9751,26.8149,45.2748,11.8592,1.1686
60.1019,26.9206,45.2452,11.8600,0.9910
60.2301,27.0237,45.2154,11.8370,0.9551
60.5980,27.3602,45.1220,11.8056,1.0869
60.7266,27.4662,45.0930,11.8322,0.9759
60.8534,27.5715,45.0635,11.8215,0.9893
60.9808,27.6960,45.0293,11.8287,1.1497
61.3406,28.0121,44.9405,11.8783,1.0465
61.4676,28.1169,44.9110,11.8686,0.9862
61.5944,28.2233,44.8817,11.8909,0.9952
61.7212,28.3394,44.8449,11.5520,1.1165
62.0628,28.6112,44.7708,11.8121,0.9712
62.1892,28.7217,44.7418,11.9044,1.0042
62.3152,28.8837,44.7069,12.2628,1.3859
62.4432,29.0345,44.6752,12.5992,1.2498
62.5712,29.1775,44.6507,13.1019,1.1857
62.8099,29.4590,44.5954,13.7938,1.2635
62.9485,29.6361,44.5774,14.1410,1.2978
63.0740,29.7817,44.5446,14.1888,1.1910
63.1960,29.9482,44.5044,14.2836,1.4042
63.3167,30.0872,44.4691,14.3059,1.1913
63.5856,30.3947,44.4017,14.2624,1.1706
63.6961,30.5238,44.3660,14.3042,1.2119
63.8211,30.6469,44.3342,14.3371,1.0191
63.9414,30.7702,44.3040,14.3701,1.0556
64.0629,30.8949,44.2724,14.3781,1.0587
64.1839,31.0182,44.2358,14.4606,1.0634
64.4068,31.2408,44.1817,14.2259,1.0281
64.5154,31.3687,44.1429,14.1960,1.2324
64.6352,31.4955,44.0982,14.1058,1.1222
64.7565,31.6193,44.0640,14.0234,1.0608
64.8769,31.7544,44.0282,13.8840,1.1614
65.2910,32.1820,43.9199,14.1725,1.0657
65.4273,32.3278,43.8815,14.3359,1.1076
65.5487,32.4498,43.8479,14.3372,1.0469
65.6681,32.5747,43.8149,14.3096,1.0830
65.7890,32.7064,43.7778,14.2333,1.1331
66.2092,33.1576,43.6664,14.1118,1.1082
66.3153,33.2815,43.6368,14.1132,1.2063
66.4505,33.4051,43.6068,14.1747,0.9451
66.5726,33.5329,43.5699,14.2468,1.0929
66.6926,33.6591,43.5296,14.3526,1.1042
66.8133,33.7951,43.4988,14.4197,1.1557
67.1642,34.2015,43.3919,14.1507,1.1983
67.3085,34.3668,43.3433,14.3813,1.1944
67.4312,34.5055,43.3129,14.4754,1.1573
67.5519,34.6418,43.2713,14.4429,1.1828
67.6726,34.7795,43.2328,14.3995,1.1859
68.0865,35.2424,43.1197,14.5496,1.1536
68.2142,35.3679,43.0965,14.4281,1.0006
68.3349,35.4900,43.0613,14.3945,1.0533
68.4572,35.6255,43.0209,14.4649,1.1575
68.5793,35.7523,42.9875,14.6154,1.0781
68.9719,36.1494,42.9024,14.5348,1.0351
69.0804,36.2820,42.8662,14.4300,1.2668
69.2006,36.4042,42.8314,14.2902,1.0646
69.3208,36.5316,42.7939,14.2071,1.1065
69.4423,36.6598,42.7720,14.1710,1.0729
69.5639,36.7870,42.7409,14.1885,1.0771
69.8972,37.1469,42.6442,14.0480,1.1186
70.0042,37.2405,42.6242,15.3774,0.8969
70.1236,37.3063,42.5955,25.1238,0.6079
70.2438,37.3602,42.5763,37.0223,0.4770
70.3630,37.4396,42.5748,46.3810,0.6666
70.4842,37.4805,42.5755,48.4994,0.3404
70.8129,37.4816,42.5698,48.4423,0.0197
70.9340,37.4843,42.5648,48.1955,0.0463
71.0555,37.4842,42.5650,48.1956,0.0014
71.1791,37.4841,42.5651,48.1951,0.0012
71.2996,37.4840,42.5652,48.1955,0.0012
71.6737,37.4837,42.5655,48.1952,0.0010
71.7947,37.4836,42.5656,48.1957,0.0010
71.9156,37.4835,42.5657,48.1953,0.0011
72.0375,37.4835,42.5658,48.1954,0.0010
72.1595,37.4834,42.5658,48.1959,0.0010
72.5734,37.4831,42.5661,48.1955,0.0009
72.6961,37.4831,42.5662,48.1958,0.0011
72.8196,37.4830,42.5663,48.1956,0.0008
72.9415,37.4829,42.5664,48.1961,0.0009
73.0636,37.4828,42.5664,48.1958,0.0008
73.4375,37.4826,42.5667,48.1958,0.0009
73.5635,37.4826,42.5668,48.1955,0.0008
73.6865,37.4825,42.5668,48.1957,0.0008
73.8081,37.4824,42.5669,48.1962,0.0008
73.9292,37.4803,42.5680,48.3035,0.0199
74.3026,37.4787,42.5712,48.3479,0.0096
74.4284,37.4930,42.5473,54.9307,0.2228
74.5501,37.5072,42.5248,64.2011,0.2326
74.6722,37.5072,42.5245,64.4921,0.0039
74.7947,37.5072,42.5245,64.4869,0.0002
75.2089,37.5069,42.5244,64.5645,0.0043
75.3313,37.5084,42.5198,64.6120,0.0476
75.4541,37.5113,42.5145,64.5626,0.0490
75.5769,37.5111,42.5150,64.5612,0.0045
75.6990,37.5109,42.5154,64.5605,0.0036
76.1131,37.5103,42.5166,64.5593,0.0034
76.2375,37.5101,42.5170,64.5586,0.0038
76.3587,37.5099,42.5174,64.5578,0.0033
76.4807,37.5097,42.5177,64.5577,0.0031
76.6037,37.5095,42.5181,64.5576,0.0032
77.0175,37.5089,42.5193,64.5544,0.0035
77.1447,37.5087,42.5198,64.5535,0.0038
77.2726,37.5084,42.5202,64.5532,0.0036
77.4015,37.5082,42.5206,64.5518,0.0035
77.5316,37.5080,42.5210,64.5528,0.0035
77.9529,37.5070,42.5228,64.5500,0.0050
78.0826,37.5069,42.5233,64.5590,0.0039
78.2134,37.5068,42.5235,64.5590,0.0019
78.3426,37.5067,42.5238,64.5595,0.0019
78.4668,37.5066,42.5239,64.5582,0.0015
78.8824,37.5064,42.5244,64.5582,0.0011
79.0070,37.4999,42.5226,68.3676,0.0550
79.1318,37.5233,42.4827,77.9023,0.3714
79.2547,37.5170,42.4733,80.6749,0.0925
79.3800,37.5083,42.4758,80.5867,0.0719
79.7962,37.5061,42.4772,80.5714,0.0063
79.9221,37.5040,42.4813,80.6251,0.0366
80.0462,37.5041,42.4810,80.6261,0.0030
80.1732,37.5042,42.4806,80.6262,0.0029
80.2970,37.5043,42.4802,80.6264,0.0034
80.6720,37.5045,42.4791,80.6258,0.0029
80.7985,37.5046,42.4787,80.6263,0.0032
80.9230,37.5046,42.4784,80.6263,0.0028
81.0494,37.5046,42.4781,80.6261,0.0022
81.1732,37.5047,42.4779,80.6268,0.0017
81.5897,37.5047,42.4777,80.6267,0.0004
81.7225,37.5047,42.4777,80.6267,0.0003
81.8472,37.5047,42.4777,80.6268,0.0002
81.9730,37.5047,42.4776,80.6268,0.0002
82.0972,37.5047,42.4776,80.6267,0.0002
82.5126,37.5047,42.4776,80.6268,0.0001
82.6378,37.5047,42.4776,80.6267,0.0001
82.7628,37.5047,42.4776,80.6264,0.0000
82.8862,37.5047,42.4776,80.6266,0.0001
83.0112,37.5047,42.4776,80.6269,0.0000
83.4278,37.5047,42.4776,80.6266,0.0000
83.5528,37.5153,42.3707,80.6163,0.8624
83.6765,37.5358,42.2201,80.6289,1.2398
83.8006,37.5577,42.0909,80.5239,1.0555
83.9262,37.5830,41.9623,80.5148,1.0446
84.3011,37.6502,41.5573,80.2188,1.0953
84.4144,37.6641,41.4405,80.1821,1.0395
84.5401,37.6763,41.2767,80.0547,1.3119
84.6653,37.6939,41.1448,80.0669,1.0646
84.7896,37.7263,41.0171,80.0996,1.0627
84.9152,37.7474,40.8871,80.0959,1.0626
85.2486,37.8144,40.5237,80.0945,1.1085
85.3708,37.8214,40.3850,79.9111,1.1370
85.4954,37.8457,40.2333,80.0499,1.2339
85.6202,37.8788,40.0987,80.1341,1.1108
85.7448,37.8930,39.9645,80.1606,1.0921
85.8702,37.9089,39.8313,80.2296,1.0708
86.2035,37.9672,39.4656,80.1383,1.1120
86.3293,37.9904,39.3454,79.7834,0.9741
86.4543,38.0188,39.2213,79.7813,1.0192
86.5778,38.0425,39.0697,79.5060,1.2436
86.7039,38.0622,38.9408,79.2915,1.0366
87.1214,38.1313,38.5128,79.0297,1.0451
87.2457,38.1567,38.3721,79.2199,1.1509
87.3704,38.1863,38.2306,79.4907,1.1587
87.4948,38.2099,38.0939,79.6865,1.1155
87.6198,38.2203,38.0192,79.7487,0.6032
87.7444,38.2202,38.0197,79.7461,0.0040
88.0765,38.2200,38.0210,79.7446,0.0038
88.2055,38.2200,38.0213,79.7438,0.0025
88.3320,38.2199,38.0215,79.7435,0.0019
88.4571,38.2199,38.0217,79.7433,0.0019
88.5824,38.2199,38.0219,79.7420,0.0013
88.9571,38.2198,38.0223,79.7418,0.0010
89.0837,38.2198,38.0224,79.7410,0.0009
89.2090,38.2198,38.0225,79.7393,0.0009
89.3351,38.2197,38.0226,79.7392,0.0012
89.4621,38.2197,38.0227,79.7390,0.0009
89.8790,38.2197,38.0231,79.7389,0.0009
90.0074,38.2196,38.0232,79.7390,0.0006
90.1328,38.2196,38.0233,79.7390,0.0006
90.2588,38.2196,38.0234,79.7386,0.0007
90.3862,38.2196,38.0234,79.7388,0.0005
90.7608,38.2196,38.0236,79.7389,0.0004
90.8885,38.2378,37.9056,79.6693,0.9391
91.0148,38.2637,37.7746,79.5675,1.0668
91.1403,38.2974,37.6242,79.5724,1.2299
91.2661,38.3220,37.4957,79.6168,1.0401
91.6827,38.4002,37.0441,79.7556,1.1018
91.8245,38.4227,36.8900,79.8961,1.0986
91.9501,38.4295,36.8598,79.9550,0.2472
92.0743,38.4294,36.8602,79.9538,0.0036
92.1977,38.4294,36.8605,79.9538,0.0023
92.5953,38.4293,36.8611,79.9536,0.0015
92.7193,38.4293,36.8613,79.9536,0.0017
92.8459,38.4293,36.8615,79.9536,0.0015
92.9709,38.4293,36.8617,79.9532,0.0015
93.0963,38.4293,36.8619,79.9531,0.0015
93.4707,38.4292,36.8622,79.9529,0.0009
93.5987,38.4292,36.8623,79.9533,0.0008
93.7247,38.4292,36.8624,79.9531,0.0005
93.8508,38.4292,36.8624,79.9530,0.0005
93.9760,38.4292,36.8625,79.9532,0.0005
94.3924,38.4292,36.8626,79.9531,0.0003
94.5180,38.4292,36.8626,79.9528,0.0002
94.6422,38.4292,36.8627,79.9529,0.0002
94.7693,38.4292,36.8627,79.9529,0.0003
94.8931,38.4292,36.8627,79.9529,0.0003
95.2679,38.4291,36.8628,79.9526,0.0003
95.3942,38.4291,36.8629,79.9527,0.0002
95.5188,38.4291,36.8629,79.9529,0.0002
95.6455,38.4291,36.8629,79.9527,0.0002
95.7707,38.4414,36.8012,79.9522,0.5032
96.1455,38.5242,36.4058,80.2621,1.0825
96.2946,38.5498,36.2538,80.3591,1.0392
96.4195,38.5869,36.0872,80.6323,1.3662
96.5431,38.6233,35.9512,80.8618,1.1390
96.6685,38.6476,35.8420,80.8757,0.8928
96.7906,38.6493,35.8384,80.8968,0.0352
97.0894,38.6497,35.8375,80.8987,0.0031
97.2132,38.6497,35.8375,80.8984,0.0002
97.3362,38.6497,35.8375,80.8983,0.0001
97.4592,38.6497,35.8375,80.8989,0.0001
97.5824,38.6497,35.8375,80.8984,0.0001
97.9574,38.6497,35.8375,80.8982,0.0001
98.0809,38.6497,35.8375,80.8986,0.0001
98.2036,38.6497,35.8375,80.8985,0.0000
98.3266,38.6497,35.8375,80.8980,0.0000
98.4496,38.6497,35.8375,80.8984,0.0000
98.8649,38.6497,35.8375,80.8981,0.0000
98.9907,38.6497,35.8375,80.8984,0.0000
99.1144,38.6497,35.8375,80.8982,0.0000
99.2368,38.6497,35.8375,80.8983,0.0000
99.3602,38.6497,35.8375,80.8981,0.0000
99.7350,38.6497,35.8375,80.8983,0.0000
99.8584,38.6497,35.8375,80.8982,0.0000
99.9817,38.6497,35.8375,80.8979,0.0000
100.1056,38.6497,35.8375,80.8981,0.0000
100.2292,38.6497,35.8375,80.8979,0.0000
100.6445,38.6497,35.8375,80.8983,0.0000
100.7682,38.6703,35.7311,80.9332,0.8784
100.8910,38.6967,35.5881,80.9892,1.1853
101.0142,38.7210,35.4446,81.0597,1.1860
101.1391,38.7520,35.2873,81.1466,1.2848
101.5132,38.8386,34.9509,81.2384,0.9314
101.6349,38.8315,34.9107,81.0608,0.3369
101.7598,38.8349,34.9127,81.1075,0.0448
101.8840,38.8350,34.9128,81.1116,0.0014
102.0094,38.8350,34.9129,81.1116,0.0001
102.4100,38.8350,34.9129,81.1118,0.0001
102.5374,38.8350,34.9129,81.1117,0.0001
102.6621,38.8350,34.9129,81.1113,0.0001
102.7890,38.8350,34.9129,81.1112,0.0001
102.9140,38.8350,34.9129,81.1113,0.0001
103.2891,38.8350,34.9129,81.1113,0.0000
103.4213,38.8350,34.9129,81.1115,0.0000
103.5462,38.8350,34.9130,81.1113,0.0001
103.6708,38.8350,34.9130,81.1113,0.0001
103.7951,38.8349,34.9130,81.1113,0.0001
104.2108,38.8349,34.9130,81.1115,0.0000
104.3353,38.8349,34.9130,81.1116,0.0001
104.4622,38.8349,34.9130,81.1110,0.0001
104.5858,38.8349,34.9130,81.1114,0.0000
104.7094,38.8368,34.9129,81.2104,0.0155
105.0838,38.8409,34.9123,81.3795,0.0123
105.2085,38.8739,34.8472,85.3645,0.5862
105.3339,38.8753,34.8266,92.4863,0.1727
105.4592,38.8752,34.8264,92.5485,0.0026
105.5855,38.8752,34.8264,92.5517,0.0003
105.9597,38.8752,34.8264,92.5514,0.0001
106.0847,38.8764,34.8268,92.5954,0.0105
106.2272,38.8764,34.8268,92.6108,0.0002
106.3410,38.8764,34.8268,92.6159,0.0002
106.4662,38.8764,34.8268,92.6193,0.0001
106.8740,38.8764,34.8268,92.6206,0.0000
106.9989,38.8764,34.8268,92.6211,0.0001
107.1244,38.8764,34.8268,92.6209,0.0000
107.2504,38.8764,34.8268,92.6201,0.0001
107.3772,38.8764,34.8268,92.6195,0.0001
107.7334,38.8764,34.8268,92.6253,0.0000
107.8688,38.8764,34.8268,92.6261,0.0001
107.9949,38.8764,34.8268,92.6270,0.0000
108.1211,38.8764,34.8268,92.6281,0.0001
108.2469,38.8764,34.8268,92.6284,0.0000
108.6637,38.8764,34.8268,92.6284,0.0000
108.7901,38.8755,34.8278,92.6120,0.0107
108.9146,38.8726,34.8310,92.2752,0.0351
109.0387,38.8703,34.8325,92.2150,0.0230
109.1628,38.8693,34.8351,92.2608,0.0223
109.5376,38.8679,34.8369,92.2307,0.0061
109.6677,38.8656,34.7330,92.1958,0.7991
109.7917,38.8621,34.6104,92.2455,0.9906
109.9151,38.8606,34.4687,92.4106,1.1554
110.0397,38.8526,34.3488,92.2821,0.9766
110.4558,38.8494,33.9483,92.5559,0.9977
110.5840,38.8475,33.8263,92.6246,0.9638
110.7087,38.8385,33.6996,92.4238,1.0259
110.8322,38.8290,33.6724,92.1475,0.2344
110.9561,38.8299,33.6736,92.1932,0.0165
111.3730,38.8299,33.6738,92.1965,0.0005
111.5069,38.8299,33.6737,92.1975,0.0001
111.6302,38.8299,33.6737,92.1977,0.0001
111.7555,38.8299,33.6737,92.1985,0.0002
111.8812,38.8298,33.6738,92.2077,0.0010
112.2992,38.8298,33.6740,92.2147,0.0004
112.4241,38.8298,33.6740,92.2181,0.0001
112.5484,38.8298,33.6740,92.2169,0.0002
112.6730,38.8298,33.6739,92.2169,0.0003
112.7985,38.8298,33.6739,92.2174,0.0004
113.2155,38.8298,33.6738,92.2163,0.0002
113.3406,38.8298,33.6737,92.2158,0.0001
113.4640,38.8298,33.6737,92.2168,0.0001
113.5888,38.8298,33.6737,92.2172,0.0002
113.7143,38.8298,33.6737,92.2160,0.0002
114.0902,38.8298,33.6737,92.2176,0.0001
114.2154,38.8298,33.6737,92.2190,0.0000
114.3418,38.8298,33.6737,92.2174,0.0000
114.4668,38.8299,33.6506,92.2895,0.1852
114.5927,38.8245,33.5127,92.4121,1.0997
115.0086,38.8215,33.0191,92.7272,1.2055
115.1498,38.8284,32.8500,92.7360,1.2169
115.2783,38.8128,32.6841,92.7505,1.2986
115.4023,38.8017,32.5723,92.8013,0.9069
115.5257,38.7983,32.5673,92.7905,0.0547
115.9180,38.7983,32.5688,92.7891,0.0039
116.0453,38.7983,32.5692,92.7892,0.0030
116.1728,38.7983,32.5695,92.7894,0.0028
116.2986,38.7983,32.5700,92.7901,0.0033
116.4240,38.7983,32.5703,92.7879,0.0024
116.8403,38.7984,32.5712,92.7880,0.0022
116.9657,38.7984,32.5714,92.7883,0.0016
117.0923,38.7984,32.5715,92.7884,0.0011
117.2181,38.7984,32.5717,92.7883,0.0015
117.3442,38.7984,32.5718,92.7875,0.0010
117.7616,38.7984,32.5721,92.7877,0.0006
117.8877,38.7984,32.5721,92.7881,0.0002
118.0151,38.7984,32.5721,92.7881,0.0002
118.1470,38.7984,32.5721,92.7879,0.0001
118.2729,38.7984,32.5721,92.7882,0.0001
118.6887,38.7984,32.5722,92.7882,0.0000
118.8185,38.7984,32.5722,92.7880,0.0000
118.9445,38.7984,32.5722,92.7880,0.0000
119.0703,38.8005,32.5813,92.8912,0.0741
119.1966,38.8017,32.5922,92.5394,0.0877
119.5709,38.8018,32.5927,92.5991,0.0018
119.7072,38.7965,32.5829,98.8519,0.0822
119.8360,38.7932,32.5512,112.1651,0.2540
119.9641,38.7923,32.5391,119.3936,0.0952
120.0932,38.7922,32.5391,119.3662,0.0021
120.5126,38.7926,32.5395,119.1693,0.0016
120.6395,38.7925,32.5396,119.1065,0.0013
120.7704,38.7925,32.5397,119.0650,0.0007
120.8991,38.7924,32.5398,119.0217,0.0005
121.0282,38.7924,32.5398,118.9877,0.0006
121.4332,38.7921,32.5399,118.8706,0.0009
121.5608,38.7917,32.5408,118.7331,0.0113
121.6918,38.7982,32.5470,117.9161,0.0689
121.8237,38.7991,32.5500,117.5528,0.0248
121.9542,38.8005,32.5518,117.4525,0.0192
122.3308,38.8006,32.5534,117.4330,0.0043
122.4606,38.8022,32.5521,117.4023,0.0200
122.5906,38.8024,32.5525,117.4026,0.0035
122.7205,38.8026,32.5529,117.4035,0.0034
122.8511,38.8028,32.5533,117.4042,0.0028
123.2688,38.8032,32.5541,117.4051,0.0023
123.3975,38.8033,32.5543,117.4050,0.0017
123.5275,38.8035,32.5545,117.4072,0.0023
123.6577,38.8036,32.5548,117.4070,0.0026
123.7880,38.8037,32.5550,117.4080,0.0017
124.2080,38.8040,32.5555,117.4083,0.0013
124.3357,38.8041,32.5556,117.4091,0.0012
124.4671,38.8041,32.5557,117.4092,0.0008
124.5966,38.8042,32.5558,117.4091,0.0008
124.7272,38.8042,32.5559,117.4090,0.0006
125.1467,38.8043,32.5560,117.4095,0.0004
125.2780,38.8043,32.5560,117.4093,0.0003
125.4086,38.8043,32.5561,117.4092,0.0002
125.5384,38.8044,32.5561,117.4090,0.0003
125.6685,38.8044,32.5561,117.4091,0.0001
126.0451,38.7700,32.4930,117.3891,0.1911
126.1630,38.7151,32.3899,117.4803,0.9922
126.2948,38.6474,32.2768,117.3750,1.0015
126.4245,38.5797,32.1349,117.2937,1.2281
126.5526,38.5201,32.0243,117.1525,0.9901
126.6803,38.4546,31.8951,116.8991,1.1507
126.9642,38.3210,31.6236,116.8638,1.0666
127.0862,38.2513,31.4990,116.7165,1.1719
127.2147,38.1681,31.3925,116.2472,1.0531
127.3411,38.0814,31.2756,115.8177,1.1644
127.4688,38.0152,31.1726,115.6082,0.9669
127.5954,37.9343,31.0472,115.1626,1.1976
127.9288,37.7544,30.7588,114.8269,1.0219
128.0452,37.6910,30.6385,114.7696,1.1707
128.1722,37.6116,30.5343,114.1753,1.0322
128.2990,37.6089,30.5185,114.1528,0.1300
128.4244,37.6175,30.5137,114.2271,0.0882
128.5505,37.6263,30.5092,114.3085,0.0898
128.8368,37.6316,30.5101,114.3406,0.0213
128.9639,37.6317,30.5101,114.3420,0.0008
129.0914,37.6317,30.5100,114.3388,0.0005
129.2204,37.6317,30.5099,114.3352,0.0007
129.3487,37.6316,30.5099,114.3316,0.0006
129.7798,37.6315,30.5095,114.3262,0.0009
129.9129,37.6315,30.5094,114.3240,0.0009
130.0426,37.6314,30.5093,114.3227,0.0008
130.1721,37.6314,30.5092,114.3207,0.0005
130.3004,37.6314,30.5092,114.3190,0.0006
130.7205,37.6313,30.5090,114.3192,0.0003
130.8546,37.6313,30.5090,114.3200,0.0001
130.9843,37.6313,30.5090,114.3195,0.0001
131.1136,37.6313,30.5090,114.3198,0.0001
131.2422,37.6313,30.5090,114.3197,0.0000
131.6610,37.6313,30.5090,114.3195,0.0000
131.7897,37.6313,30.5090,114.3196,0.0001
131.9204,37.6313,30.5090,114.3196,0.0001
132.0495,37.6313,30.5090,114.3190,0.0000
132.1794,37.6313,30.5090,114.3193,0.0001
132.3091,37.6313,30.5090,114.3196,0.0001
132.6425,37.6313,30.5090,114.3196,0.0001
132.7710,37.6313,30.5090,114.3194,0.0000
132.9027,37.6313,30.5090,114.3193,0.0001
133.0313,37.6313,30.5090,114.3191,0.0001
133.1601,37.6313,30.5090,114.3196,0.0000
133.5787,37.5345,30.3464,114.0691,0.4525
133.7160,37.4579,30.2079,114.0521,1.1522
133.8468,37.4047,30.0727,114.0035,1.1113
133.9752,37.3370,29.9140,114.0449,1.3440
134.1032,37.2623,29.7956,114.0690,1.0941
134.4958,37.0594,29.4533,114.6558,1.0182
134.6035,37.0210,29.3648,114.5843,0.8963
134.7314,36.9769,29.2482,114.5581,0.9774
134.8579,36.9199,29.1125,114.4544,1.1737
134.9838,36.8820,29.0830,114.0884,0.4213
135.1118,36.8838,29.0817,114.0965,0.0201
135.4883,36.8918,29.0806,114.0971,0.0220
135.6169,36.8998,29.0796,114.0772,0.0652
135.7480,36.9015,29.0790,114.0548,0.0141
135.8792,36.9009,29.0780,114.0564,0.0094
136.0095,36.9004,29.0773,114.0577,0.0064
136.4289,36.8997,29.0761,114.0584,0.0033
136.5566,36.8996,29.0760,114.0587,0.0010
136.6857,36.8996,29.0760,114.0588,0.0004
136.8159,36.8996,29.0759,114.0589,0.0003
136.9472,36.8996,29.0759,114.0593,0.0001
137.3668,36.8995,29.0759,114.0594,0.0000
137.4941,36.8995,29.0759,114.0588,0.0000
137.6241,36.8995,29.0759,114.0594,0.0001
137.7533,36.8995,29.0759,114.0593,0.0000
137.8837,36.8995,29.0759,114.0592,0.0000
138.3037,36.8995,29.0759,114.0594,0.0000
138.4349,36.8995,29.0759,114.0593,0.0000
138.5644,36.8996,29.0759,114.0588,0.0001
138.6942,36.8995,29.0759,114.0586,0.0000
138.8249,36.8995,29.0759,114.0593,0.0001
139.2454,36.8995,29.0759,114.0588,0.0000
139.3717,36.9201,29.1109,114.0192,0.3230
139.5009,36.9898,29.2353,114.2403,1.1061
139.6301,37.0274,29.3375,114.1774,0.8433
139.7616,37.0622,29.4464,114.2807,0.8705
140.1820,37.1822,29.7771,115.2200,0.8370
140.3015,37.1928,29.7906,115.3055,0.1477
140.4341,37.1993,29.7854,115.2402,0.0673
140.5645,37.2069,29.7803,115.1596,0.0764
140.6951,37.2151,29.7746,115.0731,0.0830
140.8280,37.2172,29.7732,115.0623,0.0203
141.1400,37.2188,29.7753,115.0568,0.0083
141.2698,37.2193,29.7759,115.0524,0.0064
141.3997,37.2200,29.7766,115.0482,0.0073
141.5313,37.2204,29.7772,115.0469,0.0057
141.6614,37.2209,29.7779,115.0434,0.0065
142.0385,37.2223,29.7796,115.0406,0.0059
142.1767,37.2227,29.7801,115.0384,0.0043
142.3083,37.2230,29.7805,115.0362,0.0040
142.4388,37.2231,29.7807,115.0348,0.0024
142.5680,37.2233,29.7809,115.0363,0.0016
142.9878,37.2235,29.7812,115.0338,0.0008
143.1172,37.2235,29.7812,115.0339,0.0003
143.2476,37.2235,29.7812,115.0340,0.0002
143.3778,37.2235,29.7812,115.0338,0.0002
143.5083,37.2235,29.7813,115.0339,0.0001
143.9280,37.2238,29.7817,115.0328,0.0012
144.0681,37.2241,29.7820,115.0340,0.0026
144.2001,37.2228,29.7845,115.2542,0.0219
144.3296,37.2140,29.8025,115.9214,0.1561
144.4587,37.2128,29.8070,117.1119,0.0379
144.8796,37.2109,29.8071,117.3838,0.0046
145.0147,37.1959,29.7720,114.1114,0.2826
145.1449,37.1958,29.7744,113.9507,0.0237
145.2747,37.1938,29.7794,114.0180,0.0446
145.4056,37.1944,29.7789,114.0736,0.0066
145.8263,37.1943,29.7788,114.1247,0.0003
145.9549,37.1938,29.7734,104.1236,0.0450
146.0832,37.1905,29.7792,99.3653,0.0546
146.2117,37.1911,29.7780,99.5428,0.0145
146.3395,37.1911,29.7780,99.6177,0.0004
146.7572,37.1910,29.7780,99.6441,0.0003
146.8850,37.1910,29.7780,99.6450,0.0001
147.0126,37.1910,29.7780,99.6454,0.0000
147.1469,37.1910,29.7780,99.6452,0.0001
147.2737,37.1910,29.7780,99.6448,0.0000
147.6921,37.1910,29.7780,99.6367,0.0001
147.8200,37.1910,29.7780,99.6365,0.0001
147.9496,37.1910,29.7780,99.6364,0.0000
148.0780,37.1910,29.7780,99.6367,0.0001
148.2050,37.1910,29.7780,99.6364,0.0001
148.5822,37.1910,29.7780,99.6363,0.0000
148.7112,37.1910,29.7780,99.6361,0.0000
148.8383,37.1910,29.7780,99.6364,0.0000
148.9664,37.1910,29.7780,99.6366,0.0000
149.0954,37.1910,29.7780,99.6365,0.0001
149.5141,37.1910,29.7780,99.6370,0.0000
149.6422,37.1820,29.7931,99.6034,0.1377
149.7702,37.1733,29.8096,99.2206,0.1474
149.8977,37.1719,29.8082,99.1364,0.0257
150.0261,37.1755,29.8093,99.0904,0.0325
150.4449,37.1790,29.8098,99.0317,0.0092
150.5739,37.1790,29.8117,99.0213,0.0144
150.7023,37.1793,29.8128,99.0258,0.0093
150.8297,37.1796,29.8139,99.0274,0.0086
150.9576,37.1799,29.8151,99.0292,0.0100
151.3761,37.1803,29.8167,99.0345,0.0039
151.5024,37.1803,29.8169,99.0346,0.0024
151.6311,37.1805,29.8174,99.0352,0.0040
151.7594,37.1806,29.8181,99.0353,0.0050
151.8869,37.1807,29.8186,99.0353,0.0045
152.2622,37.1811,29.8201,99.0368,0.0042
152.3886,37.1812,29.8204,99.0358,0.0019
152.5178,37.1812,29.8206,99.0372,0.0018
152.6460,37.1813,29.8207,99.0381,0.0011
152.7733,37.1813,29.8208,99.0397,0.0008
153.1921,37.1814,29.8211,99.0391,0.0006
153.3195,37.1814,29.8211,99.0396,0.0003
153.4484,37.1814,29.8211,99.0399,0.0004
153.5763,37.1814,29.8212,99.0398,0.0006
153.7046,37.1815,29.8213,99.0401,0.0004
154.1162,37.1815,29.8214,99.0420,0.0003
154.2448,37.1815,29.8215,99.0422,0.0004
154.3721,37.1815,29.8215,99.0420,0.0003
154.5011,37.1815,29.8215,99.0417,0.0005
154.6279,37.1816,29.8217,99.0421,0.0011
155.0035,37.1818,29.8223,99.0415,0.0018
155.1296,37.1529,29.7120,99.2247,0.9194
155.2560,37.1230,29.5776,99.1423,1.0934
155.3829,37.0951,29.4650,98.8123,0.9171
155.5098,37.0672,29.3403,98.7370,1.0114
155.9261,36.9961,28.8860,98.7992,1.1048
156.0335,36.9735,28.7659,98.9519,1.1467
156.1586,36.9474,28.6126,99.0332,1.2723
156.2840,36.9220,28.4884,99.0207,1.0437
156.4119,36.8996,28.3627,99.1055,1.0109
156.5369,36.8806,28.2502,99.1633,0.9220
156.8702,36.8832,28.2509,99.1953,0.0109
157.0051,36.8846,28.2505,99.2348,0.0121
157.1342,36.8846,28.2508,99.2338,0.0022
157.2610,36.8846,28.2510,99.2345,0.0014
157.3895,36.8846,28.2511,99.2349,0.0005
157.8069,36.8846,28.2511,99.2331,0.0002
157.9343,36.8846,28.2512,99.2325,0.0002
158.0611,36.8846,28.2512,99.2332,0.0002
158.1882,36.8846,28.2512,99.2334,0.0001
158.3156,36.8847,28.2512,99.2329,0.0002
158.7342,36.8846,28.2513,99.2338,0.0001
158.8611,36.8846,28.2513,99.2327,0.0001
158.9884,36.8846,28.2513,99.2338,0.0001
159.1158,36.8847,28.2513,99.2329,0.0002
159.2420,36.8847,28.2513,99.2325,0.0000
159.6600,36.8846,28.2513,99.2327,0.0001
159.7869,36.8846,28.2513,99.2329,0.0001
159.9141,36.8846,28.2513,99.2324,0.0001
160.0403,36.8847,28.2513,99.2325,0.0002
160.1667,36.8847,28.2513,99.2324,0.0001
160.5837,36.8490,28.0662,99.7366,0.4647
160.6995,36.8255,27.9655,99.7058,0.9071
160.8259,36.8104,27.8294,100.1862,1.0877
160.9519,36.8007,27.6774,100.7681,1.2134
161.0758,36.7711,27.5372,100.9037,1.1885
161.1998,36.7580,27.4051,101.3773,1.0983
161.5725,36.7014,26.9756,101.9364,1.1717
161.6896,36.6634,26.8211,101.8529,1.3616
161.8157,36.6156,26.6575,101.8096,1.3520
161.9434,36.6013,26.5266,101.7800,1.0470
162.0695,36.5862,26.3927,101.6769,1.0744
162.1960,36.5409,26.2387,101.8285,1.2693
162.5284,36.4994,25.9343,102.0898,0.9245
162.6535,36.4777,25.8686,102.0255,0.5537
162.7794,36.4808,25.8641,102.1444,0.0532
162.9048,36.4808,25.8641,102.1414,0.0004
163.0312,36.4808,25.8641,102.1405,0.0002
163.4494,36.4808,25.8640,102.1402,0.0001
163.5779,36.4808,25.8640,102.1398,0.0001
163.7064,36.4808,25.8640,102.1396,0.0001
163.8326,36.4808,25.8640,102.1398,0.0000
163.9603,36.4808,25.8640,102.1399,0.0001
164.3786,36.4808,25.8640,102.1400,0.0000
164.5051,36.4808,25.8640,102.1399,0.0000
164.6319,36.4808,25.8640,102.1403,0.0001
164.7588,36.4808,25.8640,102.1400,0.0001
164.8842,36.4808,25.8640,102.1401,0.0000
165.3016,36.4808,25.8640,102.1397,0.0000
165.4274,36.4808,25.8640,102.1397,0.0001
165.5538,36.4808,25.8640,102.1404,0.0001
165.6792,36.4808,25.8640,102.1402,0.0001
165.8058,36.4808,25.8640,102.1400,0.0000
166.2247,36.4370,25.5453,103.0093,0.7816
166.3564,36.3803,25.3805,102.4007,1.3244
166.4821,36.3360,25.2486,102.0345,1.1083
166.6064,36.3143,25.1168,102.1480,1.0813
166.7316,36.2945,24.9772,102.2884,1.1362
166.8569,36.2504,24.8202,102.1833,1.3231
167.1988,36.1555,24.4309,101.9514,1.1728
167.3113,36.1212,24.3254,101.8457,0.9880
167.4374,36.0918,24.1695,101.8533,1.2609
167.5624,36.0630,24.0152,101.8695,1.2558
167.6866,36.0515,23.9667,101.8868,0.4030
167.8115,36.0547,23.9674,101.8656,0.0341
168.1448,36.0545,23.9663,101.8644,0.0035
168.2725,36.0544,23.9660,101.8650,0.0024
168.3992,36.0544,23.9656,101.8645,0.0030
168.5251,36.0543,23.9653,101.8640,0.0021
168.6512,36.0542,23.9651,101.8645,0.0022
169.0687,36.0542,23.9649,101.8642,0.0005
169.1954,36.0542,23.9649,101.8642,0.0001
169.3213,36.0542,23.9649,101.8643,0.0001
169.4481,36.0542,23.9649,101.8638,0.0001
169.5745,36.0542,23.9649,101.8641,0.0002
169.9926,36.0542,23.9649,101.8651,0.0000
170.1293,36.0542,23.9649,101.8658,0.0001
170.2591,36.0542,23.9649,101.8659,0.0000
170.3856,36.0542,23.9649,101.8662,0.0000
170.5120,36.0542,23.9649,101.8663,0.0001
170.9292,36.0542,23.9649,101.8694,0.0001
171.0563,36.0542,23.9650,101.8698,0.0001
171.1839,36.0542,23.9650,101.8692,0.0001
171.3098,36.0313,23.8889,102.0052,0.6333
171.4358,36.0047,23.7159,102.1145,1.3892
171.5644,35.9746,23.5814,102.1351,1.0723
171.8978,35.8955,23.2045,102.1052,1.1554
172.0210,35.8648,23.0824,102.1579,1.0249
172.1467,35.8337,22.9610,102.1219,0.9974
172.2727,35.8153,22.8858,102.1236,0.6145
172.3977,35.8162,22.8862,102.1197,0.0104
172.5240,35.8162,22.8863,102.1195,0.0015
172.8573,35.8163,22.8868,102.1190,0.0014
172.9839,35.8163,22.8869,102.1194,0.0011
173.1110,35.8163,22.8871,102.1189,0.0010
173.2372,35.8164,22.8872,102.1190,0.0012
173.3643,35.8164,22.8873,102.1190,0.0009
173.7824,35.8165,22.8876,102.1189,0.0008
173.9107,35.8165,22.8877,102.1191,0.0007
174.0391,35.8165,22.8878,102.1192,0.0007
174.1665,35.8165,22.8879,102.1190,0.0006
174.2930,35.8165,22.8880,102.1193,0.0005
174.7113,35.8165,22.8881,102.1189,0.0004
174.8394,35.8166,22.8882,102.1190,0.0004
174.9668,35.8166,22.8882,102.1192,0.0004
175.0940,35.8166,22.8883,102.1190,0.0003
175.2234,35.8166,22.8883,102.1189,0.0004
175.6418,35.8166,22.8885,102.1188,0.0003
175.7707,35.8157,22.8920,101.9569,0.0285
175.8966,35.8095,22.8949,101.9769,0.0560
176.0233,35.7688,22.8364,96.8717,0.5621
176.1494,35.7454,22.7863,88.2334,0.4390
176.2738,35.7477,22.7733,85.3205,0.1068
176.6071,35.7497,22.7725,85.1520,0.0093
176.7332,35.7482,22.7733,85.1617,0.0277
176.8574,35.7533,22.7695,85.5099,0.0525
176.9830,35.7639,22.7682,85.3950,0.0850
177.1072,35.7647,22.7673,85.3530,0.0132
177.5230,35.7679,22.7632,85.4812,0.0126
177.6493,35.7695,22.7601,85.5599,0.0277
177.7734,35.7694,22.7602,85.5529,0.0011
177.8983,35.7694,22.7603,85.5531,0.0010
178.0221,35.7694,22.7604,85.5532,0.0008
178.1459,35.7695,22.7605,85.5532,0.0008
178.4793,35.7695,22.7608,85.5529,0.0008
178.6039,35.7695,22.7609,85.5530,0.0008
178.7276,35.7695,22.7610,85.5530,0.0008
178.8537,35.7695,22.7611,85.5535,0.0009
178.9780,35.7695,22.7613,85.5534,0.0010
179.3942,35.7695,22.7616,85.5529,0.0007
179.5186,35.7695,22.7616,85.5529,0.0006
179.6431,35.7695,22.7617,85.5531,0.0005
179.7679,35.7695,22.7617,85.5526,0.0004
179.8924,35.7695,22.7618,85.5528,0.0002
180.3080,35.7695,22.7618,85.5536,0.0002
180.4315,35.7678,22.7644,85.5166,0.0247
180.5559,35.7642,22.7746,85.7266,0.0871
180.6830,35.7590,22.7183,82.0742,0.4450
180.8123,35.7587,22.6592,75.6147,0.4574
180.9388,35.7681,22.6421,73.9508,0.1545
181.2721,35.7708,22.6394,73.9326,0.0116
181.3979,35.7731,22.6391,73.9197,0.0181
181.5237,35.7730,22.6395,73.9199,0.0030
181.6530,35.7729,22.6398,73.9196,0.0025
181.7803,35.7728,22.6401,73.9195,0.0026
182.1974,35.7726,22.6411,73.9182,0.0024
182.3237,35.7725,22.6413,73.9182,0.0021
182.4504,35.7724,22.6416,73.9179,0.0021
182.5771,35.7723,22.6419,73.9180,0.0022
182.7052,35.7723,22.6421,73.9190,0.0016
183.1226,35.7721,22.6426,73.9191,0.0012
183.2477,35.7721,22.6427,73.9196,0.0013
183.3737,35.7720,22.6430,73.9188,0.0025
183.5001,35.7719,22.6434,73.9185,0.0029
183.6273,35.7718,22.6437,73.9180,0.0026
184.0436,35.7715,22.6447,73.9159,0.0026
184.1732,35.7714,22.6451,73.9156,0.0028
184.3000,35.7713,22.6454,73.9153,0.0033
184.4265,35.7712,22.6457,73.9151,0.0023
184.5529,35.7929,22.5668,73.8780,0.6486
184.9701,35.9287,22.1066,74.0555,1.1503
185.0886,35.9660,21.9753,74.0002,1.1518
185.2140,36.0003,21.8398,73.8932,1.1154
185.3386,36.0350,21.6860,73.8292,1.2668
185.4637,36.0704,21.5540,73.8612,1.0930
185.5900,36.1178,21.4277,73.7731,1.0689
185.9645,36.2409,21.0195,73.7307,1.1384
186.0786,36.2779,20.8895,73.7103,1.1854
186.2042,36.2904,20.8420,73.5655,0.3906
186.3294,36.2904,20.8422,73.5657,0.0013
186.4541,36.2904,20.8422,73.5657,0.0005
186.5807,36.2904,20.8423,73.5659,0.0005
186.9140,36.2903,20.8424,73.5656,0.0004
187.0397,36.2903,20.8425,73.5659,0.0005
187.1652,36.2903,20.8425,73.5657,0.0004
187.2911,36.2903,20.8426,73.5658,0.0003
187.4209,36.2903,20.8426,73.5658,0.0003
187.8389,36.2903,20.8427,73.5659,0.0003
187.9746,36.2903,20.8428,73.5659,0.0002
188.1016,36.2902,20.8428,73.5657,0.0003
188.2267,36.2902,20.8428,73.5660,0.0002
188.3580,36.2902,20.8428,73.5659,0.0002
188.4948,36.2902,20.8429,73.5659,0.0002
188.8281,36.2902,20.8429,73.5665,0.0002
188.9536,36.2902,20.8429,73.5662,0.0002
189.0796,36.2902,20.8430,73.5662,0.0002
189.2056,36.2902,20.8430,73.5660,0.0002
189.3314,36.2902,20.8430,73.5665,0.0001
189.7506,36.2885,20.8458,73.3947,0.0078
189.8771,36.3300,20.8366,70.9975,0.3359
190.0026,36.3322,20.8044,60.5999,0.2579
190.1279,36.3269,20.8047,52.5583,0.0473
190.2524,36.3268,20.8045,52.3876,0.0019
190.3769,36.3268,20.8045,52.4293,0.0003
190.7103,36.3268,20.8046,52.4846,0.0001
190.8351,36.3268,20.8046,52.4974,0.0001
190.9613,36.3268,20.8046,52.5055,0.0002
191.0858,36.3268,20.8046,52.5107,0.0000
191.2107,36.3269,20.8046,52.5172,0.0005
191.6273,36.3269,20.8046,52.5338,0.0001
191.7514,36.3293,20.8024,52.4583,0.0263
191.8762,36.3301,20.8028,52.4914,0.0073
192.0010,36.3318,20.8000,52.5300,0.0259
192.1262,36.3322,20.7996,52.5088,0.0052
192.5436,36.3346,20.7952,52.4630,0.0119
192.6680,36.3346,20.7953,52.4630,0.0010
192.7937,36.3345,20.7954,52.4628,0.0010
192.9195,36.3344,20.7955,52.4630,0.0013
193.0450,36.3343,20.7956,52.4629,0.0012
193.1711,36.3342,20.7958,52.4630,0.0012
193.5044,36.3339,20.7961,52.4628,0.0015
193.6285,36.3338,20.7963,52.4627,0.0016
193.7550,36.3337,20.7965,52.4626,0.0015
193.8802,36.3335,20.7966,52.4626,0.0019
194.0053,36.3334,20.7968,52.4626,0.0018
194.4222,36.3329,20.7975,52.4628,0.0020
194.5476,36.3327,20.7977,52.4625,0.0020
194.6718,36.3326,20.7979,52.4625,0.0022
194.7969,36.3324,20.7982,52.4621,0.0027
194.9221,36.3322,20.7984,52.4621,0.0024
195.3397,36.3315,20.7993,52.4604,0.0028
195.4685,36.3976,20.7140,52.5331,0.8379
195.5932,36.4786,20.6047,52.5874,1.0914
195.7181,36.5696,20.4796,52.6448,1.2390
195.8428,36.6499,20.3774,52.4998,1.0426
195.9669,36.7364,20.2686,52.4581,1.1201
196.3002,36.9742,19.9651,52.4081,1.1565
196.4144,37.0421,19.8753,52.4248,0.9864
196.5420,37.1372,19.7437,52.4337,1.2726
196.6676,37.2053,19.6360,52.4326,1.0148
196.7937,37.2135,19.6183,52.3645,0.1576
196.9198,37.2149,19.6191,52.3677,0.0171
197.2531,37.2170,19.6158,52.3681,0.0121
197.3783,37.2180,19.6140,52.3684,0.0164
197.5054,37.2188,19.6126,52.3689,0.0134
197.6318,37.2197,19.6114,52.3707,0.0116
197.7589,37.2197,19.6110,52.3719,0.0038
198.1764,37.2202,19.6101,52.3760,0.0024
198.3068,37.2204,19.6098,52.3761,0.0027
198.4339,37.2205,19.6095,52.3764,0.0028
198.5612,37.2207,19.6091,52.3761,0.0030
198.6875,37.2209,19.6089,52.3781,0.0026
199.1068,37.2215,19.6079,52.3804,0.0027
199.2334,37.2217,19.6075,52.3805,0.0032
199.3608,37.2219,19.6071,52.3820,0.0038
199.4870,37.2222,19.6067,52.3818,0.0038
199.6155,37.2224,19.6062,52.3832,0.0045
199.7429,37.2227,19.6057,52.3846,0.0049
200.0762,37.2234,19.6046,52.3865,0.0039
200.2029,37.2376,19.6150,49.5680,0.1393
200.3294,37.2358,19.6127,48.3485,0.0240
200.4574,37.2384,19.5982,36.0740,0.1151
200.5850,37.2369,19.5985,23.4091,0.0253
201.0033,37.1959,19.5732,19.7533,0.1159
201.1291,37.1977,19.5748,20.0333,0.0237
201.2548,37.1941,19.5813,19.7998,0.0594
201.3807,37.1918,19.5948,20.7413,0.1089
201.5070,37.1962,19.5976,20.8416,0.0542
201.9244,37.1930,19.5973,20.8279,0.0079
202.0514,37.1901,19.5973,20.7967,0.0225
202.1784,37.1893,19.5975,20.7945,0.0066
202.3044,37.1887,19.5977,20.7939,0.0051
202.4316,37.1881,19.5979,20.7915,0.0050
202.8492,37.1863,19.5984,20.7900,0.0047
202.9863,37.1857,19.5986,20.7891,0.0042
203.1127,37.1853,19.5987,20.7869,0.0034
203.2384,37.1847,19.5989,20.7899,0.0048
203.3652,37.1841,19.5991,20.7865,0.0051
203.7822,37.1827,19.5995,20.7943,0.0036
203.9098,37.1826,19.5995,20.7946,0.0013
204.0355,37.1825,19.5995,20.7969,0.0004
204.1621,37.1826,19.5995,20.7980,0.0003
204.2875,37.1825,19.5995,20.7982,0.0001
204.7046,37.1825,19.5995,20.7982,0.0001
204.8303,37.2587,19.5818,20.7795,0.6349
204.9571,37.4071,19.5429,20.7641,1.2109
205.0831,37.5284,19.4996,20.7792,1.0223
205.2098,37.6423,19.4535,20.8379,0.9688
205.3374,37.7797,19.4034,20.7980,1.1469
205.6708,38.0834,19.2744,21.1007,0.9898
205.7832,38.2039,19.2389,21.1591,1.1205
205.9091,38.3204,19.1990,21.1749,0.9808
206.0341,38.4373,19.1493,21.1520,1.0163
206.1598,38.5177,19.1165,21.1859,0.6907
206.2877,38.5184,19.1163,21.1846,0.0058
206.6210,38.5192,19.1160,21.1847,0.0025
206.7491,38.5194,19.1159,21.1880,0.0020
206.8751,38.5197,19.1158,21.1890,0.0023
207.0006,38.5199,19.1157,21.1893,0.0021
207.1274,38.5201,19.1156,21.1893,0.0021
207.5445,38.5212,19.1151,21.1899,0.0026
207.6732,38.5215,19.1150,21.1900,0.0027
207.8001,38.5218,19.1150,21.1905,0.0027
207.9267,38.5217,19.1150,21.1905,0.0008
208.0538,38.5216,19.1150,21.1906,0.0007
208.4715,38.5215,19.1151,21.1901,0.0004
208.6044,38.5214,19.1151,21.1903,0.0002
208.7328,38.5214,19.1151,21.1902,0.0001
208.8582,38.5214,19.1151,21.1902,0.0001
208.9852,38.5214,19.1151,21.1901,0.0001
209.1109,38.5214,19.1151,21.1902,0.0001
209.4443,38.5214,19.1151,21.1901,0.0000
209.5710,38.5214,19.1151,21.1902,0.0000
209.6987,38.5214,19.1151,21.1903,0.0000
209.8264,38.5214,19.1151,21.1902,0.0000
209.9527,38.5214,19.1151,21.1901,0.0000
210.3707,38.5214,19.1151,21.1901,0.0000
210.4965,38.6421,19.0660,21.5077,1.0356
210.6254,38.7664,19.0187,21.5298,1.0321
210.7521,38.8910,18.9709,21.5253,1.0529
210.8786,39.0388,18.9154,21.4977,1.2489
211.2965,39.4728,18.7429,21.4808,1.1175
211.4039,39.5764,18.7023,21.4717,1.0361
211.5305,39.7000,18.6532,21.4684,1.0508
211.6572,39.8452,18.5955,21.4834,1.2329
211.7836,39.9703,18.5471,21.4841,1.0613
211.9109,40.0953,18.4983,21.4862,1.0543
212.2442,40.4457,18.3590,21.5285,1.1312
212.3488,40.5494,18.3181,21.5342,1.0664
212.4735,40.6396,18.2825,21.5568,0.7779
212.5996,40.6425,18.2815,21.5684,0.0242
212.7256,40.6427,18.2814,21.5687,0.0019
212.8509,40.6429,18.2813,21.5687,0.0020
213.2258,40.6437,18.2809,21.5688,0.0023
213.3502,40.6439,18.2809,21.5698,0.0019
213.4776,40.6442,18.2808,21.5700,0.0024
213.6052,40.6445,18.2807,21.5700,0.0021
213.7312,40.6447,18.2805,21.5701,0.0022
214.1479,40.6457,18.2801,21.5703,0.0025
214.2754,40.6460,18.2800,21.5706,0.0030
214.4011,40.6464,18.2798,21.5721,0.0027
214.5277,40.6467,18.2797,21.5722,0.0029
214.6531,40.6471,18.2795,21.5723,0.0031
215.0696,40.6481,18.2792,21.5731,0.0026
215.1956,40.6483,18.2791,21.5772,0.0018
215.3216,40.6485,18.2790,21.5777,0.0016
215.4472,40.6487,18.2790,21.5778,0.0016
215.5736,40.6489,18.2789,21.5779,0.0015
215.9911,40.6495,18.2787,21.5786,0.0015
216.1180,40.6496,18.2786,21.5788,0.0015
216.2447,40.6498,18.2786,21.5788,0.0012
216.3707,40.6830,18.2659,21.6007,0.2825
216.4977,40.8234,18.2087,21.6028,1.1938
216.9142,41.2385,18.0462,21.6026,1.0703
217.0168,41.3629,17.9968,21.6227,1.3044
217.1420,41.4866,17.9471,21.5914,1.0649
217.2677,41.6112,17.8979,21.5794,1.0663
217.3944,41.7352,17.8485,21.5859,1.0531
217.5207,41.7637,17.8369,21.6076,0.2439
217.8540,41.7637,17.8369,21.6074,0.0001
217.9799,41.7637,17.8369,21.6074,0.0001
218.1047,41.7637,17.8369,21.6074,0.0001
218.2290,41.7636,17.8369,21.6074,0.0001
218.3549,41.7636,17.8369,21.6073,0.0001
218.4802,41.7636,17.8369,21.6073,0.0001
218.8136,41.7636,17.8369,21.6074,0.0001
218.9400,41.7636,17.8369,21.6073,0.0001
219.0661,41.7636,17.8369,21.6073,0.0001
219.1911,41.7636,17.8369,21.6073,0.0001
219.3167,41.7635,17.8369,21.6073,0.0001
219.7330,41.7635,17.8369,21.6074,0.0001
219.8587,41.7635,17.8369,21.6071,0.0002
219.9833,41.7634,17.8369,21.6072,0.0002
220.1094,41.7634,17.8370,21.6074,0.0002
220.2355,41.7634,17.8370,21.6073,0.0002
220.6522,41.7633,17.8370,21.6072,0.0002
220.7767,41.7633,17.8370,21.6072,0.0003
220.9013,41.7632,17.8370,21.6071,0.0003
221.0266,41.7632,17.8370,21.6072,0.0002
221.1520,41.7632,17.8370,21.6074,0.0003
221.5709,41.7630,17.8371,21.6073,0.0003
221.6981,41.8791,17.7884,21.5821,0.9900
221.8236,41.9999,17.7397,21.5912,1.0371
221.9496,42.0862,17.7052,21.6041,0.7379
222.0746,42.0878,17.7045,21.6078,0.0133
222.2000,42.0874,17.7047,21.6079,0.0028
222.5333,42.0867,17.7050,21.6076,0.0025
222.6591,42.0864,17.7051,21.6076,0.0025
222.7835,42.0861,17.7052,21.6075,0.0020
222.9082,42.0859,17.7053,21.6073,0.0019
223.0320,42.0857,17.7053,21.6074,0.0018
223.4485,42.0851,17.7056,21.6072,0.0016
223.5739,42.0849,17.7056,21.6071,0.0013
223.6996,42.0848,17.7057,21.6071,0.0014
223.8246,42.0846,17.7058,21.6071,0.0012
223.9486,42.0845,17.7058,21.6071,0.0011
224.3654,42.0841,17.7060,21.6071,0.0010
224.5036,42.0840,17.7060,21.6071,0.0008
224.6297,42.0839,17.7060,21.6070,0.0008
224.7542,42.0838,17.7061,21.6068,0.0008
224.8787,42.0837,17.7061,21.6068,0.0008
225.0032,42.0837,17.7061,21.6068,0.0007
225.3365,42.0835,17.7062,21.6067,0.0006
225.4616,42.0834,17.7062,21.6067,0.0005
225.5865,42.0834,17.7063,21.6066,0.0005
225.7108,42.0833,17.7063,21.6067,0.0005
225.8353,42.0833,17.7063,21.6067,0.0005
226.2512,42.0831,17.7064,21.6067,0.0004
226.3765,42.1976,17.6542,22.0115,1.0038
226.5008,42.3194,17.6057,22.0153,1.0544
226.6259,42.3876,17.5776,22.0442,0.5899
226.7521,42.3877,17.5776,22.0415,0.0008
227.1686,42.3873,17.5778,22.0415,0.0011
227.2989,42.3872,17.5779,22.0415,0.0010
227.4251,42.3871,17.5779,22.0415,0.0008
227.5505,42.3870,17.5779,22.0413,0.0008
227.6764,42.3869,17.5780,22.0414,0.0008
228.0930,42.3867,17.5781,22.0413,0.0006
228.2198,42.3866,17.5781,22.0412,0.0007
228.3447,42.3865,17.5781,22.0414,0.0005
228.4700,42.3865,17.5782,22.0414,0.0005
228.5960,42.3864,17.5782,22.0412,0.0005
228.7211,42.3864,17.5782,22.0412,0.0004
229.0544,42.3862,17.5783,22.0412,0.0006
229.1804,42.3861,17.5783,22.0413,0.0009
229.3065,42.3860,17.5784,22.0412,0.0008
229.4319,42.3859,17.5784,22.0412,0.0008
229.5575,42.3858,17.5784,22.0412,0.0011
229.9797,42.3853,17.5786,22.0410,0.0011
230.1032,42.3852,17.5787,22.0410,0.0013
230.2280,42.3850,17.5788,22.0409,0.0014
230.3530,42.3848,17.5788,22.0226,0.0020
230.4783,42.3844,17.5789,22.0573,0.0030
230.8949,42.3854,17.5789,22.0895,0.0025
231.0205,42.4016,17.6059,29.0805,0.2515
231.1457,42.3989,17.6057,30.7027,0.0305
231.2702,42.3989,17.6068,30.8037,0.0083
231.3958,42.3983,17.6078,30.8694,0.0094
231.5217,42.3990,17.6064,30.7609,0.0124
231.8551,42.3989,17.6065,30.7555,0.0005
231.9800,42.3987,17.6066,30.7605,0.0017
232.1060,42.3985,17.6068,30.7607,0.0021
232.2328,42.3982,17.6069,30.7606,0.0023
232.3589,42.3979,17.6071,30.7606,0.0029
232.7776,42.3968,17.6078,30.7610,0.0031
232.9038,42.3965,17.6080,30.7610,0.0034
233.0291,42.3961,17.6083,30.7610,0.0038
233.1541,42.3957,17.6085,30.7613,0.0036
233.2796,42.3953,17.6088,30.7614,0.0040
233.4048,42.3948,17.6091,30.7604,0.0040
233.7381,42.3935,17.6099,30.7624,0.0047
233.8633,42.3931,17.6102,30.7631,0.0040
233.9886,42.3927,17.6105,30.7671,0.0039
234.1146,42.3923,17.6107,30.7669,0.0035
234.2409,42.3919,17.6109,30.7669,0.0036
234.6581,42.3912,17.6112,30.7667,0.0017
234.7828,42.3910,17.6113,30.7663,0.0019
234.9087,42.3908,17.6115,30.7661,0.0023
235.0337,42.3906,17.6116,30.7660,0.0022
235.1601,42.3903,17.6117,30.7658,0.0023
235.2854,42.4694,17.5628,30.7719,0.7423
235.6188,42.7926,17.3717,30.7560,1.1262
235.7262,42.8892,17.3158,30.7188,1.0397
235.8522,43.0039,17.2467,30.7101,1.0622
235.9782,43.1323,17.1718,30.7597,1.1804
236.1032,43.1521,17.1651,30.8188,0.1688
236.2289,43.1501,17.1655,30.7894,0.0177
236.5622,43.1480,17.1665,30.7864,0.0072
236.6865,43.1471,17.1668,30.7856,0.0079
236.8114,43.1460,17.1673,30.7851,0.0096
236.9379,43.1447,17.1676,30.7802,0.0108
237.0624,43.1437,17.1680,30.7797,0.0085
237.4785,43.1407,17.1690,30.7798,0.0078
237.6037,43.1398,17.1693,30.7771,0.0082
237.7287,43.1387,17.1696,30.7738,0.0097
237.8549,43.1375,17.1700,30.7720,0.0101
237.9808,43.1360,17.1705,30.7721,0.0129
238.1060,43.1347,17.1709,30.7730,0.0111
238.4394,43.1317,17.1715,30.7669,0.0094
238.5627,43.1307,17.1717,30.7662,0.0092
238.6883,43.1298,17.1720,30.7653,0.0081
238.8142,43.1295,17.1721,30.7643,0.0026
238.9398,43.1295,17.1721,30.7643,0.0003
239.3555,43.1295,17.1721,30.7645,0.0000
239.4807,43.1081,17.2026,27.8709,0.3161
239.6067,43.1261,17.2257,23.6934,0.2327
239.7333,43.1455,17.2309,25.1166,0.1588
239.8583,43.1671,17.2193,37.4189,0.2148
240.2747,43.1811,17.2008,52.6471,0.0561
240.4135,43.1810,17.2007,52.6905,0.0021
240.5410,43.1810,17.2007,52.6040,0.0004
240.6711,43.1810,17.2008,52.5489,0.0004
240.7992,43.1810,17.2008,52.5030,0.0002
241.2179,43.1720,17.1661,78.5691,0.0979
241.3233,43.1680,17.1645,80.5706,0.0468
241.4526,43.1681,17.1647,80.5468,0.0019
241.5813,43.1681,17.1647,80.5258,0.0002
241.7105,43.1681,17.1648,80.5150,0.0002
241.8396,43.1681,17.1648,80.5063,0.0003
242.2177,43.1681,17.1648,80.4952,0.0001
242.3479,43.1682,17.1649,80.4838,0.0010
242.4770,43.1682,17.1649,80.4711,0.0002
242.6056,43.1682,17.1649,80.4624,0.0001
242.7353,43.1683,17.1649,80.4554,0.0002
243.1550,43.1684,17.1650,80.4318,0.0004
243.2908,43.1684,17.1650,80.4279,0.0001
243.4206,43.1684,17.1651,80.4260,0.0007
243.5501,43.1684,17.1651,80.4166,0.0001
243.6813,43.1685,17.1651,80.4104,0.0001
243.8129,43.1684,17.1651,80.4074,0.0000
244.1462,43.1684,17.1651,80.4052,0.0000
244.2773,43.1684,17.1651,80.4051,0.0000
244.4097,43.1673,17.1662,80.2546,0.0121
244.5423,43.1602,17.1704,79.1791,0.0626
244.6723,43.1566,17.1753,78.6283,0.0468
245.0925,43.1572,17.1751,78.6264,0.0017
245.2234,43.1577,17.1747,78.6253,0.0054
245.3531,43.1578,17.1745,78.6254,0.0019
245.4826,43.1578,17.1742,78.6251,0.0024
245.6125,43.1579,17.1739,78.6248,0.0020
246.0320,43.1581,17.1730,78.6248,0.0022
246.1665,43.1582,17.1727,78.6244,0.0025
246.2976,43.1583,17.1724,78.6246,0.0026
246.4279,43.1584,17.1721,78.6244,0.0023
246.5573,43.1585,17.1717,78.6244,0.0028
246.6863,43.1586,17.1714,78.6244,0.0025
247.0196,43.1588,17.1705,78.6265,0.0029
247.1501,43.1589,17.1701,78.6262,0.0033
247.2829,43.1591,17.1696,78.6258,0.0038
247.4144,43.1592,17.1692,78.6257,0.0032
247.5430,43.1593,17.1687,78.6248,0.0038
247.9616,43.1598,17.1670,78.6255,0.0043
248.0961,43.1600,17.1664,78.6254,0.0048
248.2271,43.1601,17.1658,78.6257,0.0043
248.3579,43.1673,17.1449,78.5892,0.1701
248.4892,43.2016,17.0407,78.5625,0.8399
248.6177,43.2310,16.8855,78.5316,1.2291
248.9510,43.3056,16.5454,78.6001,1.0451
249.0546,43.3313,16.4429,78.7879,1.0208
249.1850,43.3586,16.2833,78.7445,1.2429
249.3120,43.3891,16.1741,78.8436,0.8995
249.4395,43.4223,16.0184,78.9109,1.2498
249.5670,43.4480,15.8817,78.8353,1.0905
249.8984,43.5326,15.4959,78.8356,1.1920
250.0096,43.5302,15.4531,78.7812,0.3859
250.1391,43.5313,15.4525,78.7671,0.0564
250.2653,43.5315,15.4523,78.7720,0.0024
250.3924,43.5315,15.4521,78.7734,0.0020
250.5201,43.5316,15.4517,78.7760,0.0029
250.8958,43.5318,15.4505,78.7775,0.0033
251.0218,43.5320,15.4499,78.7805,0.0045
251.1504,43.5320,15.4494,78.7800,0.0041
251.2765,43.5321,15.4493,78.7810,0.0012
251.4037,43.5321,15.4492,78.7786,0.0003
251.8214,43.5320,15.4491,78.7771,0.0005
251.9482,43.5320,15.4491,78.7774,0.0002
252.0763,43.5320,15.4491,78.7776,0.0001
252.2052,43.5320,15.4490,78.7772,0.0001
252.3319,43.5320,15.4490,78.7774,0.0000
252.7495,43.5320,15.4490,78.7774,0.0001
252.8773,43.5320,15.4490,78.7774,0.0001
253.0068,43.5320,15.4490,78.7772,0.0000
253.1331,43.5320,15.4490,78.7771,0.0000
253.2602,43.5320,15.4490,78.7771,0.0000
253.6780,43.5320,15.4490,78.7772,0.0000
253.8051,43.5320,15.4490,78.7773,0.0000
253.9328,43.5320,15.4490,78.7772,0.0000
254.0597,43.5417,15.3603,78.7432,0.7124
254.1873,43.5757,15.2225,78.8503,1.1130
254.6056,43.6727,14.7523,78.5349,1.1482
254.7216,43.6814,14.7169,78.6254,0.3150
254.8489,43.6808,14.7172,78.6213,0.0061
254.9753,43.6807,14.7175,78.6226,0.0026
255.1020,43.6806,14.7178,78.6236,0.0018
255.2292,43.6806,14.7180,78.6220,0.0017
255.5625,43.6804,14.7186,78.6239,0.0021
255.6883,43.6804,14.7189,78.6230,0.0022
255.8136,43.6803,14.7192,78.6249,0.0026
255.9398,43.6801,14.7197,78.6257,0.0037
256.0653,43.6800,14.7201,78.6280,0.0035
256.4826,43.6798,14.7209,78.6276,0.0020
256.6095,43.6798,14.7210,78.6269,0.0006
256.7353,43.6798,14.7210,78.6294,0.0005
256.8618,43.6798,14.7210,78.6296,0.0001
256.9883,43.6798,14.7210,78.6289,0.0001
257.3635,43.6798,14.7210,78.6293,0.0000
257.4904,43.6798,14.7210,78.6273,0.0002
257.6168,43.6798,14.7210,78.6257,0.0000
257.7440,43.6798,14.7210,78.6248,0.0001
257.8703,43.6792,14.7368,78.9779,0.1251
258.2873,43.6735,14.7475,79.4173,0.0296
258.4135,43.6910,14.7578,84.0148,0.1619
258.5401,43.6892,14.7599,85.2856,0.0337
258.6657,43.6890,14.7600,85.2522,0.0013
258.7936,43.6890,14.7600,85.2275,0.0004
259.2105,43.6890,14.7601,85.1833,0.0002
259.3370,43.6890,14.7601,85.1766,0.0001
259.4638,43.6890,14.7601,85.1729,0.0001
259.5898,43.6890,14.7601,85.1700,0.0001
259.7174,43.6890,14.7601,85.1676,0.0000
260.0924,43.6890,14.7601,85.1649,0.0000
260.2185,43.6890,14.7601,85.1651,0.0000
260.3446,43.6890,14.7601,85.1650,0.0000
260.4716,43.6890,14.7601,85.1648,0.0000
260.5991,43.6890,14.7601,85.1642,0.0000
261.0172,43.6890,14.7601,85.1643,0.0000
261.1447,43.6890,14.7601,85.1643,0.0000
261.2709,43.6890,14.7601,85.1642,0.0000
261.3980,43.6890,14.7601,85.1642,0.0000
261.5249,43.6890,14.7601,85.1642,0.0000
261.9427,43.6711,14.7014,122.1231,0.1474
262.0563,43.6689,14.6940,126.8253,0.0892
262.1882,43.6689,14.6945,126.7563,0.0042
262.3214,43.6690,14.6946,126.6960,0.0009
262.4544,43.6689,14.6947,126.6510,0.0007
262.5855,43.6690,14.6948,126.6141,0.0006
262.8998,43.6690,14.6948,126.5658,0.0003
263.0309,43.6690,14.6949,126.5508,0.0003
263.1640,43.6691,14.6949,126.5391,0.0002
263.2982,43.6691,14.6949,126.5264,0.0002
263.4305,43.6691,14.6949,126.5178,0.0002
263.5634,43.6691,14.6949,126.5110,0.0001
263.8532,43.6690,14.6950,126.4756,0.0003
263.9866,43.6691,14.6950,126.4641,0.0002
264.1189,43.6691,14.6950,126.4588,0.0001
264.2515,43.6691,14.6950,126.4561,0.0000
264.3848,43.6691,14.6950,126.4545,0.0000
264.7979,43.6691,14.6950,126.4525,0.0000
264.9274,43.6691,14.6950,126.4527,0.0000
265.0603,43.6691,14.6950,126.4524,0.0001
265.1950,43.6691,14.6950,126.4523,0.0000
265.3285,43.6658,14.6964,126.2232,0.0264
265.7501,43.6629,14.7065,125.5365,0.0254
265.8801,43.6668,14.7080,125.9087,0.0332
266.0149,43.6668,14.7081,125.9152,0.0007
266.1477,43.6668,14.7081,125.9149,0.0006
266.2811,43.6669,14.7082,125.9148,0.0005
266.4148,43.6669,14.7082,125.9148,0.0004
266.7458,43.6670,14.7083,125.9143,0.0004
266.8756,43.5874,14.6013,125.8417,1.0273
267.0103,43.5111,14.4963,125.8555,0.9644
267.1425,43.4281,14.3804,125.8977,1.0787
267.2744,43.3670,14.2918,125.7565,0.8255
267.6968,43.0679,13.8990,125.4819,1.1692
267.8154,42.9954,13.7905,125.4772,1.1010
267.9459,42.9235,13.6857,125.4629,0.9746
268.0771,42.8869,13.6365,125.3712,0.4672
268.2083,42.8873,13.6368,125.3664,0.0031
268.3404,42.8876,13.6371,125.3672,0.0036
268.6695,42.8882,13.6379,125.3666,0.0030
268.8020,42.8884,13.6383,125.3665,0.0033
268.9351,42.8887,13.6386,125.3663,0.0032
269.0686,42.8889,13.6389,125.3670,0.0029
269.2023,42.8892,13.6393,125.3674,0.0036
269.6251,42.8903,13.6405,125.3681,0.0039
269.7569,42.8906,13.6410,125.3689,0.0047
269.8904,42.8910,13.6414,125.3690,0.0042
270.0239,42.8915,13.6420,125.3694,0.0055
270.1562,42.8919,13.6427,125.3703,0.0066
270.5576,42.8932,13.6438,125.3726,0.0041
270.6580,42.8935,13.6441,125.3725,0.0040
270.7902,42.8938,13.6445,125.3722,0.0038
270.9227,42.8942,13.6449,125.3721,0.0046
271.0544,42.8946,13.6453,125.3724,0.0040
271.1881,42.8950,13.6458,125.3725,0.0047
271.5215,42.8961,13.6470,125.3727,0.0051
271.6612,42.8966,13.6476,125.3713,0.0054
271.7943,42.9061,13.6504,124.6583,0.0748
271.9269,42.9183,13.6555,123.4035,0.0996
272.0592,42.9163,13.6540,123.1986,0.0196
272.1929,42.9078,13.6537,122.4421,0.0643
272.5183,42.9059,13.6533,122.3667,0.0059
272.6568,42.8901,13.6430,129.8829,0.1371
272.7949,42.8900,13.6403,131.5688,0.0198
272.9307,42.8901,13.6404,131.4600,0.0010
273.0659,42.8902,13.6405,131.3801,0.0007
273.4822,42.8903,13.6406,131.2569,0.0004
273.6170,42.8903,13.6406,131.2376,0.0002
273.7505,42.8903,13.6406,131.2253,0.0001
273.8824,42.8903,13.6406,131.2151,0.0001
274.0160,42.8903,13.6406,131.2085,0.0001
274.4368,42.8903,13.6406,131.1974,0.0000
274.5769,42.8903,13.6406,131.1956,0.0001
274.7150,42.8903,13.6406,131.1945,0.0000
274.8553,42.8903,13.6406,131.1940,0.0000
274.9919,42.8903,13.6406,131.1938,0.0000
275.4095,42.8903,13.6406,131.1929,0.0000
275.5402,42.8903,13.6406,131.1928,0.0000
275.6755,42.8903,13.6406,131.1928,0.0000
275.8082,42.8903,13.6406,131.1929,0.0000
275.9400,42.8903,13.6406,131.1927,0.0000
276.3615,42.8905,13.6407,131.2102,0.0006
276.4917,42.8961,13.6459,131.4270,0.0583
276.6238,42.8959,13.6477,131.5205,0.0132
276.7560,42.8957,13.6475,131.5045,0.0021
276.8887,42.8958,13.6476,131.5048,0.0009
277.3101,42.8961,13.6478,131.5052,0.0008
277.4418,42.8961,13.6479,131.5053,0.0008
277.5756,42.8962,13.6480,131.5055,0.0010
277.7089,42.8963,13.6481,131.5054,0.0009
277.8426,42.8964,13.6482,131.5055,0.0012
278.2541,42.8969,13.6486,131.5058,0.0015
278.3863,42.8971,13.6488,131.5059,0.0022
278.5193,42.8973,13.6491,131.5060,0.0024
278.6516,42.8975,13.6493,131.5060,0.0023
278.7838,42.8978,13.6496,131.5061,0.0029
279.2057,42.8987,13.6506,131.5059,0.0033
279.3374,42.8766,13.6250,131.4340,0.2567
279.4697,42.8048,13.5297,131.3984,0.9164
279.6019,42.7074,13.4077,131.1594,1.1821
279.7334,42.6218,13.3132,131.2430,0.9693
280.1549,42.3080,12.9893,131.4564,1.0705
280.2766,42.2228,12.8853,131.4831,1.1057
280.4073,42.1317,12.7770,131.7076,1.0840
280.5387,42.0307,12.6699,131.6817,1.1197
280.6682,41.9432,12.5774,131.6807,0.9834
280.7969,41.8685,12.5251,130.0166,0.7571
281.1147,41.7512,12.3968,129.1129,0.6017
281.2507,41.6824,12.3121,129.0093,0.8156
281.3796,41.6281,12.2455,128.4601,0.7001
281.5090,41.5900,12.1740,129.2584,0.6313
281.6372,41.5236,12.1008,129.1124,0.7939
282.0561,41.1852,11.7954,119.7959,1.0915
282.1566,41.0613,11.6893,116.7550,1.6285
282.2856,40.9171,11.6138,112.4852,1.2620
282.4144,40.7874,11.5418,108.7524,1.1524
282.5468,40.6852,11.5148,107.9028,0.7991
282.6780,40.6396,11.5160,109.7083,0.3611
283.0114,40.6868,11.5060,110.1064,0.1450
283.1436,40.6896,11.5038,110.1913,0.0273
283.2775,40.6914,11.5022,110.2094,0.0182
283.4116,40.6940,11.5012,110.2410,0.0206
283.5450,40.6962,11.4996,110.3086,0.0205
283.8783,40.6966,11.4975,110.3567,0.0067
284.0162,40.7004,11.4969,110.4216,0.0278
284.1493,40.7043,11.4960,110.5465,0.0306
284.2828,40.7089,11.4946,110.6466,0.0360
284.4194,40.7133,11.4926,110.7981,0.0356
284.7981,40.7150,11.4896,110.8740,0.0093
284.9312,40.7567,11.5615,109.4710,0.6249
285.0656,40.8728,11.6652,108.5548,1.1687
285.1984,41.0311,11.7664,108.6722,1.4729
285.3304,41.0825,11.8653,109.8649,0.8641
285.6613,41.2053,12.1534,109.0607,0.9469
285.8012,41.2358,12.2692,109.0370,0.8557
285.9309,41.2652,12.3682,109.5250,0.7960
286.0601,41.3123,12.4860,110.1872,0.9842
286.1895,41.3636,12.5645,110.4809,0.7252
286.5439,41.3787,12.5579,110.7807,0.0491
286.6739,41.3831,12.5458,110.9391,0.1056
286.8034,41.3914,12.5292,111.1462,0.1481
286.9326,41.4005,12.5105,111.3330,0.1664
287.0616,41.4112,12.4867,111.4779,0.2090
287.4512,41.4227,12.4683,111.5792,0.0681
287.5798,41.4222,12.4787,111.5682,0.1146
287.7086,41.4211,12.4867,111.5594,0.0906
287.8369,41.4234,12.4844,111.5653,0.0705
287.9652,41.4211,12.4868,111.5699,0.0445
288.3662,41.4222,12.4882,111.5494,0.0072
288.4927,41.4227,12.4886,111.5462,0.0060
288.6211,41.4234,12.4892,111.5473,0.0075
288.7496,41.4239,12.4896,111.5432,0.0055
288.8766,41.4245,12.4900,111.5430,0.0066
289.2746,41.4260,12.4912,111.5471,0.0051
289.4106,41.4267,12.4916,111.5445,0.0068
289.5382,41.4274,12.4921,111.5453,0.0079
289.6654,41.4281,12.4926,111.5446,0.0068
289.7930,41.4287,12.4930,111.5416,0.0070
289.9210,41.4296,12.4934,111.5376,0.0085
290.2544,41.4421,12.4940,111.1621,0.0393
290.3849,41.4722,12.4974,110.1110,0.2351
290.5144,41.4726,12.4897,110.3363,0.0690
290.6436,41.4707,12.4921,110.2981,0.0323
290.7714,41.4707,12.4922,110.2283,0.0011
291.1898,41.4708,12.4922,110.1191,0.0003
291.3184,41.4702,12.4938,116.4476,0.0491
291.4474,41.4702,12.4939,116.4490,0.0007
291.5757,41.4703,12.4938,116.3969,0.0010
291.7057,41.4703,12.4938,116.3610,0.0005
292.1254,41.4704,12.4938,116.2888,0.0003
292.2585,41.4704,12.4938,116.2741,0.0002
292.3895,41.4705,12.4937,116.2647,0.0001
292.5200,41.4705,12.4937,116.2563,0.0001
292.6504,41.4705,12.4937,116.2499,0.0001
292.7808,41.4705,12.4937,116.2453,0.0001
293.1141,41.4705,12.4937,116.2389,0.0000
293.2433,41.4705,12.4937,116.2379,0.0001
293.3728,41.4705,12.4937,116.2372,0.0000
293.5016,41.4705,12.4937,116.2358,0.0000
293.6302,41.4705,12.4937,116.2353,0.0000
294.0489,41.4705,12.4937,116.2322,0.0000
294.1756,41.4705,12.4937,116.2320,0.0000
294.3068,41.4705,12.4937,116.2318,0.0000
294.4356,41.4705,12.4937,116.2319,0.0000
294.5648,41.4705,12.4937,116.2316,0.0000
294.6935,41.4705,12.4937,116.2314,0.0000
295.0269,41.4705,12.4937,116.2314,0.0000
295.1545,41.4689,12.4944,124.5571,0.0359
295.2847,41.4702,12.4960,127.1899,0.0170
295.4146,41.4703,12.4960,127.1904,0.0003
295.5453,41.4703,12.4960,127.1988,0.0001
295.9648,41.4703,12.4961,127.2147,0.0000
296.0981,41.4703,12.4961,127.2189,0.0000
296.2276,41.4703,12.4961,127.2211,0.0000
296.3575,41.4703,12.4961,127.2244,0.0000
296.4871,41.4703,12.4961,127.2262,0.0000
296.6170,41.4703,12.4961,127.2273,0.0000
296.9503,41.4703,12.4961,127.2315,0.0000
297.0812,41.4703,12.4961,127.2337,0.0001
297.2120,41.4703,12.4961,127.2360,0.0000
297.3411,41.4703,12.4961,127.2376,0.0000
297.4708,41.4703,12.4961,127.2387,0.0000
297.8908,41.4703,12.4961,127.2400,0.0000
298.0258,41.4703,12.4961,127.2403,0.0000
298.1567,41.4703,12.4961,127.2409,0.0000
298.2873,41.4703,12.4961,127.2410,0.0000
298.4166,41.4703,12.4961,127.2408,0.0000
298.5452,41.4703,12.4961,127.2408,0.0000
298.8785,41.4702,12.4963,127.4812,0.0007
299.0075,41.4702,12.4963,127.4449,0.0002
299.1399,41.4702,12.4963,127.4158,0.0002
299.2706,41.4702,12.4963,127.3987,0.0001
299.4018,41.4702,12.4963,127.3857,0.0001
299.8213,41.4702,12.4963,127.3670,0.0000
299.9516,41.4702,12.4963,127.3653,0.0000
300.0824,41.4702,12.4963,127.3637,0.0000
300.2115,41.4702,12.4963,127.3626,0.0000
300.3405,41.4702,12.4963,127.3619,0.0000
300.4705,41.4702,12.4963,127.3618,0.0000
300.8038,41.4703,12.4963,127.3609,0.0000
300.9323,41.4702,12.4963,127.3608,0.0000
301.0628,41.4702,12.4963,127.3607,0.0000
301.1924,41.4702,12.4963,127.3606,0.0000
301.3222,41.4702,12.4963,127.3607,0.0000
301.4512,41.4711,12.4963,131.3630,0.0165
301.7846,41.4698,12.4873,164.4053,0.0289
301.9070,41.4704,12.4818,168.5062,0.0738
302.0362,41.4705,12.4817,168.6058,0.0017
302.1655,41.4705,12.4816,168.6851,0.0009
302.2941,41.4706,12.4815,168.7528,0.0011
302.4236,41.4706,12.4814,168.8129,0.0011
302.7230,41.4706,12.4813,168.8817,0.0005
302.8542,41.4705,12.4814,168.9092,0.0012
302.9810,41.4577,12.4719,169.4761,0.1256
303.1093,41.4446,12.4639,169.5531,0.1206
303.2352,41.4436,12.4621,169.5252,0.0164
303.3619,41.4424,12.4617,169.5316,0.0100
303.6953,41.4423,12.4617,169.5312,0.0004
303.8231,41.4419,12.4616,169.5316,0.0028
303.9504,41.4418,12.4616,169.5315,0.0008
304.0775,41.4417,12.4615,169.5315,0.0010
304.2046,41.4416,12.4615,169.5317,0.0009
304.3311,41.4415,12.4615,169.5316,0.0008
304.6644,41.4412,12.4615,169.5317,0.0009
304.7904,41.4411,12.4614,169.5317,0.0008
304.9177,41.4410,12.4614,169.5316,0.0009
305.0461,41.4409,12.4614,169.5316,0.0007
305.1736,41.4408,12.4614,169.5317,0.0007
305.5919,41.4405,12.4613,169.5317,0.0007
305.7271,41.4404,12.4613,169.5316,0.0008
305.8552,41.4403,12.4613,169.5317,0.0007
305.9820,41.4402,12.4613,169.5318,0.0006
306.1095,41.4401,12.4613,169.5317,0.0007
306.2373,41.4400,12.4613,169.5318,0.0007
306.5706,41.4398,12.4612,169.5316,0.0006
306.6959,41.4163,12.4565,169.5488,0.1920
306.8227,41.2950,12.4318,169.5232,0.9766
306.9502,41.1601,12.4108,169.5161,1.0699
307.0757,40.9974,12.3922,169.4525,1.3085
307.4930,40.8979,12.3719,169.4252,0.2436
307.6203,40.8978,12.3719,169.4248,0.0008
307.7475,40.8977,12.3719,169.4248,0.0005
307.8751,40.8976,12.3719,169.4249,0.0007
308.0012,40.8975,12.3719,169.4249,0.0006
308.1273,40.8975,12.3719,169.4250,0.0006
308.4606,40.8972,12.3718,169.4252,0.0009
308.5853,40.8971,12.3718,169.4254,0.0009
308.7126,40.8970,12.3718,169.4255,0.0009
308.8435,40.8968,12.3718,169.4256,0.0009
308.9718,40.8967,12.3717,169.4257,0.0008
309.3900,40.8971,12.3719,169.4247,0.0011
309.5179,40.8975,12.3720,169.4240,0.0029
309.6440,40.8978,12.3720,169.4236,0.0025
309.7702,40.8981,12.3720,169.4235,0.0025
309.8959,40.8985,12.3721,169.4236,0.0030
310.0242,40.8988,12.3721,169.4235,0.0026
310.3575,40.8998,12.3722,169.4232,0.0030
310.4833,40.9002,12.3722,169.4231,0.0028
310.6096,40.9005,12.3723,169.4231,0.0029
310.7381,40.9008,12.3724,169.4232,0.0024
310.8632,40.9008,12.3724,169.4232,0.0003
311.2807,40.9006,12.3724,169.4233,0.0004
311.4128,40.8706,12.3760,166.2888,0.2299
311.5395,40.8188,12.3719,154.9671,0.4112
311.6674,40.8152,12.3720,152.9878,0.0284
311.7942,40.8153,12.3721,153.0268,0.0008
311.9216,40.8153,12.3722,153.0584,0.0006
312.2550,40.8154,12.3722,153.1012,0.0003
312.3822,40.8155,12.3723,153.1306,0.0006
312.5133,40.8155,12.3723,153.1580,0.0005
312.6426,40.8155,12.3723,153.1798,0.0004
312.7708,40.8156,12.3724,153.1922,0.0002
313.1893,40.8141,12.3707,153.3844,0.0053
313.3160,40.7976,12.3574,154.5387,0.1673
313.4497,40.7940,12.3548,154.6625,0.0332
313.5900,40.7924,12.3535,154.6901,0.0151
313.7174,40.7922,12.3534,154.6906,0.0018
313.8448,40.7920,12.3533,154.6905,0.0015
314.1781,40.7916,12.3532,154.6903,0.0013
314.3072,40.7916,12.3530,154.6899,0.0020
314.4348,40.7919,12.3531,154.6898,0.0024
314.5623,40.7922,12.3532,154.6899,0.0024
314.6911,40.7924,12.3534,154.6899,0.0019
315.1090,40.7930,12.3537,154.6899,0.0017
315.2382,40.7932,12.3538,154.6902,0.0015
315.3660,40.7933,12.3539,154.6901,0.0012
315.4937,40.7935,12.3539,154.6902,0.0012
315.6219,40.7936,12.3540,154.6888,0.0015
316.0414,40.7941,12.3542,154.6890,0.0012
316.1696,40.7942,12.3543,154.6891,0.0010
316.2973,40.7943,12.3544,154.6891,0.0010
316.4249,40.7944,12.3544,154.6893,0.0008
316.5546,40.7014,12.3102,154.5931,0.7945
316.6830,40.5508,12.2383,154.5053,1.3056
317.0163,40.1417,12.0431,154.8275,1.3982
317.1201,40.0093,11.9914,155.2760,1.4416
317.2534,39.8611,11.9247,155.4973,1.2689
317.3878,39.6938,11.8530,155.9540,1.4254
317.5243,39.5409,11.7922,156.7125,1.3149
317.9484,39.1574,11.6085,156.6061,1.1626
318.0826,39.0300,11.5461,156.6307,1.2081
318.2211,38.9030,11.4838,156.6250,1.1785
318.3570,38.7737,11.4209,156.6514,1.2156
318.4940,38.6661,11.3673,156.5731,1.0124
318.8273,38.3566,11.2168,156.5906,1.1841
318.9603,38.2822,11.1864,156.4240,0.7042
319.0963,38.2754,11.1838,156.3985,0.0612
319.2341,38.2727,11.1824,156.3987,0.0261
319.6588,38.2620,11.1772,156.4069,0.0329
319.7924,38.2597,11.1759,156.3986,0.0218
319.9289,38.2568,11.1745,156.3984,0.0261
320.0639,38.2538,11.1731,156.3998,0.0276
320.4877,38.2444,11.1686,156.3870,0.0286
320.6207,38.2409,11.1670,156.3813,0.0343
320.7561,38.2373,11.1652,156.3744,0.0362
320.8919,38.2344,11.1640,156.3772,0.0252
321.2711,38.2262,11.1601,156.3693,0.0269
321.4049,38.2229,11.1585,156.3672,0.0311
321.5408,38.2193,11.1570,156.3599,0.0344
321.6776,38.2156,11.1552,156.3385,0.0349
322.0410,38.2061,11.1511,156.3277,0.0327
322.1755,38.2031,11.1498,156.3361,0.0279
322.3113,38.1296,11.1127,156.3173,0.6960
322.4472,38.0011,11.0492,156.3628,1.2116
322.8277,37.6554,10.8788,156.3932,1.1623
322.9612,37.5285,10.8153,156.3596,1.2197
323.0990,37.4042,10.7485,156.0444,1.1412
323.2355,37.2889,10.7038,156.0885,0.9479
323.3717,37.1829,10.6543,156.2031,0.9441
323.6099,36.9792,10.5530,156.1174,1.0375
323.7454,36.9459,10.5377,156.1261,0.2911
323.8788,36.9441,10.5369,156.1285,0.0159
324.0124,36.9425,10.5363,156.1381,0.0137
324.3647,36.9374,10.5342,156.1531,0.0171
324.4991,36.9353,10.5332,156.1568,0.0184
324.6340,36.9337,10.5324,156.1555,0.0142
324.7683,36.9318,10.5314,156.1529,0.0167
325.1310,36.9273,10.5289,156.1389,0.0154
325.2631,36.9255,10.5278,156.1309,0.0168
325.3963,36.9237,10.5267,156.1234,0.0174
325.5288,36.9221,10.5259,156.1173,0.0146
325.9220,36.9169,10.5237,156.1317,0.0154
326.0555,36.9150,10.5229,156.1381,0.0167
326.1905,36.9133,10.5222,156.1401,0.0147
326.3237,36.9112,10.5213,156.1454,0.0185
326.6932,36.9057,10.5185,156.1390,0.0179
326.8263,36.9035,10.5174,156.1363,0.0198
326.9609,36.8722,10.5015,156.1322,0.2796
327.0954,36.7541,10.4448,156.1675,1.0580
327.4531,36.3951,10.2795,156.5177,1.1476
327.5924,36.2578,10.2160,156.3684,1.1189
327.7210,36.1666,10.1729,156.1358,0.7956
327.8499,36.1651,10.1724,156.1203,0.0122
327.9788,36.1645,10.1721,156.1194,0.0057
328.2451,36.1633,10.1715,156.1176,0.0050
328.3736,36.1627,10.1713,156.1169,0.0047
328.5035,36.1621,10.1710,156.1161,0.0053
328.6324,36.1616,10.1707,156.1148,0.0045
328.9991,36.1599,10.1699,156.1091,0.0052
329.1407,36.1589,10.1695,156.1074,0.0072
329.2693,36.1581,10.1692,156.1073,0.0069
329.3979,36.1575,10.1688,156.1048,0.0053
329.5263,36.1572,10.1686,156.1043,0.0033
329.7913,36.1563,10.1682,156.1030,0.0035
329.9206,36.1559,10.1680,156.1024,0.0039
330.0475,36.1555,10.1678,156.1021,0.0034
330.1760,36.1549,10.1675,156.1012,0.0057
330.3054,36.1543,10.1672,156.0987,0.0050
330.6206,36.1532,10.1666,156.0950,0.0039
330.7493,36.1528,10.1664,156.0919,0.0033
330.8778,36.1534,10.1687,156.0245,0.0181
331.0060,36.1587,10.1700,155.7301,0.0426
331.1362,36.1594,10.1659,155.8998,0.0350
331.4418,36.1000,10.1610,163.3679,0.1989
331.5840,36.0930,10.1626,163.6882,0.0508
331.7124,36.0930,10.1627,163.6817,0.0002
331.8397,36.0930,10.1627,163.6773,0.0001
332.2162,36.0930,10.1627,163.6748,0.0000
332.3436,36.0848,10.1868,165.3920,0.2040
332.4696,36.0829,10.1871,165.3947,0.0186
332.5961,36.0807,10.1862,165.3777,0.0183
332.7230,36.0795,10.1858,165.3847,0.0102
333.0366,36.0773,10.1853,165.3843,0.0075
333.1646,36.0763,10.1850,165.3814,0.0079
333.2926,36.0757,10.1848,165.3813,0.0047
333.4185,36.0751,10.1846,165.3804,0.0055
333.5470,36.0745,10.1844,165.3791,0.0047
333.8516,36.0728,10.1839,165.3744,0.0057
333.9784,36.0719,10.1837,165.3731,0.0076
334.1073,36.0711,10.1834,165.3723,0.0065
334.2347,36.0703,10.1832,165.3714,0.0067
334.3606,36.0694,10.1829,165.3704,0.0081
334.6767,36.0671,10.1823,165.3647,0.0077
334.8036,36.0661,10.1820,165.3621,0.0082
334.9301,36.0650,10.1817,165.3614,0.0086
335.0566,36.0638,10.1813,165.3607,0.0103
335.1845,36.0628,10.1810,165.3600,0.0088
335.5066,36.0598,10.1801,165.3545,0.0098
335.6330,36.0586,10.1797,165.3525,0.0108
335.7605,36.0571,10.1793,165.3524,0.0127
335.8877,36.0562,10.1789,165.3489,0.0071
336.0139,35.9829,10.1572,165.2599,0.6145
336.3246,35.6692,10.0643,165.1249,1.0714
336.4658,35.5286,10.0259,165.1804,1.0480
336.5919,35.4200,10.0014,165.2322,0.8914
336.7164,35.4085,9.9989,165.2169,0.0959
336.8406,35.4078,9.9987,165.2162,0.0057
337.1312,35.4061,9.9983,165.2146,0.0058
337.2559,35.4053,9.9981,165.2137,0.0074
337.3814,35.4045,9.9979,165.2130,0.0065
337.5062,35.4035,9.9977,165.2131,0.0078
337.6314,35.4025,9.9975,165.2121,0.0081
337.9678,35.4000,9.9969,165.2162,0.0078
338.0931,35.3994,9.9967,165.2173,0.0049
338.2180,35.3988,9.9966,165.2181,0.0049
338.3435,35.3984,9.9965,165.2187,0.0035
338.4683,35.3980,9.9964,165.2189,0.0032
338.7683,35.3970,9.9960,165.2253,0.0036
338.9043,35.3964,9.9959,165.2295,0.0047
339.0297,35.3959,9.9957,165.2301,0.0043
339.1556,35.3953,9.9955,165.2309,0.0051
339.2803,35.3947,9.9954,165.2259,0.0050
339.6548,35.3929,9.9948,165.2251,0.0051
339.7807,35.3829,9.9905,166.7946,0.0891
339.9053,35.3531,9.9974,174.6548,0.2455
340.0293,35.3458,10.0128,184.8075,0.1382
340.1557,35.3440,10.0151,186.2585,0.0232
340.5305,35.3440,10.0150,186.2330,0.0001
340.6562,35.3440,10.0150,186.2298,0.0001
340.7806,35.3440,10.0150,186.2283,0.0000
340.9059,35.3440,10.0150,186.2268,0.0000
341.0292,35.3440,10.0150,186.2262,0.0001
341.4458,35.3440,10.0150,186.2262,0.0000
341.5723,35.3440,10.0150,186.2262,0.0000
341.6982,35.3440,10.0150,186.2256,0.0000
341.8233,35.3440,10.0150,186.2257,0.0000
341.9477,35.3440,10.0150,186.2257,0.0000
342.3226,35.3440,10.0150,186.2256,0.0000
342.4479,35.3440,10.0150,186.2256,0.0000
342.5724,35.3440,10.0150,186.2257,0.0000
342.6968,35.3440,10.0150,186.2256,0.0000
342.8213,35.3440,10.0150,186.2257,0.0000
343.1962,35.3440,10.0150,186.2256,0.0000
343.3211,35.3445,10.0172,186.0544,0.0182
343.4459,35.3452,10.0180,185.5235,0.0134
343.5707,35.3426,10.0186,185.4485,0.0266
343.6945,35.3402,10.0182,185.4440,0.0195
344.0692,35.3370,10.0179,185.3994,0.0087
344.1944,35.2421,10.0232,185.6679,0.7663
344.3183,35.0769,10.0333,185.6609,1.3610
344.4423,34.9322,10.0429,185.6396,1.1910
344.5675,34.7847,10.0523,185.5630,1.2002
344.9428,34.3636,10.1107,185.6222,1.1402
345.0810,34.3116,10.1673,182.1537,0.6029
345.2054,34.2420,10.2229,180.0510,0.7293
345.3289,34.1467,10.2770,178.9343,0.8873
345.4541,34.0011,10.2996,179.4168,1.1989
345.8188,33.5794,10.2667,179.2724,1.1731
345.9464,33.4434,10.2307,178.7814,1.1306
346.0716,33.3109,10.1973,178.2682,1.1205
346.1961,33.1616,10.2055,178.0239,1.2033
346.3208,33.0285,10.1892,178.0602,1.1045
346.7271,32.5438,10.1303,177.6155,1.2602
346.8626,32.3854,10.0869,176.2977,1.3055
346.9923,32.2619,10.0589,175.2104,1.0151
347.1207,32.1394,10.0383,174.0727,0.9786
347.2480,32.0364,10.0241,173.6527,0.8175
347.6022,31.7447,9.9872,173.3322,0.8392
347.7307,31.6570,9.9507,173.6125,0.7870
347.8533,31.5558,9.9130,174.2366,0.9129
347.9768,31.3780,9.9101,174.7493,1.4611
348.1003,31.2174,9.8996,175.1126,1.3184
348.5153,30.6774,9.8523,175.1580,1.3183
348.6506,30.5343,9.8461,175.3611,1.0661
348.7747,30.4104,9.8278,175.2533,1.0100
348.8974,30.2786,9.7929,174.7941,1.1121
349.0212,30.1648,9.7659,174.3426,0.9530
349.4254,29.9971,9.7405,173.8766,0.4820
349.5635,29.9202,9.7483,172.9899,0.5660
349.6865,29.8475,9.7494,172.3198,0.6040
349.8076,29.7448,9.7364,172.9954,0.8766
349.9290,29.6309,9.6947,177.1033,1.0250
350.3448,29.2456,9.6624,186.0274,0.9380
350.4659,29.0457,9.6928,179.4030,1.6827
350.5896,28.8524,9.7047,176.8446,1.5675
350.7119,28.6946,9.7117,176.1835,1.3419
350.8364,28.4939,9.6918,174.9207,1.8706
351.2535,28.0693,9.5885,165.3248,1.0588
351.3907,28.0152,9.5648,163.4393,0.4563
351.4940,28.0071,9.5542,162.6838,0.1367
351.6155,28.0084,9.5491,162.2668,0.0439
351.7500,28.0131,9.5530,162.5167,0.0466
352.1736,28.0407,9.5992,165.8375,0.1282
352.3088,28.0568,9.6244,167.5632,0.2255
352.4444,28.0668,9.6474,169.1357,0.1888
352.5780,28.0660,9.6572,169.5959,0.0734
352.7110,28.0649,9.6589,169.6491,0.0159
353.0882,28.0632,9.6534,169.3685,0.0156
353.2208,28.0631,9.6529,169.3422,0.0035
353.3559,28.0630,9.6534,169.3646,0.0035
353.4893,28.0629,9.6540,169.3947,0.0047
353.6226,28.0627,9.6545,169.4223,0.0043
353.9996,28.0620,9.6547,169.4364,0.0019
354.1316,28.0618,9.6547,169.4380,0.0016
354.2639,28.0616,9.6548,169.4433,0.0019
354.3973,28.0614,9.6549,169.4499,0.0019
354.5301,28.0612,9.6550,169.4533,0.0014
354.8658,28.0607,9.6551,169.4602,0.0016
354.9975,28.0605,9.6552,169.4662,0.0016
355.1306,27.9908,9.6508,169.7103,0.5291
355.2640,27.8496,9.6433,170.0972,1.0822
355.3976,27.7221,9.6481,170.7983,0.9872
355.7720,27.5619,9.5285,169.0744,0.6694
355.9073,27.4728,9.3443,170.5199,1.7452
356.0321,27.3092,9.2478,170.0779,1.5725
356.1551,27.1354,9.2469,169.5478,1.4242
356.2771,26.9934,9.2192,169.0799,1.1857
356.4022,26.8680,9.1742,168.3605,1.0655
356.6870,26.7542,9.1154,167.6326,0.5273
356.8154,26.7663,9.1048,167.9415,0.1260
356.9385,26.7626,9.1100,167.7394,0.0997
357.0607,26.7599,9.1151,167.6019,0.0913
357.1834,26.7551,9.1213,167.4513,0.1019
357.3060,26.7499,9.1280,167.2139,0.1184
357.5938,26.7435,9.1385,167.0165,0.0895
357.7183,26.7392,9.1449,166.8669,0.1315
357.8439,26.7403,9.1448,166.8658,0.0103
357.9680,26.7406,9.1444,166.8634,0.0053
358.0918,26.7409,9.1440,166.8578,0.0050
358.5075,26.7413,9.1431,166.8502,0.0032
358.6329,26.7416,9.1428,166.8477,0.0046
358.7578,26.7418,9.1424,166.8398,0.0045
358.8815,26.7420,9.1418,166.8527,0.0062
359.0058,26.7422,9.1413,166.8420,0.0061
359.1281,26.7423,9.1407,166.8194,0.0068
359.4615,26.7427,9.1395,166.7902,0.0048
359.5836,26.7430,9.1388,166.7838,0.0086
359.7078,26.7435,9.1382,166.7832,0.0075
359.8322,26.7440,9.1377,166.7744,0.0070
359.9554,26.7446,9.1370,166.7695,0.0092
360.3706,26.7457,9.1355,166.7408,0.0056
360.4951,26.7463,9.1347,166.7296,0.0098
360.6191,26.7467,9.1340,166.7203,0.0086
360.7436,26.7471,9.1333,166.7132,0.0083
360.8678,26.7477,9.1329,166.7139,0.0067
361.2833,26.7485,9.1321,166.6842,0.0037
361.4086,26.8228,9.1399,166.9540,0.5970
361.5322,26.8927,9.1675,167.2996,0.6091
361.6566,26.8958,9.1746,167.4173,0.0761
361.7802,26.8944,9.1732,167.4209,0.0194
362.1959,26.8932,9.1729,167.4211,0.0029
362.3214,26.8928,9.1728,167.4212,0.0032
362.4454,26.8925,9.1727,167.4212,0.0032
362.5697,26.8921,9.1726,167.4212,0.0030
362.6942,26.8917,9.1725,167.4213,0.0029
362.8179,26.8914,9.1724,167.4212,0.0032
363.1512,26.8906,9.1723,167.4259,0.0022
363.2760,26.8905,9.1723,167.4260,0.0014
363.4003,26.8903,9.1722,167.4258,0.0013
363.5246,26.8902,9.1722,167.4258,0.0012
363.6485,26.8900,9.1722,167.4256,0.0012
364.0654,26.8896,9.1721,167.4256,0.0011
364.1891,26.8895,9.1721,167.4253,0.0007
364.3120,26.8894,9.1720,167.4252,0.0007
364.4357,26.8893,9.1720,167.4249,0.0008
364.5622,26.8894,9.1720,167.4276,0.0010
364.6855,26.8897,9.1720,167.4281,0.0029
365.0189,26.8905,9.1722,167.4277,0.0025
365.1447,26.9085,9.1788,169.3052,0.1547
365.2693,26.9106,9.1834,169.3471,0.0437
365.3944,26.9151,9.1897,173.3804,0.0634
365.5183,26.9313,9.1941,187.5174,0.1362
365.9326,26.8818,9.1544,227.4847,0.1575
366.0727,26.8706,9.1549,232.3930,0.0960
366.1959,26.8706,9.1549,232.4024,0.0004
366.3193,26.8706,9.1549,232.3976,0.0001
366.4431,26.8706,9.1549,232.3948,0.0000
366.8578,26.8706,9.1549,232.3914,0.0000
366.9802,26.8456,9.1395,231.0616,0.2407
367.1052,26.8445,9.1390,231.0368,0.0111
367.2282,26.8435,9.1395,231.0287,0.0098
367.3553,26.8429,9.1401,231.0280,0.0067
367.7712,26.8414,9.1418,231.0265,0.0055
367.8946,26.8410,9.1423,231.0267,0.0051
368.0179,26.8405,9.1429,231.0292,0.0060
368.1414,26.8401,9.1433,231.0294,0.0051
368.2646,26.8397,9.1439,231.0300,0.0057
368.3881,26.8391,9.1445,231.0308,0.0067
368.7214,26.8374,9.1465,231.0318,0.0081
368.8454,26.8366,9.1472,231.0401,0.0085
368.9684,26.8363,9.1476,231.0447,0.0041
369.0916,26.8360,9.1480,231.0451,0.0041
369.2167,26.8355,9.1484,231.0456,0.0049
369.6347,26.8342,9.1498,231.0473,0.0046
369.7597,26.8336,9.1504,231.0471,0.0065
369.8884,26.8330,9.1510,231.0482,0.0066
370.0146,26.8325,9.1516,231.0502,0.0066
370.1395,26.8321,9.1519,231.0493,0.0040
370.5627,26.8319,9.1524,231.0560,0.0012
370.6864,26.7703,9.2298,231.1199,0.8004
370.8089,26.7008,9.3074,231.0847,0.8536
370.9313,26.6994,9.3120,231.1507,0.0485
371.0553,26.6987,9.3131,231.1543,0.0106
371.4712,26.6961,9.3163,231.1464,0.0098
371.5782,26.6954,9.3172,231.1440,0.0109
371.7061,26.6951,9.3180,231.1440,0.0067
371.8329,26.6948,9.3184,231.1437,0.0043
371.9601,26.6945,9.3188,231.1429,0.0039
372.0831,26.6943,9.3191,231.1395,0.0026
372.4579,26.6936,9.3199,231.1409,0.0029
372.5815,26.6935,9.3201,231.1402,0.0016
372.7057,26.6934,9.3203,231.1387,0.0015
372.8316,26.6933,9.3204,231.1382,0.0019
372.9553,26.6933,9.3203,231.1362,0.0010
373.3696,26.6943,9.3190,231.1397,0.0040
373.4933,26.6947,9.3186,231.1407,0.0042
373.6159,26.6950,9.3181,231.1419,0.0051
373.7399,26.6954,9.3177,231.1431,0.0043
373.8634,26.6957,9.3173,231.1440,0.0040
374.2791,26.6962,9.3162,231.1451,0.0030
374.4087,26.6960,9.3165,231.1451,0.0024
374.5326,26.6905,9.3192,231.0860,0.0525
374.6569,26.6852,9.3151,230.9107,0.0539
374.7797,26.6728,9.3484,225.9888,0.2895
375.1940,26.5902,9.4313,198.5430,0.2854
375.3361,26.5602,9.4282,195.9162,0.2156
375.4611,26.5602,9.4282,195.9462,0.0005
375.5835,26.5603,9.4282,195.9592,0.0002
375.7050,26.5610,9.4318,195.8553,0.0313
375.8278,26.5586,9.4311,195.6921,0.0260
376.1611,26.5590,9.4318,195.7635,0.0028
376.2842,26.5659,9.4304,195.6534,0.0578
376.4064,26.5657,9.4305,195.6538,0.0023
376.5316,26.5652,9.4307,195.6548,0.0038
376.6553,26.5648,9.4308,195.6558,0.0036
377.0710,26.5638,9.4311,195.6557,0.0024
377.1981,26.5635,9.4312,195.6555,0.0029
377.3211,26.5631,9.4312,195.6555,0.0026
377.4430,26.5628,9.4313,195.6554,0.0027
377.5654,26.5625,9.4314,195.6553,0.0027
377.9808,26.5614,9.4317,195.6551,0.0028
378.1127,26.5610,9.4318,195.6566,0.0028
378.2353,26.5607,9.4319,195.6564,0.0033
378.3577,26.5603,9.4320,195.6563,0.0028
378.4800,26.5600,9.4321,195.6561,0.0029
378.6026,26.5596,9.4322,195.6564,0.0030
378.9359,26.5586,9.4325,195.6566,0.0031
379.0590,26.5205,9.4424,195.6752,0.3212
379.1806,26.3788,9.4834,195.8120,1.2187
379.3034,26.2395,9.5249,195.7711,1.1872
379.4256,26.1057,9.5689,195.9208,1.1600
379.8409,25.7733,9.6641,196.1365,0.8479
379.9794,25.7552,9.6633,195.9983,0.1345
380.1024,25.7633,9.6679,196.1848,0.0840
380.2253,25.7698,9.6713,196.2899,0.0670
380.3487,25.7690,9.6716,196.2823,0.0073
380.7635,25.7657,9.6725,196.2801,0.0085
380.8880,25.7646,9.6728,196.2771,0.0096
381.0113,25.7636,9.6730,196.2789,0.0081
381.1338,25.7630,9.6732,196.2773,0.0060
381.2576,25.7622,9.6733,196.2728,0.0065
381.6721,25.7604,9.6736,196.2656,0.0043
381.8043,25.7599,9.6737,196.2648,0.0042
381.9267,25.7594,9.6737,196.2619,0.0041
382.0493,25.7588,9.6738,196.2610,0.0049
382.1720,25.7582,9.6739,196.2574,0.0053
382.5880,25.4158,9.7699,196.0761,0.8675
382.7234,25.2400,9.8138,195.9334,1.4041
382.8474,25.1084,9.8471,195.8507,1.1663
382.9691,25.0918,9.8531,195.8986,0.1512
383.0909,25.0905,9.8534,195.8966,0.0108
383.5055,25.0880,9.8543,195.8983,0.0065
383.6272,25.0873,9.8545,195.8977,0.0062
383.7500,25.0868,9.8547,195.8974,0.0050
383.8718,25.0863,9.8548,195.9029,0.0038
383.9952,25.0859,9.8550,195.9037,0.0043
384.4103,25.0834,9.8558,195.9028,0.0064
384.5358,25.0823,9.8562,195.9024,0.0094
384.6588,25.0815,9.8565,195.9016,0.0073
384.7822,25.0805,9.8568,195.9042,0.0088
384.9044,25.0796,9.8572,195.9053,0.0085
385.2785,25.0763,9.8582,195.9099,0.0094
385.4041,25.0753,9.8585,195.9134,0.0087
385.5264,25.0744,9.8587,195.9200,0.0082
385.6504,25.0734,9.8590,195.9179,0.0086
385.7729,25.0723,9.8593,195.9196,0.0093
386.1888,25.0691,9.8601,195.9261,0.0081
386.3131,25.0683,9.8602,195.9267,0.0074
386.4358,25.0665,9.8606,195.9315,0.0148
386.5587,25.0627,9.8610,195.8153,0.0311
386.6805,25.0578,9.8631,195.3415,0.0464
387.0547,24.8399,9.8612,177.4090,0.5862
387.1566,24.8287,9.8316,174.1987,0.3383
387.2852,24.8287,9.8316,174.1714,0.0006
387.4137,24.8287,9.8316,174.1669,0.0001
387.5410,24.8250,9.8352,174.1923,0.0407
387.6694,24.8152,9.8426,172.8479,0.0965
388.0027,24.8117,9.8478,172.2249,0.0189
388.1308,24.8000,9.8545,171.2913,0.1051
388.2606,24.7960,9.8520,171.0831,0.0456
388.3912,24.7945,9.8517,171.0764,0.0116
388.5191,24.7929,9.8514,171.0668,0.0132
388.8955,24.7902,9.8509,171.0553,0.0073
389.0237,24.7897,9.8508,171.0536,0.0043
389.1517,24.7891,9.8507,171.0541,0.0045
389.2812,24.7885,9.8505,171.0522,0.0050
389.4105,24.7881,9.8504,171.0508,0.0035
389.7862,24.7867,9.8501,171.0480,0.0037
389.9130,24.7863,9.8501,171.0448,0.0033
390.0414,24.7857,9.8500,171.0429,0.0046
390.1687,24.7852,9.8499,171.0448,0.0042
390.2978,24.6834,9.8326,170.6313,0.8096
390.6651,24.3363,9.8059,168.8298,0.9796
390.7999,24.2023,9.7779,167.3216,1.0292
390.9226,24.0874,9.7352,166.0648,1.0162
391.0462,23.9716,9.6919,165.3656,1.0202
391.1715,23.8588,9.6548,164.8920,0.9522
391.5882,23.4216,9.5597,164.1430,1.0780
391.7269,23.2594,9.5101,164.1780,1.2315
391.8491,23.1287,9.4707,164.0851,1.1188
391.9898,22.9813,9.4160,164.2015,1.1243
392.1049,22.8499,9.3779,164.1254,1.1911
392.4795,22.4188,9.2772,163.9039,1.1883
392.6154,22.3735,9.2733,164.0629,0.3422
392.7392,22.3809,9.2687,163.9038,0.0905
392.8619,22.3827,9.2674,163.8605,0.0251
392.9855,22.3823,9.2673,163.8606,0.0034
393.3598,22.3812,9.2670,163.8605,0.0032
393.4836,22.3808,9.2669,163.8605,0.0027
393.6080,22.3805,9.2668,163.8604,0.0026
393.7333,22.3802,9.2667,163.8605,0.0025
393.8565,22.3799,9.2666,163.8604,0.0028
394.2308,22.3791,9.2664,163.8611,0.0023
394.3593,22.3788,9.2663,163.8602,0.0025
394.4847,22.3785,9.2662,163.8603,0.0023
394.6085,22.3782,9.2662,163.8602,0.0022
394.7329,22.3219,9.2540,163.8156,0.4637
395.1485,21.8839,9.1150,163.8261,1.1092
395.2873,21.8433,9.1033,164.0220,0.3176
395.4113,21.8416,9.1029,164.0219,0.0144
395.5357,21.8398,9.1024,164.0216,0.0148
395.6600,21.8386,9.1021,164.0197,0.0104
396.0351,21.8359,9.1014,164.0224,0.0074
396.1600,21.8352,9.1013,164.0248,0.0058
396.2854,21.8346,9.1011,164.0288,0.0054
396.4091,21.8339,9.1010,164.0315,0.0055
396.5330,21.8333,9.1009,164.0323,0.0056
396.9080,21.8314,9.1005,164.0341,0.0052
397.0319,21.8308,9.1004,164.0391,0.0048
397.1574,21.8300,9.1002,164.0403,0.0068
397.2819,21.8292,9.1001,164.0438,0.0060
397.4063,21.8284,9.0999,164.0431,0.0067
397.7815,21.8259,9.0995,164.0420,0.0070
397.9073,21.8250,9.0994,164.0474,0.0070
398.0313,21.8242,9.0992,164.0477,0.0070
398.1563,21.8233,9.0990,164.0470,0.0073
398.2821,21.8226,9.0989,164.0472,0.0057
398.6567,21.8198,9.0984,164.0418,0.0076
398.7916,21.8192,9.0982,164.0434,0.0047
398.9190,21.7393,9.0865,164.0159,0.6379
399.0430,21.6135,9.0683,164.2941,1.0337
399.1682,21.4848,9.0341,164.4894,1.0783
399.5425,21.0417,8.9443,165.0436,1.2111
399.6460,20.9805,8.9377,165.0563,0.6059
399.7705,20.9835,8.9337,164.9553,0.0526
399.8950,20.9823,8.9334,164.9585,0.0095
400.0214,20.9813,8.9331,164.9598,0.0089
400.1469,20.9802,8.9329,164.9611,0.0091
400.4803,20.9770,8.9320,164.9639,0.0101
400.6060,20.9756,8.9317,164.9658,0.0115
400.7305,20.9743,8.9315,164.9672,0.0106
400.8550,20.9729,8.9312,164.9702,0.0115
400.9811,20.9718,8.9310,164.9749,0.0091
401.3568,20.9690,8.9304,164.9799,0.0078
401.4805,20.9681,8.9301,164.9812,0.0072
401.6057,20.9673,8.9299,164.9809,0.0069
401.7314,20.9664,8.9296,164.9806,0.0071
401.8548,20.9656,8.9294,164.9816,0.0074
402.2295,20.9629,8.9286,164.9830,0.0075
402.3544,20.9620,8.9283,164.9848,0.0076
402.4799,20.9609,8.9280,164.9840,0.0094
402.6050,20.9599,8.9277,164.9833,0.0085
402.7294,20.9581,8.9277,164.9930,0.0150
403.1046,20.9558,8.9278,165.0385,0.0064
403.2287,20.9273,8.9307,168.0291,0.2329
403.3529,20.9266,8.9311,168.1924,0.0069
403.4777,20.9266,8.9311,168.1741,0.0001
403.6021,20.9266,8.9311,168.1622,0.0000
403.9766,20.9266,8.9311,168.1408,0.0000
404.1004,20.9266,8.9311,168.1372,0.0000
404.2240,20.9266,8.9311,168.1348,0.0000
404.3485,20.9266,8.9311,168.1184,0.0002
404.4731,20.9266,8.9311,168.1101,0.0001
404.8483,20.9266,8.9311,168.0916,0.0000
404.9734,20.9266,8.9311,168.0886,0.0000
405.0990,20.9266,8.9311,168.0862,0.0000
405.2239,20.9266,8.9311,168.0847,0.0000
405.3486,20.9266,8.9311,168.0839,0.0000
405.7473,20.9265,8.9313,168.1420,0.0005
405.8701,20.9265,8.9313,168.1646,0.0001
405.9965,20.9265,8.9313,168.1836,0.0001
406.1201,20.9265,8.9313,168.1994,0.0001
406.2448,20.9264,8.9313,168.2305,0.0004
406.6189,20.9275,8.9271,173.8729,0.0124
406.7526,20.9273,8.9269,174.0129,0.0022
406.8767,20.9273,8.9269,173.9847,0.0005
407.0010,20.9273,8.9269,173.9664,0.0000
407.1265,20.9273,8.9269,173.9526,0.0000
407.5015,20.9273,8.9269,173.9302,0.0000
407.6250,20.9273,8.9269,173.9267,0.0000
407.7485,20.9273,8.9269,173.9246,0.0000
407.8729,20.9289,8.9259,175.1317,0.0171
407.9975,20.9227,8.9252,186.8197,0.0554
408.3732,20.9190,8.9267,190.5089,0.0136
408.5029,20.9190,8.9267,190.5260,0.0001
408.6272,20.9190,8.9267,190.5397,0.0001
408.7502,20.9190,8.9267,190.5495,0.0001
408.8737,20.9190,8.9267,190.5567,0.0001
409.2889,20.9190,8.9267,190.5688,0.0000
409.4119,20.9306,8.9361,192.2113,0.1230
409.5346,20.9287,8.9373,192.2683,0.0191
409.6563,20.9257,8.9351,192.3942,0.0322
409.7790,20.9243,8.9353,192.3870,0.0112
410.1527,20.9212,8.9356,192.3853,0.0083
410.2763,20.9202,8.9357,192.3846,0.0082
410.3976,20.9197,8.9360,192.3900,0.0050
410.5203,20.9193,8.9360,192.3904,0.0033
410.6431,20.9189,8.9361,192.3906,0.0033
411.0592,20.9173,8.9364,192.3904,0.0039
411.1828,20.9168,8.9364,192.3914,0.0041
411.3066,20.9163,8.9365,192.3915,0.0042
411.4284,20.9158,8.9366,192.3915,0.0043
411.5516,20.9153,8.9367,192.3915,0.0041
411.9258,20.9136,8.9370,192.3919,0.0045
412.0550,20.9130,8.9371,192.3918,0.0052
412.1776,20.9124,8.9372,192.3920,0.0047
412.3008,20.9117,8.9373,192.3939,0.0054
412.4233,20.9110,8.9374,192.3931,0.0057
412.8386,20.9103,8.9376,192.3901,0.0018
412.9625,20.9100,8.9377,192.3905,0.0023
413.0862,20.8912,8.9426,192.3579,0.1575
413.2092,20.7692,8.9676,192.3713,1.0150
413.3318,20.6395,8.9974,192.3604,1.0878
413.7061,20.2499,9.0923,192.5647,1.0777
413.8067,20.1509,9.1131,192.5871,1.0140
413.9311,20.0916,9.1254,192.6355,0.4938
414.0541,20.0902,9.1257,192.6346,0.0111
414.1774,20.0890,9.1260,192.6351,0.0106
414.5929,20.0858,9.1266,192.6356,0.0078
414.7186,20.0847,9.1268,192.6376,0.0090
414.8419,20.0837,9.1270,192.6391,0.0086
414.9662,20.0826,9.1272,192.6393,0.0089
415.0894,20.0816,9.1274,192.6394,0.0090
415.5047,20.0777,9.1282,192.6421,0.0096
415.6295,20.0766,9.1284,192.6414,0.0097
415.7521,20.0754,9.1284,192.6400,0.0094
415.8759,20.0745,9.1286,192.6392,0.0072
415.9990,20.0739,9.1287,192.6390,0.0057
416.3731,20.0718,9.1291,192.6433,0.0057
416.4975,20.0709,9.1294,192.6414,0.0072
416.6208,20.0705,9.1295,192.6411,0.0032
416.7433,20.0701,9.1296,192.6408,0.0034
416.8666,20.0697,9.1297,192.6407,0.0038
417.2405,20.0682,9.1301,192.6404,0.0040
417.3644,20.0678,9.1302,192.6405,0.0039
417.4874,20.0673,9.1303,192.6405,0.0040
417.6103,20.0669,9.1318,192.7325,0.0130
417.7349,20.0643,9.1341,193.0594,0.0276
418.1497,19.8607,9.1909,214.7895,0.5140
418.2520,19.8132,9.2144,217.8315,0.5238
418.3746,19.8115,9.2154,217.8909,0.0172
418.4990,19.8108,9.2159,217.8912,0.0067
418.6228,19.8103,9.2163,217.8913,0.0056
419.0373,19.8084,9.2177,217.8918,0.0056
419.1600,19.8079,9.2181,217.8925,0.0056
419.2850,19.8073,9.2185,217.8927,0.0056
419.4082,19.8067,9.2190,217.8927,0.0060
419.5333,19.8061,9.2195,217.8932,0.0067
419.9076,19.8045,9.2204,217.8936,0.0048
420.0312,19.8040,9.2207,217.8936,0.0046
420.1536,19.8036,9.2210,217.8935,0.0047
420.2769,19.8030,9.2214,217.8938,0.0057
420.4021,19.8025,9.2217,217.8936,0.0050
420.7770,19.8005,9.2231,217.8897,0.0065
420.9013,19.7998,9.2236,217.8889,0.0072
421.0253,19.7989,9.2242,217.8887,0.0081
421.1490,19.7981,9.2248,217.8881,0.0086
421.2726,19.7972,9.2253,217.8892,0.0086
421.6895,19.7942,9.2272,217.8931,0.0085
421.8153,19.6869,9.3037,217.8240,1.0513
421.9391,19.5723,9.3888,217.8241,1.1560
422.0622,19.4648,9.4743,218.0751,1.1172
422.1863,19.3589,9.5563,218.1864,1.0800
422.5197,19.0370,9.7877,217.1055,1.1971
422.6245,18.9963,9.8127,216.9334,0.4623
422.7519,18.9947,9.8136,216.9383,0.0147
422.8794,18.9934,9.8145,216.9371,0.0124
423.0080,18.9924,9.8152,216.9362,0.0100
423.1356,18.9916,9.8159,216.9382,0.0080
423.4513,18.9902,9.8170,216.9395,0.0057
423.5823,18.9894,9.8177,216.9393,0.0082
423.7162,18.9885,9.8184,216.9397,0.0088
423.8454,18.9877,9.8191,216.9398,0.0082
423.9799,18.9867,9.8199,216.9397,0.0098
424.3484,18.9851,9.8208,216.9347,0.0050
424.4738,18.9848,9.8210,216.9349,0.0028
424.6060,18.9845,9.8212,216.9346,0.0029
424.7298,18.9842,9.8214,216.9345,0.0026
424.8547,18.9840,9.8216,216.9342,0.0026
425.2291,18.9830,9.8222,216.9343,0.0029
425.3575,18.9826,9.8224,216.9340,0.0037
425.4867,18.9823,9.8227,216.9339,0.0032
425.6104,18.9820,9.8229,216.9336,0.0033
425.7353,18.9815,9.8232,216.9333,0.0040
426.1064,18.9804,9.8239,216.9327,0.0037
426.2365,18.9799,9.8242,216.9317,0.0041
426.3614,18.9795,9.8245,216.9310,0.0040
426.4850,18.9790,9.8249,216.9317,0.0054
426.6085,18.9785,9.8252,216.9312,0.0052
426.9830,18.9768,9.8263,216.9349,0.0054
427.1071,18.9763,9.8267,216.9348,0.0052
427.2300,18.9757,9.8270,216.9347,0.0053
427.3542,18.9752,9.8274,216.9345,0.0053
427.4785,18.9744,9.8279,216.9287,0.0072
427.8545,18.9721,9.8294,216.9264,0.0076
427.9879,18.9521,9.8306,221.8162,0.1504
428.1108,18.9253,9.8492,230.4440,0.2651
428.2338,18.9184,9.8507,232.9351,0.0611
428.3582,18.9232,9.8570,233.1566,0.0675
428.7741,18.9249,9.8605,232.7822,0.0099
428.8983,18.9212,9.8636,232.1884,0.0406
429.0218,18.9208,9.8642,232.1891,0.0061
429.1448,18.9204,9.8648,232.1896,0.0062
429.2698,18.9199,9.8655,232.1903,0.0065
429.6457,18.9188,9.8668,232.1907,0.0046
429.7689,18.9187,9.8671,232.1904,0.0023
429.8924,18.9185,9.8673,232.1902,0.0024
430.0154,18.9183,9.8676,232.1901,0.0029
430.1397,18.9180,9.8678,232.1899,0.0026
430.5143,18.9174,9.8686,232.1913,0.0027
430.6368,18.9173,9.8689,232.1926,0.0025
430.7610,18.9173,9.8688,232.1926,0.0002
430.8855,18.9174,9.8688,232.1925,0.0003
431.0097,18.9174,9.8688,232.1925,0.0003
431.3849,18.9175,9.8687,232.1925,0.0003
431.5145,18.9175,9.8686,232.1925,0.0004
431.6381,18.8884,9.9104,232.2635,0.4120
431.7616,18.8163,10.0127,232.1817,1.0138
431.8851,18.7491,10.1089,232.0215,0.9553
432.2596,18.5209,10.3779,233.0367,0.9489
432.3615,18.4892,10.4034,233.4192,0.4035
432.4851,18.4820,10.4040,233.5258,0.0694
432.6077,18.4837,10.4040,233.4901,0.0153
432.7300,18.4836,10.4041,233.4884,0.0013
433.1347,18.4833,10.4046,233.4996,0.0015
433.2588,18.4832,10.4048,233.5002,0.0014
433.3820,18.4831,10.4049,233.5005,0.0011
433.5056,18.4830,10.4050,233.5006,0.0010
433.6288,18.4830,10.4050,233.5006,0.0009
434.0439,18.4828,10.4053,233.5014,0.0007
434.1682,18.4828,10.4054,233.5015,0.0006
434.2930,18.4827,10.4054,233.5016,0.0005
434.4152,18.4827,10.4055,233.5019,0.0006
434.5382,18.4826,10.4055,233.5019,0.0004
434.9123,18.4826,10.4056,233.5021,0.0003
435.0367,18.4826,10.4056,233.5024,0.0003
435.1617,18.4825,10.4057,233.5022,0.0003
435.2839,18.4825,10.4057,233.5023,0.0003
435.4073,18.4825,10.4057,233.5026,0.0002
435.7812,18.4825,10.4058,233.5025,0.0002
435.9127,18.3694,10.4442,235.4470,0.9089
436.0367,18.2798,10.4796,239.2816,0.7807
436.1608,18.2801,10.4707,239.0734,0.0804
436.2837,18.2947,10.4677,238.9116,0.1409
436.6991,18.2942,10.4676,238.7514,0.0029
436.8238,18.2938,10.4685,238.7513,0.0078
436.9471,18.2934,10.4693,238.7499,0.0073
437.0713,18.2930,10.4701,238.7465,0.0070
437.1944,18.2927,10.4708,238.7450,0.0061
437.5693,18.2917,10.4729,238.7355,0.0063
437.6923,18.2913,10.4736,238.7348,0.0067
437.8170,18.2911,10.4739,238.7349,0.0034
437.9402,18.2910,10.4740,238.7349,0.0012
438.0635,18.2909,10.4742,238.7329,0.0017
438.4381,18.2905,10.4749,238.7329,0.0021
438.5615,18.2904,10.4751,238.7331,0.0017
438.6855,18.2903,10.4752,238.7331,0.0015
438.8103,18.2902,10.4754,238.7328,0.0015
438.9339,18.2900,10.4756,238.7329,0.0024
439.3085,18.2897,10.4763,238.7328,0.0019
439.4325,18.2441,10.5644,238.2892,0.8005
439.5571,18.1573,10.7242,237.9792,1.4690
439.6801,18.0788,10.8670,237.9315,1.3266
439.8040,17.9966,11.0096,238.0117,1.3310
440.2223,17.7433,11.4438,238.3476,1.2023
440.3628,17.7179,11.4770,238.0315,0.3021
440.4840,17.7152,11.4637,237.7288,0.1173
440.6055,17.7135,11.4585,237.5943,0.0701
440.7268,17.7104,11.4528,237.4137,0.0652
441.1430,17.7044,11.4471,237.1745,0.0264
441.2656,17.7032,11.4464,237.1354,0.0146
441.3881,17.7026,11.4473,237.1350,0.0094
441.5089,17.7019,11.4482,237.1250,0.0098
441.6304,17.7012,11.4492,237.1237,0.0101
442.0045,17.7001,11.4513,237.1296,0.0062
442.1251,17.6998,11.4517,237.1296,0.0047
442.2456,17.6995,11.4522,237.1292,0.0044
442.3676,17.6993,11.4523,237.1271,0.0020
442.4889,17.6992,11.4525,237.1263,0.0015
442.9028,17.6989,11.4529,237.1207,0.0013
443.0251,17.6987,11.4530,237.1203,0.0015
443.1468,17.6987,11.4531,237.1201,0.0012
443.2686,17.6979,11.4519,237.1241,0.0122
443.3897,17.6936,11.4458,236.8749,0.0617
443.7632,17.6953,11.4389,236.6487,0.0190
443.8858,17.6971,11.4551,237.1364,0.1335
444.0066,17.6972,11.4597,237.1940,0.0425
444.1279,17.6969,11.4604,237.1927,0.0063
444.2495,17.6965,11.4610,237.1929,0.0063
444.6239,17.6953,11.4630,237.1933,0.0063
444.7489,17.6949,11.4636,237.1934,0.0059
444.8707,17.6946,11.4641,237.1898,0.0052
444.9919,17.6941,11.4648,237.1900,0.0066
445.1133,17.6938,11.4654,237.1888,0.0060
445.5292,17.6924,11.4671,237.1858,0.0053
445.6531,17.6922,11.4674,237.1852,0.0026
445.7780,17.6919,11.4677,237.1847,0.0031
445.8998,17.6918,11.4680,237.1843,0.0027
446.0216,17.6916,11.4682,237.1840,0.0027
446.3951,17.6908,11.4693,237.1811,0.0037
446.5171,17.6905,11.4698,237.1803,0.0045
446.6392,17.6901,11.4702,237.1760,0.0042
446.7615,17.6898,11.4707,237.1714,0.0051
446.8825,17.6895,11.4712,237.1708,0.0052
447.2973,17.6875,11.4710,237.2102,0.0049
447.4203,17.6759,11.4952,239.7514,0.2212
447.5401,17.6778,11.4958,240.3252,0.0206
447.6628,17.6729,11.4942,240.0345,0.0434
447.7843,17.6727,11.4983,240.1265,0.0346
448.1579,17.6725,11.4986,240.2476,0.0009
448.2805,17.6677,11.5299,241.7619,0.2586
448.4015,17.6687,11.5335,241.7502,0.0379
448.5239,17.6698,11.5355,241.7027,0.0208
448.6478,17.6695,11.5362,241.7040,0.0061
449.0630,17.6685,11.5385,241.7000,0.0060
449.1878,17.6682,11.5389,241.7005,0.0038
449.3093,17.6680,11.5392,241.7010,0.0033
449.4308,17.6678,11.5395,241.7012,0.0032
449.5535,17.6677,11.5399,241.7038,0.0033
449.9279,17.6670,11.5412,241.7012,0.0038
450.0590,17.6668,11.5417,241.7021,0.0042
450.1802,17.6666,11.5422,241.7010,0.0044
450.3007,17.6663,11.5427,241.7014,0.0047
450.4218,17.6661,11.5432,241.7005,0.0045
450.8366,17.6653,11.5447,241.6996,0.0041
450.9597,17.6587,11.5418,241.6793,0.0586
451.0815,17.6363,11.5589,249.5685,0.2366
451.2022,17.6353,11.5733,260.2435,0.1324
451.3246,17.6451,11.5883,269.1147,0.1461
451.6983,17.6450,11.5896,269.5384,0.0035
451.8230,17.6438,11.5911,269.2988,0.0217
451.9447,17.6449,11.5956,269.3238,0.0377
452.0682,17.6470,11.5998,269.2293,0.0393
452.1907,17.6470,11.6007,269.2342,0.0074
452.5644,17.6472,11.6034,269.2343,0.0071
452.6865,17.6472,11.6043,269.2349,0.0075
452.8088,17.6473,11.6053,269.2343,0.0081
452.9298,17.6473,11.6063,269.2347,0.0086
453.0519,17.6474,11.6072,269.2365,0.0074
453.4653,17.6475,11.6082,269.2385,0.0025
453.5880,17.6475,11.6085,269.2389,0.0020
453.7086,17.6475,11.6087,269.2392,0.0018
453.8296,17.6476,11.6089,269.2396,0.0018
453.9518,17.6476,11.6091,269.2399,0.0016
454.3257,17.6476,11.6097,269.2423,0.0017
454.4497,17.6477,11.6099,269.2426,0.0014
454.5711,17.6477,11.6101,269.2422,0.0015
454.6928,17.6477,11.6102,269.2425,0.0014
454.8145,17.6477,11.6104,269.2427,0.0014
455.1873,17.6477,11.6109,269.2434,0.0012
455.3091,17.6518,11.7131,269.0966,0.8410
455.4332,17.6636,11.8368,269.1822,1.0034
455.5545,17.6768,11.9556,269.1889,0.9874
455.6753,17.6902,12.0941,269.2369,1.1543
456.0878,17.6872,12.5307,269.1629,1.0597
456.2180,17.6852,12.5642,269.2491,0.2594
456.3378,17.6852,12.5644,269.2489,0.0018
456.4572,17.6852,12.5647,269.2490,0.0019
456.5775,17.6852,12.5649,269.2490,0.0019
456.9901,17.6851,12.5657,269.2490,0.0019
457.1101,17.6851,12.5659,269.2495,0.0022
457.2314,17.6851,12.5662,269.2495,0.0024
457.3500,17.6851,12.5665,269.2496,0.0024
457.4706,17.6851,12.5668,269.2494,0.0024
457.8836,17.6851,12.5679,269.2492,0.0027
458.0070,17.6850,12.5681,269.2495,0.0020
458.1268,17.6850,12.5684,269.2451,0.0021
458.2471,17.6850,12.5687,269.2452,0.0023
458.3678,17.6850,12.5690,269.2452,0.0024
458.7403,17.6849,12.5700,269.2456,0.0028
458.8710,17.6849,12.5703,269.2456,0.0026
458.9913,17.6849,12.5707,269.2456,0.0029
459.1115,17.6850,12.5709,269.2457,0.0021
459.2318,17.6850,12.5710,269.2455,0.0005
459.6452,17.6850,12.5712,269.2467,0.0005
459.7664,17.6637,12.6059,264.3098,0.3368
459.8873,17.6528,12.6210,261.0554,0.1566
460.0099,17.6522,12.6193,261.0533,0.0146
460.1333,17.6521,12.6196,261.0530,0.0022
460.5482,17.6520,12.6209,261.0479,0.0032
460.6727,17.6519,12.6214,261.0566,0.0041
460.7949,17.6518,12.6220,261.0566,0.0050
460.9167,17.6518,12.6226,261.0566,0.0045
461.0382,17.6517,12.6231,261.0565,0.0047
461.4534,17.6515,12.6251,261.0567,0.0048
461.5732,17.6515,12.6254,261.0562,0.0020
461.6944,17.6515,12.6255,261.0562,0.0010
461.8161,17.6514,12.6256,261.0563,0.0013
461.9385,17.6514,12.6258,261.0562,0.0012
462.3532,17.6514,12.6263,261.0567,0.0013
462.4745,17.6514,12.6265,261.0568,0.0015
462.5952,17.6514,12.6267,261.0567,0.0018
462.7174,17.6514,12.6269,261.0568,0.0016
462.8389,17.6513,12.6271,261.0568,0.0017
463.2141,17.6512,12.6262,261.0569,0.0026
463.3458,17.6513,12.6256,261.0568,0.0043
463.4668,17.6514,12.6251,261.0568,0.0043
463.5885,17.6515,12.6246,261.0568,0.0044
463.7099,17.6516,12.6240,261.0567,0.0046
464.1243,17.6343,12.7072,258.6952,0.2051
464.2654,17.6325,12.7151,258.5389,0.0569
464.3869,17.6325,12.7151,258.5391,0.0003
464.5085,17.6325,12.7151,258.5392,0.0003
464.6293,17.6325,12.7152,258.5389,0.0003
465.0435,17.6325,12.7153,258.5389,0.0004
465.1684,17.6324,12.7154,258.5391,0.0003
465.2900,17.6324,12.7154,258.5391,0.0004
465.4117,17.6324,12.7155,258.5392,0.0004
465.5337,17.6324,12.7155,258.5391,0.0004
465.9493,17.6324,12.7157,258.5392,0.0005
466.0726,17.6323,12.7158,258.5390,0.0005
466.1937,17.6323,12.7158,258.5392,0.0005
466.3154,17.6323,12.7159,258.5390,0.0006
466.4370,17.6323,12.7159,258.5390,0.0006
466.8106,17.6322,12.7162,258.5390,0.0006
466.9353,17.6322,12.7163,258.5392,0.0008
467.0576,17.6322,12.7164,258.5391,0.0008
467.1795,17.6322,12.7164,258.5391,0.0007
467.3017,17.6322,12.7165,258.5390,0.0005
467.7150,17.6321,12.7168,258.5390,0.0006
467.8373,17.6087,12.8185,258.3836,0.8541
467.9601,17.5817,12.9512,258.3726,1.1029
468.0815,17.5533,13.0825,258.3751,1.1065
468.2030,17.5439,13.1274,258.3127,0.3777
468.6177,17.5438,13.1283,258.3109,0.0021
468.7409,17.5437,13.1285,258.3108,0.0023
468.8625,17.5436,13.1288,258.3107,0.0025
468.9832,17.5436,13.1291,258.3107,0.0025
469.1047,17.5435,13.1294,258.3106,0.0026
469.4785,17.5434,13.1301,258.3104,0.0018
469.6010,17.5434,13.1301,258.3104,0.0001
469.7236,17.5434,13.1301,258.3105,0.0001
469.8445,17.5434,13.1301,258.3105,0.0001
469.9655,17.5434,13.1301,258.3103,0.0001
470.3795,17.5434,13.1300,258.3103,0.0001
470.5035,17.5434,13.1300,258.3103,0.0001
470.6262,17.5434,13.1300,258.3104,0.0002
470.7480,17.5434,13.1300,258.3104,0.0001
470.8773,17.5434,13.1299,258.3105,0.0002
471.3002,17.5434,13.1299,258.3104,0.0002
471.4215,17.5434,13.1298,258.3105,0.0002
471.5443,17.5434,13.1298,258.3104,0.0002
471.6656,17.5434,13.1298,258.3105,0.0002
471.7876,17.5401,13.1342,258.1833,0.0451
472.1613,17.5390,13.1354,258.1865,0.0045
472.2848,17.5439,13.1357,257.8639,0.0397
472.4079,17.5438,13.1361,257.8640,0.0029
472.5305,17.5437,13.1364,257.8638,0.0031
472.6519,17.5436,13.1368,257.8638,0.0033
473.0659,17.5433,13.1384,257.8634,0.0038
473.1879,17.5432,13.1389,257.8633,0.0041
473.3106,17.5431,13.1394,257.8631,0.0043
473.4333,17.5431,13.1398,257.8613,0.0037
473.5548,17.5431,13.1400,257.8622,0.0018
473.9689,17.5429,13.1410,257.8618,0.0023
474.0913,17.5429,13.1413,257.8619,0.0024
474.2128,17.5428,13.1416,257.8617,0.0025
474.3345,17.5428,13.1419,257.8617,0.0027
474.4567,17.5427,13.1423,257.8614,0.0032
474.8303,17.5426,13.1434,257.8566,0.0031
474.9581,17.5423,13.1434,257.8767,0.0022
475.0791,17.5423,13.1433,257.8764,0.0010
475.2010,17.5423,13.1431,257.8763,0.0010
475.3247,17.5423,13.1430,257.8761,0.0008
475.7387,17.5424,13.1428,257.8757,0.0006
475.8607,17.5393,13.1373,257.2974,0.0518
475.9836,17.5393,13.1372,257.2922,0.0010
476.1049,17.5393,13.1372,257.3087,0.0001
476.2271,17.5401,13.1372,257.3125,0.0068
476.6420,17.5408,13.1370,257.3901,0.0017
476.7642,17.5402,13.1372,257.4640,0.0054
476.8860,17.5401,13.1373,257.4641,0.0004
477.0068,17.5401,13.1373,257.4640,0.0004
477.1285,17.5401,13.1374,257.4640,0.0005
477.5025,17.5401,13.1376,257.4640,0.0005
477.6278,17.5401,13.1376,257.4640,0.0005
477.7504,17.5401,13.1377,257.4641,0.0005
477.8728,17.5400,13.1377,257.4640,0.0006
477.9949,17.5400,13.1378,257.4638,0.0006
478.4095,17.5400,13.1381,257.4639,0.0006
478.5304,17.5400,13.1381,257.4640,0.0007
478.6517,17.5399,13.1382,257.4637,0.0008
478.7738,17.5399,13.1383,257.4638,0.0008
478.8945,17.5399,13.1384,257.4638,0.0008
479.3089,17.5398,13.1388,257.4638,0.0009
479.4326,17.5398,13.1389,257.4639,0.0009
479.5555,17.5398,13.1390,257.4637,0.0011
479.6780,17.5398,13.1392,257.4636,0.0011
479.7991,17.5397,13.1393,257.4636,0.0011
480.1729,17.5396,13.1397,257.4636,0.0012
480.2939,17.5244,13.2052,257.4374,0.5553
480.4157,17.4908,13.3574,257.4218,1.2805
480.5378,17.4614,13.4879,257.4113,1.0949
480.6590,17.4323,13.6183,257.3860,1.1028
481.0732,17.3376,14.0359,257.3443,1.0338
481.1735,17.3319,14.0609,257.3390,0.2555
481.2955,17.3319,14.0609,257.3387,0.0001
481.4169,17.3319,14.0608,257.3385,0.0005
481.5428,17.3319,14.0608,257.3387,0.0005
481.6678,17.3319,14.0607,257.3386,0.0005
482.0011,17.3319,14.0605,257.3386,0.0005
482.1240,17.3320,14.0605,257.3388,0.0005
482.2466,17.3320,14.0604,257.3386,0.0006
482.3683,17.3320,14.0603,257.3387,0.0006
482.4896,17.3320,14.0602,257.3386,0.0007
482.9041,17.3321,14.0599,257.3387,0.0008
483.0268,17.3321,14.0598,257.3386,0.0009
483.1490,17.3321,14.0597,257.3385,0.0010
483.2708,17.3321,14.0596,257.3386,0.0010
483.3936,17.3322,14.0595,257.3384,0.0010
483.7673,17.3323,14.0590,257.3386,0.0012
483.8919,17.3323,14.0589,257.3386,0.0012
484.0135,17.3323,14.0587,257.3386,0.0013
484.1346,17.3324,14.0585,257.3385,0.0015
484.2570,17.3324,14.0583,257.3385,0.0018
484.6704,17.3325,14.0576,257.3384,0.0017
484.7933,17.3326,14.0574,257.3383,0.0019
484.9169,17.3326,14.0571,257.3384,0.0023
485.0382,17.3327,14.0569,257.3383,0.0021
485.1606,17.3318,14.0573,257.3342,0.0080
485.5748,17.3314,14.0591,257.3524,0.0046
485.6967,17.3303,14.0592,257.5465,0.0091
485.8193,17.3283,14.0594,257.3998,0.0161
485.9413,17.3279,14.0597,257.3807,0.0037
486.0636,17.3279,14.0595,257.3642,0.0011
486.4788,17.3279,14.0593,257.3633,0.0005
486.6030,17.3279,14.0593,257.3644,0.0007
486.7254,17.3279,14.0594,257.3643,0.0013
486.8477,17.3278,14.0596,257.3643,0.0014
486.9696,17.3278,14.0597,257.3642,0.0014
487.3438,17.3277,14.0603,257.3640,0.0015
487.4660,17.3276,14.0605,257.3637,0.0017
487.5879,17.3275,14.0607,257.3636,0.0017
487.7111,17.3275,14.0609,257.3635,0.0018
487.8344,17.3274,14.0611,257.3635,0.0019
488.2492,17.3272,14.0620,257.3629,0.0022
488.3815,17.3271,14.0624,257.3627,0.0026
488.5053,17.3270,14.0627,257.3626,0.0025
488.6265,17.3269,14.0630,257.3623,0.0027
488.7494,17.3269,14.0629,257.3749,0.0011
489.1640,17.3271,14.0622,257.3756,0.0017
489.2873,17.3257,14.0634,257.4830,0.0149
489.4105,17.3254,14.0644,257.4275,0.0090
489.5324,17.3049,14.1024,252.6941,0.3560
489.6547,17.2664,14.1338,246.7211,0.4077
490.0682,17.2644,14.1363,245.8930,0.0086
490.1913,17.2620,14.1336,245.8162,0.0294
490.3127,17.2619,14.1336,245.8180,0.0003
490.4336,17.2621,14.1333,245.8174,0.0025
490.5560,17.2622,14.1330,245.8175,0.0031
490.9712,17.2627,14.1319,245.8171,0.0030
491.0918,17.2629,14.1315,245.8173,0.0035
491.2131,17.2631,14.1311,245.8170,0.0037
491.3347,17.2633,14.1306,245.8170,0.0039
491.4546,17.2635,14.1302,245.8169,0.0042
491.8683,17.2636,14.1294,245.8191,0.0019
491.9894,17.2637,14.1293,245.8190,0.0010
492.1099,17.2637,14.1292,245.8190,0.0011
492.2309,17.2637,14.1291,245.8188,0.0011
492.3515,17.2638,14.1289,245.8188,0.0012
492.7249,17.2640,14.1284,245.8187,0.0014
492.8550,17.2641,14.1282,245.8186,0.0016
492.9766,17.2641,14.1281,245.8186,0.0016
493.0986,17.2642,14.1279,245.8186,0.0017
493.2195,17.2643,14.1277,245.8183,0.0018
493.6339,17.2646,14.1270,245.8214,0.0018
493.7560,17.2647,14.1267,245.8215,0.0029
493.8767,17.2648,14.1264,245.8214,0.0026
493.9969,17.2315,14.2018,245.7741,0.6856
494.1184,17.1778,14.3216,245.7697,1.0812
494.5327,16.9967,14.7203,245.6819,1.0572
494.6363,16.9396,14.8410,245.7253,1.2894
494.7590,16.8763,14.9619,245.6885,1.1124
494.8805,16.8127,15.0822,245.5632,1.1210
495.0013,16.7498,15.2041,245.4374,1.1371
495.1232,16.6848,15.3445,245.3068,1.2900
495.4565,16.5589,15.7372,246.3772,1.2412
495.5969,16.4996,15.8713,246.4665,1.0451
495.7186,16.4432,15.9721,246.2336,0.9517
495.8395,16.3842,16.0672,245.8362,0.9250
495.9619,16.3322,16.1654,245.6428,0.9107
496.3753,16.1935,16.5929,245.7335,1.0950
496.4789,16.1415,16.6955,245.8777,1.1139
496.6008,16.0740,16.8180,245.9969,1.1473
496.7215,16.0171,16.9386,245.9960,1.1051
496.8437,15.9694,17.0578,246.2085,1.0512
496.9649,15.9281,17.1783,246.5572,1.0522
497.2982,15.7736,17.5168,246.4974,1.1166
497.4015,15.7585,17.5665,246.3694,0.5060
497.5221,15.7548,17.5618,246.3183,0.0666
497.6433,15.7548,17.5614,246.3225,0.0035
497.7639,15.7547,17.5614,246.3228,0.0007
497.8842,15.7547,17.5615,246.3226,0.0007
498.2175,15.7546,17.5618,246.3232,0.0009
498.3376,15.7545,17.5619,246.3233,0.0011
498.4586,15.7544,17.5620,246.3234,0.0011
498.5792,15.7312,17.6071,246.2999,0.4208
498.7007,15.6756,17.7213,246.2585,1.0466
499.0744,15.5082,18.0835,246.2484,1.0678
499.1765,15.4557,18.2036,246.3397,1.2832
499.2994,15.4038,18.3241,246.3931,1.0677
499.4219,15.3510,18.4449,246.4283,1.0767
499.5435,15.2978,18.5672,246.4283,1.0967
499.6668,15.2438,18.6900,246.4138,1.0878
500.0001,15.0833,19.0373,246.3254,1.1481
500.1078,15.0373,19.1408,246.3066,1.0513
500.2305,14.9806,19.2660,246.2047,1.1214
500.3565,14.9144,19.4135,246.1340,1.2828
500.4793,14.8604,19.5405,246.0553,1.1236
500.6001,14.8056,19.6692,245.9772,1.1587
500.9334,14.6561,20.0043,245.7119,1.1009
501.0391,14.5990,20.1212,245.6918,1.2317
