time,x,z,rotY,speed
0.0000,11.4918,20.0428,269.7276,0.0000
0.1331,11.4917,20.0431,269.7278,0.0018
0.4236,11.4917,20.0435,269.7277,0.0014
0.5443,11.4917,20.0436,269.7276,0.0011
0.6655,11.4917,20.0437,269.7275,0.0009
0.7908,11.4917,20.0438,269.7278,0.0009
0.9119,11.4917,20.0440,269.7278,0.0017
1.3258,11.4916,20.0446,269.7280,0.0013
1.4506,11.4917,20.0447,269.7275,0.0016
1.5728,11.4917,20.0445,269.7274,0.0015
1.6951,11.4917,20.0444,269.7274,0.0011
1.8172,11.4917,20.0443,269.7275,0.0010
1.9381,11.4917,20.0441,269.7275,0.0010
2.2490,11.4917,20.0438,269.7274,0.0011
2.3704,11.4917,20.0436,269.7274,0.0013
2.4897,11.4918,20.0435,269.7274,0.0014
2.6102,11.4918,20.0433,269.7273,0.0014
2.7306,11.4916,20.0484,269.7244,0.0427
2.8501,11.4920,20.0701,269.7254,0.1810
3.1864,11.4910,20.1326,269.7010,0.1861
3.3073,11.4898,20.1756,269.6919,0.3557
3.4323,11.4892,20.2416,269.6750,0.5324
3.5533,11.4892,20.3202,269.6670,0.6498
3.6775,11.4887,20.4148,269.6592,0.7619
3.7993,11.4875,20.5307,269.6635,0.9514
3.9266,11.4873,20.6779,269.6561,1.1586
4.0521,11.4856,20.8661,269.6455,1.5010
4.1770,11.4857,21.0516,269.6296,1.4842
4.3104,11.4851,21.2642,269.6124,1.5969
4.4285,11.4823,21.4882,269.6579,1.8979
4.5547,11.4814,21.7458,269.6157,2.0428
4.6772,11.4798,21.9724,269.5818,1.8488
4.7982,11.4787,22.1999,269.5741,1.8801
4.9197,11.4760,22.4288,269.5796,1.8848
5.0397,11.4757,22.6556,269.5718,1.8911
5.1598,11.4738,22.8822,269.5734,1.8858
5.2788,11.4718,23.1104,269.5659,1.9178
5.3977,11.4709,23.3379,269.5650,1.9130
5.5153,11.4694,23.5657,269.5603,1.9370
5.6339,11.4676,23.7927,269.5423,1.9151
5.9452,11.4635,24.3621,269.5780,1.8287
6.0704,11.4627,24.5887,269.5578,1.8108
6.1885,11.4605,24.8164,269.5631,1.9272
6.3061,11.4588,25.0444,269.5601,1.9389
6.4240,11.4579,25.2677,269.5261,1.8950
6.8363,11.4512,26.0650,269.5252,1.9340
6.9683,11.4506,26.2920,269.5334,1.7198
7.0871,11.4491,26.5212,269.5267,1.9282
7.2069,11.4475,26.7498,269.5614,1.9080
7.3245,11.4445,26.9776,269.5518,1.9379
7.6969,11.4404,27.7030,269.5637,1.9478
7.8305,11.4380,27.9345,269.5594,1.7327
7.9497,11.4370,28.1618,269.5298,1.9080
8.0678,11.4360,28.3906,269.5303,1.9372
8.1872,11.4292,28.6117,269.6160,1.8516
8.5997,11.4157,29.4008,269.3788,1.9136
8.7294,11.4077,29.6219,269.5999,1.7123
8.8494,11.4018,29.8427,269.2531,1.8441
8.9698,11.4137,30.0820,269.2048,1.9917
9.0886,11.3914,30.2587,269.8758,1.5229
9.5016,11.4019,31.0577,270.0818,1.9356
9.6315,11.3880,31.3332,270.0504,2.1242
9.7509,11.4304,31.5328,269.7985,1.7098
9.8719,11.4329,31.7553,269.7033,1.8390
9.9932,11.3833,31.9586,269.9752,1.7256
10.3265,11.4385,32.5108,269.3785,1.6699
10.4644,11.4223,32.7716,270.2465,1.8993
10.5856,11.4272,32.9904,270.0847,1.8073
10.7082,11.4721,33.1623,268.4888,1.4670
10.8294,11.4505,33.3799,268.9209,1.8244
11.2030,11.4616,34.0962,268.4560,1.9175
11.3310,11.4488,34.3473,268.8270,1.9640
11.4543,11.4198,34.5669,268.2750,1.7974
11.5749,11.4206,34.7823,267.1204,1.7925
11.6964,11.3759,35.0197,266.1986,2.0084
12.0701,11.2530,35.6624,267.4045,1.7513
12.2008,11.2409,35.9239,267.4908,2.0060
12.3229,11.2732,36.1376,266.6116,1.7724
12.4451,11.2989,36.3915,266.1463,2.1176
12.5674,11.2957,36.6385,265.7794,2.0237
12.9406,11.2696,37.3070,266.8107,1.7952
13.0757,11.2411,37.5351,267.1398,1.7071
13.1974,11.2289,37.7558,267.4471,1.8255
13.3205,11.2190,37.9810,267.6975,1.8322
13.4440,11.1987,38.1933,268.1364,1.7266
13.8178,11.1702,38.9280,268.1445,1.9756
13.9519,11.1660,39.1999,268.1373,2.0264
14.0741,11.1539,39.4507,268.2490,2.0597
14.1959,11.1251,39.7022,268.0774,2.0920
14.3182,11.1613,39.8962,267.3326,1.6619
14.6919,11.3142,40.2926,262.2238,1.2474
14.8177,11.3165,40.3506,262.9981,0.5112
14.9407,11.3185,40.3558,262.7431,0.0602
15.0646,11.3232,40.3618,262.4486,0.0721
15.1877,11.3288,40.3686,262.1581,0.0811
15.5612,11.3505,40.3916,261.4003,0.0873
15.6877,11.3508,40.3944,261.3346,0.0305
15.8129,11.3470,40.3933,261.3818,0.0332
15.9355,11.3419,40.3918,261.4634,0.0462
16.0584,11.3370,40.3907,261.5421,0.0433
16.3918,11.3340,40.3891,261.6316,0.0103
16.5156,11.3346,40.3927,261.5817,0.0394
16.6392,11.3346,40.3961,261.5033,0.0371
16.7623,11.3337,40.3984,261.5001,0.0298
16.8851,11.3317,40.3997,261.5406,0.0274
17.2592,11.3267,40.3977,261.6964,0.0143
17.3810,11.3262,40.4009,261.6619,0.0399
17.5065,11.3255,40.4040,261.6028,0.0378
17.6298,11.3239,40.4068,261.5643,0.0399
17.7531,11.3214,40.4092,261.5739,0.0428
18.0864,11.3174,40.4073,261.6991,0.0135
18.2119,11.3151,40.4102,261.6727,0.0471
18.3351,11.3136,40.4130,261.6286,0.0408
18.4581,11.3115,40.4158,261.5921,0.0457
18.5823,11.3089,40.4185,261.5915,0.0480
18.9138,11.3067,40.4183,261.6700,0.0076
19.0404,11.2921,40.3955,262.9785,0.2590
19.1640,11.2230,40.3197,270.8083,0.8682
19.2882,11.1556,40.2538,277.5832,0.7668
19.4119,11.1528,40.2484,292.3695,0.4484
19.7873,11.2562,40.3844,323.6433,0.5064
19.9109,11.2992,40.4076,335.5714,0.6364
20.0338,11.3176,40.4353,336.2937,0.2768
20.1581,11.3210,40.4551,334.9032,0.1812
20.2810,11.3247,40.4701,333.5710,0.1376
20.6144,11.3223,40.4842,331.3960,0.0573
20.7370,11.3188,40.4795,331.1973,0.0550
20.8596,11.3131,40.4677,331.3232,0.1092
20.9839,11.3056,40.4520,331.7424,0.1418
21.1079,11.3031,40.4414,332.1125,0.0887
21.4413,11.2930,40.4130,332.2132,0.0947
21.5665,11.2900,40.4051,332.0747,0.0709
21.6909,11.2874,40.3977,331.8733,0.0689
21.8147,11.2865,40.3953,331.5703,0.0277
21.9389,11.2857,40.3959,331.1844,0.0281
22.2723,11.2871,40.4093,329.8943,0.0465
22.3960,11.2867,40.4136,329.4874,0.0371
22.5214,11.2878,40.4190,328.9509,0.0444
22.6450,11.2732,40.4051,328.7122,0.1686
22.7687,11.2511,40.3858,328.0680,0.2488
23.1347,11.2403,40.3936,327.0930,0.1087
23.2593,11.2355,40.4114,326.0257,0.2521
23.3827,11.2248,40.4060,326.9483,0.2050
23.5053,11.2257,40.4426,324.9247,0.3190
23.6289,11.2245,40.4755,322.7182,0.2999
23.9538,11.2215,40.5516,316.3201,0.2776
24.0795,11.2224,40.5493,316.4963,0.0229
24.2031,11.2227,40.5490,316.4648,0.0080
24.3272,11.2378,40.5527,316.4875,0.1454
24.4494,11.3010,40.5600,318.1730,0.7434
24.8047,11.6505,40.8119,320.5847,1.2810
24.9404,11.8226,40.9865,321.0297,1.8125
25.0637,11.9964,41.1064,320.6161,1.7192
25.1874,12.1598,41.2257,320.3317,1.6398
25.3115,12.3078,41.3605,320.7515,1.6239
25.6479,12.7174,41.6126,320.2260,1.4308
25.7880,12.9364,41.7551,320.7712,1.8706
25.9104,13.1314,41.9047,324.4125,2.0086
26.0341,13.2839,42.0915,324.4023,1.9605
26.1590,13.4173,42.2003,325.0009,1.4269
26.5176,13.9132,42.4755,324.4227,1.6011
26.6494,14.0814,42.6318,324.1136,1.7480
26.7723,14.2896,42.8155,323.4708,2.2750
26.8956,14.4616,42.9362,322.3177,1.7118
27.0181,14.6363,43.0495,321.8604,1.7051
27.3928,15.1521,43.3989,322.2294,1.6647
27.4978,15.2586,43.4469,321.8155,1.1761
27.6229,15.4038,43.5499,321.4352,1.4239
27.7467,15.5745,43.6878,321.5016,1.7739
27.8697,15.7514,43.8101,321.2400,1.7605
28.2846,16.3141,44.1571,317.8310,1.5995
28.4224,16.4642,44.2845,317.6739,1.4315
28.5465,16.6301,44.4279,318.6016,1.7680
28.6699,16.7806,44.5751,319.2227,1.7120
28.7923,16.9666,44.7029,318.8720,1.8486
29.1538,17.3460,44.9594,318.7690,1.2788
29.2914,17.5357,45.1604,320.2700,2.0203
29.4164,17.6490,45.2702,321.4645,1.2938
29.5503,17.6763,45.2720,320.8864,0.2128
29.6732,17.6748,45.2712,320.8878,0.0147
30.0196,17.6710,45.2697,320.9013,0.0126
30.1426,17.6697,45.2691,320.9068,0.0121
30.2662,17.6684,45.2685,320.9095,0.0121
30.3895,17.6674,45.2682,320.9130,0.0088
30.5130,17.6661,45.2677,320.9215,0.0114
30.8874,17.6632,45.2667,320.9368,0.0088
31.0124,17.6619,45.2663,320.9399,0.0111
31.1348,17.6609,45.2659,320.9427,0.0101
31.2575,17.6597,45.2655,320.9498,0.0111
31.3814,17.6585,45.2651,320.9576,0.0104
31.7551,17.6548,45.2638,320.9672,0.0113
31.8778,17.6535,45.2632,320.9698,0.0126
32.0018,17.6522,45.2627,320.9756,0.0113
32.1250,17.6511,45.2622,320.9789,0.0104
32.2484,17.6501,45.2618,320.9820,0.0095
32.6234,17.6463,45.2602,320.9982,0.0114
32.7485,17.6239,45.2527,319.9522,0.1895
32.8709,17.6078,45.2695,319.3754,0.1903
32.9950,17.6096,45.2686,320.4882,0.0170
33.1173,17.6219,45.2312,329.0455,0.4104
33.4917,17.5902,45.0939,17.1169,0.3913
33.6313,17.6108,45.1453,22.1444,0.4457
33.7549,17.6471,45.1728,21.6113,0.3718
33.8800,17.6754,45.1935,20.9470,0.2836
34.0105,17.6726,45.1944,21.2601,0.0344
34.3860,17.6652,45.1948,21.7969,0.0213
34.5134,17.6363,45.1451,22.1165,0.4522
34.6418,17.6281,45.1376,23.0309,0.0904
34.7682,17.6226,45.1333,23.5930,0.0625
34.8963,17.6235,45.1325,23.6355,0.0208
35.2296,17.6267,45.1316,23.6415,0.0128
35.3566,17.6280,45.1313,23.6652,0.0141
35.4795,17.6294,45.1311,23.6558,0.0132
35.6018,17.6307,45.1308,23.6370,0.0125
35.7250,17.6316,45.1305,23.6664,0.0106
36.0995,17.6353,45.1295,23.6798,0.0142
36.2307,17.6363,45.1293,23.7016,0.0149
36.3540,17.6377,45.1290,23.7012,0.0210
36.4821,17.6393,45.1285,23.6881,0.0165
36.6037,17.6408,45.1281,23.6900,0.0166
36.9726,17.6445,45.1274,23.7585,0.0164
37.0952,17.6454,45.1271,23.7796,0.0173
37.2179,17.6462,45.1272,23.7857,0.0185
37.3420,17.6478,45.1269,23.8111,0.0173
37.4648,17.6490,45.1267,23.8220,0.0144
37.8397,17.6532,45.1260,23.8464,0.0151
37.9631,17.7456,45.0811,24.2358,0.8372
38.0861,17.9199,45.0165,24.7035,1.5139
38.2090,18.1210,44.9470,25.1407,1.7308
38.3338,18.3639,44.8401,25.3249,2.1374
38.6672,18.9330,44.5883,24.2467,1.8734
38.7743,19.0182,44.5505,23.6959,0.8731
38.8979,19.0176,44.5514,23.6981,0.0100
39.0207,19.0168,44.5518,23.6988,0.0068
39.1431,19.0162,44.5521,23.7001,0.0060
39.2647,19.0155,44.5524,23.7012,0.0064
39.5662,19.0134,44.5533,23.7034,0.0076
39.6900,19.0126,44.5536,23.7051,0.0066
39.8119,19.0120,44.5539,23.7036,0.0056
39.9343,19.0115,44.5541,23.7035,0.0041
40.0560,19.0110,44.5543,23.7052,0.0048
40.4302,19.0094,44.5550,23.7063,0.0046
40.5521,19.0087,44.5554,23.7064,0.0063
40.6739,19.0083,44.5557,23.7075,0.0046
40.7959,19.0080,44.5559,23.7080,0.0029
40.9188,19.0076,44.5560,23.7080,0.0031
41.2928,19.0064,44.5567,23.7076,0.0039
41.4138,19.0059,44.5570,23.7077,0.0043
41.5350,19.0054,44.5573,23.7095,0.0049
41.6585,19.0048,44.5575,23.7098,0.0049
41.7800,19.0046,44.5580,23.7661,0.0046
42.1539,19.0052,44.5659,24.7344,0.0211
42.2772,19.0803,44.5388,23.9686,0.6581
42.3995,19.0893,44.5516,24.4071,0.1665
42.5210,19.0830,44.5530,24.0254,0.0528
42.6422,19.0723,44.5490,22.7314,0.0942
43.0162,19.0697,44.5483,22.3205,0.0078
43.1515,19.0522,44.5393,22.2365,0.1636
43.2739,19.0506,44.5481,22.2432,0.0871
43.3956,19.0507,44.5506,22.2376,0.0237
43.5181,19.0510,44.5505,22.2381,0.0029
43.8925,19.0518,44.5501,22.2384,0.0024
44.0241,19.0520,44.5500,22.2382,0.0019
44.1460,19.0522,44.5498,22.2374,0.0022
44.2720,19.0525,44.5497,22.2367,0.0028
44.3951,19.0528,44.5496,22.2370,0.0020
44.8096,19.0532,44.5494,22.2377,0.0011
44.9317,19.0532,44.5493,22.2382,0.0006
45.0549,19.0533,44.5493,22.2382,0.0004
45.1767,19.0533,44.5493,22.2382,0.0003
45.2979,19.0533,44.5493,22.2383,0.0002
45.6718,19.0534,44.5493,22.2386,0.0001
45.7945,19.0534,44.5493,22.2383,0.0000
45.9162,19.0534,44.5493,22.2383,0.0000
46.0387,19.0534,44.5493,22.2383,0.0000
46.1619,19.0540,44.5512,22.4692,0.0164
46.5358,19.0573,44.5540,22.9055,0.0117
46.6603,19.0685,44.5603,24.0862,0.1037
46.7823,19.0735,44.5628,24.7306,0.0464
46.9037,19.0765,44.5514,18.7246,0.1602
47.0260,19.0740,44.5483,2.2937,0.0343
47.4009,19.0703,44.5316,351.1974,0.0551
47.5287,19.0709,44.5328,351.3151,0.0144
47.6507,19.0712,44.5336,351.4480,0.0124
47.7727,19.0723,44.5304,351.6269,0.0375
47.8944,19.0701,44.5216,351.7763,0.0747
48.2692,19.0698,44.5175,351.9643,0.0109
48.3930,19.0714,44.5182,351.9635,0.0151
48.5175,19.0715,44.5184,351.9615,0.0021
48.6393,19.0717,44.5184,351.9619,0.0012
48.7616,19.0718,44.5184,351.9619,0.0012
49.1348,19.0723,44.5184,351.9615,0.0013
49.2583,19.0724,44.5184,351.9617,0.0013
49.3829,19.0726,44.5184,351.9613,0.0012
49.5076,19.0728,44.5185,351.9612,0.0012
49.6296,19.0729,44.5185,351.9615,0.0013
50.0045,19.0734,44.5185,351.9617,0.0013
50.1265,19.0737,44.5184,351.9580,0.0027
50.2496,19.0740,44.5184,351.9576,0.0023
50.3716,19.0743,44.5184,351.9574,0.0025
50.4955,19.0745,44.5184,351.9576,0.0020
50.8692,19.0752,44.5185,351.9551,0.0018
50.9908,19.0755,44.5185,351.9569,0.0024
51.1133,19.2017,44.5301,351.8871,1.0355
51.2344,19.4235,44.5735,351.8924,1.8653
51.3556,19.6138,44.6150,353.6453,1.6091
51.6889,20.1559,44.6347,355.5648,1.6274
51.8172,20.3957,44.6407,355.1422,1.8817
51.9391,20.5170,44.7005,358.2881,1.1498
52.0611,20.6752,44.7416,359.3898,1.3415
52.1847,20.8595,44.7422,358.5086,1.5278
52.5584,21.5354,44.7178,352.6264,1.8354
52.6836,21.8143,44.7669,351.3907,2.2897
52.8055,22.1139,44.7573,352.1265,2.5539
52.9280,22.2919,44.7611,352.7937,1.4660
53.0511,22.4817,44.7756,353.5820,1.5466
53.3845,22.9211,44.8325,355.5735,1.3588
53.5197,23.1463,44.9068,356.8447,1.7551
53.6423,23.3423,44.9138,355.9974,1.6198
53.7649,23.5033,44.9170,356.0365,1.4271
54.1391,24.0112,44.9664,357.3324,1.4244
54.2667,24.1854,44.9837,357.8011,1.5125
54.3919,24.4006,44.9923,357.4709,1.9613
54.5179,24.5827,45.0032,357.3177,1.6721
54.9350,25.2288,45.0465,357.5427,1.7925
55.0604,25.4078,45.0550,357.3793,1.6524
55.1859,25.5917,45.0658,357.3965,1.6865
55.3110,25.8016,45.0777,357.3498,1.9366
55.7281,26.4127,45.1169,357.4225,1.6983
55.8531,26.6246,45.1297,357.4152,1.9563
55.9788,26.8071,45.1428,357.5631,1.6824
56.1036,26.9900,45.1512,357.3803,1.6897
56.4780,27.5704,45.1857,357.3637,1.7907
56.6040,27.7553,45.1970,357.4121,1.7036
56.7272,27.9385,45.2087,357.5027,1.7207
56.8508,28.1534,45.2208,357.4511,2.0078
57.2117,28.6657,45.2534,357.3712,1.6645
57.3371,28.8924,45.2665,357.3585,1.9102
57.4631,29.1494,45.2836,357.3812,2.1145
57.5871,29.3998,45.2932,357.0426,2.1467
57.7073,29.6599,45.2980,356.1922,2.2118
57.9340,30.1525,45.3294,355.5305,2.1784
58.0360,30.3541,45.3370,355.6111,1.9772
58.1578,30.5932,45.3579,355.6772,1.9724
58.2780,30.8111,45.3638,355.7898,1.8127
58.4008,31.0343,45.3768,356.0671,1.8216
58.5214,31.1591,45.3821,353.1189,1.0913
58.6817,31.1650,45.4099,345.8774,0.6325
58.8059,31.2077,45.4673,342.3720,0.6706
58.9309,31.3541,45.5292,341.5831,1.3054
59.0571,31.5244,45.5746,342.1895,1.4095
59.1837,31.7326,45.6492,343.4660,1.7482
59.4664,32.1989,45.7215,330.7984,1.7060
59.6009,32.4388,45.8000,319.2361,1.8787
59.7281,32.6826,45.9308,309.3965,2.2182
59.8489,32.8503,46.0887,307.4940,2.0368
59.9691,32.9316,46.2751,304.6353,1.6920
60.3420,33.1832,47.0714,296.2255,2.2493
60.4726,33.2258,47.1942,290.8607,1.0294
60.5915,33.2826,47.2724,289.3385,1.2246
60.7128,33.3104,47.4372,288.6711,1.3783
60.8341,33.3945,47.6552,288.3358,1.9277
61.2073,33.4433,47.8160,289.6584,0.4518
61.3449,33.4432,47.8157,289.6569,0.0030
61.4644,33.4431,47.8153,289.6573,0.0027
61.5845,33.4429,47.8150,289.6577,0.0029
61.7056,33.4428,47.8147,289.6580,0.0028
62.0796,33.4425,47.8137,289.6598,0.0028
62.2094,33.4424,47.8134,289.6598,0.0025
62.3294,33.4423,47.8131,289.6605,0.0028
62.4495,33.4421,47.8127,289.6607,0.0032
62.5699,33.4420,47.8124,289.6601,0.0027
62.9831,33.4417,47.8115,289.6606,0.0024
63.1062,33.4416,47.8112,289.6589,0.0024
63.2264,33.4415,47.8109,289.6587,0.0032
63.3456,33.4413,47.8105,289.6587,0.0032
63.4662,33.4412,47.8102,289.6579,0.0031
63.8391,33.4408,47.8089,289.6585,0.0035
63.9624,33.4406,47.8085,289.6588,0.0039
64.0840,33.4405,47.8080,289.6592,0.0040
64.2038,33.4389,47.8064,289.5549,0.0187
64.3239,33.4375,47.8020,289.3370,0.0389
64.6975,33.4400,47.8013,289.2418,0.0072
64.8194,33.4393,47.8005,289.3559,0.0091
64.9424,33.4393,47.8004,289.3520,0.0012
65.0635,33.4392,47.8004,289.3422,0.0002
65.1844,33.4392,47.8004,289.3614,0.0002
65.5578,33.4393,47.8004,289.3977,0.0001
65.6798,33.4447,47.8035,300.8805,0.0781
65.7992,33.4546,47.8038,315.0447,0.1125
65.9204,33.4554,47.8038,315.1626,0.0072
66.0394,33.4553,47.8038,315.1140,0.0005
66.4121,33.4553,47.8039,315.0479,0.0001
66.5318,33.4553,47.8038,315.0402,0.0000
66.6515,33.4553,47.8039,315.0356,0.0001
66.7716,33.4553,47.8039,315.0341,0.0001
66.8936,33.4553,47.8039,315.0331,0.0000
67.3066,33.4553,47.8039,315.0327,0.0000
67.4402,33.4553,47.8038,315.0336,0.0001
67.5642,33.4553,47.8039,315.0334,0.0001
67.6883,33.4553,47.8039,315.0334,0.0001
67.8126,33.4553,47.8039,315.0331,0.0001
68.2017,33.4553,47.8039,315.0332,0.0000
68.3252,33.4553,47.8039,315.0340,0.0001
68.4486,33.4553,47.8039,315.0351,0.0000
68.5731,33.4553,47.8039,315.0350,0.0001
68.6991,33.4553,47.8039,315.0349,0.0001
69.0740,33.4553,47.8039,315.0362,0.0000
69.2005,33.4601,47.8007,326.8805,0.1258
69.3245,33.4663,47.7914,345.5414,0.0930
69.4472,33.4661,47.7862,355.2827,0.1144
69.5704,33.4663,47.7858,355.2775,0.0066
69.9864,33.4664,47.7859,355.3127,0.0004
70.1122,33.4664,47.7859,355.3155,0.0000
70.2377,33.4664,47.7859,355.3169,0.0000
70.3617,33.4664,47.7859,355.3184,0.0000
70.4978,33.4664,47.7859,355.3191,0.0001
70.8604,33.4664,47.7859,355.3194,0.0000
70.9830,33.4664,47.7859,355.3196,0.0000
71.1035,33.4664,47.7859,355.3194,0.0000
71.2234,33.4664,47.7859,355.3199,0.0000
71.3433,33.4664,47.7859,355.3203,0.0000
71.7567,33.4664,47.7859,355.3196,0.0000
71.8787,33.4658,47.7807,7.5133,0.0436
71.9988,33.4666,47.7786,8.4086,0.0217
72.1206,33.4666,47.7785,8.3879,0.0011
72.2420,33.4666,47.7785,8.3803,0.0002
72.6159,33.4666,47.7785,8.3762,0.0000
72.7385,33.4585,47.7773,8.1130,0.0678
72.8598,33.4557,47.7784,8.0341,0.0246
72.9813,33.4528,47.7781,8.0739,0.0245
73.1060,33.4529,47.7780,8.0824,0.0008
73.4797,33.4530,47.7780,8.0823,0.0004
73.6031,33.4531,47.7780,8.0824,0.0004
73.7313,33.4532,47.7780,8.0824,0.0006
73.8524,33.4532,47.7780,8.0824,0.0005
73.9734,33.4533,47.7779,8.0824,0.0005
74.3871,33.4534,47.7779,8.0829,0.0004
74.5092,33.4535,47.7779,8.0828,0.0004
74.6317,33.4535,47.7779,8.0825,0.0005
74.7522,33.4536,47.7779,8.0825,0.0004
74.8729,33.4536,47.7779,8.0827,0.0004
75.2469,33.4538,47.7778,8.0827,0.0004
75.3663,33.4538,47.7778,8.0829,0.0004
75.4889,33.4539,47.7778,8.0825,0.0003
75.6091,33.4539,47.7778,8.0826,0.0004
75.7292,33.4540,47.7778,8.0825,0.0004
76.1022,33.4541,47.7778,8.0821,0.0004
76.2237,33.4689,47.7771,9.0529,0.1244
76.3454,33.5006,47.7622,18.7563,0.2945
76.4681,33.5140,47.7520,36.6682,0.1370
76.5875,33.5167,47.7501,54.5982,0.0299
76.9610,33.5175,47.7528,57.5733,0.0113
77.0844,33.5038,47.7385,56.3531,0.1608
77.2076,33.5028,47.7364,56.3639,0.0228
77.3302,33.5015,47.7361,56.4708,0.0111
77.4544,33.5016,47.7364,56.4709,0.0025
77.8551,33.5011,47.7370,56.4707,0.0020
77.9810,33.5009,47.7372,56.4705,0.0019
78.1040,33.5008,47.7374,56.4704,0.0020
78.2265,33.5006,47.7376,56.4701,0.0021
78.3500,33.5004,47.7378,56.4703,0.0023
78.7605,33.4998,47.7385,56.4698,0.0024
78.8901,33.4996,47.7388,56.4697,0.0022
79.0125,33.4995,47.7390,56.4691,0.0025
79.1358,33.4993,47.7392,56.4688,0.0019
79.2587,33.4992,47.7394,56.4690,0.0017
79.6748,33.4989,47.7398,56.4685,0.0013
79.7977,33.4988,47.7398,56.4701,0.0006
79.9217,33.4988,47.7398,56.4701,0.0001
80.0446,33.4988,47.7399,56.4700,0.0002
80.1680,33.4988,47.7399,56.4697,0.0008
80.5827,33.4986,47.7401,56.4698,0.0006
80.7061,33.5761,47.6250,56.6021,1.1283
80.8282,33.6974,47.4445,56.5643,1.7797
80.9509,33.8383,47.2307,56.5361,2.0904
81.0729,33.9625,47.0376,56.4557,1.8824
81.4468,34.3539,46.4722,56.7794,1.8417
81.5664,34.4850,46.2767,56.8302,1.9673
81.6902,34.6221,46.0804,56.7876,1.9356
81.8122,34.7617,45.8579,56.6714,2.1536
81.9354,34.8858,45.6586,56.6439,1.9063
82.0575,35.0271,45.4786,56.6385,1.8759
82.3908,35.3789,44.9369,56.5868,1.9380
82.5090,35.4753,44.7753,56.4435,1.5955
82.6320,35.6221,44.5611,55.9512,2.1118
82.7537,35.7521,44.3580,56.0044,1.9811
82.8747,35.8865,44.1688,56.0427,1.9196
83.2890,36.2697,43.5500,55.8823,1.7567
83.3911,36.4009,43.3759,55.6887,2.1360
83.5151,36.5243,43.1853,55.3605,1.8311
83.6364,36.6600,43.0000,55.4382,1.8953
83.7579,36.7908,42.8155,55.4727,1.8628
83.8796,36.9178,42.6215,55.2815,1.9065
84.2130,37.2611,42.1001,55.3268,1.8737
84.3252,37.3588,41.9648,55.4260,1.4924
84.4467,37.4769,41.7893,55.3261,1.7431
84.5678,37.4967,41.7676,55.3980,0.2429
84.6892,37.4899,41.7688,55.3410,0.0669
85.0826,37.4892,41.7699,55.3435,0.0033
85.2102,37.4891,41.7701,55.3437,0.0018
85.3324,37.4889,41.7703,55.3436,0.0021
85.4550,37.4888,41.7704,55.3435,0.0016
85.5768,37.4887,41.7706,55.3437,0.0014
85.9915,37.4884,41.7710,55.3439,0.0012
86.1126,37.4884,41.7711,55.3442,0.0011
86.2354,37.4883,41.7712,55.3448,0.0008
86.3577,37.4882,41.7713,55.3450,0.0010
86.4795,37.4882,41.7714,55.3450,0.0009
86.8945,37.4880,41.7716,55.3452,0.0008
87.0148,37.4880,41.7717,55.3450,0.0006
87.1371,37.4879,41.7717,55.3452,0.0005
87.2577,37.4879,41.7718,55.3450,0.0005
87.3794,37.4879,41.7718,55.3454,0.0004
87.7528,37.4878,41.7719,55.3450,0.0004
87.8756,37.5357,41.7045,58.5510,0.6867
87.9978,37.5656,41.6370,74.1148,0.6045
88.1218,37.5512,41.6183,89.2271,0.1975
88.2436,37.5410,41.6103,91.6156,0.1209
88.6584,37.5424,41.6097,91.0226,0.0114
88.7806,37.5434,41.6041,90.5255,0.0509
88.9036,37.5430,41.6024,90.5004,0.0137
89.0278,37.5429,41.6011,90.4994,0.0108
89.1508,37.5429,41.6009,90.4998,0.0013
89.5258,37.5429,41.6005,90.5003,0.0013
89.6500,37.5429,41.6003,90.5006,0.0014
89.7728,37.5429,41.6001,90.5012,0.0017
89.8985,37.5429,41.5999,90.5012,0.0014
90.0240,37.5429,41.5997,90.5014,0.0012
90.4398,37.5428,41.5998,90.5023,0.0001
90.5633,37.5428,41.5999,90.5023,0.0008
90.6876,37.5428,41.6000,90.5020,0.0008
90.8114,37.5428,41.6001,90.5018,0.0009
90.9342,37.5428,41.6002,90.5018,0.0007
91.3515,37.5428,41.6005,90.5018,0.0007
91.4756,37.5429,41.6005,90.5012,0.0006
91.5989,37.5428,41.6006,90.5013,0.0006
91.7227,37.5428,41.6007,90.5014,0.0006
91.8461,37.5428,41.6008,90.5012,0.0005
92.2619,37.5428,41.6010,90.5011,0.0005
92.3860,37.5369,41.4855,90.4163,0.9428
92.5106,37.5224,41.2664,90.5092,1.7723
92.6336,37.5263,40.9918,90.6580,2.2322
92.7576,37.5096,40.7566,90.3521,1.9043
93.1735,37.5156,39.9412,90.2421,1.9617
93.2818,37.5063,39.7567,90.3396,1.7082
93.4069,37.5178,39.5257,90.7668,1.8501
93.5299,37.5223,39.2894,90.5709,1.9253
93.6530,37.5272,39.0153,90.4404,2.2302
94.0675,37.5266,38.2678,90.9790,1.8080
94.1755,37.5239,38.0388,91.0892,2.1252
94.2994,37.5188,37.7864,91.2716,2.0412
94.4218,37.5060,37.5312,91.0715,2.0888
94.5463,37.5051,37.2957,90.5547,1.8938
94.6678,37.4999,37.0607,90.3325,1.9338
95.0012,37.4688,36.4301,90.1555,1.8944
95.1139,37.4488,36.2248,89.8185,1.8339
95.2377,37.4407,36.1278,89.6518,0.7864
95.3605,37.4408,36.1265,89.6526,0.0110
95.4837,37.4409,36.1269,89.6500,0.0036
95.8998,37.4410,36.1282,89.6519,0.0031
96.0277,37.4410,36.1285,89.6512,0.0028
96.1533,37.4410,36.1289,89.6517,0.0032
96.2778,37.4410,36.1293,89.6518,0.0026
96.4020,37.4411,36.1296,89.6520,0.0025
96.8175,37.4411,36.1306,89.6523,0.0024
96.9409,37.4411,36.1309,89.6522,0.0023
97.0658,37.4412,36.1312,89.6527,0.0023
97.1892,37.4412,36.1314,89.6529,0.0022
97.3133,37.4412,36.1318,89.6523,0.0027
97.6880,37.4413,36.1325,89.6519,0.0021
97.8154,37.4413,36.1329,89.6514,0.0025
97.9386,37.4413,36.1331,89.6513,0.0021
98.0627,37.4413,36.1333,89.6515,0.0019
98.1872,37.4413,36.1336,89.6519,0.0021
98.6025,37.4414,36.1348,89.6515,0.0030
98.7271,37.4501,36.1394,84.7899,0.0918
98.8511,37.4538,36.1228,67.9585,0.1507
98.9765,37.4537,36.1004,53.1405,0.1948
99.1011,37.4593,36.0964,51.4768,0.0716
99.5183,37.4768,36.1064,52.3906,0.0532
99.6427,37.4854,36.1126,52.8909,0.0937
99.7665,37.4848,36.1133,52.8885,0.0078
99.8894,37.4843,36.1140,52.8861,0.0073
100.0105,37.4837,36.1147,52.8851,0.0072
100.3841,37.4819,36.1167,52.8787,0.0074
100.5061,37.4814,36.1174,52.8767,0.0074
100.6290,37.4806,36.1182,52.8702,0.0092
100.7509,37.4798,36.1192,52.8694,0.0107
100.8736,37.4792,36.1200,52.8685,0.0079
101.2481,37.4776,36.1219,52.8657,0.0067
101.3788,37.4770,36.1225,52.8646,0.0067
101.5012,37.4766,36.1231,52.8656,0.0057
101.6242,37.4761,36.1235,52.8623,0.0050
101.7464,37.4757,36.1240,52.8612,0.0061
102.1609,37.4737,36.1263,52.8582,0.0073
102.2850,37.5636,36.0006,53.6479,1.2733
102.4086,37.6913,35.8246,53.6711,1.7697
102.5307,37.8340,35.6322,53.7416,1.9666
102.6530,38.0185,35.4154,53.8552,2.3387
103.0273,38.4530,34.8897,54.3848,1.8294
103.1444,38.5634,34.7225,54.5274,1.7132
103.2670,38.7085,34.5666,54.8041,1.7382
103.3894,38.8461,34.4045,54.5345,1.7380
103.5142,39.0087,34.2220,55.0502,1.9686
103.9292,39.4640,33.6093,55.4304,1.8417
104.0435,39.5209,33.5184,54.2455,0.9578
104.1685,39.5175,33.5037,54.2450,0.1221
104.2918,39.5188,33.5178,54.2533,0.1588
104.4192,39.5169,33.5222,54.2581,0.0547
104.8354,39.5142,33.5230,54.2477,0.0071
104.9599,39.5138,33.5235,54.2476,0.0057
105.0827,39.5134,33.5241,54.2483,0.0056
105.2056,39.5130,33.5246,54.2494,0.0053
105.3300,39.5125,33.5251,54.2470,0.0054
105.7049,39.5111,33.5268,54.2463,0.0060
105.8274,39.5107,33.5274,54.2479,0.0057
105.9514,39.5100,33.5283,54.2544,0.0098
106.0744,39.5094,33.5290,54.2580,0.0067
106.1988,39.5091,33.5294,54.2588,0.0046
106.5729,39.5080,33.5309,54.2616,0.0048
106.7040,39.5075,33.5315,54.2611,0.0060
106.8319,39.5070,33.5322,54.2615,0.0074
106.9623,39.5065,33.5328,54.2643,0.0060
107.0915,39.5011,33.5342,54.4033,0.0458
107.4594,39.4957,33.5341,54.9188,0.0151
107.5909,39.5084,33.4425,63.2076,0.7453
107.7141,39.4922,33.4161,79.0599,0.2635
107.8370,39.4889,33.4199,85.0694,0.0593
107.9607,39.4889,33.4199,84.9924,0.0008
108.3351,39.4888,33.4198,84.8381,0.0005
108.4601,39.4888,33.4198,84.8172,0.0003
108.5855,39.4888,33.4197,84.7972,0.0004
108.7125,39.4888,33.4198,84.7865,0.0004
108.8422,39.4888,33.4198,84.7926,0.0001
109.2054,39.4888,33.4198,84.8004,0.0000
109.3313,39.5216,33.4443,79.3496,0.3323
109.4584,39.5230,33.4426,78.5937,0.0354
109.5839,39.5295,33.4410,78.3439,0.0540
109.7083,39.5293,33.4417,78.3403,0.0065
110.0894,39.5287,33.4433,78.3405,0.0044
110.2157,39.5286,33.4437,78.3395,0.0037
110.3402,39.5285,33.4440,78.3395,0.0018
110.4656,39.5285,33.4442,78.3410,0.0017
110.5905,39.5284,33.4442,78.3412,0.0005
110.9644,39.5284,33.4444,78.3410,0.0004
111.0882,39.5284,33.4444,78.3407,0.0003
111.2125,39.5284,33.4444,78.3411,0.0003
111.3367,39.5284,33.4445,78.3413,0.0003
111.4615,39.5283,33.4445,78.3407,0.0003
111.8356,39.5283,33.4446,78.3407,0.0002
111.9586,39.5512,33.3980,84.5260,0.4366
112.0826,39.5877,33.3297,98.7795,0.6310
112.2068,39.5675,33.3141,116.8299,0.2180
112.3333,39.5645,33.3170,125.5343,0.1077
112.6834,39.5645,33.3173,125.3637,0.0011
112.8207,39.5645,33.3173,125.3473,0.0002
112.9512,39.5716,33.3192,124.2806,0.0567
113.0798,39.5822,33.3210,122.9019,0.0861
113.2092,39.5878,33.3211,122.3991,0.0436
113.5723,39.5868,33.3197,122.1748,0.0054
113.7110,39.5870,33.3204,122.1542,0.0064
113.8400,39.5872,33.3208,122.1518,0.0029
113.9708,39.5874,33.3212,122.1502,0.0034
114.0998,39.5875,33.3215,122.1491,0.0027
114.4644,39.5880,33.3224,122.1478,0.0027
114.5925,39.5881,33.3227,122.1469,0.0026
114.7225,39.5882,33.3229,122.1459,0.0022
114.8517,39.5884,33.3233,122.1445,0.0029
114.9815,39.5886,33.3236,122.1436,0.0031
115.4019,39.5891,33.3247,122.1402,0.0028
115.5313,39.5893,33.3251,122.1388,0.0038
115.6618,39.5895,33.3255,122.1372,0.0030
115.7915,39.5897,33.3259,122.1376,0.0038
115.9212,39.5899,33.3265,122.1373,0.0048
116.0511,39.5903,33.3272,122.1366,0.0064
116.3845,39.5910,33.3288,122.1304,0.0051
116.5155,39.5914,33.3298,122.1266,0.0085
116.6460,39.5918,33.3305,122.1249,0.0067
116.7752,39.5922,33.3313,122.1219,0.0066
116.9044,39.5925,33.3319,122.1193,0.0057
117.3235,39.2992,32.7780,122.6479,1.5263
117.4329,39.1658,32.5763,122.1397,2.2307
117.5603,39.0666,32.4002,122.5961,1.5892
117.6872,39.0602,32.3919,122.6023,0.0897
117.8148,39.0604,32.3928,122.5963,0.0076
118.2331,39.0609,32.3936,122.5972,0.0023
118.3663,39.0610,32.3938,122.5980,0.0017
118.4968,39.0611,32.3940,122.5984,0.0017
118.6282,39.0612,32.3942,122.5985,0.0013
118.7589,39.0613,32.3943,122.5997,0.0012
119.1794,39.0616,32.3948,122.5984,0.0015
119.3111,39.0617,32.3949,122.5988,0.0007
119.4409,39.0617,32.3950,122.5986,0.0007
119.5714,39.0618,32.3951,122.5985,0.0010
119.7023,39.0618,32.3952,122.5987,0.0013
120.0799,39.0620,32.3955,122.5997,0.0008
120.2136,39.0621,32.3957,122.6008,0.0013
120.3432,39.0622,32.3958,122.6011,0.0010
120.4737,39.0622,32.3958,122.6009,0.0002
120.6038,39.0622,32.3958,122.6009,0.0001
121.0234,39.0623,32.3959,122.6005,0.0004
121.1513,39.0623,32.3960,122.6006,0.0009
121.2810,39.0624,32.3961,122.6010,0.0006
121.4114,39.0624,32.3962,122.6011,0.0006
121.5424,39.0624,32.3962,122.6012,0.0004
121.9657,39.0625,32.3963,122.6015,0.0003
122.0938,39.0581,32.3893,122.3918,0.0645
122.2278,39.0384,32.3655,120.5649,0.2399
122.3610,38.9589,32.2819,111.6236,0.8725
122.4894,38.9156,32.2265,106.8045,0.5481
122.8473,38.9098,32.2391,107.3066,0.0453
122.9763,38.9099,32.2384,107.3084,0.0061
123.1068,38.9097,32.2378,107.3075,0.0053
123.2372,38.9094,32.2369,107.3063,0.0071
123.3662,38.9092,32.2362,107.3072,0.0055
123.7852,38.9085,32.2339,107.3076,0.0058
123.9153,38.9082,32.2331,107.3076,0.0066
124.0438,38.9081,32.2326,107.3084,0.0044
124.1749,38.9080,32.2321,107.3078,0.0037
124.3034,38.9079,32.2317,107.3066,0.0033
124.6750,38.9075,32.2304,107.3072,0.0035
124.8116,38.9074,32.2299,107.3060,0.0039
124.9413,38.9073,32.2294,107.3028,0.0038
125.0709,38.9071,32.2289,107.3030,0.0043
125.2010,38.9070,32.2285,107.3014,0.0029
125.6203,38.9068,32.2277,107.3002,0.0021
125.7532,38.9067,32.2275,107.3000,0.0015
125.8825,38.9067,32.2273,107.2988,0.0012
126.0114,38.8848,32.1188,107.4260,0.8662
126.1401,38.8334,31.9147,107.4794,1.6390
126.5168,38.6305,31.2462,107.3839,1.8633
126.6422,38.5798,31.0629,107.3367,1.5443
126.7696,38.5354,30.8751,107.2734,1.5857
126.8959,38.4661,30.6311,106.7172,2.0118
127.0232,38.4005,30.3986,106.6137,1.8998
127.1507,38.3378,30.1615,106.2686,1.9362
127.4453,38.1597,29.5617,107.4570,2.1261
127.5524,38.1119,29.3637,107.1930,1.9055
127.6820,38.0770,29.1755,106.9705,1.4793
127.8090,38.0078,28.9788,106.9906,1.6403
127.9352,37.9370,28.7557,107.0644,1.8548
128.0632,37.8666,28.5388,107.0500,1.7922
128.3966,37.7054,27.9347,108.2596,1.8930
128.5200,37.6273,27.7235,108.2606,1.8377
128.6484,37.5584,27.5144,108.2841,1.7202
128.7745,37.5007,27.2910,109.5253,1.8540
128.9010,37.4775,27.2565,109.2422,0.3283
129.0267,37.4797,27.2579,109.2734,0.0254
129.3152,37.4805,27.2601,109.2731,0.0082
129.4418,37.4808,27.2609,109.2745,0.0068
129.5706,37.4811,27.2617,109.2766,0.0064
129.6984,37.4814,27.2626,109.2773,0.0075
129.8268,37.4817,27.2633,109.2766,0.0063
130.2454,37.4830,27.2668,109.2830,0.0089
130.3724,37.4835,27.2680,109.2794,0.0107
130.5018,37.4839,27.2693,109.2773,0.0105
130.6315,37.4845,27.2708,109.2779,0.0127
130.7585,37.4849,27.2717,109.2784,0.0085
131.1781,37.4862,27.2751,109.2844,0.0087
131.3057,37.4865,27.2758,109.2868,0.0059
131.4342,37.4867,27.2766,109.2875,0.0066
131.5634,37.4870,27.2775,109.2873,0.0071
131.6965,37.4875,27.2785,109.2870,0.0089
132.1146,37.4888,27.2822,109.2844,0.0094
132.2431,37.4892,27.2832,109.2854,0.0088
132.3715,37.4897,27.2845,109.2838,0.0106
132.4987,37.4901,27.2857,109.2858,0.0101
132.6271,37.4905,27.2869,109.2868,0.0102
133.0461,37.4922,27.2914,109.2946,0.0117
133.1755,37.4261,27.1296,109.4115,1.3723
133.3037,37.3773,26.9285,109.6812,1.6292
133.4314,37.2550,26.6909,109.1078,2.0981
133.5580,37.1682,26.4732,109.0267,1.8561
133.9753,36.9301,25.7752,109.3856,1.7724
134.1001,36.9120,25.7187,109.6290,0.4760
134.2281,36.9173,25.7158,109.6743,0.0759
134.3562,36.9142,25.7222,109.6495,0.0814
134.4849,36.9124,25.7273,109.6182,0.0530
134.6139,36.9126,25.7279,109.6159,0.0052
134.9273,36.9131,25.7293,109.6167,0.0049
135.0559,36.9133,25.7300,109.6172,0.0054
135.1863,36.9135,25.7305,109.6173,0.0042
135.3151,36.9137,25.7310,109.6168,0.0043
135.4443,36.9138,25.7314,109.6144,0.0031
135.5732,36.9139,25.7318,109.6144,0.0032
135.9066,36.9142,25.7326,109.6142,0.0027
136.0346,36.9144,25.7332,109.6133,0.0049
136.1667,36.9146,25.7337,109.6145,0.0040
136.2961,36.9148,25.7342,109.6147,0.0043
136.4254,36.9149,25.7346,109.6154,0.0034
136.8447,36.9156,25.7364,109.6151,0.0045
136.9736,36.9158,25.7369,109.6148,0.0046
137.1030,36.9160,25.7374,109.6143,0.0040
137.2320,36.9163,25.7380,109.6187,0.0050
137.3681,36.9164,25.7384,109.6192,0.0033
137.7874,36.9167,25.7392,109.6182,0.0021
137.9150,36.9168,25.7394,109.6183,0.0012
138.0440,36.9079,25.7197,109.5621,0.1710
138.1736,36.8329,25.5375,109.6562,1.5241
138.3017,36.7806,25.3435,110.0591,1.5835
138.7196,36.5092,24.5468,110.6476,2.0242
138.8394,36.4261,24.3324,110.5411,1.9239
138.9667,36.3554,24.1827,110.2564,1.3007
139.0922,36.3536,24.1809,110.2731,0.0377
139.2193,36.3536,24.1810,110.2693,0.0008
139.3470,36.3536,24.1810,110.2696,0.0005
139.6803,36.3537,24.1811,110.2695,0.0004
139.8086,36.3537,24.1812,110.2696,0.0003
139.9388,36.3537,24.1812,110.2694,0.0004
140.0673,36.3537,24.1813,110.2697,0.0003
140.1968,36.3537,24.1813,110.2697,0.0003
140.3254,36.3537,24.1813,110.2699,0.0002
140.6587,36.3537,24.1814,110.2699,0.0002
140.7865,36.3537,24.1814,110.2699,0.0001
140.9156,36.3537,24.1814,110.2698,0.0001
141.0440,36.3537,24.1814,110.2697,0.0001
141.1728,36.3537,24.1814,110.2697,0.0001
141.5912,36.3538,24.1815,110.2696,0.0001
141.7197,36.3538,24.1815,110.2696,0.0002
141.8484,36.3538,24.1815,110.2695,0.0001
141.9777,36.3538,24.1815,110.2694,0.0001
142.1082,36.3538,24.1815,110.2697,0.0001
142.2372,36.3538,24.1815,110.2696,0.0001
142.5706,36.3538,24.1815,110.2697,0.0001
142.6983,36.3538,24.1815,110.2695,0.0001
142.8278,36.3538,24.1815,110.2697,0.0000
142.9575,36.3538,24.1815,110.2696,0.0000
143.0871,36.3410,24.1467,110.3786,0.2976
143.5075,36.0335,23.4199,113.2340,1.8775
143.6206,36.0031,23.3256,114.1266,0.8762
143.7498,36.0005,23.3293,114.2222,0.0567
143.8795,36.0003,23.3291,114.2239,0.0020
144.0074,36.0002,23.3289,114.2242,0.0016
144.1363,36.0001,23.3287,114.2252,0.0017
144.4569,35.9999,23.3282,114.2265,0.0017
144.5845,35.9998,23.3281,114.2272,0.0015
144.7149,35.9997,23.3279,114.2275,0.0015
144.8447,35.9997,23.3277,114.2275,0.0013
144.9744,35.9996,23.3275,114.2277,0.0017
145.1043,35.9995,23.3273,114.2284,0.0017
145.4377,35.9992,23.3269,114.2288,0.0015
145.5661,35.9992,23.3267,114.2277,0.0013
145.6960,35.9991,23.3265,114.2255,0.0019
145.8261,35.9990,23.3262,114.2218,0.0022
145.9575,35.9989,23.3259,114.2235,0.0027
146.0871,35.9987,23.3256,114.2255,0.0025
146.4205,35.9983,23.3250,114.2283,0.0023
146.5488,35.9983,23.3248,114.2284,0.0017
146.6779,35.9982,23.3246,114.2284,0.0017
146.8090,35.9981,23.3244,114.2291,0.0012
146.9377,35.9980,23.3243,114.2303,0.0013
147.3570,35.9978,23.3239,114.2297,0.0011
147.4847,35.9887,23.3243,115.6933,0.0729
147.6153,35.9522,23.2978,103.4682,0.3621
147.7454,35.9460,23.2968,86.2750,0.0729
147.8723,35.9311,23.2957,73.6318,0.1192
148.2908,35.9547,23.2937,74.0480,0.0631
148.4227,35.9659,23.2987,73.6678,0.0958
148.5495,35.9661,23.3048,73.6479,0.0502
148.6764,35.9662,23.3043,73.6480,0.0039
148.8030,35.9664,23.3039,73.6481,0.0036
149.2200,35.9670,23.3026,73.6499,0.0032
149.3461,35.9671,23.3023,73.6508,0.0027
149.4733,35.9673,23.3020,73.6515,0.0031
149.6007,35.9674,23.3017,73.6520,0.0025
149.7272,35.9675,23.3014,73.6535,0.0027
150.1448,35.9680,23.3004,73.6546,0.0027
150.2710,35.9681,23.3000,73.6547,0.0033
150.3971,35.9683,23.2995,73.6533,0.0044
150.5237,35.9685,23.2989,73.6533,0.0046
150.6519,35.9688,23.2982,73.6522,0.0058
151.0700,35.9691,23.2973,73.6562,0.0024
151.1937,35.9691,23.2972,73.6562,0.0007
151.3195,35.9692,23.2971,73.6571,0.0004
151.4444,35.9692,23.2971,73.6571,0.0006
151.5715,35.9692,23.2970,73.6575,0.0008
151.9887,36.1263,22.8006,74.6580,1.2480
152.0983,36.1881,22.5887,74.6156,2.0146
152.2251,36.2562,22.3716,74.6002,1.7951
152.3516,36.3222,22.1056,74.5502,2.1659
152.4767,36.3833,21.8753,74.5134,1.9053
152.6023,36.4259,21.7452,74.6175,1.0903
152.9354,36.4261,21.7453,74.6250,0.0011
153.0607,36.4261,21.7454,74.6250,0.0014
153.1852,36.4260,21.7456,74.6250,0.0012
153.3113,36.4260,21.7457,74.6249,0.0012
153.4386,36.4260,21.7458,74.6250,0.0009
153.8557,36.4259,21.7462,74.6252,0.0009
153.9808,36.4259,21.7463,74.6249,0.0007
154.1080,36.4258,21.7464,74.6249,0.0007
154.2354,36.4258,21.7464,74.6248,0.0004
154.3614,36.4258,21.7464,74.6251,0.0003
154.4868,36.4258,21.7465,74.6250,0.0002
154.8201,36.4258,21.7465,74.6252,0.0001
154.9445,36.4258,21.7465,74.6247,0.0000
155.0704,36.4258,21.7465,74.6251,0.0001
155.1965,36.4258,21.7465,74.6251,0.0000
155.3231,36.4258,21.7465,74.6250,0.0000
155.7402,36.4258,21.7465,74.6252,0.0000
155.8661,36.4258,21.7465,74.6252,0.0000
155.9923,36.4258,21.7465,74.6252,0.0000
156.1169,36.4258,21.7465,74.6252,0.0000
156.2439,36.4258,21.7465,74.6253,0.0000
156.6603,36.4262,21.7561,75.3441,0.0231
156.7851,36.4312,21.6515,73.7001,0.8401
156.9112,36.4305,21.6477,73.6837,0.0337
157.0370,36.4304,21.6481,73.6857,0.0037
157.1622,36.4302,21.6485,73.6861,0.0032
157.2892,36.4301,21.6489,73.6868,0.0035
157.6226,36.4298,21.6498,73.6879,0.0029
157.7497,36.4297,21.6501,73.6858,0.0021
157.8756,36.4296,21.6503,73.6856,0.0017
158.0023,36.4296,21.6504,73.6855,0.0010
158.1279,36.4296,21.6505,73.6858,0.0007
158.5448,36.4295,21.6508,73.6868,0.0007
158.6700,36.4295,21.6508,73.6870,0.0003
158.7962,36.4295,21.6508,73.6869,0.0002
158.9222,36.4295,21.6508,73.6867,0.0001
159.0478,36.4295,21.6508,73.6868,0.0000
159.4658,36.4295,21.6508,73.6870,0.0000
159.5922,36.4295,21.6508,73.6869,0.0001
159.7186,36.4295,21.6508,73.6869,0.0001
159.8441,36.4295,21.6508,73.6868,0.0000
159.9711,36.4295,21.6508,73.6869,0.0000
160.0975,36.4295,21.6508,73.6867,0.0000
160.4308,36.4295,21.6508,73.6869,0.0000
160.5567,36.4295,21.6508,73.6870,0.0000
160.6870,36.4301,21.6543,73.9651,0.0268
160.8211,36.4452,21.5965,73.1914,0.4532
160.9509,36.4688,21.4444,65.9441,1.1864
161.3737,36.4970,21.3745,60.2068,0.1823
161.5036,36.5021,21.3710,60.2268,0.0480
161.6349,36.5022,21.3709,60.2264,0.0007
161.7652,36.5022,21.3708,60.2267,0.0006
161.8923,36.5023,21.3707,60.2265,0.0009
162.3098,36.5025,21.3704,60.2266,0.0008
162.4373,36.5025,21.3703,60.2265,0.0010
162.5635,36.5026,21.3702,60.2266,0.0010
162.6885,36.5026,21.3701,60.2267,0.0010
162.8170,36.5027,21.3700,60.2269,0.0012
163.2401,36.5030,21.3695,60.2267,0.0013
163.3668,36.5031,21.3694,60.2265,0.0013
163.4922,36.5032,21.3692,60.2267,0.0016
163.6186,36.5033,21.3690,60.2268,0.0016
163.7444,36.5034,21.3688,60.2266,0.0020
164.1625,36.5039,21.3680,60.2266,0.0022
164.2879,36.5040,21.3677,60.2268,0.0023
164.4133,36.5042,21.3674,60.2267,0.0029
164.5393,36.5042,21.3674,60.2264,0.0003
164.6646,36.5042,21.3675,60.2264,0.0002
165.0815,36.5041,21.3675,60.2265,0.0003
165.2108,36.5886,21.2166,60.4214,1.3380
165.3365,36.7035,21.0162,60.3759,1.8385
165.4622,36.8139,20.8177,60.2741,1.8075
165.5880,36.9195,20.6248,60.1129,1.7484
165.7148,37.0528,20.3895,60.0565,2.1326
166.0481,37.3624,19.8478,60.4186,1.8719
166.1550,37.4213,19.7106,59.3449,1.3970
166.2812,37.4170,19.7043,58.3316,0.0972
166.4082,37.4176,19.7061,58.3350,0.0171
166.5344,37.4179,19.7054,58.3347,0.0061
166.6596,37.4181,19.7048,58.3347,0.0051
166.9929,37.4188,19.7034,58.3339,0.0049
167.1193,37.4191,19.7028,58.3345,0.0051
167.2456,37.4194,19.7022,58.3342,0.0048
167.3717,37.4197,19.7015,58.3353,0.0067
167.4975,37.4201,19.7007,58.3367,0.0065
167.9139,37.4213,19.6981,58.3378,0.0069
168.0459,37.4238,19.6929,58.3345,0.0444
168.1720,37.4250,19.6905,58.3323,0.0218
168.2991,37.4255,19.6895,58.3326,0.0086
168.4257,37.4258,19.6889,58.3320,0.0053
168.5524,37.4262,19.6882,58.3301,0.0061
168.8858,37.4267,19.6872,58.3306,0.0036
169.0122,37.4269,19.6868,58.3305,0.0030
169.1393,37.4270,19.6866,58.3305,0.0023
169.2650,37.4272,19.6863,58.3289,0.0023
169.3913,37.4273,19.6860,58.3285,0.0026
169.8089,37.4288,19.6817,58.3955,0.0111
169.9372,37.4740,19.5684,56.1228,0.9581
170.0644,37.4994,19.5304,44.0665,0.3775
170.1910,37.4876,19.5325,42.7968,0.0994
170.3169,37.4820,19.5486,43.2662,0.1534
170.7341,37.4988,19.5697,44.3053,0.0667
170.8630,37.4987,19.5596,44.4529,0.1068
170.9911,37.5044,19.5647,44.4659,0.0768
171.1176,37.5042,19.5651,44.4549,0.0035
171.2448,37.5039,19.5654,44.4557,0.0033
171.6628,37.5029,19.5664,44.4551,0.0034
171.7960,37.5025,19.5667,44.4538,0.0034
171.9239,37.5022,19.5670,44.4558,0.0033
172.0505,37.5019,19.5673,44.4566,0.0034
172.1770,37.5015,19.5676,44.4571,0.0039
172.3036,37.5012,19.5678,44.4571,0.0032
172.6369,37.5004,19.5686,44.4575,0.0034
172.7655,37.5001,19.5689,44.4592,0.0034
172.8945,37.4998,19.5692,44.4589,0.0035
173.0206,37.4995,19.5694,44.4612,0.0028
173.1474,37.4992,19.5696,44.4613,0.0028
173.5658,37.4983,19.5705,44.4621,0.0030
173.6939,37.4979,19.5708,44.4639,0.0038
173.8212,37.4976,19.5711,44.4606,0.0036
173.9474,37.5058,19.5637,44.4544,0.0880
174.0735,37.6561,19.4212,44.3691,1.6481
174.4913,38.2212,18.8602,44.6495,1.9056
174.6067,38.3226,18.7695,43.7011,1.1793
174.7351,38.3294,18.7521,42.5851,0.1835
174.8619,38.3292,18.7523,42.5856,0.0023
174.9873,38.3290,18.7524,42.5854,0.0017
175.1134,38.3288,18.7526,42.5854,0.0020
175.4850,38.3284,18.7529,42.5852,0.0015
175.6127,38.3283,18.7530,42.5852,0.0015
175.7394,38.3282,18.7531,42.5852,0.0012
175.8660,38.3280,18.7532,42.5851,0.0011
175.9916,38.3279,18.7533,42.5850,0.0013
176.4077,38.3276,18.7536,42.5848,0.0009
176.5331,38.3275,18.7536,42.5849,0.0010
176.6587,38.3274,18.7537,42.5848,0.0008
176.7851,38.3274,18.7538,42.5847,0.0007
176.9110,38.3273,18.7538,42.5846,0.0008
177.3283,38.3271,18.7540,42.5845,0.0006
177.4570,38.3271,18.7540,42.5848,0.0006
177.5842,38.3270,18.7541,42.5847,0.0005
177.7121,38.3270,18.7541,42.5846,0.0005
177.8390,38.3269,18.7542,42.5848,0.0005
177.9644,38.3269,18.7542,42.5846,0.0004
178.2978,38.3268,18.7543,42.5846,0.0004
178.4233,38.4105,18.6712,41.3715,0.9449
178.5486,38.4945,18.6391,33.5360,0.7267
178.6755,38.4940,18.6298,31.0991,0.0735
178.8028,38.4941,18.6303,31.1242,0.0042
178.9281,38.4936,18.6306,31.1367,0.0052
179.2615,38.4927,18.6311,31.1544,0.0031
179.3897,38.4920,18.6315,31.1334,0.0061
179.5154,38.4915,18.6318,31.1332,0.0044
179.6409,38.4911,18.6320,31.1331,0.0036
179.7667,38.4908,18.6322,31.1328,0.0034
180.1850,38.4897,18.6328,31.1363,0.0028
180.3099,38.4895,18.6330,31.1363,0.0019
180.4349,38.4893,18.6331,31.1361,0.0018
180.5622,38.4892,18.6332,31.1360,0.0013
180.6904,38.4891,18.6332,31.1360,0.0011
181.1070,38.4887,18.6334,31.1357,0.0011
181.2355,38.4886,18.6335,31.1358,0.0010
181.3620,38.4885,18.6335,31.1357,0.0007
181.4895,38.4884,18.6336,31.1358,0.0007
181.6180,38.4883,18.6336,31.1357,0.0008
181.7432,38.4882,18.6336,31.1358,0.0006
182.0766,38.4882,18.6335,31.1358,0.0005
182.2007,38.4883,18.6335,31.1360,0.0002
182.3263,38.4883,18.6335,31.1359,0.0002
182.4527,38.4883,18.6335,31.1359,0.0003
182.5784,38.4892,18.6331,31.1346,0.0080
182.9947,39.0764,18.2785,30.9706,1.6478
183.1003,39.2424,18.1818,30.9255,1.8181
183.2274,39.4372,18.0649,30.9380,1.7874
183.3538,39.6683,17.9264,30.9547,2.1326
183.4799,39.8665,17.8089,30.9312,1.8268
183.6042,40.0638,17.6912,30.9316,1.8489
183.9785,40.6792,17.3056,31.2651,1.9404
184.1189,40.7895,17.2174,31.3605,1.0094
184.2451,40.7951,17.1992,31.4415,0.1640
184.3703,40.7968,17.1945,31.4905,0.0883
184.4967,40.7964,17.1884,31.5207,0.0729
184.9145,40.7937,17.1767,31.6832,0.0400
185.0402,40.7927,17.1716,31.7455,0.0608
185.1664,40.7918,17.1653,31.8795,0.0759
185.2926,40.7910,17.1588,32.0437,0.0832
185.4206,40.7904,17.1530,32.1917,0.0742
185.8387,40.7911,17.1442,32.4675,0.0341
185.9716,40.7910,17.1396,32.6034,0.0599
186.1014,40.7904,17.1355,32.7663,0.0625
186.2309,40.7901,17.1310,32.9578,0.0691
186.3642,40.7899,17.1277,33.1266,0.0536
186.7840,40.7913,17.1228,33.3859,0.0205
186.9111,40.7913,17.1197,33.5634,0.0536
187.0404,40.7913,17.1172,33.7437,0.0499
187.1698,40.7915,17.1142,33.9715,0.0552
187.3040,40.7829,17.1174,34.1824,0.0807
187.6805,40.4106,17.4314,26.6652,1.3239
187.8165,40.2240,17.5705,26.4300,1.7344
187.9417,40.0500,17.6645,26.4085,1.5801
188.0663,39.8715,17.7526,26.4510,1.5975
188.1934,39.6776,17.8498,26.4757,1.7065
188.6108,39.6423,17.8670,26.5065,0.0941
188.7372,39.6423,17.8670,26.5067,0.0002
188.8627,39.6423,17.8670,26.5067,0.0003
188.9886,39.6422,17.8670,26.5066,0.0002
189.1136,39.6422,17.8670,26.5067,0.0004
189.2396,39.6422,17.8671,26.5066,0.0003
189.5577,39.6421,17.8671,26.5066,0.0003
189.6845,39.6420,17.8671,26.5066,0.0003
189.8139,39.6420,17.8671,26.5066,0.0004
189.9417,39.6420,17.8672,26.5066,0.0003
190.0680,39.6419,17.8672,26.5066,0.0004
190.4702,39.6418,17.8673,26.5065,0.0004
190.5964,39.6417,17.8673,26.5065,0.0005
190.7207,39.6417,17.8673,26.5064,0.0006
190.8469,39.6416,17.8674,26.5065,0.0005
190.9720,39.6416,17.8674,26.5065,0.0001
191.3890,39.6417,17.8673,26.5063,0.0002
191.5179,39.6417,17.8673,26.5066,0.0003
191.6430,39.6417,17.8674,26.5131,0.0005
191.7678,39.6414,17.8675,26.5482,0.0027
191.8927,39.6717,17.8213,21.9811,0.4471
192.0180,39.7235,17.7635,8.1908,0.6192
192.3514,39.8787,17.7229,317.0941,0.4815
192.4704,39.8948,17.7106,307.8942,0.1697
192.5875,39.9049,17.6805,305.8872,0.2800
192.7128,39.9044,17.6801,305.9318,0.0148
192.8396,39.9043,17.6800,305.9318,0.0012
192.9638,39.9042,17.6799,305.9316,0.0013
193.3327,39.9039,17.6794,305.9308,0.0015
193.4594,39.9038,17.6793,305.9308,0.0014
193.5847,39.9037,17.6792,305.9307,0.0014
193.7106,39.9036,17.6790,305.9305,0.0014
193.8356,39.9034,17.6789,305.9305,0.0017
193.9606,39.9033,17.6787,305.9307,0.0016
194.2817,39.9030,17.6783,305.9305,0.0016
194.4143,39.9029,17.6781,305.9305,0.0017
194.5394,39.9028,17.6779,305.9305,0.0016
194.6635,39.9026,17.6778,305.9307,0.0017
194.7947,39.9025,17.6776,305.9304,0.0019
194.9205,39.9024,17.6774,305.9303,0.0018
195.2951,39.9019,17.6768,305.9305,0.0020
195.4193,39.9017,17.6766,305.9306,0.0022
195.5448,39.9016,17.6764,305.9294,0.0022
195.6707,39.9014,17.6761,305.9293,0.0024
195.7955,39.9012,17.6758,305.9287,0.0029
195.9203,39.9010,17.6755,305.9274,0.0027
196.2536,39.9010,17.6751,305.9278,0.0013
196.3768,39.9009,17.6751,305.9279,0.0003
196.5029,39.9009,17.6751,305.9280,0.0003
196.6277,39.9009,17.6750,305.9279,0.0003
196.7532,39.9009,17.6750,305.9276,0.0004
196.8792,39.8992,17.6749,305.9020,0.0137
197.2125,39.8981,17.6744,305.8355,0.0036
197.3178,39.8991,17.6701,305.5340,0.0416
197.4442,39.8993,17.6703,305.5319,0.0018
197.5693,39.8994,17.6704,305.5320,0.0016
197.6960,39.8995,17.6706,305.5318,0.0016
197.8219,39.8996,17.6707,305.5318,0.0011
198.2383,39.8998,17.6711,305.5323,0.0010
198.3622,39.8999,17.6712,305.5324,0.0009
198.4883,39.8999,17.6713,305.5327,0.0008
198.6133,39.9000,17.6713,305.5327,0.0008
198.7381,39.9000,17.6714,305.5327,0.0006
198.8631,39.9001,17.6715,305.5325,0.0006
199.1964,39.9002,17.6716,305.5328,0.0005
199.3226,39.9002,17.6717,305.5329,0.0004
199.4488,39.9002,17.6717,305.5333,0.0004
199.5739,39.9002,17.6718,305.5332,0.0005
199.6991,39.9003,17.6718,305.5333,0.0003
199.8249,39.9003,17.6718,305.5333,0.0003
200.1582,39.9003,17.6719,305.5332,0.0002
200.2899,39.9003,17.6719,305.5332,0.0001
200.4150,39.9003,17.6719,305.5336,0.0001
200.5396,39.9003,17.6719,305.5331,0.0001
200.6645,39.9003,17.6719,305.5333,0.0000
200.7903,39.9003,17.6719,305.5334,0.0000
201.1237,39.9005,17.6723,305.5570,0.0011
201.2507,39.9026,17.6770,311.3876,0.1108
201.3741,39.8898,17.6749,314.5152,0.1432
201.4985,39.8924,17.6729,314.2685,0.0259
201.6224,39.8941,17.6740,314.2318,0.0167
201.7482,39.8938,17.6737,314.2541,0.0036
202.1228,39.8929,17.6727,314.2540,0.0036
202.2471,39.8916,17.6698,314.1895,0.0256
202.3715,39.9063,17.7064,315.0692,0.3215
202.4960,39.9491,17.8039,320.9005,0.8556
202.6211,39.9880,17.8767,330.3322,0.6628
202.7470,39.9939,17.8900,332.2055,0.1153
203.0803,39.9939,17.8899,332.2156,0.0003
203.2038,39.9924,17.8882,332.3166,0.0185
203.3282,39.9919,17.8880,332.3148,0.0038
203.4524,39.9914,17.8877,332.3147,0.0048
203.5768,39.9909,17.8875,332.3146,0.0043
203.7013,39.9904,17.8873,332.3147,0.0045
204.0346,39.9889,17.8865,332.3144,0.0053
204.1602,39.9881,17.8861,332.3148,0.0066
204.2845,39.9872,17.8856,332.3150,0.0082
204.4094,39.9862,17.8851,332.3195,0.0090
204.5347,39.9855,17.8846,332.3231,0.0076
204.9504,39.9847,17.8839,332.3208,0.0025
205.0835,39.9847,17.8838,332.3207,0.0007
205.2094,39.9846,17.8838,332.3207,0.0005
205.3340,39.9845,17.8838,332.3204,0.0006
205.4595,39.9845,17.8837,332.3205,0.0004
205.5842,39.9845,17.8837,332.3203,0.0004
205.9176,39.9844,17.8836,332.3206,0.0003
206.0434,39.9843,17.8836,332.3205,0.0003
206.1690,39.9843,17.8836,332.3206,0.0002
206.2933,39.9940,17.8900,332.2715,0.0933
206.4178,40.1254,17.9552,332.4447,1.1795
206.5420,40.3249,18.0606,332.3880,1.8166
206.8754,40.8927,18.3577,332.3795,1.9226
206.9765,41.0229,18.4011,331.5083,1.3654
207.1019,41.0459,18.3986,331.0712,0.3430
207.2264,41.0363,18.3988,331.1599,0.1076
207.3517,41.0236,18.4016,331.5027,0.1500
207.4762,41.0290,18.3984,331.3595,0.1022
207.8509,41.0283,18.3963,331.3372,0.0167
207.9747,41.0276,18.3967,331.3396,0.0089
208.1019,41.0268,18.3971,331.3409,0.0086
208.2269,41.0261,18.3974,331.3423,0.0080
208.3524,41.0252,18.3977,331.3469,0.0092
208.4765,41.0243,18.3978,331.3455,0.0082
208.8099,41.0225,18.3983,331.3499,0.0065
208.9398,41.0221,18.3987,331.3576,0.0066
209.0654,41.0217,18.3989,331.3581,0.0052
209.1896,41.0209,18.3992,331.3607,0.0081
209.3128,41.0203,18.3996,331.3611,0.0075
209.4364,41.0198,18.3999,331.3615,0.0070
209.7697,41.0186,18.4006,331.3545,0.0055
209.8934,41.0177,18.4015,331.3617,0.0151
210.0172,41.0168,18.4023,331.3593,0.0132
210.1414,41.0160,18.4031,331.3597,0.0137
210.2666,41.0150,18.4039,331.3601,0.0137
210.3907,41.0137,18.4047,331.3557,0.0169
210.7241,41.0130,18.4115,331.2523,0.0258
210.8481,41.0516,18.4569,334.7871,0.4915
210.9720,41.0805,18.4507,352.2600,0.2409
211.0965,41.0872,18.4604,6.4810,0.1150
211.2215,41.0841,18.4626,7.0805,0.0311
211.6373,41.0839,18.4625,7.1306,0.0005
211.7612,41.0842,18.4614,7.1996,0.0089
211.8868,41.0850,18.4610,7.1466,0.0074
212.0133,41.0845,18.4609,7.1568,0.0036
212.1381,41.0810,18.4609,7.2207,0.0280
212.2627,41.0809,18.4608,7.2207,0.0013
212.5961,41.0811,18.4608,7.2235,0.0005
212.7230,41.0812,18.4608,7.2208,0.0009
212.8484,41.0813,18.4608,7.2211,0.0006
212.9743,41.0814,18.4607,7.2208,0.0008
213.0992,41.0814,18.4607,7.2208,0.0007
213.5156,41.0818,18.4607,7.2210,0.0008
213.6419,41.0819,18.4607,7.2208,0.0009
213.7675,41.0820,18.4606,7.2210,0.0009
213.8924,41.0821,18.4606,7.2210,0.0011
214.0168,41.0823,18.4606,7.2210,0.0010
214.4337,41.0827,18.4605,7.2210,0.0011
214.5574,41.0828,18.4605,7.2210,0.0012
214.6820,41.0830,18.4605,7.2211,0.0011
214.8096,41.0831,18.4605,7.2212,0.0012
214.9358,41.0833,18.4604,7.2213,0.0014
215.3518,41.0839,18.4603,7.2213,0.0015
215.4778,41.0841,18.4603,7.2212,0.0015
215.6025,41.0843,18.4603,7.2214,0.0018
215.7294,41.0846,18.4602,7.2215,0.0018
215.8563,41.0918,18.4593,7.2175,0.0573
216.2728,41.7871,18.3757,7.0902,1.6818
216.4113,42.0510,18.3436,7.0773,1.9189
216.5357,42.2786,18.3158,7.0569,1.8438
216.6606,42.4963,18.2866,7.0431,1.7581
216.7858,42.5619,18.2795,7.1020,0.5277
217.1909,42.5640,18.2793,7.1000,0.0051
217.3226,42.5645,18.2792,7.1002,0.0046
217.4485,42.5652,18.2791,7.1006,0.0051
217.5726,42.5660,18.2790,7.1007,0.0064
217.6976,42.5659,18.2790,7.1007,0.0009
218.1137,42.5656,18.2791,7.1004,0.0008
218.2402,42.5655,18.2791,7.1004,0.0008
218.3656,42.5654,18.2791,7.1004,0.0009
218.4909,42.5653,18.2791,7.1005,0.0011
218.6159,42.5651,18.2791,7.1002,0.0010
218.7404,42.5650,18.2791,7.1002,0.0011
219.0737,42.5646,18.2791,7.1003,0.0013
219.1990,42.5644,18.2791,7.1002,0.0013
219.3241,42.5642,18.2791,7.1001,0.0014
219.4497,42.5640,18.2791,7.1001,0.0015
219.5751,42.5638,18.2791,7.0999,0.0020
219.9922,42.5629,18.2792,7.0999,0.0021
220.1164,42.5606,18.2775,7.3775,0.0227
220.2420,42.5607,18.2776,7.4313,0.0010
220.3657,42.5607,18.2777,7.4895,0.0007
220.4908,42.5607,18.2777,7.5558,0.0004
220.9101,42.5607,18.2776,7.6807,0.0002
221.0349,42.5598,18.2719,18.5338,0.0951
221.1609,42.5618,18.2756,36.9592,0.0343
221.2851,42.5660,18.2733,56.1246,0.0420
221.4107,42.5688,18.2725,71.4054,0.0635
221.5370,42.5708,18.2724,73.3951,0.0160
221.8703,42.5708,18.2724,73.3998,0.0000
221.9968,42.5708,18.2724,73.4001,0.0000
222.1258,42.5708,18.2724,73.3998,0.0000
222.2529,42.5708,18.2724,73.3999,0.0000
222.3813,42.5708,18.2724,73.3999,0.0000
222.8004,42.5708,18.2724,73.3998,0.0000
222.9342,42.5708,18.2724,73.3998,0.0000
223.0635,42.5708,18.2724,73.4001,0.0000
223.1918,42.5708,18.2724,73.3999,0.0000
223.3203,42.5708,18.2724,73.3999,0.0000
223.4497,42.5708,18.2724,73.3998,0.0000
223.8111,42.5708,18.2724,73.4000,0.0000
223.9387,42.5708,18.2724,73.4000,0.0000
224.0671,42.5708,18.2724,73.3999,0.0000
224.1950,42.5708,18.2724,73.3999,0.0000
224.3222,42.5708,18.2724,73.3999,0.0000
224.7404,42.5699,18.2730,73.4554,0.0026
224.8671,42.5673,18.2732,73.3729,0.0203
224.9981,42.5672,18.2737,73.3764,0.0038
225.1263,42.5671,18.2741,73.3771,0.0030
225.2550,42.5670,18.2745,73.3769,0.0035
225.3837,42.5669,18.2749,73.3771,0.0031
225.7170,42.5666,18.2761,73.3770,0.0038
225.8447,42.5665,18.2766,73.3767,0.0039
225.9731,42.5662,18.2767,73.3775,0.0027
226.1013,42.5662,18.2766,73.3774,0.0005
226.2310,42.5663,18.2765,73.3777,0.0006
226.3597,42.5663,18.2765,73.3775,0.0005
226.6931,42.5664,18.2763,73.3775,0.0006
226.8187,42.5664,18.2762,73.3773,0.0006
226.9485,42.5664,18.2761,73.3777,0.0007
227.0777,42.5665,18.2760,73.3777,0.0008
227.2059,42.5665,18.2759,73.3778,0.0008
227.3346,42.5665,18.2758,73.3774,0.0009
227.6679,42.5666,18.2755,73.3778,0.0009
227.7952,42.5667,18.2754,73.3778,0.0012
227.9243,42.5667,18.2753,73.3778,0.0010
228.0524,42.5668,18.2751,73.3779,0.0012
228.1810,42.5703,18.2638,73.3266,0.0922
228.3093,42.6158,18.1188,73.2121,1.1859
228.6427,42.8045,17.4945,73.1571,1.9566
228.7452,42.8601,17.3087,73.1701,1.8906
228.8733,42.9373,17.0512,73.1539,2.0990
229.0001,42.9954,16.8630,72.3862,1.5641
229.1266,43.0764,16.6395,72.1256,1.8817
229.2537,43.1711,16.4000,72.3311,2.0276
229.5871,43.3651,15.8249,71.8846,1.8208
229.6891,43.4361,15.6414,71.7443,1.9298
229.8158,43.4807,15.4766,71.6917,1.3476
229.9409,43.4852,15.4754,71.6886,0.0604
230.0670,43.4855,15.4751,71.6947,0.0040
230.1928,43.4853,15.4750,71.6957,0.0018
230.5685,43.4854,15.4747,71.6958,0.0010
230.6947,43.4855,15.4746,71.6958,0.0011
230.8204,43.4855,15.4744,71.6955,0.0011
230.9459,43.4855,15.4743,71.6958,0.0011
231.0716,43.4856,15.4741,71.6962,0.0013
231.4906,43.4857,15.4737,71.6928,0.0011
231.6157,43.4857,15.4735,71.6931,0.0016
231.7419,43.4858,15.4733,71.6936,0.0014
231.8669,43.4858,15.4731,71.6941,0.0014
231.9926,43.4859,15.4729,71.6932,0.0018
232.4112,43.4860,15.4722,71.6957,0.0018
232.5363,43.4861,15.4719,71.6956,0.0025
232.6627,43.4862,15.4716,71.6956,0.0023
232.7883,43.4862,15.4713,71.6956,0.0022
232.9144,43.4863,15.4711,71.6958,0.0024
233.3320,43.4865,15.4691,71.7502,0.0047
233.4581,43.4823,15.4495,71.0469,0.1670
233.5842,43.4698,15.4357,70.5755,0.1504
233.7107,43.4661,15.4318,69.9103,0.0433
233.8376,43.4672,15.4358,72.1983,0.0408
234.2577,43.4637,15.4530,132.4607,0.0590
234.3694,43.4560,15.4364,145.6964,0.2229
234.5008,43.4551,15.4259,147.7912,0.0817
234.6334,43.4551,15.4259,147.7677,0.0002
234.7649,43.4551,15.4259,147.7525,0.0001
234.8979,43.4535,15.4255,147.8475,0.0124
235.2411,43.4512,15.4247,147.9591,0.0077
235.3717,43.4467,15.4256,147.8333,0.0418
235.5044,43.4459,15.4250,147.8221,0.0080
235.6373,43.4461,15.4250,147.8227,0.0012
235.7685,43.4462,15.4251,147.8230,0.0011
235.9001,43.4464,15.4252,147.8234,0.0013
236.2110,43.4467,15.4253,147.8239,0.0012
236.3406,43.4468,15.4254,147.8243,0.0012
236.4727,43.4470,15.4255,147.8246,0.0014
236.6053,43.4471,15.4255,147.8252,0.0012
236.7373,43.4473,15.4256,147.8255,0.0014
237.1582,43.4478,15.4259,147.8265,0.0013
237.2937,43.4480,15.4260,147.8272,0.0015
237.4252,43.4481,15.4260,147.8275,0.0013
237.5576,43.4483,15.4261,147.8278,0.0017
237.6912,43.4485,15.4262,147.8283,0.0016
237.8231,43.4487,15.4263,147.8288,0.0014
238.1565,43.4491,15.4265,147.8299,0.0014
238.2868,43.4493,15.4266,147.8305,0.0014
238.4203,43.4495,15.4267,147.8310,0.0016
238.5524,43.4497,15.4268,147.8317,0.0017
238.6855,43.4431,15.4320,148.3114,0.0632
238.8170,43.4350,15.4283,148.1626,0.0687
239.1503,43.4339,15.4282,148.2191,0.0032
239.2806,43.3544,15.4572,143.4497,0.6501
239.4138,43.3570,15.4579,142.2285,0.0505
239.5468,43.3570,15.4579,142.2462,0.0003
239.6802,43.3569,15.4580,142.2602,0.0004
240.1010,43.3570,15.4580,142.2898,0.0002
240.2383,43.3570,15.4580,142.2999,0.0001
240.3704,43.3570,15.4580,142.3073,0.0001
240.5068,43.3570,15.4580,142.3141,0.0001
240.6446,43.3570,15.4580,142.3204,0.0001
240.7794,43.3570,15.4580,142.3253,0.0001
241.1085,43.3570,15.4580,142.3354,0.0001
241.2435,43.3570,15.4580,142.3387,0.0001
241.3794,43.3570,15.4580,142.3412,0.0000
241.5166,43.3570,15.4580,142.3439,0.0000
241.6529,43.3570,15.4580,142.3457,0.0000
241.7846,43.3570,15.4580,142.3474,0.0001
242.1097,43.3570,15.4579,142.3615,0.0001
242.2416,43.3570,15.4580,142.3651,0.0000
242.3753,43.3570,15.4579,142.3678,0.0000
242.5084,43.3570,15.4579,142.3699,0.0000
242.6403,43.3565,15.4582,142.3603,0.0044
242.7750,43.3565,15.4582,142.3416,0.0003
243.1083,43.3565,15.4582,142.3099,0.0001
243.2435,43.3775,15.4581,135.4552,0.1578
243.3772,43.3794,15.4503,135.3924,0.0644
243.5097,43.3810,15.4456,135.6618,0.0411
243.6427,43.3810,15.4465,135.8017,0.0090
244.0654,43.3811,15.4467,135.8599,0.0006
244.1973,43.3809,15.4475,135.8592,0.0063
244.3299,43.3839,15.4427,133.1732,0.0692
244.4624,43.3718,15.4483,116.6012,0.1014
244.5961,43.3557,15.4510,110.0403,0.1237
244.7286,43.3558,15.4510,110.0528,0.0005
245.0619,43.3558,15.4510,110.0758,0.0002
245.1925,43.3558,15.4510,110.0791,0.0001
245.3244,43.3558,15.4510,110.0806,0.0001
245.4562,43.3558,15.4510,110.0814,0.0000
245.5864,43.3558,15.4510,110.0826,0.0001
245.7177,43.3558,15.4510,110.0868,0.0000
246.0510,43.3558,15.4510,110.0911,0.0000
246.1814,43.3558,15.4510,110.0912,0.0000
246.3124,43.3558,15.4510,110.0910,0.0000
246.4452,43.3558,15.4510,110.0916,0.0000
246.5767,43.3558,15.4510,110.0918,0.0000
246.9975,43.3558,15.4510,110.0920,0.0000
247.1281,43.3558,15.4510,110.0919,0.0000
247.2593,43.3558,15.4510,110.0926,0.0000
247.3898,43.3558,15.4510,110.0926,0.0001
247.5238,43.3558,15.4510,110.0929,0.0000
247.6553,43.3618,15.4593,111.4131,0.0787
247.9887,43.3614,15.4725,111.9999,0.0400
248.1191,43.3340,15.5482,110.7931,0.6225
248.2525,43.3387,15.5753,109.8716,0.2134
248.3846,43.3461,15.5774,109.8825,0.0699
248.5172,43.3465,15.5781,109.8894,0.0066
248.6486,43.3286,15.5291,109.8404,0.4061
248.9819,43.1291,14.9406,110.7235,1.8663
249.0881,43.0526,14.7632,110.7780,1.8331
249.2172,42.9471,14.5128,110.8213,2.1078
249.3474,42.8648,14.3049,110.8279,1.7185
249.4750,42.7684,14.0567,110.6329,2.0864
249.6146,42.6770,13.8186,110.8865,1.8271
249.9479,42.4497,13.2531,110.9967,1.8284
250.0540,42.4060,13.1746,110.1030,0.8477
250.1832,42.4090,13.1756,110.0947,0.0325
250.3134,42.4092,13.1761,110.0939,0.0043
250.4418,42.4094,13.1765,110.0932,0.0033
250.8609,42.4100,13.1781,110.0939,0.0042
250.9955,42.4103,13.1787,110.0941,0.0045
251.1259,42.4105,13.1792,110.0935,0.0042
251.2564,42.4106,13.1795,110.0934,0.0027
251.3888,42.4107,13.1797,110.0934,0.0015
251.8086,42.4109,13.1803,110.0931,0.0016
251.9370,42.4109,13.1805,110.0938,0.0018
252.0687,42.4110,13.1807,110.0931,0.0014
252.1990,42.4111,13.1809,110.0934,0.0019
252.3299,42.4111,13.1811,110.0933,0.0014
252.7517,42.4114,13.1818,110.0933,0.0016
252.8826,42.4114,13.1820,110.0933,0.0020
253.0141,42.4115,13.1823,110.0952,0.0021
253.1444,42.4116,13.1825,110.0954,0.0018
253.2754,42.4117,13.1827,110.0956,0.0018
253.6525,42.4118,13.1833,110.0959,0.0016
253.7821,42.4076,13.1608,110.6608,0.2054
253.9128,42.3895,13.1090,123.9407,0.4197
254.0444,42.3787,13.0748,139.0996,0.2809
254.1753,42.3835,13.0718,140.6362,0.0442
254.5879,42.3836,13.0719,140.4753,0.0006
254.7188,42.3836,13.0719,140.4395,0.0007
254.8501,42.3836,13.0719,140.4119,0.0007
254.9823,42.3837,13.0718,140.3567,0.0011
255.1152,42.3837,13.0717,140.3120,0.0007
255.5137,42.3837,13.0718,140.2181,0.0003
255.6447,42.3837,13.0718,140.2025,0.0002
255.7759,42.3838,13.0718,140.1924,0.0002
255.9062,42.3839,13.0719,140.1831,0.0011
256.0388,42.3840,13.0719,140.1568,0.0010
256.4275,42.3843,13.0720,140.0895,0.0010
256.5569,42.3844,13.0721,140.0673,0.0009
256.6880,42.3845,13.0721,140.0863,0.0009
256.8201,42.3846,13.0720,140.1039,0.0009
256.9523,42.3847,13.0720,140.1098,0.0001
257.3737,42.3841,13.0724,140.1948,0.0016
257.5041,42.3951,13.0713,138.8410,0.0854
257.6365,42.3940,13.0701,138.8130,0.0124
257.7682,42.3928,13.0689,138.8096,0.0130
257.9001,42.3928,13.0689,138.8116,0.0002
258.3214,42.3928,13.0689,138.8120,0.0000
258.4508,42.3928,13.0689,138.8120,0.0000
258.5831,42.3928,13.0689,138.8120,0.0000
258.7146,42.3928,13.0689,138.8121,0.0000
258.8475,42.3928,13.0689,138.8120,0.0000
259.2689,42.3928,13.0689,138.8121,0.0000
259.3995,42.3928,13.0689,138.8121,0.0000
259.5314,42.3928,13.0689,138.8120,0.0000
259.6634,42.3928,13.0689,138.8120,0.0000
259.7955,42.3928,13.0689,138.8121,0.0000
260.2173,41.8859,12.6155,138.5110,1.6124
260.3265,41.7441,12.5066,138.7475,1.6383
260.4564,41.6147,12.4448,136.8219,1.2339
260.5857,41.4997,12.3136,136.5316,1.3481
260.7130,41.4386,12.2485,136.6724,0.7014
260.8409,41.4498,12.2499,136.8173,0.1073
261.1743,41.4438,12.2562,136.5211,0.0438
261.3033,41.4385,12.2588,136.3343,0.0705
261.4336,41.4323,12.2627,136.0829,0.0901
261.5641,41.4281,12.2655,135.9426,0.0668
261.6939,41.4294,12.2662,135.9606,0.0120
261.8238,41.4302,12.2665,135.9684,0.0070
262.1572,41.4317,12.2672,135.9696,0.0053
262.2857,41.4323,12.2674,135.9700,0.0055
262.4190,41.4334,12.2677,135.9646,0.0086
262.5498,41.4344,12.2680,135.9625,0.0089
262.6816,41.4353,12.2686,135.9577,0.0082
263.0584,41.4356,12.2688,135.9571,0.0007
263.1868,41.4356,12.2688,135.9573,0.0000
263.3174,41.4356,12.2688,135.9573,0.0000
263.4483,41.4356,12.2688,135.9574,0.0000
263.5801,41.4356,12.2688,135.9573,0.0000
264.0003,41.4356,12.2688,135.9574,0.0000
264.1300,41.4753,12.2824,134.2847,0.3251
264.2605,41.4824,12.2824,134.1131,0.0562
264.3914,41.4829,12.2820,134.1875,0.0098
264.5235,41.4837,12.2816,134.1775,0.0132
264.9429,41.5990,12.3695,179.5543,0.3457
265.0856,41.6207,12.3794,183.8651,0.2598
265.2134,41.6095,12.3684,183.6757,0.1227
265.3415,41.5994,12.3595,183.5427,0.1060
265.4691,41.5874,12.3486,183.4879,0.1302
265.8883,41.6015,12.3606,184.0354,0.0452
266.0148,41.6171,12.3770,182.9638,0.2026
266.1413,41.6209,12.3765,182.9829,0.0301
266.2679,41.6246,12.3761,183.0322,0.0297
266.3959,41.6242,12.3762,183.0347,0.0027
266.8133,41.6232,12.3762,183.0350,0.0026
266.9384,41.6229,12.3762,183.0353,0.0024
267.0648,41.6226,12.3761,183.0354,0.0024
267.1909,41.6222,12.3761,183.0355,0.0027
267.3168,41.6219,12.3761,183.0357,0.0023
267.7358,41.6210,12.3761,183.0362,0.0023
267.8660,41.6207,12.3761,183.0369,0.0023
267.9942,41.6202,12.3761,183.0371,0.0034
268.1214,41.6197,12.3761,183.0374,0.0040
268.2469,41.6192,12.3761,183.0375,0.0042
268.6222,41.6181,12.3760,183.0380,0.0029
268.7464,41.6178,12.3760,183.0384,0.0029
268.8726,41.6173,12.3760,183.0385,0.0037
268.9991,41.6169,12.3760,183.0352,0.0034
269.1267,41.6163,12.3759,183.0354,0.0044
269.5447,41.6140,12.3759,183.0362,0.0056
269.6700,41.6134,12.3759,183.0364,0.0043
269.7971,41.6128,12.3759,183.0369,0.0052
269.9227,41.6123,12.3759,183.0371,0.0040
270.0503,41.6119,12.3759,183.0375,0.0027
270.4686,41.6108,12.3759,183.0382,0.0028
270.5931,41.6107,12.3759,183.0382,0.0004
270.7219,41.6107,12.3760,183.0382,0.0003
270.8472,41.6107,12.3760,183.0382,0.0002
270.9737,41.6106,12.3760,183.0383,0.0003
271.3911,41.6105,12.3760,183.0384,0.0003
271.5173,41.6105,12.3760,183.0383,0.0002
271.6434,41.6103,12.3760,183.0387,0.0012
271.7691,41.6101,12.3760,183.0389,0.0017
271.8954,41.6098,12.3760,183.0367,0.0021
272.2704,41.6092,12.3760,183.0361,0.0018
272.4046,41.6090,12.3761,183.0349,0.0016
272.5316,41.5973,12.3763,183.0291,0.0923
272.6571,41.4403,12.3824,182.9450,1.2514
272.7848,41.2109,12.3960,182.9064,1.8002
273.2014,41.0208,12.4155,182.9813,0.4586
273.3270,41.0214,12.4155,182.9815,0.0044
273.4526,41.0220,12.4154,182.9812,0.0051
273.5786,41.0226,12.4154,182.9810,0.0044
273.7056,41.0230,12.4153,182.9805,0.0036
274.1223,41.0242,12.4151,182.9798,0.0028
274.2483,41.0246,12.4151,182.9796,0.0030
274.3739,41.0250,12.4150,182.9794,0.0036
274.4996,41.0254,12.4149,182.9799,0.0031
274.6263,41.0258,12.4149,182.9796,0.0033
275.0361,41.0269,12.4147,182.9784,0.0028
275.1652,41.0274,12.4147,182.9778,0.0040
275.2917,41.0280,12.4146,182.9774,0.0049
275.4166,41.0286,12.4145,182.9768,0.0045
275.5415,41.0292,12.4145,182.9761,0.0045
275.9581,41.0313,12.4142,182.9766,0.0052
276.0817,41.0320,12.4141,182.9816,0.0056
276.2067,41.0326,12.4140,182.9816,0.0050
276.3322,41.0296,12.4121,183.0685,0.0281
276.4585,41.0180,12.4160,182.5493,0.0969
276.8759,40.5941,12.4206,148.0914,1.0159
276.9865,40.4924,12.4288,141.3133,0.9463
277.1178,40.4692,12.4281,140.4148,0.1800
277.2456,40.4788,12.4256,140.3227,0.0892
277.3738,40.4771,12.4247,140.3111,0.0152
277.5037,40.4755,12.4236,140.3125,0.0150
277.8322,40.4734,12.4222,140.3145,0.0078
277.9612,40.4728,12.4218,140.3142,0.0052
278.0920,40.4719,12.4213,140.3152,0.0081
278.2237,40.4711,12.4207,140.3157,0.0078
278.3530,40.4700,12.4200,140.3165,0.0101
278.7733,40.4670,12.4180,140.3213,0.0085
278.9008,40.4664,12.4176,140.3223,0.0063
279.0304,40.4656,12.4171,140.3265,0.0067
279.1611,40.4647,12.4164,140.3278,0.0090
279.2904,40.4638,12.4158,140.3286,0.0084
279.7099,40.4603,12.4133,140.3321,0.0102
279.8376,40.4590,12.4124,140.3301,0.0134
279.9670,40.4577,12.4114,140.3333,0.0127
280.0984,40.4562,12.4104,140.3308,0.0139
280.2278,40.4547,12.4093,140.3353,0.0146
280.6474,40.4507,12.4066,140.3360,0.0117
280.7761,40.4492,12.4057,140.3333,0.0132
280.9060,40.4480,12.4049,140.3339,0.0115
281.0366,40.4466,12.4039,140.3379,0.0136
281.1672,40.4454,12.4030,140.3406,0.0115
281.5858,40.3379,12.3256,140.4410,0.3200
281.6926,40.1963,12.2303,141.4593,1.5991
281.8224,39.9923,12.0783,142.9021,2.0245
281.9547,39.7297,11.8855,144.1633,2.6197
282.0926,39.4889,11.7170,144.6176,2.2783
282.5178,38.9360,11.3032,146.2087,1.8618
282.6537,38.7577,11.1330,145.4660,2.0774
282.7935,38.5653,10.9995,146.6576,1.8406
282.9311,38.3915,10.8776,147.1527,1.6517
283.3568,37.8368,10.5039,150.6450,1.6941
283.4887,37.6673,10.4162,151.5571,1.6266
283.6240,37.5188,10.3947,154.7832,1.2846
283.7622,37.4803,10.3847,153.6266,0.3019
283.8985,37.4968,10.3928,151.7103,0.1960
284.2318,37.4921,10.3823,151.5531,0.0411
284.3662,37.4942,10.3782,151.3200,0.0375
284.5063,37.4920,10.3766,151.3400,0.0214
284.6442,37.4895,10.3748,151.3651,0.0238
285.0536,37.4819,10.3691,151.4454,0.0261
285.1877,37.4801,10.3677,151.4557,0.0172
285.3253,37.4782,10.3662,151.4660,0.0197
285.4637,37.4760,10.3646,151.4838,0.0216
285.6039,37.4739,10.3628,151.4986,0.0203
285.8341,37.4707,10.3610,151.5548,0.0170
285.9700,37.4689,10.3596,151.5739,0.0186
286.1078,37.4662,10.3578,151.6180,0.0254
286.2464,37.4652,10.3573,151.6540,0.0086
286.3842,37.4649,10.3572,151.6658,0.0024
286.6462,37.4647,10.3570,151.6773,0.0012
286.7804,37.4648,10.3571,151.6751,0.0010
286.9197,37.4648,10.3571,151.6751,0.0002
287.0569,37.4624,10.3542,151.5633,0.0284
287.1960,37.4551,10.3526,148.7278,0.0683
287.4649,37.4565,10.3495,147.3377,0.0146
287.6046,37.3913,10.2674,154.9606,0.7740
287.7425,37.3710,10.2271,157.8677,0.3287
287.8808,37.3710,10.2264,157.8735,0.0051
288.0183,37.3767,10.2403,159.4081,0.1101
288.3074,37.3882,10.2698,161.2034,0.1101
288.4439,37.4151,10.3236,167.0496,0.4425
288.5816,37.4229,10.3378,168.8110,0.1246
288.7186,37.4268,10.3363,168.9095,0.0359
288.8560,37.4290,10.3334,168.7915,0.0360
289.1451,37.4273,10.3282,168.5183,0.0196
289.2791,37.4287,10.3252,168.3962,0.0336
289.4152,37.4290,10.3181,168.0417,0.0580
289.5521,37.4283,10.3171,168.0054,0.0165
289.9452,37.4259,10.3161,168.0101,0.0073
290.0792,37.4243,10.3154,168.0053,0.0138
290.2153,37.4231,10.3150,168.0084,0.0099
290.3513,37.4217,10.3147,168.0222,0.0113
290.4879,37.4203,10.3143,168.0423,0.0107
290.7830,37.4189,10.3137,168.0358,0.0056
290.9184,37.4131,10.3227,163.3355,0.0811
291.0556,37.4157,10.3214,162.6855,0.0269
291.1928,37.4223,10.3343,164.5589,0.1055
291.5664,37.4187,10.3465,166.1042,0.0391
291.7008,37.3854,10.3446,166.3607,0.2569
291.8370,37.3846,10.3454,166.4932,0.0229
291.9750,37.3829,10.3446,166.4935,0.0151
292.3279,37.3790,10.3429,166.4790,0.0127
292.4622,37.3777,10.3422,166.4657,0.0118
292.5992,37.3764,10.3415,166.4507,0.0118
292.7353,37.3748,10.3407,166.4466,0.0132
292.8725,37.3733,10.3399,166.4507,0.0133
293.1631,37.3702,10.3381,166.4229,0.0129
293.2962,37.3686,10.3372,166.4161,0.0154
293.4322,37.3668,10.3363,166.4187,0.0160
293.5692,37.3652,10.3353,166.4063,0.0147
293.9436,37.3605,10.3331,166.4114,0.0150
294.0774,37.3595,10.3326,166.4041,0.0089
294.2132,37.3583,10.3318,166.3925,0.0109
294.3496,37.3573,10.3313,166.3890,0.0088
294.4850,37.3559,10.3305,166.3753,0.0129
294.7601,37.3530,10.3289,166.3593,0.0128
294.8936,37.3514,10.3281,166.3552,0.0142
295.0289,37.3480,10.3267,166.0891,0.0300
295.1649,37.3408,10.3359,163.1622,0.0902
295.5534,37.1047,10.2801,189.4621,0.6979
295.6864,37.0265,10.2876,194.3361,0.6597
295.8153,37.0094,10.2714,194.2422,0.2194
295.9461,37.0050,10.2718,194.1533,0.0370
296.0748,37.0007,10.2728,194.1362,0.0399
296.3422,36.9936,10.2761,194.1874,0.0371
296.4731,36.9909,10.2776,194.2607,0.0316
296.6032,36.9885,10.2787,194.3126,0.0274
296.7321,36.9855,10.2799,194.3627,0.0333
297.0959,36.9757,10.2819,194.2705,0.0310
297.2235,36.9719,10.2828,194.2220,0.0342
297.3521,36.9671,10.2837,194.1715,0.0435
297.4803,36.9635,10.2840,194.1337,0.0311
297.6086,36.9600,10.2844,194.1086,0.0310
297.8917,36.9515,10.2855,194.0838,0.0345
298.0203,36.9475,10.2861,194.0684,0.0354
298.1494,36.9433,10.2867,194.0590,0.0376
298.2797,36.9385,10.2872,194.0427,0.0423
298.4090,36.9345,10.2875,194.0021,0.0356
298.7336,36.9231,10.2886,193.9386,0.0402
298.8610,36.9184,10.2892,193.9051,0.0413
298.9890,36.9149,10.2898,193.9104,0.0332
299.1173,36.9108,10.2903,193.9144,0.0369
299.2468,36.8346,10.3009,193.5908,0.6598
299.5171,36.4012,10.3661,192.6396,1.7432
299.6470,36.1921,10.4090,191.9887,1.6820
299.7713,35.9552,10.4720,191.7387,2.0135
299.8958,35.7462,10.5288,191.8488,1.7689
300.0199,35.6319,10.5552,191.9532,0.9713
300.3358,35.6272,10.5462,191.7283,0.0529
300.4601,35.6258,10.5465,191.7283,0.0114
300.5834,35.6244,10.5467,191.7276,0.0120
300.7087,35.6225,10.5466,191.7198,0.0151
300.8329,35.6214,10.5470,191.7153,0.0097
301.1845,35.6184,10.5478,191.7183,0.0089
301.3089,35.6176,10.5481,191.7188,0.0069
301.4332,35.6167,10.5483,191.7194,0.0075
301.5581,35.6157,10.5486,191.7207,0.0083
301.6813,35.6148,10.5489,191.7216,0.0081
301.9817,35.6122,10.5498,191.7272,0.0091
302.1073,35.6111,10.5501,191.7291,0.0092
302.2322,35.6098,10.5505,191.7304,0.0108
302.3550,35.6088,10.5509,191.7322,0.0097
302.4787,35.6076,10.5511,191.7350,0.0095
302.8533,35.6051,10.5517,191.7350,0.0069
302.9778,35.6042,10.5519,191.7349,0.0075
303.1025,35.6035,10.5520,191.7332,0.0058
303.2267,35.6028,10.5521,191.7339,0.0057
303.3513,35.6011,10.5515,191.6199,0.0154
303.6846,35.5996,10.5527,191.4903,0.0059
303.8093,35.5949,10.5542,191.5807,0.0399
303.9330,35.5933,10.5529,191.5204,0.0186
304.0574,35.5920,10.5516,191.5514,0.0167
304.1821,35.5906,10.5513,191.5629,0.0138
304.5567,35.5862,10.5528,191.5908,0.0124
304.6787,35.5851,10.5531,191.5941,0.0095
304.8030,35.5843,10.5534,191.5972,0.0068
304.9279,35.5835,10.5536,191.5982,0.0063
305.0515,35.5826,10.5539,191.6017,0.0080
305.3849,35.5803,10.5546,191.6044,0.0071
305.5103,35.5794,10.5548,191.6051,0.0076
305.6343,35.5783,10.5552,191.6076,0.0093
305.7607,35.5773,10.5555,191.6117,0.0084
305.8864,35.5762,10.5558,191.6151,0.0094
306.2601,35.5723,10.5570,191.6191,0.0112
306.3830,35.5712,10.5572,191.6204,0.0091
306.5075,35.5702,10.5575,191.6214,0.0081
306.6313,35.5690,10.5578,191.6245,0.0101
306.7557,35.5681,10.5579,191.6238,0.0080
307.0890,35.5662,10.5582,191.6230,0.0057
307.2138,35.5508,10.5595,189.1340,0.1245
307.3381,35.4916,10.5266,179.4374,0.5496
307.4619,35.4474,10.5090,163.0155,0.4053
307.5866,35.4291,10.5034,158.5756,0.1593
307.9605,35.4290,10.5035,158.7025,0.0005
308.0932,35.4270,10.5097,159.8648,0.0490
308.2209,35.4267,10.5079,159.8872,0.0166
308.3491,35.4282,10.5060,159.9096,0.0201
308.4763,35.4271,10.5056,159.9100,0.0089
308.7778,35.4248,10.5047,159.9081,0.0083
308.9113,35.4237,10.5043,159.9090,0.0092
309.0373,35.4229,10.5040,159.9091,0.0068
309.1630,35.4223,10.5038,159.9091,0.0054
309.2888,35.4217,10.5036,159.9108,0.0047
309.6425,35.4191,10.5028,159.9097,0.0078
309.7730,35.4178,10.5023,159.9095,0.0107
309.8980,35.4166,10.5020,159.9094,0.0100
310.0238,35.4154,10.5015,159.9078,0.0102
310.1490,35.4142,10.5011,159.9080,0.0105
310.5244,35.4100,10.4997,159.9076,0.0121
310.6488,35.4086,10.4992,159.9050,0.0121
310.7744,35.4070,10.4986,159.9045,0.0140
310.9006,35.4055,10.4981,159.9052,0.0134
311.0275,35.4039,10.4976,159.9043,0.0134
311.4031,35.3995,10.4956,159.8994,0.0132
311.5298,35.2731,10.4531,160.0538,1.0572
311.6563,35.0405,10.3799,160.5657,1.9531
311.7823,34.9779,10.3631,161.1288,0.5195
311.9093,34.9776,10.3657,161.1692,0.0283
312.2825,34.9754,10.3650,161.1715,0.0063
312.4077,34.9747,10.3648,161.1724,0.0058
312.5335,34.9738,10.3645,161.1731,0.0074
312.6587,34.9735,10.3644,161.1761,0.0022
312.7849,34.9733,10.3643,161.1766,0.0019
313.1535,34.9727,10.3641,161.1779,0.0018
313.2801,34.9725,10.3640,161.1783,0.0015
313.4056,34.9724,10.3640,161.1785,0.0014
313.5322,34.9722,10.3639,161.1790,0.0016
313.6819,34.9720,10.3638,161.1794,0.0012
314.0271,34.9717,10.3637,161.1801,0.0010
314.1530,34.9715,10.3637,161.1804,0.0010
314.2829,34.9714,10.3636,161.1807,0.0008
314.4096,34.9713,10.3636,161.1808,0.0008
314.5348,34.9712,10.3636,161.1811,0.0009
314.9102,34.9708,10.3634,161.1831,0.0012
315.0377,34.9714,10.3643,161.3176,0.0087
315.1674,34.9743,10.3700,161.6857,0.0502
315.2931,34.9503,10.3640,163.4163,0.1971
315.4180,34.8522,10.3095,174.9829,0.9116
315.7894,34.7874,10.2832,184.5683,0.1960
315.9146,34.7943,10.2359,185.6000,0.3859
316.0386,34.7997,10.2287,185.4248,0.0882
316.1627,34.7986,10.2288,185.4291,0.0092
316.2898,34.7973,10.2289,185.4296,0.0096
316.6646,34.7944,10.2291,185.4269,0.0078
316.7920,34.7935,10.2292,185.4283,0.0076
316.9160,34.7926,10.2293,185.4286,0.0075
317.0396,34.7916,10.2294,185.4260,0.0075
317.1632,34.7907,10.2294,185.4262,0.0075
317.5376,34.7877,10.2297,185.4247,0.0081
317.6633,34.7868,10.2298,185.4248,0.0078
317.7883,34.7856,10.2299,185.4235,0.0097
317.9133,34.7841,10.2300,185.4242,0.0115
318.0371,34.7829,10.2301,185.4239,0.0101
318.4113,34.7790,10.2304,185.4242,0.0106
318.5367,34.7774,10.2306,185.4276,0.0129
318.6636,34.7756,10.2307,185.4250,0.0147
318.7873,34.7739,10.2308,185.4251,0.0146
318.9112,34.7720,10.2310,185.4234,0.0158
319.2838,34.7681,10.2313,185.4174,0.0105
319.4083,34.6140,10.2507,185.6347,1.2530
319.5315,34.3553,10.2740,185.9284,2.1224
319.6556,34.1479,10.2903,185.8258,1.6963
319.7791,33.9566,10.3200,185.7872,1.6101
320.1534,33.2463,10.3736,185.0907,1.9239
320.2892,33.0119,10.3982,185.2136,1.7505
320.4117,32.7538,10.4146,185.4898,2.1455
320.5344,32.5173,10.4311,185.3139,1.9970
320.6573,32.2669,10.4483,184.8878,2.1148
321.0536,31.5829,10.5073,184.0988,1.7437
321.1814,31.4619,10.5376,184.2997,1.0066
321.3026,31.4401,10.5605,184.8332,0.2663
321.4236,31.4370,10.5612,184.8510,0.0427
321.5465,31.4439,10.5481,184.5361,0.1334
321.9455,31.4881,10.4853,183.5076,0.1999
322.0680,31.4877,10.4831,183.5024,0.0544
322.1899,31.4801,10.4910,183.5573,0.1060
322.3125,31.4667,10.5027,183.6505,0.1657
322.4349,31.4656,10.5016,183.6384,0.0226
322.8088,31.4631,10.5018,183.6402,0.0067
322.9321,31.4621,10.5019,183.6420,0.0079
323.0532,31.4613,10.5019,183.6423,0.0068
323.1767,31.4605,10.5020,183.6429,0.0066
323.2978,31.4597,10.5020,183.6424,0.0069
323.7132,31.4570,10.5023,183.6361,0.0065
323.8348,31.4563,10.5023,183.6363,0.0060
323.9571,31.4556,10.5024,183.6374,0.0062
324.0786,31.4548,10.5024,183.6370,0.0065
324.2001,31.4542,10.5026,183.6407,0.0045
324.6144,31.4523,10.5029,183.6346,0.0047
324.7356,31.4273,10.5052,183.5239,0.2074
324.8567,31.2595,10.5287,183.6199,1.3992
324.9774,31.0646,10.5618,183.6174,1.6417
325.0996,30.8605,10.5966,183.5242,1.6942
325.5134,29.9586,10.6009,183.6824,2.2027
325.6431,29.7461,10.6209,182.8062,1.6623
325.7649,29.5922,10.6297,182.1764,1.2874
325.8853,29.5804,10.6313,182.1604,0.0995
326.0065,29.5794,10.6314,182.1608,0.0087
326.4213,29.5761,10.6318,182.1608,0.0079
326.5448,29.5753,10.6319,182.1613,0.0068
326.6677,29.5745,10.6320,182.1618,0.0069
326.7889,29.5736,10.6322,182.1675,0.0077
326.9095,29.5730,10.6322,182.1669,0.0047
327.3242,29.5714,10.6322,182.1690,0.0038
327.4474,29.5710,10.6322,182.1691,0.0036
327.5708,29.5705,10.6323,182.1678,0.0040
327.6934,29.5701,10.6323,182.1674,0.0031
327.8161,29.5698,10.6323,182.1673,0.0030
328.2305,29.5691,10.6324,182.1659,0.0017
328.3543,29.5689,10.6324,182.1660,0.0014
328.4763,29.5688,10.6324,182.1659,0.0010
328.5985,29.5687,10.6324,182.1658,0.0008
328.7207,29.5686,10.6325,182.1657,0.0007
329.0950,29.5682,10.6325,182.1667,0.0011
329.2236,29.5606,10.6314,181.9857,0.0604
329.3463,29.5144,10.6512,178.6964,0.4098
329.4693,29.4224,10.6883,168.2461,0.8120
329.5918,29.3298,10.7011,151.0069,0.7684
329.7157,29.2972,10.6995,144.4151,0.2638
330.0490,29.2984,10.7079,144.6180,0.0386
330.1728,29.3011,10.7048,144.8121,0.0335
330.3009,29.3000,10.7041,144.8131,0.0109
330.4264,29.2988,10.7034,144.8135,0.0107
330.5528,29.2976,10.7028,144.8167,0.0111
330.9692,29.2945,10.7011,144.8229,0.0086
331.0955,29.2935,10.7004,144.8239,0.0095
331.2219,29.2926,10.6999,144.8250,0.0082
331.3487,29.2921,10.6996,144.8291,0.0044
331.4752,29.2917,10.6993,144.8321,0.0044
331.8919,29.2902,10.6984,144.8336,0.0041
332.0162,29.2898,10.6981,144.8356,0.0040
332.1418,29.2893,10.6978,144.8367,0.0054
332.2700,29.2889,10.6975,144.8373,0.0032
332.3951,29.2889,10.6975,144.8374,0.0003
332.8130,29.2888,10.6974,144.8374,0.0002
332.9497,29.2888,10.6974,144.8374,0.0002
333.0756,29.2888,10.6974,144.8374,0.0002
333.2031,29.2888,10.6974,144.8375,0.0003
333.3289,29.2859,10.6975,144.7947,0.0231
333.7461,29.1226,10.6166,154.6348,0.4403
333.8855,29.0867,10.5967,156.1098,0.2989
334.0104,29.0858,10.5963,156.1105,0.0079
334.1349,29.0847,10.5958,156.1122,0.0091
334.2601,29.0839,10.5954,156.1120,0.0076
334.3858,29.0830,10.5951,156.1129,0.0074
334.7192,29.0805,10.5939,156.1172,0.0085
334.8435,29.0793,10.5934,156.1191,0.0105
334.9704,29.0782,10.5929,156.1210,0.0100
335.0951,29.0768,10.5923,156.1218,0.0119
335.2203,29.0758,10.5918,156.1223,0.0098
335.6360,29.0733,10.5908,156.1271,0.0065
335.7606,29.0729,10.5906,156.1277,0.0038
335.8870,29.0724,10.5904,156.1279,0.0037
336.0118,29.0719,10.5902,156.1282,0.0043
336.1380,29.0715,10.5901,156.1291,0.0037
336.5543,29.0702,10.5895,156.1301,0.0034
336.6790,29.0699,10.5894,156.1303,0.0030
336.8050,29.0694,10.5892,156.1328,0.0037
336.9294,29.0690,10.5890,156.1334,0.0035
337.0550,29.0686,10.5888,156.1340,0.0039
337.4719,29.0670,10.5882,156.1419,0.0041
337.5990,29.0664,10.5879,156.1451,0.0055
337.7235,29.0657,10.5876,156.1459,0.0057
337.8476,29.0651,10.5873,156.1474,0.0054
337.9719,29.0643,10.5870,156.1449,0.0069
338.3909,29.0619,10.5860,156.1501,0.0065
338.5145,29.0612,10.5857,156.1504,0.0061
338.6397,29.0604,10.5854,156.1559,0.0072
338.7643,29.0598,10.5852,156.1564,0.0054
338.8893,29.0592,10.5850,156.1567,0.0047
339.0143,29.0587,10.5848,156.1574,0.0041
339.3476,29.0577,10.5843,156.1588,0.0035
339.4738,29.0572,10.5841,156.1615,0.0045
339.5987,28.9845,10.5729,155.1991,0.6351
339.7238,28.9053,10.5777,153.2655,0.8302
339.8475,28.7761,10.5058,152.4088,1.1952
340.2633,27.9546,10.2016,153.7944,2.1650
340.3937,27.8467,10.0807,153.0752,1.2774
340.5278,27.7023,10.0189,153.3531,1.2254
340.6540,27.5046,9.9567,152.9020,1.6458
340.7791,27.3662,9.8491,150.5251,1.5409
341.1530,26.7255,9.3945,151.0909,2.1030
341.2850,26.5074,9.2932,151.3898,1.8452
341.4087,26.3559,9.2591,151.1541,1.2667
341.5316,26.1920,9.2320,151.7109,1.3570
341.6554,26.0525,9.1843,151.2512,1.1910
341.7791,25.8614,9.0972,152.0928,1.6977
342.1125,25.1128,8.8178,156.0927,2.4365
342.2388,24.8459,8.7253,156.7362,2.2764
342.3694,24.6096,8.6022,155.1039,2.1554
342.5008,24.3737,8.4381,152.4468,2.5481
342.6345,24.1821,8.2806,152.3762,1.9049
343.0122,23.8162,7.9176,150.0500,1.3914
343.1423,23.6470,7.8482,151.2474,1.4571
343.2683,23.4784,7.7594,151.9198,1.5326
343.3945,23.2646,7.5750,151.6682,2.2418
343.5197,23.0916,7.4659,151.3388,1.6349
343.8942,22.6416,7.2056,149.7203,1.4019
344.0292,22.6358,7.2036,148.8745,0.1096
344.1522,22.6451,7.2016,149.2764,0.1078
344.2763,22.6306,7.2022,148.2603,0.2256
344.4004,22.6024,7.1852,146.6866,0.5765
344.7744,22.2904,7.0977,141.4549,0.9175
344.9048,22.1505,7.0707,139.1321,1.1110
345.0244,22.0150,7.0708,133.8394,1.1360
345.1446,21.9813,7.0720,133.5029,0.2879
345.2655,21.9874,7.0720,133.8853,0.0531
345.6384,22.0091,7.0701,135.9890,0.0612
345.7609,22.0060,7.0735,135.3807,0.0382
345.8840,21.9987,7.0785,134.3205,0.0744
346.0070,21.9966,7.0818,133.8266,0.0352
346.1291,22.0028,7.0826,134.2769,0.0537
346.5302,22.0274,7.0798,136.5009,0.0629
346.6526,22.0199,7.0850,135.4219,0.0750
346.7737,22.0174,7.0885,134.8974,0.0378
346.8951,22.0166,7.0910,134.5678,0.0225
347.0161,22.0249,7.0955,134.7606,0.1288
347.4206,22.0809,7.0694,138.0719,0.1708
347.5432,22.1257,7.0481,141.4465,0.4066
347.6655,22.1780,7.0351,146.1012,0.4919
347.7869,22.2100,7.0503,147.5788,0.4052
347.9080,22.2222,7.0706,149.1339,0.2193
348.2813,22.2546,7.0883,150.3718,0.1282
348.4052,22.2601,7.1340,154.6122,0.3717
348.5272,22.3015,7.1834,154.5235,0.6802
348.6497,22.3713,7.2245,153.8622,0.6643
348.7715,22.4490,7.2492,152.7886,0.6992
349.1876,22.7651,7.4302,151.5520,0.9890
349.3208,23.0108,7.5128,150.3027,1.9470
349.4502,23.2273,7.6091,149.5132,1.8404
349.5774,23.4159,7.7418,150.2801,1.8158
349.7053,23.5739,7.8422,151.0111,1.4757
350.0809,23.9913,8.1631,152.1777,1.4357
350.2156,24.0798,8.2782,154.7170,1.0817
350.3531,24.2309,8.4074,154.9155,1.4667
350.4918,24.4272,8.5337,153.7000,1.7057
350.6282,24.5893,8.6499,153.9157,1.5548
350.9616,24.9867,9.0141,156.0956,1.7159
351.0917,25.1862,9.1407,154.7467,1.8288
351.2225,25.4186,9.2482,151.4435,1.9578
351.3502,25.6401,9.3269,150.7433,1.8566
351.4786,25.8478,9.4404,149.8393,1.8588
351.8695,26.3419,9.7144,149.3567,1.4503
352.0100,26.4162,9.7537,149.3241,0.6039
352.1382,26.4141,9.7527,149.3288,0.0191
352.2660,26.4122,9.7518,149.3348,0.0164
352.3948,26.4100,9.7507,149.3433,0.0196
352.7386,26.4065,9.7485,149.3437,0.0123
352.8656,26.4051,9.7477,149.3416,0.0128
352.9931,26.4038,9.7469,149.3419,0.0120
353.1208,26.4028,9.7464,149.3460,0.0087
353.2489,26.4018,9.7459,149.3466,0.0094
353.3777,26.4007,9.7452,149.3456,0.0103
353.6603,26.3989,9.7442,149.3494,0.0072
353.7880,26.3980,9.7438,149.3502,0.0081
353.9142,26.3970,9.7432,149.3523,0.0094
354.0416,26.3961,9.7427,149.3511,0.0083
354.1678,26.3949,9.7421,149.3548,0.0105
354.5861,26.3910,9.7399,149.3630,0.0109
354.7152,26.3897,9.7392,149.3649,0.0119
354.8429,26.3883,9.7384,149.3658,0.0126
354.9705,26.3871,9.7378,149.3693,0.0114
355.0980,26.3856,9.7370,149.3741,0.0137
355.5157,26.3810,9.7348,149.3921,0.0125
355.6436,26.4200,9.7553,147.8228,0.3546
355.7711,26.4145,9.7589,147.5925,0.0632
355.8988,26.4198,9.7482,151.7950,0.1030
356.0255,26.4208,9.7283,168.1982,0.1618
356.4436,26.4096,9.7089,188.6174,0.0612
356.5794,26.4189,9.6958,190.8811,0.1187
356.7012,26.4218,9.6980,191.0200,0.0335
356.8243,26.4222,9.6960,191.1147,0.0184
356.9464,26.4219,9.6960,191.1193,0.0028
357.0681,26.4215,9.6961,191.1194,0.0034
357.4014,26.4203,9.6963,191.1195,0.0035
357.5251,26.4199,9.6963,191.1189,0.0035
357.6471,26.4195,9.6964,191.1191,0.0035
357.7679,26.4190,9.6965,191.1189,0.0037
357.8891,26.4186,9.6965,191.1184,0.0037
358.3031,26.4170,9.6968,191.1173,0.0040
358.4271,26.4165,9.6969,191.1169,0.0041
358.5488,26.4160,9.6970,191.1163,0.0042
358.6709,26.4154,9.6971,191.1160,0.0050
358.7921,26.4149,9.6971,191.1181,0.0043
359.2070,26.4128,9.6975,191.1168,0.0051
359.3300,26.4122,9.6976,191.1156,0.0054
359.4516,26.4114,9.6977,191.1141,0.0064
359.5740,26.4107,9.6978,191.1130,0.0054
359.6960,26.4101,9.6979,191.1117,0.0055
360.1111,26.4074,9.6984,191.1035,0.0066
360.2384,26.4066,9.6984,191.1106,0.0069
360.3617,26.4055,9.6986,191.1092,0.0089
360.4837,26.2705,9.7248,191.0318,1.1292
360.6061,26.0548,9.7718,191.2243,1.8172
360.7282,25.8399,9.8245,191.7097,1.8573
361.0616,25.2110,9.9629,191.2722,1.9812
361.1904,24.9678,10.0011,190.6818,1.9653
361.3144,24.8110,10.0086,190.8767,1.2829
361.4376,24.8071,10.0106,191.1399,0.0548
361.5598,24.8062,10.0105,191.1213,0.0071
361.9342,24.8035,10.0105,191.1076,0.0074
362.0593,24.8030,10.0104,191.1013,0.0039
362.1827,24.8025,10.0104,191.0983,0.0040
362.3072,24.8020,10.0104,191.0954,0.0040
362.4311,24.8015,10.0105,191.0967,0.0044
362.8465,24.8002,10.0105,191.1006,0.0031
362.9703,24.7996,10.0106,191.1036,0.0050
363.0923,24.7989,10.0106,191.1012,0.0061
363.2160,24.7981,10.0104,191.0759,0.0070
363.3387,24.7973,10.0104,191.0713,0.0064
363.7129,24.7955,10.0104,191.0573,0.0050
363.8449,24.7951,10.0104,191.0556,0.0028
363.9694,24.7947,10.0104,191.0540,0.0029
364.0924,24.7943,10.0104,191.0518,0.0035
364.2153,24.7940,10.0104,191.0499,0.0029
364.6311,24.7928,10.0105,191.0503,0.0028
364.7538,24.7732,10.0366,190.3686,0.2766
364.8774,24.7711,10.0211,187.6258,0.1352
365.0010,24.7651,9.9927,173.4506,0.2364
365.1276,24.7807,9.9888,154.0920,0.2052
365.5041,24.7467,10.0066,137.0850,0.1567
365.6339,24.7335,10.0277,135.2660,0.1936
365.7631,24.7289,10.0322,135.2264,0.0501
365.8918,24.7276,10.0321,135.2480,0.0152
366.0203,24.7264,10.0309,135.2503,0.0142
366.4389,24.7251,10.0293,135.2612,0.0049
366.5679,24.7252,10.0294,135.2606,0.0014
366.6955,24.7253,10.0295,135.2599,0.0011
366.8237,24.7254,10.0296,135.2593,0.0007
366.9515,24.7254,10.0296,135.2594,0.0006
367.3272,24.7255,10.0297,135.2584,0.0003
367.4536,24.7255,10.0297,135.2585,0.0002
367.5835,24.7255,10.0298,135.2584,0.0001
367.7118,24.7256,10.0298,135.2580,0.0002
367.8392,24.7256,10.0298,135.2580,0.0000
368.2161,24.7256,10.0298,135.2582,0.0000
368.3431,24.7256,10.0298,135.2581,0.0000
368.4721,24.7256,10.0298,135.2582,0.0000
368.6002,24.7256,10.0298,135.2581,0.0000
368.7284,24.7256,10.0298,135.2581,0.0000
369.1001,24.7256,10.0298,135.2580,0.0000
369.2271,24.6335,9.9398,135.5993,1.0185
369.3562,24.4541,9.7307,135.0097,2.1510
369.4865,24.3058,9.5807,134.8006,1.6211
369.6140,24.1472,9.3970,134.4093,1.9566
370.0318,23.7070,8.8770,132.7592,1.6498
370.1707,23.6109,8.7779,133.0326,1.0064
370.2947,23.6154,8.7783,133.0269,0.0393
370.4200,23.6153,8.7782,133.0296,0.0011
370.5454,23.6151,8.7781,133.0299,0.0013
370.9198,23.6148,8.7779,133.0303,0.0011
371.0458,23.6147,8.7778,133.0308,0.0011
371.1704,23.6145,8.7777,133.0311,0.0011
371.2955,23.6144,8.7776,133.0316,0.0013
371.4202,23.6143,8.7776,133.0312,0.0010
371.7948,23.6141,8.7774,133.0330,0.0008
371.9216,23.6140,8.7773,133.0335,0.0011
372.0477,23.6139,8.7772,133.0338,0.0011
372.1730,23.6137,8.7771,133.0341,0.0012
372.2981,23.6136,8.7771,133.0344,0.0010
372.6728,23.6132,8.7767,133.0294,0.0015
372.7971,23.6130,8.7766,133.0292,0.0019
372.9232,23.6128,8.7764,133.0296,0.0022
373.0495,23.6126,8.7763,133.0300,0.0020
373.1757,23.6123,8.7761,133.0305,0.0023
373.5451,23.6119,8.7758,133.0305,0.0015
373.6709,23.5184,8.7515,137.4328,0.7760
373.7954,23.4625,8.7614,148.0733,0.4579
373.9202,23.4393,8.7703,164.7251,0.2139
374.0436,23.4089,8.7703,175.8611,0.2610
374.4184,23.4066,8.7441,176.5559,0.1056
374.5415,23.4164,8.7452,176.1652,0.0948
374.6643,23.4128,8.7492,176.1739,0.0629
374.7864,23.4120,8.7491,176.1781,0.0076
374.9085,23.4110,8.7490,176.1795,0.0077
375.2819,23.4085,8.7486,176.1773,0.0068
375.4032,23.4079,8.7486,176.1763,0.0055
375.5260,23.4072,8.7485,176.1758,0.0053
375.6475,23.4067,8.7484,176.1697,0.0049
375.7712,23.4058,8.7483,176.1678,0.0073
376.1848,23.4036,8.7481,176.1704,0.0054
376.3069,23.4030,8.7481,176.1652,0.0046
376.4285,23.4025,8.7481,176.1651,0.0039
376.5517,23.4020,8.7480,176.1670,0.0044
376.6731,23.4016,8.7480,176.1657,0.0035
377.0467,23.4008,8.7479,176.1613,0.0020
377.1664,23.4005,8.7479,176.1568,0.0029
377.2879,23.4001,8.7479,176.1551,0.0034
377.4142,23.3966,8.7476,176.1524,0.0274
377.5415,23.2607,8.7430,176.1824,1.0688
377.9158,22.5001,8.7634,175.7601,2.0343
378.0440,22.2699,8.7018,175.5320,1.8789
378.1659,22.0576,8.6668,175.8533,1.7724
378.2876,21.8520,8.6544,176.3446,1.7061
378.4128,21.6113,8.6641,176.9088,1.9382
378.7892,20.9233,8.6221,177.0611,1.8337
378.9208,20.7578,8.6458,177.7209,1.2876
379.0459,20.7461,8.6511,177.8638,0.1055
379.1684,20.7538,8.6428,177.6959,0.1037
379.2898,20.7534,8.6434,177.7204,0.0077
379.6645,20.7534,8.6434,177.7204,0.0001
379.7883,20.7533,8.6434,177.7204,0.0001
379.9120,20.7533,8.6434,177.7205,0.0001
380.0354,20.7533,8.6434,177.7204,0.0001
380.1606,20.7533,8.6434,177.7205,0.0001
380.5361,20.7533,8.6434,177.7205,0.0001
380.6588,20.7533,8.6434,177.7205,0.0002
380.7816,20.7532,8.6434,177.7206,0.0002
380.9041,20.7532,8.6434,177.7206,0.0002
381.0315,20.7532,8.6434,177.7207,0.0002
381.4074,20.7531,8.6434,177.7208,0.0002
381.5310,20.7531,8.6434,177.7208,0.0002
381.6537,20.7531,8.6434,177.7208,0.0002
381.7778,20.7530,8.6434,177.7209,0.0002
381.9019,20.7530,8.6434,177.7210,0.0002
382.2765,20.7525,8.6432,177.7295,0.0024
382.4015,20.7084,8.6458,180.2928,0.3539
382.5244,20.6991,8.6457,181.8939,0.0771
382.6469,20.6939,8.6469,182.0311,0.0441
382.7708,20.6917,8.6480,182.0460,0.0231
383.1454,20.6892,8.6491,182.0443,0.0079
383.2704,20.6888,8.6493,182.0494,0.0046
383.3945,20.6885,8.6493,182.0498,0.0022
383.5169,20.6883,8.6493,182.0500,0.0020
383.6420,20.6880,8.6493,182.0502,0.0020
384.0168,20.6872,8.6494,182.0515,0.0022
384.1409,20.6869,8.6494,182.0517,0.0023
384.2643,20.6866,8.6494,182.0523,0.0023
384.3872,20.6863,8.6494,182.0538,0.0024
384.5098,20.6861,8.6494,182.0548,0.0017
384.8841,20.6854,8.6495,182.0563,0.0019
385.0078,20.6851,8.6495,182.0564,0.0021
385.1316,20.6848,8.6495,182.0565,0.0025
385.2545,20.6845,8.6495,182.0566,0.0022
385.3774,20.6843,8.6495,182.0572,0.0023
385.7511,20.6833,8.6495,182.0573,0.0027
385.8750,20.6950,8.6448,182.6405,0.1063
385.9982,20.6704,8.6258,191.0641,0.2530
386.1206,20.6277,8.6073,206.3026,0.3855
386.2462,20.6215,8.6047,212.2446,0.0608
386.6221,20.6214,8.6047,212.1716,0.0003
386.7541,20.6214,8.6047,212.1465,0.0000
386.8835,20.6214,8.6047,212.1297,0.0000
387.0136,20.6214,8.6048,212.1128,0.0002
387.1390,20.6214,8.6048,212.0995,0.0000
387.5142,20.6214,8.6048,212.0728,0.0000
387.6402,20.6214,8.6048,212.0675,0.0000
387.7648,20.6214,8.6048,212.0632,0.0000
387.8888,20.6214,8.6048,212.0597,0.0000
388.0135,20.6214,8.6048,212.0563,0.0000
388.3874,20.6214,8.6048,212.0524,0.0000
388.5168,20.6214,8.6048,212.0514,0.0000
388.6494,20.6214,8.6048,212.0516,0.0000
388.7773,20.6214,8.6048,212.0515,0.0000
388.9053,20.6214,8.6048,212.0516,0.0000
389.2794,20.6214,8.6048,212.0516,0.0000
389.4045,20.6206,8.6050,212.0184,0.0061
389.5286,20.6197,8.6053,211.9939,0.0090
389.6520,20.6216,8.6046,212.2057,0.0171
389.7757,20.6213,8.6040,212.1551,0.0064
390.1505,20.6200,8.6047,212.1655,0.0040
390.2755,20.6184,8.6061,212.1500,0.0178
390.3988,20.5653,8.6426,212.2007,0.5226
390.5230,20.3883,8.7453,212.1600,1.6514
390.6460,20.1998,8.8644,212.1703,1.8206
390.9793,19.6984,9.1943,212.3109,1.8094
391.1188,19.4519,9.3281,212.5511,2.0230
391.2442,19.2394,9.4372,212.7636,1.9117
391.3676,19.0378,9.5586,212.6315,1.9200
391.4911,18.8154,9.7062,212.3411,2.1842
391.8916,18.2382,10.0203,212.4805,1.6409
392.0299,18.0394,10.1446,212.3468,1.7164
392.1527,17.8122,10.3422,211.8345,2.4542
392.2755,17.5950,10.5002,212.2890,2.1907
392.3966,17.3814,10.6349,212.2290,2.0885
392.7706,16.8982,10.9416,211.8895,1.5493
392.9085,16.6908,11.0824,211.8801,1.8180
393.0366,16.4656,11.2208,211.9156,2.0634
393.1678,16.3719,11.2774,211.9947,0.8355
393.2917,16.3702,11.2786,212.0041,0.0172
393.6428,16.3697,11.2789,212.0038,0.0016
393.7693,16.3695,11.2790,212.0036,0.0016
393.8915,16.3693,11.2791,212.0035,0.0020
394.0132,16.3691,11.2793,212.0034,0.0017
394.1346,16.3689,11.2794,212.0033,0.0018
394.5385,16.3682,11.2798,212.0032,0.0021
394.6590,16.3680,11.2800,212.0031,0.0025
394.7806,16.3678,11.2802,212.0015,0.0022
394.9020,16.3677,11.2803,212.0025,0.0015
395.0230,16.3675,11.2804,212.0025,0.0017
395.4370,16.3669,11.2809,212.0020,0.0021
395.5584,16.3666,11.2811,212.0019,0.0024
395.6796,16.3664,11.2813,212.0018,0.0026
395.8001,16.3661,11.2815,212.0012,0.0028
395.9205,16.3658,11.2817,212.0010,0.0028
396.3347,16.3649,11.2823,211.9996,0.0027
396.4566,16.3612,11.2784,212.1648,0.0442
396.5779,16.3558,11.2875,215.5251,0.0905
396.6995,16.3445,11.2968,229.0085,0.1218
396.8224,16.3488,11.2964,244.4454,0.0384
397.2359,16.3555,11.3021,257.5691,0.0226
397.3591,16.3555,11.3021,257.5490,0.0001
397.4830,16.3555,11.3021,257.5322,0.0001
397.6056,16.3555,11.3021,257.5175,0.0001
397.7278,16.3555,11.3021,257.5053,0.0001
398.1017,16.3555,11.3021,257.4760,0.0001
398.2264,16.3555,11.3021,257.4695,0.0000
398.3514,16.3555,11.3021,257.4630,0.0000
398.4747,16.3555,11.3021,257.4579,0.0000
398.5976,16.3555,11.3021,257.4537,0.0000
398.9718,16.3555,11.3021,257.4447,0.0000
399.1031,16.3555,11.3021,257.4430,0.0000
399.2258,16.3555,11.3021,257.4414,0.0000
399.3488,16.3555,11.3021,257.4398,0.0000
399.4719,16.3555,11.3021,257.4384,0.0000
399.8873,16.3555,11.3021,257.4370,0.0000
400.0110,16.3555,11.3021,257.4363,0.0000
400.1334,16.3555,11.3021,257.4361,0.0000
400.2574,16.3555,11.3021,257.4355,0.0000
400.3797,16.3555,11.3021,257.4355,0.0000
400.7536,16.3555,11.3021,257.4355,0.0000
400.8796,16.3555,11.3021,257.4355,0.0000
401.0036,16.3555,11.3021,257.4355,0.0000
401.1287,16.3555,11.3021,257.4355,0.0000
401.2510,16.3555,11.3021,257.4355,0.0000
401.6665,16.3555,11.3021,257.4355,0.0000
401.7897,16.3555,11.3021,257.4355,0.0000
401.9119,16.3555,11.3021,257.4355,0.0000
402.0344,16.3555,11.3021,257.4355,0.0000
402.1570,16.3555,11.3021,257.4355,0.0000
402.5314,16.3555,11.3021,257.4355,0.0000
402.6541,16.3555,11.3021,257.4355,0.0000
402.7764,16.3555,11.3021,257.4355,0.0000
402.8990,16.3555,11.3021,257.4355,0.0000
403.0219,16.3555,11.3021,257.4355,0.0000
403.3958,16.3555,11.3021,257.4355,0.0000
403.5218,16.3555,11.3021,257.4355,0.0000
403.6450,16.3555,11.3021,257.4355,0.0000
403.7680,16.3555,11.3021,257.4355,0.0000
403.8911,16.3555,11.3021,257.4355,0.0000
404.3062,16.3555,11.3021,257.4353,0.0000
404.4304,16.3567,11.3038,264.0941,0.0531
404.5529,16.3626,11.3022,282.6566,0.0513
404.6771,16.3694,11.3039,298.7448,0.0683
404.8008,16.3750,11.3037,302.4427,0.0451
405.2155,16.3749,11.3037,302.2664,0.0002
405.3388,16.3749,11.3037,302.2437,0.0001
405.4600,16.3749,11.3037,302.2273,0.0001
405.5812,16.3749,11.3037,302.2154,0.0001
405.7042,16.3749,11.3037,302.2064,0.0000
406.0779,16.3749,11.3037,302.1913,0.0000
406.2019,16.3749,11.3037,302.1890,0.0000
406.3244,16.3749,11.3037,302.1875,0.0000
406.4455,16.3749,11.3037,302.1865,0.0000
406.5667,16.3749,11.3037,302.1858,0.0000
406.9805,16.3749,11.3037,302.1839,0.0000
407.1044,16.3749,11.3037,302.1839,0.0000
407.2256,16.3749,11.3037,302.1843,0.0001
407.3479,16.3751,11.3035,302.1806,0.0022
407.4700,16.3751,11.3032,302.2433,0.0024
407.8845,16.3752,11.3029,302.2399,0.0008
408.0166,16.3754,11.3031,302.2372,0.0020
408.1398,16.3753,11.3030,302.2371,0.0015
408.2610,16.3752,11.3028,302.2372,0.0017
408.3833,16.3751,11.3026,302.2372,0.0018
408.7990,16.3746,11.3019,302.2369,0.0021
408.9266,16.4521,11.4167,302.3640,1.0867
409.0496,16.5718,11.6083,302.3843,1.8375
409.1715,16.7149,11.8330,302.3882,2.1853
409.2929,16.8383,12.0258,302.3801,1.8856
409.7082,17.2436,12.6697,302.4018,1.8318
409.8502,17.3533,12.8387,302.4549,1.4202
409.9709,17.3612,12.8504,302.4680,0.1169
410.0928,17.3612,12.8504,302.4679,0.0004
410.2143,17.3612,12.8504,302.4678,0.0003
410.6278,17.3611,12.8502,302.4679,0.0004
410.7488,17.3610,12.8502,302.4678,0.0004
410.8701,17.3610,12.8501,302.4679,0.0005
410.9916,17.3610,12.8501,302.4680,0.0005
411.1131,17.3609,12.8500,302.4680,0.0005
411.2341,17.3609,12.8500,302.4679,0.0005
411.5674,17.3608,12.8498,302.4679,0.0005
411.6902,17.3608,12.8498,302.4679,0.0006
411.8102,17.3607,12.8497,302.4680,0.0006
411.9306,17.3607,12.8496,302.4679,0.0007
412.0505,17.3606,12.8496,302.4679,0.0007
412.4653,17.3605,12.8493,302.4678,0.0008
412.5862,17.3604,12.8492,302.4678,0.0008
412.7073,17.3604,12.8491,302.4679,0.0009
412.8290,17.3603,12.8490,302.4677,0.0009
412.9491,17.3602,12.8489,302.4679,0.0009
413.3629,17.3600,12.8486,302.4680,0.0010
413.4833,17.3605,12.8473,302.4070,0.0114
413.6031,17.3674,12.8531,298.4468,0.0978
413.7245,17.3756,12.8592,283.5625,0.0864
413.8454,17.3743,12.8561,264.4112,0.0361
414.2591,17.3760,12.8536,244.7366,0.0186
414.3843,17.3760,12.8536,244.7914,0.0003
414.5063,17.3760,12.8536,244.8284,0.0002
414.6255,17.3760,12.8535,244.8496,0.0001
414.7459,17.3760,12.8535,244.8618,0.0001
415.1194,17.3760,12.8535,244.8768,0.0000
415.2422,17.3760,12.8535,244.8781,0.0000
415.3633,17.3760,12.8535,244.8794,0.0000
415.4846,17.3760,12.8535,244.8802,0.0000
415.6055,17.3760,12.8535,244.8802,0.0000
416.0186,17.3760,12.8535,244.8802,0.0000
416.1407,17.3760,12.8535,244.8806,0.0000
416.2614,17.3760,12.8535,244.8810,0.0000
416.3824,17.3760,12.8535,244.8813,0.0000
416.5028,17.3760,12.8535,244.8817,0.0000
416.9164,17.3760,12.8535,244.8814,0.0000
417.0367,17.3758,12.8536,244.9103,0.0017
417.1584,17.3761,12.8531,244.9133,0.0050
417.2771,17.3763,12.8528,244.9246,0.0032
417.3968,17.3764,12.8525,244.9242,0.0023
417.8106,17.3768,12.8516,244.9242,0.0024
417.9326,17.3769,12.8512,244.9242,0.0033
418.0538,17.3771,12.8509,244.9239,0.0030
418.1732,17.3772,12.8505,244.9239,0.0032
418.2945,17.3774,12.8502,244.9238,0.0033
418.6675,17.3779,12.8490,244.9239,0.0035
418.7970,17.3781,12.8488,244.9251,0.0027
418.9161,17.3782,12.8487,244.9244,0.0007
419.0371,17.3782,12.8486,244.9245,0.0008
419.1584,17.3783,12.8485,244.9244,0.0009
419.5726,17.3784,12.8482,244.9244,0.0010
419.6935,17.3785,12.8480,244.9242,0.0011
419.8131,17.3786,12.8479,244.9242,0.0011
419.9346,17.3786,12.8478,244.9241,0.0012
420.0547,17.3787,12.8477,244.9242,0.0012
420.4677,17.3789,12.8472,244.9240,0.0013
420.5879,17.3790,12.8470,244.9252,0.0016
420.7087,17.3791,12.8468,244.9252,0.0016
420.8293,17.3732,12.8572,244.8627,0.0988
420.9495,17.3076,12.9977,244.8308,1.2910
421.3232,17.0144,13.6231,244.7720,1.8479
421.4254,16.9656,13.7272,244.7908,1.1262
421.5453,16.9605,13.7379,244.7677,0.0989
421.6654,16.9604,13.7381,244.7655,0.0020
421.7869,16.9605,13.7380,244.7658,0.0005
421.9065,16.9605,13.7380,244.7657,0.0005
422.2398,16.9606,13.7378,244.7657,0.0005
422.3611,16.9606,13.7378,244.7659,0.0006
422.4819,16.9606,13.7377,244.7658,0.0006
422.6012,16.9606,13.7376,244.7658,0.0006
422.7208,16.9607,13.7376,244.7659,0.0007
423.1347,16.9608,13.7373,244.7658,0.0007
423.2561,16.9608,13.7372,244.7658,0.0008
423.3759,16.9609,13.7371,244.7658,0.0008
423.4952,16.9609,13.7370,244.7657,0.0009
423.6153,16.9610,13.7369,244.7659,0.0009
423.7348,16.9610,13.7368,244.7658,0.0009
424.0681,16.9611,13.7365,244.7658,0.0009
424.1885,16.9612,13.7364,244.7660,0.0011
424.3097,16.9612,13.7363,244.7658,0.0011
424.4298,16.9613,13.7361,244.7659,0.0012
424.5498,16.9613,13.7360,244.7658,0.0013
424.9628,16.6821,14.3359,244.8232,1.6025
425.0632,16.5929,14.5034,244.7859,1.8899
425.1852,16.4971,14.6649,244.6446,1.5423
425.3070,16.4538,14.6941,244.5432,0.4317
425.4277,16.4331,14.7007,244.3194,0.1912
425.5517,16.4454,14.6990,244.4877,0.1134
425.8850,16.4600,14.6946,244.6122,0.0463
426.0081,16.4590,14.6941,244.6070,0.0119
426.1299,16.4587,14.6936,244.6035,0.0059
426.2516,16.4587,14.6931,244.6014,0.0052
426.3724,16.4588,14.6925,244.6015,0.0045
426.7870,16.4597,14.6906,244.6006,0.0052
426.9086,16.4600,14.6900,244.6014,0.0057
427.0302,16.4603,14.6894,244.5968,0.0053
427.1522,16.4604,14.6889,244.6009,0.0043
427.2737,16.4604,14.6886,244.5997,0.0029
427.6883,16.4608,14.6874,244.5978,0.0030
427.8107,16.4609,14.6869,244.5972,0.0041
427.9320,16.4605,14.6866,244.5946,0.0049
428.0529,16.4606,14.6864,244.5937,0.0018
428.1735,16.4607,14.6862,244.5938,0.0026
428.5885,16.4612,14.6852,244.5948,0.0025
428.7125,16.3797,14.8687,243.9908,1.6208
428.8344,16.2746,15.0971,243.2686,2.0930
428.9564,16.1957,15.3213,243.5234,1.9484
429.0772,16.0817,15.5024,243.0106,1.7749
429.4915,15.7785,16.1181,241.7957,1.6617
429.5921,15.7568,16.2367,241.1636,1.1984
429.7122,15.7595,16.2527,240.8714,0.1357
429.8332,15.7531,16.2434,240.8626,0.1085
429.9546,15.7454,16.2329,240.8457,0.1250
430.0742,15.7416,16.2266,240.8819,0.0746
430.4076,15.7416,16.2266,240.8848,0.0002
430.5283,15.7416,16.2266,240.8850,0.0000
430.6499,15.7416,16.2266,240.8850,0.0001
430.7717,15.7416,16.2266,240.8850,0.0000
430.8929,15.7416,16.2266,240.8850,0.0001
431.3066,15.7416,16.2266,240.8850,0.0001
431.4285,15.7416,16.2266,240.8850,0.0001
431.5485,15.7416,16.2266,240.8850,0.0001
431.6693,15.7416,16.2266,240.8850,0.0000
431.7898,15.7416,16.2266,240.8849,0.0000
432.2043,15.7416,16.2266,240.8849,0.0000
432.3255,15.7416,16.2266,240.8848,0.0000
432.4463,15.7416,16.2266,240.8849,0.0000
432.5670,15.7416,16.2266,240.8847,0.0000
432.6949,15.7416,16.2266,240.8849,0.0001
433.0701,15.7416,16.2266,240.8848,0.0000
433.1920,15.7416,16.2266,240.8849,0.0000
433.3128,15.7430,16.2261,240.9336,0.0121
433.4334,15.7455,16.2257,241.2761,0.0230
433.5557,15.7415,16.2381,242.3897,0.1067
433.9685,15.5757,16.5426,284.1078,0.8411
434.1078,15.5698,16.5575,288.9076,0.1226
434.2307,15.5682,16.5579,288.6816,0.0225
434.3539,15.5673,16.5596,288.6181,0.0161
434.4775,15.5676,16.5598,288.6372,0.0060
434.8930,15.5672,16.5591,288.7224,0.0023
435.0301,15.5675,16.5584,288.7507,0.0064
435.1540,15.5673,16.5579,288.7508,0.0046
435.2763,15.5671,16.5574,288.7510,0.0041
435.3991,15.5670,16.5569,288.7511,0.0043
435.8136,15.5663,16.5550,288.7518,0.0047
435.9402,15.5662,16.5544,288.7514,0.0049
436.0648,15.5660,16.5538,288.7516,0.0050
436.1866,15.5658,16.5532,288.7518,0.0052
436.3094,15.5656,16.5526,288.7519,0.0052
436.4326,15.5653,16.5519,288.7520,0.0063
436.7659,15.5646,16.5497,288.7448,0.0070
436.8887,15.5643,16.5487,288.7448,0.0082
437.0122,15.5639,16.5476,288.7451,0.0097
437.1350,15.5636,16.5467,288.7452,0.0084
437.2577,15.5632,16.5457,288.7460,0.0083
437.6733,15.5620,16.5423,288.7467,0.0088
437.7977,15.5616,16.5412,288.7454,0.0096
437.9207,15.5711,16.5630,288.9332,0.2078
438.0432,15.6210,16.7023,288.8698,1.2114
438.1651,15.6981,16.9247,288.7436,1.9354
438.5801,15.8752,17.5633,289.7526,1.5980
438.7199,15.9163,17.7063,289.8038,1.1707
438.8478,15.9277,17.7387,289.5027,0.2880
438.9765,15.9238,17.7394,289.7287,0.0514
439.1047,15.9227,17.7375,289.7644,0.0220
439.5222,15.9205,17.7302,289.7603,0.0204
439.6497,15.9191,17.7301,289.8527,0.0186
439.7764,15.9169,17.7306,289.9542,0.0292
439.9032,15.9148,17.7315,290.0830,0.0294
440.0308,15.9119,17.7335,290.2639,0.0438
440.4063,15.9061,17.7369,290.5968,0.0297
440.5328,15.9040,17.7376,290.7189,0.0333
440.6605,15.9019,17.7391,290.8492,0.0357
440.7877,15.8995,17.7408,290.9915,0.0422
440.9181,15.8966,17.7422,291.1632,0.0494
441.3330,15.8891,17.7466,291.6205,0.0434
441.4538,15.8871,17.7476,291.7455,0.0393
441.5766,15.8869,17.7465,291.7503,0.0105
441.7016,15.8868,17.7454,291.7523,0.0090
441.8256,15.8865,17.7442,291.7488,0.0100
442.1997,15.8884,17.7212,291.7524,0.0629
442.3277,15.8786,17.7268,280.4792,0.1101
442.4495,15.8944,17.7355,263.6801,0.1589
442.5715,15.9366,17.7342,255.9105,0.4223
442.6951,15.9477,17.7282,255.7111,0.1018
443.1103,15.9281,17.7423,255.5005,0.0621
443.2332,15.9290,17.7427,255.3076,0.0225
443.3553,15.9295,17.7433,255.0952,0.0146
443.4777,15.9302,17.7433,254.9004,0.0100
443.5999,15.9301,17.7432,254.7878,0.0024
443.9739,15.9301,17.7434,254.6989,0.0005
444.0973,15.9301,17.7434,254.6960,0.0001
444.2200,15.9301,17.7434,254.6951,0.0000
444.3438,15.9301,17.7434,254.6952,0.0000
444.4657,15.9301,17.7434,254.6952,0.0000
444.8813,15.9301,17.7434,254.6952,0.0000
445.0046,15.9301,17.7434,254.6952,0.0000
445.1277,15.9301,17.7434,254.6952,0.0000
445.2498,15.9284,17.7447,254.5335,0.0180
445.3735,15.9235,17.7494,254.0070,0.0573
445.7877,15.9225,17.7517,253.7880,0.0060
445.9105,15.9246,17.7514,253.7547,0.0246
446.0330,15.9247,17.7510,253.7534,0.0028
446.1552,15.9247,17.7508,253.7527,0.0017
446.2772,15.9248,17.7507,253.7523,0.0012
446.6512,15.9248,17.7505,253.7514,0.0006
446.7737,15.9248,17.7505,253.7514,0.0002
446.8961,15.9248,17.7504,253.7513,0.0002
447.0186,15.9248,17.7504,253.7514,0.0001
447.1413,15.9249,17.7504,253.7512,0.0000
447.5560,15.9249,17.7504,253.7512,0.0000
447.6819,15.8832,17.8643,253.1958,0.9678
447.8021,15.8009,18.0722,253.1622,1.8663
447.9229,15.7281,18.2819,252.9339,1.8383
448.0441,15.6551,18.4985,253.3924,1.8866
448.4585,15.3748,19.1911,250.9317,1.8037
448.5851,15.2801,19.4076,249.6913,1.8668
448.7067,15.1817,19.6287,248.8422,1.9933
448.8285,15.0846,19.8395,248.6463,1.9048
448.9499,14.9937,20.0544,248.4804,1.9217
